full_name,id,barcode,abs_type,belt_length,belt_type,car_brands,compatibility,compatible_cars,diameter,dimension,disc_size,drive_type,engine_code,engine_displacement,fuel_type,main_category,material,part_number,position,sub_category,transmission_type,width,year_from,year_to
+ XV מ12 דסקיות קדמי מ04 B4,,,,,,['Subaru'],"['', 'XV מ12 דסקיות קדמי מ04 B4']","Subaru: XV, Subaru: Legacy B4",,,,,,,,Brake,,,Front,Brake Discs,,,2012,
09-12 פ.גיר מזדה 3,,,,,,['Mazda'],,Mazda: Mazda3,,,,,,,,Transmission,,,,Transmission Filter,,,2009,2012
1.2 CBZ ח.קראנק,,,,,,[],,,,,,,CBZ,1.2 L,,Sensor,,,,Crankshaft Position Sensor,,,,
1.4 CAV מ.מים,,,,,,[],,,,,,,CAV,1.4 L,,Cooling,,,,Water Pump,,,,
1.4 מ15 SX4 פ.אויר + ויטרה 1.4 מ15,,,,,,['Suzuki'],"['1.4 מ15 SX4 פ.אויר', 'ויטרה 1.4 מ15']","Suzuki: Vitara, Suzuki: SX4",,,,,,1.4 L,,Filter,,,,Air Filter,,,2015,
1.6 BTS מ.מים רומסטר,,,,,,['Skoda'],,Skoda: Roomster,,,,,BTS,1.6 L,,Cooling,,,,Water Pump,,,,
1.6 צינור מים תחתון מזדה 3 עד 12,,,,,,['Mazda'],,Mazda: Mazda3,,,,,,1.6 L,,Cooling,,,Lower,Coolant Pipe,,,,2012
1.6 ת.מנוע ימין מזדה 3 מ09,,,,,,['Mazda'],,Mazda: Mazda3,,,,,,1.6 L,,Engine,,,Right,Right Engine Mount,,,2009,
1.8 CDA צינור נשם,,,,,,[],,,,,,,CDA,1.8 L,,Engine,,,,Breather Hose,,,,
124X דסקיות אחורי אוקטביה מ13,,,,,,['Skoda'],,Skoda: Octavia,,,124 mm,,,,,Brake,,,Rear,Brake Discs,,,2013,
13A 1575,,,,,,[],,,,,,,,,,,,13A1575,,,,,,
16v סט טיימינג רומסטר + פולו 1.4,,,,,,"['Volkswagen', 'Skoda']","['16v סט טיימינג רומסטר', 'פולו 1.4']","Volkswagen: Polo, Skoda: Roomster",,,,,,1.4 L,,Engine,,,,Timing Belt Kit,,,,
16V סט מצמד איביזה + פולו 1.4,,,,,,"['Seat', 'Volkswagen']","['16V סט מצמד איביזה', 'פולו 1.4']","Volkswagen: Polo, Seat: Ibiza",,,,,,1.4 L,,Drivetrain,,,,Clutch Kit,,,,
3008 + 308 70 ממ בוקסה ת.מנוע,,,,,,['Peugeot'],"['3008', '308 70 ממ בוקסה ת.מנוע']","Peugeot: 308, Peugeot: 3008",,70 mm,,,,,,Engine,,,,Engine Mount,,,,
3PK 788,,,,788 mm,3-rib Poly-V belt,[],,,,,,,,,,,,3PK788,,,,,,
3PK 790,,,,790 mm,3-rib Poly-V belt,[],,,,,,,,,,,,3PK790,,,,,,
3PK 798,,,,798 mm,3-rib Poly-V belt,[],,,,,,,,,,,,3PK798,,,,,,
4PK 1000,,,,1000 mm,4-rib Poly-V belt,[],,,,,,,,,,,,4PK1000,,,,,,
4PK 1015,,,,1015 mm,4-rib Poly-V belt,[],,,,,,,,,,,,4PK1015,,,,,,
4PK 1165,,,,1165 mm,4-rib Poly-V belt,[],,,,,,,,,,,,4PK1165,,,,,,
4PK 1590,,,,1590 mm,4-rib Poly-V belt,[],,,,,,,,,,,,4PK1590,,,,,,
4PK 610,,,,610 mm,4-rib Poly-V belt,[],,,,,,,,,,,,4PK610,,,,,,
4PK 711,,,,711 mm,4-rib Poly-V belt,[],,,,,,,,,,,,4PK711,,,,,,
4PK 800,,,,800 mm,4-rib Poly-V belt,[],,,,,,,,,,,,4PK800,,,,,,
4PK 812,,,,812 mm,4-rib Poly-V belt,[],,,,,,,,,,,,4PK812,,,,,,
4PK 825,,,,825 mm,4-rib Poly-V belt,[],,,,,,,,,,,,4PK825,,,,,,
4PK 845,,,,845 mm,4-rib Poly-V belt,[],,,,,,,,,,,,4PK845,,,,,,
4PK 850,,,,850 mm,4-rib Poly-V belt,[],,,,,,,,,,,,4PK850,,,,,,
4PK 862,,,,862 mm,4-rib Poly-V belt,[],,,,,,,,,,,,4PK862,,,,,,
4PK 900,,,,900 mm,4-rib Poly-V belt,[],,,,,,,,,,,,4PK900,,,,,,
4PK 962,,,,962 mm,4-rib Poly-V belt,[],,,,,,,,,,,,4PK962,,,,,,
4PK820,,,,820 mm,4-rib Poly-V belt,[],,,,,,,,,,,,4PK820,,,,,,
4x2 + 4x4 ז.עזר היילקס עד 05,,,,,,['Toyota'],"['4x2', '4x4 ז.עזר היילקס עד 05']",Toyota: Hilux,,,,Four-wheel drive,,,,,,,,,,,,2005
4x2 בולם אחורי IX35 מ11,,,,,,['Hyundai'],,Hyundai: ix35,,,,Two-wheel drive,,,,Suspension,,,Rear,Rear Shock Absorber,,,2011,
4x2 דימקס מ12 משולש תחתון ימין,,,,,,['Isuzu'],,Isuzu: D-Max,,,,Two-wheel drive,,,,Suspension,,,"Right, Lower",Lower Control Arm,,,2012,
4x2 דימקס מ12 משולש תחתון שמאל,,,,,,['Isuzu'],,Isuzu: D-Max,,,,Two-wheel drive,,,,Suspension,,,"Left, Lower",Lower Control Arm,,,2012,
4x2 היילקס מ98 קצה הגה חיצוני,,,,,,['Toyota'],,Toyota: Hilux,,,,Two-wheel drive,,,,Steering,,,External,Tie Rod End,,,2098,
4x2 ויגו 06-07 דסקיות קדמי,,,,,,['Toyota'],,Toyota: Hilux Vigo,,,,Two-wheel drive,,,,Brake,,,Front,Brake Discs,,,2006,2007
4x2 ויגו 06-07 צלחות קדמי,,,,,,['Toyota'],,Toyota: Hilux Vigo,,,,Two-wheel drive,,,,Brake,,,Front,Brake Discs,,,2006,2007
4x2 ויגו מ06 משולש עליון ימין,,,,,,['Toyota'],,Toyota: Hilux Vigo,,,,Two-wheel drive,,,,Suspension,,,"Right, Upper",Upper Control Arm,,,2006,
4x2 ויגו מ06 משולש עליון שמאל,,,,,,['Toyota'],,Toyota: Hilux Vigo,,,,Two-wheel drive,,,,Suspension,,,"Left, Upper",Upper Control Arm,,,2006,
4x2 פ.אויר היילקס מ98,,,,,,['Toyota'],,Toyota: Hilux,,,,Two-wheel drive,,,,Filter,,,,Air Filter,,,2098,
4x4 + 4x2 עד 05 בולם קדמי,,,,,,[],"['4x4', '4x2 עד 05 בולם קדמי']",,,,,Four-wheel drive,,,,Suspension,,,Front,Front Shock Absorber,,,,2005
4x4 + 4x2 עד 11 ת.משולש דימקס,,,,,,['Isuzu'],"['4x4', '4x2 עד 11 ת.משולש דימקס']",Isuzu: D-Max,,,,Four-wheel drive,,,,Suspension,,,,Control Arm Bushing,,,,2011
4x4 דימקס מ07 סט רצועות,,,,,,['Isuzu'],,Isuzu: D-Max,,,,Four-wheel drive,,,,Engine,,,,Belt Kit,,,2007,
4x4 דימקס מ12 בולם אחורי ימין + שמאל,,,,,,['Isuzu'],"['4x4 דימקס מ12 בולם אחורי ימין', 'שמאל']",Isuzu: D-Max,,,,Four-wheel drive,,,,Suspension,,,"Rear, Right, Left",Rear Shock Absorber,,,2012,
4x4 דימקס מ12 משולש עליון ימין,,,,,,['Isuzu'],,Isuzu: D-Max,,,,Four-wheel drive,,,,Suspension,,,"Right, Upper",Upper Control Arm,,,2012,
4x4 דימקס מ12 משולש עליון שמאל,,,,,,['Isuzu'],,Isuzu: D-Max,,,,Four-wheel drive,,,,Suspension,,,"Left, Upper",Upper Control Arm,,,2012,
4x4 דימקס עד 11 דרם אחורי,,,,,,['Isuzu'],,Isuzu: D-Max,,,,Four-wheel drive,,,,Brake,,,Rear,Rear Brake Drum,,,,2011
4x4 דימקס עד 11 מ.מייצב קדמי ימין,,,,,,['Isuzu'],,Isuzu: D-Max,,,,Four-wheel drive,,,,Suspension,,,"Front, Right",Front Stabilizer Link,,,,2011
4x4 דימקס עד 11 מ.מייצב קדמי שמאל,,,,,,['Isuzu'],,Isuzu: D-Max,,,,Four-wheel drive,,,,Suspension,,,"Front, Left",Front Stabilizer Link,,,,2011
4x4 ויגו מ06 דסקיות קדמי,,,,,,['Toyota'],,Toyota: Hilux Vigo,,,,Four-wheel drive,,,,Brake,,,Front,Brake Discs,,,2006,
4x4 ויגו מ06 דרם אחורי,,,,,,['Toyota'],,Toyota: Hilux Vigo,,,,Four-wheel drive,,,,Brake,,,Rear,Rear Brake Drum,,,2006,
4x4 ויגו מ06 משולש עליון שמאל,,,,,,['Toyota'],,Toyota: Hilux Vigo,,,,Four-wheel drive,,,,Suspension,,,"Left, Upper",Upper Control Arm,,,2006,
4x4 ויגו מ06 משולש תחתון שמאל,,,,,,['Toyota'],,Toyota: Hilux Vigo,,,,Four-wheel drive,,,,Suspension,,,"Left, Lower",Lower Control Arm,,,2006,
4x4 ויגו מ06 צלב BT-50,,,,,,"['Mazda', 'Toyota']",,"Mazda: BT-50, Toyota: Hilux Vigo",,,,Four-wheel drive,,,,Drivetrain,,,,Universal Joint Cross,,,2006,
4x4 ז.הגה דימקס מ07,,,,,,['Isuzu'],,Isuzu: D-Max,,,,Four-wheel drive,,,,Steering,,,,Steering Arm,,,2007,
4x4 מ98 פ.אויר היילקס,,,,,,['Toyota'],,Toyota: Hilux,,,,Four-wheel drive,,,,Filter,,,,Air Filter,,,2098,
4x4 צלחות קדמי דימקס מ12,,,,,,['Isuzu'],,Isuzu: D-Max,,,,Four-wheel drive,,,,Brake,,,Front,Brake Discs,,,2012,
5PK 1065,,,,1065 mm,5-rib Poly-V belt,[],,,,,,,,,,,,5PK1065,,,,,,
5PK 1105,,,,1105 mm,5-rib Poly-V belt,[],,,,,,,,,,,,5PK1105,,,,,,
5PK 1145,,,,1145 mm,5-rib Poly-V belt,[],,,,,,,,,,,,5PK1145,,,,,,
5PK 1210,,,,1210 mm,5-rib Poly-V belt,[],,,,,,,,,,,,5PK1210,,,,,,
5PK 1230,,,,1230 mm,5-rib Poly-V belt,[],,,,,,,,,,,,5PK1230,,,,,,
5PK 1236,,,,1236 mm,5-rib Poly-V belt,[],,,,,,,,,,,,5PK1236,,,,,,
5PK 1243,,,,1243 mm,5-rib Poly-V belt,[],,,,,,,,,,,,5PK1243,,,,,,
5PK 1397,,,,1397 mm,5-rib Poly-V belt,[],,,,,,,,,,,,5PK1397,,,,,,
5PK 1515,,,,1515 mm,5-rib Poly-V belt,[],,,,,,,,,,,,5PK1515,,,,,,
5PK 1572,,,,1572 mm,5-rib Poly-V belt,[],,,,,,,,,,,,5PK1572,,,,,,
5PK 1650,,,,1650 mm,5-rib Poly-V belt,[],,,,,,,,,,,,5PK1650,,,,,,
5PK 1815,,,,1815 mm,5-rib Poly-V belt,[],,,,,,,,,,,,5PK1815,,,,,,
5PK 493,,,,493 mm,5-rib Poly-V belt,[],,,,,,,,,,,,5PK493,,,,,,
5Pk 685,,,,,,[],,,,,,,,,,,,,,,,,,
5PK 690,,,,690 mm,5-rib Poly-V belt,[],,,,,,,,,,,,5PK690,,,,,,
5PK 716,,,,716 mm,5-rib Poly-V belt,[],,,,,,,,,,,,5PK716,,,,,,
5PK 868,,,,868 mm,5-rib Poly-V belt,[],,,,,,,,,,,,5PK868,,,,,,
5PK 890,,,,890 mm,5-rib Poly-V belt,[],,,,,,,,,,,,5PK890,,,,,,
5PK 907,,,,907 mm,5-rib Poly-V belt,[],,,,,,,,,,,,5PK907,,,,,,
5PK 915,,,,915 mm,5-rib Poly-V belt,[],,,,,,,,,,,,5PK915,,,,,,
5PK 975,,,,975 mm,5-rib Poly-V belt,[],,,,,,,,,,,,5PK975,,,,,,
5PK1515,,,,1515 mm,5-rib Poly-V belt,[],,,,,,,,,,,,5PK1515,,,,,,
5PK868,,,,868 mm,5-rib Poly-V belt,[],,,,,,,,,,,,5PK868,,,,,,
5Q0121251EQ רדיאטור אוקטביה מ13,,,,,,['Skoda'],,Skoda: Octavia,,,,,,,,Cooling,,5Q0121251EQ,,Radiator,,,2013,
6DPK 1215,,,,,,[],,,,,,,,,,,,,,,,,,
6PK 1000,,,,1000 mm,6-rib Poly-V belt,[],,,,,,,,,,,,6PK1000,,,,,,
6PK 1025,,,,1025 mm,6-rib Poly-V belt,[],,,,,,,,,,,,6PK1025,,,,,,
6PK 1033,,,,1033 mm,6-rib Poly-V belt,[],,,,,,,,,,,,6PK1033,,,,,,
6PK 1035,,,,1035 mm,6-rib Poly-V belt,[],,,,,,,,,,,,6PK1035,,,,,,
6PK 1043,,,,1043 mm,6-rib Poly-V belt,[],,,,,,,,,,,,6PK1043,,,,,,
6PK 1045,,,,1045 mm,6-rib Poly-V belt,[],,,,,,,,,,,,6PK1045,,,,,,
6PK 1059,,,,1059 mm,6-rib Poly-V belt,[],,,,,,,,,,,,6PK1059,,,,,,
6PK 1070,,,,1070 mm,6-rib Poly-V belt,[],,,,,,,,,,,,6PK1070,,,,,,
6PK 1075,,,,1075 mm,6-rib Poly-V belt,[],,,,,,,,,,,,6PK1075,,,,,,
6PK 1085,,,,1085 mm,6-rib Poly-V belt,[],,,,,,,,,,,,6PK1085,,,,,,
6PK 1115,,,,1115 mm,6-rib Poly-V belt,[],,,,,,,,,,,,6PK1115,,,,,,
6PK 1120,,,,1120 mm,6-rib Poly-V belt,[],,,,,,,,,,,,6PK1120,,,,,,
6PK 1125,,,,1125 mm,6-rib Poly-V belt,[],,,,,,,,,,,,6PK1125,,,,,,
6PK 1130,,,,1130 mm,6-rib Poly-V belt,[],,,,,,,,,,,,6PK1130,,,,,,
6PK 1145,,,,1145 mm,6-rib Poly-V belt,[],,,,,,,,,,,,6PK1145,,,,,,
6PK 1165,,,,1165 mm,6-rib Poly-V belt,[],,,,,,,,,,,,6PK1165,,,,,,
6PK 1185,,,,1185 mm,6-rib Poly-V belt,[],,,,,,,,,,,,6PK1185,,,,,,
6PK 1200,,,,1200 mm,6-rib Poly-V belt,[],,,,,,,,,,,,6PK1200,,,,,,
6PK 1209,,,,1209 mm,6-rib Poly-V belt,[],,,,,,,,,,,,6PK1209,,,,,,
6PK 1217,,,,1217 mm,6-rib Poly-V belt,[],,,,,,,,,,,,6PK1217,,,,,,
6PK 1230 קורולה מ08,,,,1230 mm,6-rib Poly-V belt,['Toyota'],,Toyota: Corolla,,,,,,,,,,6PK1230,,,,,2008,
6PK 1240,,,,1240 mm,6-rib Poly-V belt,[],,,,,,,,,,,,6PK1240,,,,,,
6PK 1255,,,,1255 mm,6-rib Poly-V belt,[],,,,,,,,,,,,6PK1255,,,,,,
6PK 1264,,,,1264 mm,6-rib Poly-V belt,[],,,,,,,,,,,,6PK1264,,,,,,
6PK 1270,,,,1270 mm,6-rib Poly-V belt,[],,,,,,,,,,,,6PK1270,,,,,,
6PK 1285,,,,1285 mm,6-rib Poly-V belt,[],,,,,,,,,,,,6PK1285,,,,,,
6PK 1305,,,,1305 mm,6-rib Poly-V belt,[],,,,,,,,,,,,6PK1305,,,,,,
6PK 1310,,,,1310 mm,6-rib Poly-V belt,[],,,,,,,,,,,,6PK1310,,,,,,
6PK 1400,,,,1400 mm,6-rib Poly-V belt,[],,,,,,,,,,,,6PK1400,,,,,,
6PK 1415,,,,1415 mm,6-rib Poly-V belt,[],,,,,,,,,,,,6PK1415,,,,,,
6PK 1420,,,,1420 mm,6-rib Poly-V belt,[],,,,,,,,,,,,6PK1420,,,,,,
6PK 1428,,,,1428 mm,6-rib Poly-V belt,[],,,,,,,,,,,,6PK1428,,,,,,
6PK 1460,,,,1460 mm,6-rib Poly-V belt,[],,,,,,,,,,,,6PK1460,,,,,,
6PK 1555,,,,1555 mm,6-rib Poly-V belt,[],,,,,,,,,,,,6PK1555,,,,,,
6PK 1575,,,,1575 mm,6-rib Poly-V belt,[],,,,,,,,,,,,6PK1575,,,,,,
6Pk 1590,,,,,,[],,,,,,,,,,,,,,,,,,
6PK 1613,,,,1613 mm,6-rib Poly-V belt,[],,,,,,,,,,,,6PK1613,,,,,,
6PK 1640,,,,1640 mm,6-rib Poly-V belt,[],,,,,,,,,,,,6PK1640,,,,,,
6PK 1660,,,,1660 mm,6-rib Poly-V belt,[],,,,,,,,,,,,6PK1660,,,,,,
6PK 1670,,,,1670 mm,6-rib Poly-V belt,[],,,,,,,,,,,,6PK1670,,,,,,
6PK 1685,,,,1685 mm,6-rib Poly-V belt,[],,,,,,,,,,,,6PK1685,,,,,,
6PK 1692,,,,1692 mm,6-rib Poly-V belt,[],,,,,,,,,,,,6PK1692,,,,,,
6PK 1693,,,,1693 mm,6-rib Poly-V belt,[],,,,,,,,,,,,6PK1693,,,,,,
6PK 1700,,,,1700 mm,6-rib Poly-V belt,[],,,,,,,,,,,,6PK1700,,,,,,
6PK 1715,,,,1715 mm,6-rib Poly-V belt,[],,,,,,,,,,,,6PK1715,,,,,,
6PK 1736,,,,1736 mm,6-rib Poly-V belt,[],,,,,,,,,,,,6PK1736,,,,,,
6PK 1782,,,,1782 mm,6-rib Poly-V belt,[],,,,,,,,,,,,6PK1782,,,,,,
6PK 1815,,,,1815 mm,6-rib Poly-V belt,[],,,,,,,,,,,,6PK1815,,,,,,
6PK 1865,,,,1865 mm,6-rib Poly-V belt,[],,,,,,,,,,,,6PK1865,,,,,,
6PK 1920,,,,1920 mm,6-rib Poly-V belt,[],,,,,,,,,,,,6PK1920,,,,,,
6PK 1965,,,,1965 mm,6-rib Poly-V belt,[],,,,,,,,,,,,6PK1965,,,,,,
6PK 1980,,,,1980 mm,6-rib Poly-V belt,[],,,,,,,,,,,,6PK1980,,,,,,
6PK 2005,,,,2005 mm,6-rib Poly-V belt,[],,,,,,,,,,,,6PK2005,,,,,,
6PK 2013,,,,2013 mm,6-rib Poly-V belt,[],,,,,,,,,,,,6PK2013,,,,,,
6PK 2030,,,,2030 mm,6-rib Poly-V belt,[],,,,,,,,,,,,6PK2030,,,,,,
6PK 2050,,,,2050 mm,6-rib Poly-V belt,[],,,,,,,,,,,,6PK2050,,,,,,
6PK 2063,,,,2063 mm,6-rib Poly-V belt,[],,,,,,,,,,,,6PK2063,,,,,,
6PK 2080,,,,2080 mm,6-rib Poly-V belt,[],,,,,,,,,,,,6PK2080,,,,,,
6PK 2130,,,,2130 mm,6-rib Poly-V belt,[],,,,,,,,,,,,6PK2130,,,,,,
6PK 2145,,,,2145 mm,6-rib Poly-V belt,[],,,,,,,,,,,,6PK2145,,,,,,
6PK 2155,,,,2155 mm,6-rib Poly-V belt,[],,,,,,,,,,,,6PK2155,,,,,,
6PK 2160,,,,2160 mm,6-rib Poly-V belt,[],,,,,,,,,,,,6PK2160,,,,,,
6PK 2195,,,,2195 mm,6-rib Poly-V belt,[],,,,,,,,,,,,6PK2195,,,,,,
6PK 2210,,,,2210 mm,6-rib Poly-V belt,[],,,,,,,,,,,,6PK2210,,,,,,
6PK 2238,,,,2238 mm,6-rib Poly-V belt,[],,,,,,,,,,,,6PK2238,,,,,,
6PK 2460,,,,2460 mm,6-rib Poly-V belt,[],,,,,,,,,,,,6PK2460,,,,,,
6PK 2490,,,,2490 mm,6-rib Poly-V belt,[],,,,,,,,,,,,6PK2490,,,,,,
6PK 2504,,,,2504 mm,6-rib Poly-V belt,[],,,,,,,,,,,,6PK2504,,,,,,
6PK 2515,,,,2515 mm,6-rib Poly-V belt,[],,,,,,,,,,,,6PK2515,,,,,,
6PK 2576,,,,2576 mm,6-rib Poly-V belt,[],,,,,,,,,,,,6PK2576,,,,,,
6PK 2680,,,,2680 mm,6-rib Poly-V belt,[],,,,,,,,,,,,6PK2680,,,,,,
6PK 2870,,,,2870 mm,6-rib Poly-V belt,[],,,,,,,,,,,,6PK2870,,,,,,
6PK 3032,,,,3032 mm,6-rib Poly-V belt,[],,,,,,,,,,,,6PK3032,,,,,,
6PK 691,,,,691 mm,6-rib Poly-V belt,[],,,,,,,,,,,,6PK691,,,,,,
6PK 892,,,,892 mm,6-rib Poly-V belt,[],,,,,,,,,,,,6PK892,,,,,,
6PK 906,,,,906 mm,6-rib Poly-V belt,[],,,,,,,,,,,,6PK906,,,,,,
6PK 923,,,,923 mm,6-rib Poly-V belt,[],,,,,,,,,,,,6PK923,,,,,,
6Pk 962,,,,,,[],,,,,,,,,,,,,,,,,,
6PK 975,,,,975 mm,6-rib Poly-V belt,[],,,,,,,,,,,,6PK975,,,,,,
6PK1028,,,,1028 mm,6-rib Poly-V belt,[],,,,,,,,,,,,6PK1028,,,,,,
6PK1045,,,,1045 mm,6-rib Poly-V belt,[],,,,,,,,,,,,6PK1045,,,,,,
6PK1100,,,,1100 mm,6-rib Poly-V belt,[],,,,,,,,,,,,6PK1100,,,,,,
6PK1115,,,,1115 mm,6-rib Poly-V belt,[],,,,,,,,,,,,6PK1115,,,,,,
6PK1200,,,,1200 mm,6-rib Poly-V belt,[],,,,,,,,,,,,6PK1200,,,,,,
6PK1255,,,,1255 mm,6-rib Poly-V belt,[],,,,,,,,,,,,6PK1255,,,,,,
6PK1590,,,,1590 mm,6-rib Poly-V belt,[],,,,,,,,,,,,6PK1590,,,,,,
6PK1613,,,,1613 mm,6-rib Poly-V belt,[],,,,,,,,,,,,6PK1613,,,,,,
6PK1736,,,,1736 mm,6-rib Poly-V belt,[],,,,,,,,,,,,6PK1736,,,,,,
6PK2155,,,,2155 mm,6-rib Poly-V belt,[],,,,,,,,,,,,6PK2155,,,,,,
6PK2160,,,,2160 mm,6-rib Poly-V belt,[],,,,,,,,,,,,6PK2160,,,,,,
6PK2210,,,,2210 mm,6-rib Poly-V belt,[],,,,,,,,,,,,6PK2210,,,,,,
6PK2415,,,,2415 mm,6-rib Poly-V belt,[],,,,,,,,,,,,6PK2415,,,,,,
6Pk2790,,,,,,[],,,,,,,,,,,,,,,,,,
6PK975,,,,975 mm,6-rib Poly-V belt,[],,,,,,,,,,,,6PK975,,,,,,
6PK986,,,,986 mm,6-rib Poly-V belt,[],,,,,,,,,,,,6PK986,,,,,,
6Q0 498 099 E פעמון צריה פביה,,,,,,['Skoda'],,Skoda: Fabia,,,,,,,,Drivetrain,,6Q0,,CV Joint Boot,,,,
6R0121253A רדיאטור איביזה מ09,,,,,,['Seat'],,Seat: Ibiza,,,,,,,,Cooling,,6R0121253A,,Radiator,,,2009,
7PK 1055,,,,1055 mm,7-rib Poly-V belt,[],,,,,,,,,,,,7PK1055,,,,,,
7PK 1085,,,,1085 mm,7-rib Poly-V belt,[],,,,,,,,,,,,7PK1085,,,,,,
7PK 1103,,,,1103 mm,7-rib Poly-V belt,[],,,,,,,,,,,,7PK1103,,,,,,
7PK 1127,,,,1127 mm,7-rib Poly-V belt,[],,,,,,,,,,,,7PK1127,,,,,,
7PK 1165,,,,1165 mm,7-rib Poly-V belt,[],,,,,,,,,,,,7PK1165,,,,,,
7PK 1179,,,,1179 mm,7-rib Poly-V belt,[],,,,,,,,,,,,7PK1179,,,,,,
7PK 1473,,,,1473 mm,7-rib Poly-V belt,[],,,,,,,,,,,,7PK1473,,,,,,
7PK 1516,,,,1516 mm,7-rib Poly-V belt,[],,,,,,,,,,,,7PK1516,,,,,,
7PK 1575,,,,1575 mm,7-rib Poly-V belt,[],,,,,,,,,,,,7PK1575,,,,,,
7PK 1605,,,,1605 mm,7-rib Poly-V belt,[],,,,,,,,,,,,7PK1605,,,,,,
7PK 1640,,,,1640 mm,7-rib Poly-V belt,[],,,,,,,,,,,,7PK1640,,,,,,
7PK 1675,,,,1675 mm,7-rib Poly-V belt,[],,,,,,,,,,,,7PK1675,,,,,,
7PK 1766,,,,1766 mm,7-rib Poly-V belt,[],,,,,,,,,,,,7PK1766,,,,,,
7PK 1988,,,,1988 mm,7-rib Poly-V belt,[],,,,,,,,,,,,7PK1988,,,,,,
7PK 1990,,,,1990 mm,7-rib Poly-V belt,[],,,,,,,,,,,,7PK1990,,,,,,
7PK 2035,,,,2035 mm,7-rib Poly-V belt,[],,,,,,,,,,,,7PK2035,,,,,,
7PK 2061,,,,2061 mm,7-rib Poly-V belt,[],,,,,,,,,,,,7PK2061,,,,,,
7PK 2265,,,,2265 mm,7-rib Poly-V belt,[],,,,,,,,,,,,7PK2265,,,,,,
7PK 2285,,,,2285 mm,7-rib Poly-V belt,[],,,,,,,,,,,,7PK2285,,,,,,
7PK 2682,,,,2682 mm,7-rib Poly-V belt,[],,,,,,,,,,,,7PK2682,,,,,,
7PK 2842,,,,2842 mm,7-rib Poly-V belt,[],,,,,,,,,,,,7PK2842,,,,,,
7PK 990,,,,990 mm,7-rib Poly-V belt,[],,,,,,,,,,,,7PK990,,,,,,
7PK1515,,,,1515 mm,7-rib Poly-V belt,[],,,,,,,,,,,,7PK1515,,,,,,
7PK1640,,,,1640 mm,7-rib Poly-V belt,[],,,,,,,,,,,,7PK1640,,,,,,
7PK2682,,,,2682 mm,7-rib Poly-V belt,[],,,,,,,,,,,,7PK2682,,,,,,
A4 דסקיות אחורי מ16,,,,,,['Audi'],,Audi: A4,,,,,,,,Brake,,,Rear,Brake Discs,,,2016,
A4 מ.דלק 07-15,,,,,,['Audi'],,Audi: A4,,,,,,,,Fuel,,,,Fuel Pump,,,2007,2015
B2500 פ.אויר,,,,,,['Mazda'],,Mazda: B2500,,,,,,,,Filter,,,,Air Filter,,,,
B3 + B4 פ.מזגן + XV מ12,,,,,,['Subaru'],"['B3', 'B4 פ.מזגן', 'XV מ12']","Subaru: XV, Subaru: Legacy B3, Subaru: Legacy B4",,,,,,,,Filter,,,,AC Filter,,,2012,
B3 + B4 פלגים,,,,,,['Subaru'],"['B3', 'B4 פלגים']","Subaru: Legacy B3, Subaru: Legacy B4",,,,,,,,Ignition,,,,Spark Plugs,,,,
B3 + B4 רדיאטור + XV מ12,,,,,,['Subaru'],"['B3', 'B4 רדיאטור', 'XV מ12']","Subaru: XV, Subaru: Legacy B3, Subaru: Legacy B4",,,,,,,,Cooling,,,,Radiator,,,2012,
B4 + B3 פ.אויר מ04 + XV מ12,,,,,,['Subaru'],"['B4', 'B3 פ.אויר מ04', 'XV מ12']","Subaru: XV, Subaru: Legacy B3, Subaru: Legacy B4",,,,,,,,Filter,,,,Air Filter,,,2004,
BSE 1.6 מ.מים פסאט + A3 + A4,,,,,,"['Audi', 'Volkswagen']","['BSE 1.6 מ.מים פסאט', 'A3', 'A4']","Audi: A3, Audi: A4, Volkswagen: Passat",,,,,BSE,1.6 L,,Cooling,,,,Water Pump,,,,
BT-50 + B2500 מ.מים,,,,,,['Mazda'],"['BT-50', 'B2500 מ.מים']","Mazda: BT-50, Mazda: B2500",,,,,,,,Cooling,,,,Water Pump,,,,
C1 פ.מזגן 05-13 + 107 מ05,,,,,,"['Citroen', 'Peugeot']","['C1 פ.מזגן 05-13', '107 מ05']","Citroen: C1, Peugeot: 107",,,,,,,,Filter,,,,AC Filter,,,2005,2013
C3 + C4 + כוהל 208 נפח 1.2 מ17,,,,,,"['Citroen', 'Peugeot']","['C3', 'C4', 'כוהל 208 נפח 1.2 מ17']","Citroen: C3, Citroen: C4, Peugeot: 208",,,,,,1.2 L,,Cooling,,,,Thermostat,,,2017,
C4 + C3 פולי מ.מים,,,,,,['Citroen'],"['C4', 'C3 פולי מ.מים']","Citroen: C3, Citroen: C4",,,,,,,,Cooling,,,,Water Pump,,,,
C4 + C4 מ.מים 1.2,,,,,,['Citroen'],"['C4', 'C4 מ.מים 1.2']",Citroen: C4,,,,,,1.2 L,,Cooling,,,,Water Pump,,,,
CAX מ.מים 1.4,,,,,,[],,,,,,,CAX,1.4 L,,Cooling,,,,Water Pump,,,,
CBZ + CJZ אוקטביה מ13 בית מצערת 1.2,,,,,,['Skoda'],"['CBZ', 'CJZ אוקטביה מ13 בית מצערת 1.2']",Skoda: Octavia,,,,,CBZ,1.2 L,,Engine,,,,Throttle Body,,,2013,
CBZ BSE כוהל 1.6 מרובע,,,,,,[],,,,,,,CBZ,1.2 L,,Cooling,,,,Thermostat,,,,
CBZ ח.הצתה 1.2,,,,,,[],,,,,,,CBZ,1.2 L,,Ignition,,,,Ignition Coil,,,,
CBZ מ.מים 1.2,,,,,,[],,,,,,,CBZ,1.2 L,,Cooling,,,,Water Pump,,,,
CBZ פלגים 1.2 עד 13,,,,,,[],,,,,,,CBZ,1.2 L,,Ignition,,,,Spark Plugs,,,,2013
CBZ פלנץ מים,,,,,,[],,,,,,,CBZ,1.2 L,,Cooling,,,,Water Flange,,,,
CBZ קולר שמן 1.2,,,,,,[],,,,,,,CBZ,1.2 L,,Engine,,,,Oil Cooler,,,,
CDA אטם ואקום 1.8 + 2.0,,,,,,[],"['CDA אטם ואקום 1.8', '2.0']",,,,,,CDA,1.8 L,,Engine,,,,Vacuum Gasket,,,,
CDA אטם ראש 1.8 + 2.0,,,,,,[],"['CDA אטם ראש 1.8', '2.0']",,,,,,CDA,1.8 L,,Engine,,,,Cylinder Head Gasket,,,,
CDA מ.מים 1.8,,,,,,[],,,,,,,CDA,1.8 L,,Cooling,,,,Water Pump,,,,
CDA מ.שמן 1.8,,,,,,[],,,,,,,CDA,1.8 L,,Engine,,,,Oil Pump,,,,
CDA מחבר מ.מים,,,,,,[],,,,,,,CDA,1.8 L,,Cooling,,,,Water Pump,,,,
CDA מכסה טיימינג,,,,,,[],,,,,,,CDA,1.8 L,,Engine,,,,Timing Cover,,,,
CDA נשם 1.8 +2.0,,,,,,[],"['CDA נשם 1.8', '2.0']",,,,,,CDA,1.8 L,,Engine,,,,Crankcase Vent,,,,
CDA פלגים 1.8 עד 12,,,,,,[],,,,,,,CDA,1.8 L,,Ignition,,,,Spark Plugs,,,,2012
CDA קיט קמשפט 1.8,,,,,,[],,,,,,,CDA,1.8 L,,Engine,,,,Camshaft Kit,,,,
CHERY פ.שמן,,,,,,['Chery'],,,,,,,,,,Filter,,,,Oil Filter,,,,
CHR פ.סוללה,,,,,,['Toyota'],,Toyota: C-HR,,,,,,,,Filter,,,,Battery Filter,,,,
CJJ 1.4 אטם נשם,,,,,,[],,,,,,,CJJ,1.4 L,,Engine,,,,Gasket,,,,
CJJ מ.מים 1.4 פולו + פביה,,,,,,"['Volkswagen', 'Skoda']","['CJJ מ.מים 1.4 פולו', 'פביה']","Volkswagen: Polo, Skoda: Fabia",,,,,CJJ,1.4 L,,Cooling,,,,Water Pump,,,,
CJS 1.8 מיכל עיבוי אוקטביה מ13,,,,,,['Skoda'],,Skoda: Octavia,,,,,CJS,1.8 L,,Cooling,,,,Coolant Reservoir,,,2013,
CJS מחבר מ.מים,,,,,,[],,,,,,,CJS,1.8 L,,Cooling,,,,Water Pump,,,,
CJS מכסה טיימינג,,,,,,[],,,,,,,CJS,1.8 L,,Engine,,,,Timing Cover,,,,
CJS משאבת שחרור  אוקטביה 1.8 מ13,,,,,,['Skoda'],,Skoda: Octavia,,,,,CJS,1.8 L,,Cooling,,,,Drain Valve,,,2013,
CJS פלגים 1.8 מ13,,,,,,[],,,,,,,CJS,1.8 L,,Ignition,,,,Spark Plugs,,,2013,
CJS צינור מים מקורי,,,,,,[],,,,,,,CJS,1.8 L,,Cooling,,,,Coolant Pipe,,,,
CX5 כוהל + מזדה 3 + 6 מ13,,,,,,['Mazda'],"['CX5 כוהל', 'מזדה 3', '6 מ13']","Mazda: Mazda3, Mazda: CX-5",,,,,,,,Cooling,,,,Thermostat,,,2013,
EGR שסטום איוניק מ16,,,,,,['Hyundai'],,Hyundai: Ioniq,,,,,,,,Engine,,,,Valve,,,2016,
F350 פ.שמן,,,,,,['Ford'],,Ford: F-350,,,,,,,,Filter,,,,Oil Filter,,,,
FRV צלחות קדמי + סיויק מ06,,,,,,['Honda'],"['FRV צלחות קדמי', 'סיויק מ06']","Honda: Civic, Honda: FR-V",,,,,,,,Brake,,,Front,Brake Discs,,,2006,
FX פ.מזגן צירי נפח 1.6 מ22,,,,,,['Infiniti'],,Infiniti: FX,,,,,,1.6 L,,Filter,,,,AC Filter,,,2022,
GMC פ.סולר סילבראדו 6.6 מ06,,,,,,['GMC'],,,,,,,,6.6 L,Diesel,Filter,,,,Fuel Filter (Diesel),,,2006,
I20 + I30 טרמוסטט,,,,,,['Hyundai'],"['I20', 'I30 טרמוסטט']","Hyundai: i20, Hyundai: i30",,,,,,,,Cooling,,,,Thermostat,,,,
I20 ג.מייצב קדמי,,,,,,['Hyundai'],,Hyundai: i20,,,,,,,,Suspension,,,Front,Front Stabilizer Bar,,,,
I20 מ08 + צלחות קדמי אקסנט מ07,,,,,,['Hyundai'],"['I20 מ08', 'צלחות קדמי אקסנט מ07']","Hyundai: i20, Hyundai: Accent",,,,,,,,Brake,,,Front,Brake Discs,,,2008,
I25 + I30 + I35 + I20 םולי מנוע,,,,,,['Hyundai'],"['I25', 'I30', 'I35', 'I20 םולי מנוע']","Hyundai: i20, Hyundai: i25, Hyundai: i30, Hyundai: i35",,,,,,,,,,,,,,,,
I25 יוניט שמן,,,,,,['Hyundai'],,Hyundai: i25,,,,,,,,Sensor,,,,Oil Level Sensor,,,,
I30 + I25 אטם מכסה שסטומים,,,,,,['Hyundai'],"['I30', 'I25 אטם מכסה שסטומים']","Hyundai: i25, Hyundai: i30",,,,,,,,Engine,,,,Valve Cover Gasket,,,,
I30 + יוניט חום גטס + I20 + אקסנט,,,,,,['Hyundai'],"['I30', 'יוניט חום גטס', 'I20', 'אקסנט']","Hyundai: i20, Hyundai: i30, Hyundai: Accent, Hyundai: Getz",,,,,,,,Sensor,,,,Temperature Sensor,,,,
I30 אטם ראש,,,,,,['Hyundai'],,Hyundai: i30,,,,,,,,Engine,,,,Cylinder Head Gasket,,,,
I30 חיישן חמצן,,,,,,['Hyundai'],,Hyundai: i30,,,,,,,,Sensor,,,,Oxygen Sensor,,,,
I30 מחזיר שמן פולי,,,,,,['Hyundai'],,Hyundai: i30,,,,,,,,Engine,,,,Crankshaft Seal,,,,
I30 צ.תחתון + I25 + I35,,,,,,['Hyundai'],"['I30 צ.תחתון', 'I25', 'I35']","Hyundai: i25, Hyundai: i30, Hyundai: i35",,,,,,,,Cooling,,,Lower,Lower Radiator Hose,,,,
I30 צינור עליון,,,,,,['Hyundai'],,Hyundai: i30,,,,,,,,Cooling,,,Upper,Upper Radiator Hose,,,,
I30 צינור תחתון,,,,,,['Hyundai'],,Hyundai: i30,,,,,,,,Cooling,,,Lower,Lower Radiator Hose,,,,
I35 פ.מזגן מ11 אקסנט מ07,,,,,,['Hyundai'],,"Hyundai: i35, Hyundai: Accent",,,,,,,,Filter,,,,AC Filter,,,2011,
I800 משולש ימין,,,,,,['Hyundai'],,Hyundai: i800,,,,,,,,Suspension,,,Right,Right Control Arm,,,,
I800 משולש שמאל,,,,,,['Hyundai'],,Hyundai: i800,,,,,,,,Suspension,,,Left,Left Control Arm,,,,
I800 פ.אויר,,,,,,['Hyundai'],,Hyundai: i800,,,,,,,,Filter,,,,Air Filter,,,,
I800 פ.מזגן,,,,,,['Hyundai'],,Hyundai: i800,,,,,,,,Filter,,,,AC Filter,,,,
I800 פ.שמן + קרניבאל מ06,,,,,,"['Kia', 'Hyundai']","['I800 פ.שמן', 'קרניבאל מ06']","Hyundai: i800, Kia: Carnival",,,,,,,,Filter,,,,Oil Filter,,,2006,
I800 צינור עליון,,,,,,['Hyundai'],,Hyundai: i800,,,,,,,,Cooling,,,Upper,Upper Radiator Hose,,,,
I800 צלחות קדמי,,,,,,['Hyundai'],,Hyundai: i800,,,,,,,,Brake,,,Front,Brake Discs,,,,
IX35 +פ.שמן סורנטו,,,,,,"['Kia', 'Hyundai']","['IX35', 'פ.שמן סורנטו']","Hyundai: ix35, Kia: Sorento",,,,,,,,Filter,,,,Oil Filter,,,,
IX35 טרמוסטט + טוסון מ16,,,,,,['Hyundai'],"['IX35 טרמוסטט', 'טוסון מ16']","Hyundai: ix35, Hyundai: Tucson",,,,,,,,Cooling,,,,Thermostat,,,2016,
IX35 מותח + ספורטאג מ10,,,,,,"['Kia', 'Hyundai']","['IX35 מותח', 'ספורטאג מ10']","Hyundai: ix35, Kia: Sportage",,,,,,,,Engine,,,,Tensioner,,,2010,
IX35 סליל כרית אויר,,,,,,['Hyundai'],,Hyundai: ix35,,,,,,,,Safety,,,,Airbag Clock Spring,,,,
IX35 פלגים,,,,,,['Hyundai'],,Hyundai: ix35,,,,,,,,Ignition,,,,Spark Plugs,,,,
IX35 צלחות קדמי טוסון + ספורטאג מ10,,,,,,"['Kia', 'Hyundai']","['IX35 צלחות קדמי טוסון', 'ספורטאג מ10']","Hyundai: ix35, Hyundai: Tucson, Kia: Sportage",,,,,,,,Brake,,,Front,Brake Discs,,,2010,
IX35 רדיאטור,,,,,,['Hyundai'],,Hyundai: ix35,,,,,,,,Cooling,,,,Radiator,,,,
L משולש רנו קליאו + מיקרה מ06,,,,,,"['Renault', 'Nissan']","['L משולש רנו קליאו', 'מיקרה מ06']","Nissan: Micra, Renault: Clio",,,,,,,,Suspension,,,,Control Arm,,,2006,
MG פ.שמן,,,,,,['MG'],,,,,,,,,,Filter,,,,Oil Filter,,,,
NV200 פ.סולר,,,,,,['Nissan'],,Nissan: NV200,,,,,,,Diesel,Filter,,,,Fuel Filter (Diesel),,,,
Q7 פ.שמן מ15,,,,,,['Audi'],,Audi: Q7,,,,,,,,Filter,,,,Oil Filter,,,2015,
R משולש רנו קליאו + מיקרה מ06,,,,,,"['Renault', 'Nissan']","['R משולש רנו קליאו', 'מיקרה מ06']","Nissan: Micra, Renault: Clio",,,,,,,,Suspension,,,,Control Arm,,,2006,
RS7 פלגים,,,,,,['Audi'],,Audi: RS7,,,,,,,,Ignition,,,,Spark Plugs,,,,
S80 פ.אויר מ06 + S60 מ10,,,,,,['Volvo'],"['S80 פ.אויר מ06', 'S60 מ10']","Volvo: S60, Volvo: S80",,,,,,,,Filter,,,,Air Filter,,,2006,
SX4 פ.אויר מ10,,,,,,['Suzuki'],,Suzuki: SX4,,,,,,,,Filter,,,,Air Filter,,,2010,
T5 ג.מייצב קדמי,,,,,,['Volkswagen'],,Volkswagen: Transporter T5,,,,,,,,Suspension,,,Front,Front Stabilizer Bar,,,,
T5 דסקיות אחורי,,,,,,['Volkswagen'],,Volkswagen: Transporter T5,,,,,,,,Brake,,,Rear,Brake Discs,,,,
T5 דסקיות קדמי,,,,,,['Volkswagen'],,Volkswagen: Transporter T5,,,,,,,,Brake,,,Front,Brake Discs,,,,
T5 זרוע הגה,,,,,,['Volkswagen'],,Volkswagen: Transporter T5,,,,,,,,Steering,,,,Steering Arm,,,,
T5 מאריך,,,,,,['Volkswagen'],,Volkswagen: Transporter T5,,,,,,,,Steering,,,,Tie Rod Extension,,,,
T5 מיכל עיבוי,,,,,,['Volkswagen'],,Volkswagen: Transporter T5,,,,,,,,Cooling,,,,Coolant Reservoir,,,,
T5 מיסב בולם,,,,,,['Volkswagen'],,Volkswagen: Transporter T5,,,,,,,,Suspension,,,,Strut Bearing,,,,
T5 פ.אויר,,,,,,['Volkswagen'],,Volkswagen: Transporter T5,,,,,,,,Filter,,,,Air Filter,,,,
T5 פ.מזגן,,,,,,['Volkswagen'],,Volkswagen: Transporter T5,,,,,,,,Filter,,,,AC Filter,,,,
T5 פ.סולר שתי יציאות,,,,,,['Volkswagen'],,Volkswagen: Transporter T5,,,,,,,Diesel,Filter,,,,Fuel Filter (Diesel),,,,
T5 צלחות אחורי,,,,,,['Volkswagen'],,Volkswagen: Transporter T5,,,,,,,,Brake,,,Rear,Brake Discs,,,,
T5 צלחות קדמי,,,,,,['Volkswagen'],,Volkswagen: Transporter T5,,,,,,,,Brake,,,Front,Brake Discs,,,,
T5 רדיאטור,,,,,,['Volkswagen'],,Volkswagen: Transporter T5,,,,,,,,Cooling,,,,Radiator,,,,
T5 ת.בולם,,,,,,['Volkswagen'],,Volkswagen: Transporter T5,,,,,,,,Suspension,,,,Shock Absorber Bushing,,,,
T5 ת.משולש,,,,,,['Volkswagen'],,Volkswagen: Transporter T5,,,,,,,,Suspension,,,,Control Arm Bushing,,,,
TDI 2.0 גלגל תנופה גיטה + פסאט + אוקטביה,,,,,,"['Skoda', 'Volkswagen']","['TDI 2.0 גלגל תנופה גיטה', 'פסאט', 'אוקטביה']","Skoda: Octavia, Volkswagen: Passat",,,,,TDI,2.0 L,,Drivetrain,,,,Flywheel,,,,
Tמשאבת מצמד עליון 5,,,,,,[],,,,,,,,,,Drivetrain,,,Upper,Clutch Master Cylinder,,,,
VVT שסטום קמשפט אופטימה מ10,,,,,,['Kia'],,Kia: Optima,,,,,,,,Engine,,,,Camshaft Timing Control Valve,,,2010,
VW פ.דלק 6.6 BAR,,,,,,['Volkswagen'],,,,,,,,6.6 L,,Filter,,,,Fuel Filter,,,,
VW צינור קירור מנוע,,,,,,['Volkswagen'],,,,,,,,,,Cooling,,,,Engine Cooling Pipe,,,,
XC40 פ.שמן נפח 1.5 מ21,,,,,,['Volvo'],,Volvo: XC40,,,,,,1.5 L,,Filter,,,,Oil Filter,,,2021,
XV + ْB4 ת.משולש מ04,,,,,,['Subaru'],"['XV', 'ْB4 ת.משולש מ04']","Subaru: XV, Subaru: Legacy B4",,,,,,,,Suspension,,,,Control Arm Bushing,,,2004,
אויר ברלינגו מ03,,,,,,['Citroen'],,Citroen: Berlingo,,,,,,,,,,,,,,,2003,
אחורי אוקטביה מ13 סופרב + קודיאק חשמלי,,,,,,['Skoda'],"['אחורי אוקטביה מ13 סופרב', 'קודיאק חשמלי']","Skoda: Octavia, Skoda: Superb, Skoda: Kodiaq",,,,,,,,,,,Rear,,,,2013,
אחורי ספרינטר + קרפטר מ07 3.5 טון,,,,,,"['Mercedes', 'Volkswagen']","['אחורי ספרינטר', 'קרפטר מ07 3.5 טון']","Mercedes: Sprinter, Volkswagen: Crafter",,,,,,3.5 L,,,,,Rear,,,,2007,
אטם אטש DADA אוקטביה מ17 1.5,,,,,,['Skoda'],,Skoda: Octavia,,,,,DADA,1.5 L,,Engine,,,,EGR Gasket,,,2017,
אטם בית פ.שמן 1.2 CBZ + CJZ,,,,,,[],"['אטם בית פ.שמן 1.2 CBZ', 'CJZ']",,,,,,CBZ,1.2 L,,Engine,,,,Oil Filter Housing Gasket,,,,
אטם בית פ.שמן 1.8 CDA,,,,,,[],,,,,,,CDA,1.8 L,,Engine,,,,Oil Filter Housing Gasket,,,,
אטם בית פ.שמן A4 + A5,,,,,,['Audi'],"['אטם בית פ.שמן A4', 'A5']","Audi: A4, Audi: A5",,,,,,,,Engine,,,,Oil Filter Housing Gasket,,,,
אטם בית פ.שמן CJS 1.8 + 2.0 מ13,,,,,,[],"['אטם בית פ.שמן CJS 1.8', '2.0 מ13']",,,,,,CJS,1.8 L,,Engine,,,,Oil Filter Housing Gasket,,,2013,
אטם טיימינג 1.6 BTS + 1.4 CAX,,,,,,[],"['אטם טיימינג 1.6 BTS', '1.4 CAX']",,,,,,CAX,1.4 L,,Engine,,,,Timing Cover Gasket,,,,
אטם טיימינג CDA 1.8 עד 12,,,,,,[],,,,,,,CDA,1.8 L,,Engine,,,,Timing Cover Gasket,,,,2012
אטם טיימינג קטן CDA 1.8 עד 12,,,,,,[],,,,,,,CDA,1.8 L,,Engine,,,,Timing Cover Gasket,,,,2012
אטם טימיינג 1.6 BTS + CAX 1.4,,,,,,[],"['אטם טימיינג 1.6 BTS', 'CAX 1.4']",,,,,,CAX,1.4 L,,Engine,,,,Timing Cover Gasket,,,,
אטם לחיישן טיימינג CJS 1.8 מ13,,,,,,[],,,,,,,CJS,1.8 L,,Engine,,,,Sensor Gasket,,,2013,
אטם מכסה שסטומים 207 + 208 + 308 + 508,,,,,,['Peugeot'],"['אטם מכסה שסטומים 207', '208', '308', '508']","Peugeot: 207, Peugeot: 208, Peugeot: 308, Peugeot: 508",,,,,,,,Engine,,,,Valve Cover Gasket,,,,
אטם מכסה שסטומים BLX + BLY + AXW + BLR,,,,,,[],"['אטם מכסה שסטומים BLX', 'BLY', 'AXW', 'BLR']",,,,,,BLR,1.6 L,,Engine,,,,Valve Cover Gasket,,,,
אטם מכסה שסטומים I10 + I20,,,,,,['Hyundai'],"['אטם מכסה שסטומים I10', 'I20']","Hyundai: i10, Hyundai: i20",,,,,,,,Engine,,,,Valve Cover Gasket,,,,
אטם מכסה שסטומים I25 מ15,,,,,,['Hyundai'],,Hyundai: i25,,,,,,,,Engine,,,,Valve Cover Gasket,,,2015,
אטם מכסה שסטומים I35 מ11,,,,,,['Hyundai'],,Hyundai: i35,,,,,,,,Engine,,,,Valve Cover Gasket,,,2011,
אטם מכסה שסטומים IX35,,,,,,['Hyundai'],,Hyundai: ix35,,,,,,,,Engine,,,,Valve Cover Gasket,,,,
אטם מכסה שסטומים אאוטלנדר 2.0 מ13,,,,,,['Mitsubishi'],,Mitsubishi: Outlander,,,,,,2.0 L,,Engine,,,,Valve Cover Gasket,,,2013,
אטם מכסה שסטומים אוונסיס + קאמרי,,,,,,['Toyota'],"['אטם מכסה שסטומים אוונסיס', 'קאמרי']","Toyota: Camry, Toyota: Avensis",,,,,,,,Engine,,,,Valve Cover Gasket,,,,
אטם מכסה שסטומים אופטימה דיזל,,,,,,['Kia'],,Kia: Optima,,,,,,,Diesel,Engine,,,,Valve Cover Gasket,,,,
אטם מכסה שסטומים אופטרה,,,,,,['Chevrolet'],,Chevrolet: Optra,,,,,,,,Engine,,,,Valve Cover Gasket,,,,
אטם מכסה שסטומים אקנסט עד 06 + גטס,,,,,,['Hyundai'],"['אטם מכסה שסטומים אקנסט עד 06', 'גטס']",Hyundai: Getz,,,,,,,,Engine,,,,Valve Cover Gasket,,,,2006
אטם מכסה שסטומים אקסנט מ07 + גטס 16 שסטומים,,,,,,['Hyundai'],"['אטם מכסה שסטומים אקסנט מ07', 'גטס 16 שסטומים']","Hyundai: Accent, Hyundai: Getz",,,,,,,,Engine,,,,Valve Cover Gasket,,,2007,
אטם מכסה שסטומים גרנד קופה מ16,,,,,,['Renault'],,Renault: Grand Coupe,,,,,,,,Engine,,,,Valve Cover Gasket,,,2016,
אטם מכסה שסטומים דיזל 1.9 T5,,,,,,['Volkswagen'],,Volkswagen: Transporter T5,,,,,,1.9 L,Diesel,Engine,,,,Valve Cover Gasket,,,,
אטם מכסה שסטומים דימקס נפח 3.0,,,,,,['Isuzu'],,Isuzu: D-Max,,,,,,3.0 L,,Engine,,,,Valve Cover Gasket,,,,
אטם מכסה שסטומים היילקס + לנדקרוזר,,,,,,['Toyota'],"['אטם מכסה שסטומים היילקס', 'לנדקרוזר']","Toyota: Hilux, Toyota: Land Cruiser",,,,,,,,Engine,,,,Valve Cover Gasket,,,,
אטם מכסה שסטומים טוסון מ16,,,,,,['Hyundai'],,Hyundai: Tucson,,,,,,,,Engine,,,,Valve Cover Gasket,,,2016,
אטם מכסה שסטומים טרייטון מ15,,,,,,['Mitsubishi'],,Mitsubishi: Triton,,,,,,,,Engine,,,,Valve Cover Gasket,,,2015,
אטם מכסה שסטומים לנסר מ04,,,,,,['Mitsubishi'],,Mitsubishi: Lancer,,,,,,,,Engine,,,,Valve Cover Gasket,,,2004,
אטם מכסה שסטומים מ13 CX5 נפח 2.0,,,,,,['Mazda'],,Mazda: CX-5,,,,,,2.0 L,,Engine,,,,Valve Cover Gasket,,,2013,
אטם מכסה שסטומים מזדה 3 1.6 עד 12,,,,,,['Mazda'],,Mazda: Mazda3,,,,,,1.6 L,,Engine,,,,Valve Cover Gasket,,,,2012
אטם מכסה שסטומים מזדה 3 מ13,,,,,,['Mazda'],,Mazda: Mazda3,,,,,,,,Engine,,,,Valve Cover Gasket,,,2013,
אטם מכסה שסטומים מזדה 6 פלסטיק,,,,,,['Mazda'],,Mazda: Mazda6,,,,,,,,Engine,Plastic,,,Valve Cover Gasket,,,,
אטם מכסה שסטומים סוזוקי ליאנה,,,,,,['Suzuki'],,Suzuki: Liana,,,,,,,,Engine,,,,Valve Cover Gasket,,,,
אטם מכסה שסטומים סיויק מ06,,,,,,['Honda'],,Honda: Civic,,,,,,,,Engine,,,,Valve Cover Gasket,,,2006,
אטם מכסה שסטומים סיריון 1.3,,,,,,['Daihatsu'],,Daihatsu: Sirion,,,,,,1.3 L,,Engine,,,,Valve Cover Gasket,,,,
אטם מכסה שסטומים סנטה פה מ07 2.7,,,,,,['Hyundai'],,Hyundai: Santa Fe,,,,,,2.7 L,,Engine,,,,Valve Cover Gasket,,,2007,
אטם מכסה שסטומים פוקוס מ06 פלסטיק,,,,,,['Ford'],,Ford: Focus,,,,,,,,Engine,Plastic,,,Valve Cover Gasket,,,2006,
אטם מכסה שסטומים קורולה 93-99,,,,,,['Toyota'],,Toyota: Corolla,,,,,,,,Engine,,,,Valve Cover Gasket,,,1993,1999
אטם מכסה שסטומים קורולה 99-07,,,,,,['Toyota'],,Toyota: Corolla,,,,,,,,Engine,,,,Valve Cover Gasket,,,1999,2007
אטם מכסה שסטומים קורולה מ08,,,,,,['Toyota'],,Toyota: Corolla,,,,,,,,Engine,,,,Valve Cover Gasket,,,2008,
אטם מכסה שסטומים קורסה + אסטרה 1.4 מ11,,,,,,['Opel'],"['אטם מכסה שסטומים קורסה', 'אסטרה 1.4 מ11']","Opel: Corsa, Opel: Astra",,,,,,1.4 L,,Engine,,,,Valve Cover Gasket,,,2011,
אטם מכסה שסטומים קרוז 1.6,,,,,,['Chevrolet'],,Chevrolet: Cruze,,,,,,1.6 L,,Engine,,,,Valve Cover Gasket,,,,
אטם נכסה שסטומים אקסנט מ10,,,,,,['Hyundai'],,Hyundai: Accent,,,,,,,,Engine,,,,Valve Cover Gasket,,,2010,
אטם קולר 1.6 BTS + 1.4 CAX,,,,,,[],"['אטם קולר 1.6 BTS', '1.4 CAX']",,,,,,CAX,1.4 L,,Engine,,,,Oil Cooler Gasket,,,,
אטם קולר BLR אוקטביה מ05,,,,,,['Skoda'],,Skoda: Octavia,,,,,BLR,1.6 L,,Engine,,,,Oil Cooler Gasket,,,2005,
אטם קולר CDA 1.8 + 2.0,,,,,,[],"['אטם קולר CDA 1.8', '2.0']",,,,,,CDA,1.8 L,,Engine,,,,Oil Cooler Gasket,,,,
אטם קולר CJS אוקטביה מ13,,,,,,['Skoda'],,Skoda: Octavia,,,,,CJS,1.8 L,,Engine,,,,Oil Cooler Gasket,,,2013,
אטם קולר מ16 A4 + Q7,,,,,,['Audi'],"['אטם קולר מ16 A4', 'Q7']","Audi: A4, Audi: Q7",,,,,,,,Engine,,,,Oil Cooler Gasket,,,2016,
אטם קולר נפח 3.0 CRC Q7,,,,,,['Audi'],,Audi: Q7,,,,,CRC,3.0 L,,Engine,,,,Oil Cooler Gasket,,,,
אטם קולר סוזוקי,,,,,,['Suzuki'],,,,,,,,,,Engine,,,,Oil Cooler Gasket,,,,
אטם קולר שמן 1.2 CJZ + CBZ,,,,,,[],"['אטם קולר שמן 1.2 CJZ', 'CBZ']",,,,,,CBZ,1.2 L,,Engine,,,,Oil Cooler Gasket,,,,
אטם קרטר CJS 1.8,,,,,,[],,,,,,,CJS,1.8 L,,Engine,,,,Oil Pan Gasket,,,,
אטם קרטר Q5 + A5,,,,,,['Audi'],"['אטם קרטר Q5', 'A5']","Audi: A5, Audi: Q5",,,,,,,,Engine,,,,Oil Pan Gasket,,,,
אטם ראש BTS + CAX 1.6,,,,,,[],"['אטם ראש BTS', 'CAX 1.6']",,,,,,CAX,1.4 L,,Engine,,,,Cylinder Head Gasket,,,,
אטם ראש CAX + CAV + BMY,,,,,,[],"['אטם ראש CAX', 'CAV', 'BMY']",,,,,,CAX,1.4 L,,Engine,,,,Cylinder Head Gasket,,,,
אטם ראש CBZ 1.2,,,,,,[],,,,,,,CBZ,1.2 L,,Engine,,,,Cylinder Head Gasket,,,,
אטם ראש CJS + CNC + CJX נפח 1.8 + 2.0,,,,,,[],"['אטם ראש CJS', 'CNC', 'CJX נפח 1.8', '2.0']",,,,,,CJS,1.8 L,,Engine,,,,Cylinder Head Gasket,,,,
אטם ראש אוקטביה 1.2 CJZ מ13,,,,,,['Skoda'],,Skoda: Octavia,,,,,CJZ,1.2 L,,Engine,,,,Cylinder Head Gasket,,,2013,
אטם ראש ליאנה 1.6,,,,,,['Suzuki'],,Suzuki: Liana,,,,,,1.6 L,,Engine,,,,Cylinder Head Gasket,,,,
אטם ראש מזדה 3 + 6 + CX5 מ13,,,,,,['Mazda'],"['אטם ראש מזדה 3', '6', 'CX5 מ13']","Mazda: Mazda3, Mazda: CX-5",,,,,,,,Engine,,,,Cylinder Head Gasket,,,2013,
אטם ראש קורולה מנ08,,,,,,['Toyota'],,Toyota: Corolla,,,,,,,,Engine,,,,Cylinder Head Gasket,,,,
אטן קולר שמן CJS מ13 1.8 + 2.0,,,,,,[],"['אטן קולר שמן CJS מ13 1.8', '2.0']",,,,,,CJS,1.8 L,,Engine,,,,Oil Cooler Gasket,,,2013,
אנטרקולר גרנד קופה מ18,,,,,,['Renault'],,Renault: Grand Coupe,,,,,,,,Cooling,,,,Intercooler,,,2018,
אנטרקולר פביה + רומסטר,,,,,,['Skoda'],"['אנטרקולר פביה', 'רומסטר']","Skoda: Roomster, Skoda: Fabia",,,,,,,,Cooling,,,,Intercooler,,,,
ב.מתלה אחורי ספורטאג מ11 + IX35,,,,,,"['Kia', 'Hyundai']","['ב.מתלה אחורי ספורטאג מ11', 'IX35']","Hyundai: ix35, Kia: Sportage",,,,,,,,Suspension,,,Rear,Suspension Mount,,,2011,
בולם אחורי 4x2 היילקס עד 05,,,,,,['Toyota'],,Toyota: Hilux,,,,Two-wheel drive,,,,Suspension,,,Rear,Rear Shock Absorber,,,,2005
בולם אחורי אוקטביה מ05,,,,,,['Skoda'],,Skoda: Octavia,,,,,,,,Suspension,,,Rear,Rear Shock Absorber,,,2005,
בולם אחורי אוקטביה מ13,,,,,,['Skoda'],,Skoda: Octavia,,,,,,,,Suspension,,,Rear,Rear Shock Absorber,,,2013,
בולם אחורי אקו מיקרה מ11,,,,,,['Nissan'],,Nissan: Micra,,,,,,,,Suspension,,,Rear,Rear Shock Absorber,,,2011,
בולם אחורי אקסנט מ07,,,,,,['Hyundai'],,Hyundai: Accent,,,,,,,,Suspension,,,Rear,Rear Shock Absorber,,,2007,
בולם אחורי ברלינגו מ08,,,,,,['Citroen'],,Citroen: Berlingo,,,,,,,,Suspension,,,Rear,Rear Shock Absorber,,,2008,
בולם אחורי גטס ימין + שמאל,,,,,,['Hyundai'],"['בולם אחורי גטס ימין', 'שמאל']",Hyundai: Getz,,,,,,,,Suspension,,,"Rear, Right, Left",Rear Shock Absorber,,,,
בולם אחורי טרנזיט מ07,,,,,,['Ford'],,Ford: Transit,,,,,,,,Suspension,,,Rear,Rear Shock Absorber,,,2007,
בולם אחורי ימין + שמאל מזדה 3 + 5 עד 08,,,,,,['Mazda'],"['בולם אחורי ימין', 'שמאל מזדה 3', '5 עד 08']",Mazda: Mazda3,,,,,,,,Suspension,,,"Rear, Right, Left",Rear Shock Absorber,,,,2008
בולם אחורי ימין + שמאל קאדי מ04,,,,,,['Volkswagen'],"['בולם אחורי ימין', 'שמאל קאדי מ04']",Volkswagen: Caddy,,,,,,,,Suspension,,,"Rear, Right, Left",Rear Shock Absorber,,,2004,
בולם אחורי ימין + שמאל קורולה מ08,,,,,,['Toyota'],"['בולם אחורי ימין', 'שמאל קורולה מ08']",Toyota: Corolla,,,,,,,,Suspension,,,"Rear, Right, Left",Rear Shock Absorber,,,2008,
בולם אחורי לנסר מ08,,,,,,['Mitsubishi'],,Mitsubishi: Lancer,,,,,,,,Suspension,,,Rear,Rear Shock Absorber,,,2008,
בולם אחורי מ11 I35,,,,,,['Hyundai'],,Hyundai: i35,,,,,,,,Suspension,,,Rear,Rear Shock Absorber,,,2011,
בולם אחורי מזדה 3 מ09 + פוקוס מ06,,,,,,"['Mazda', 'Ford']","['בולם אחורי מזדה 3 מ09', 'פוקוס מ06']","Mazda: Mazda3, Ford: Focus",,,,,,,,Suspension,,,Rear,Rear Shock Absorber,,,2009,
בולם אחורי מזדה 3 מ13 ימין + שמאל,,,,,,['Mazda'],"['בולם אחורי מזדה 3 מ13 ימין', 'שמאל']",Mazda: Mazda3,,,,,,,,Suspension,,,"Rear, Right, Left",Rear Shock Absorber,,,2013,
בולם אחורי סיריון מ05,,,,,,['Daihatsu'],,Daihatsu: Sirion,,,,,,,,Suspension,,,Rear,Rear Shock Absorber,,,2005,
בולם אחורי פוקוס מ06 מזדה 3 מ09 ימין + שמאל,,,,,,"['Mazda', 'Ford']","['בולם אחורי פוקוס מ06 מזדה 3 מ09 ימין', 'שמאל']","Mazda: Mazda3, Ford: Focus",,,,,,,,Suspension,,,"Rear, Right, Left",Rear Shock Absorber,,,2006,
בולם אחורי רפיד מ12,,,,,,['Skoda'],,Skoda: Rapid,,,,,,,,Suspension,,,Rear,Rear Shock Absorber,,,2012,
בולם מכסה מנוע סופרב עד 15,,,,,,['Skoda'],,Skoda: Superb,,,,,,,,Body,,,,Hood Lift Support,,,,2015
בולם מכסה מנוע פסאט מ11,,,,,,['Volkswagen'],,Volkswagen: Passat,,,,,,,,Body,,,,Hood Lift Support,,,2011,
בולם קדמי 3.5 טון קרפטר + ספרינטר מ07 ימין + שמאל,,,,,,"['Mercedes', 'Volkswagen']","['בולם קדמי 3.5 טון קרפטר', 'ספרינטר מ07 ימין', 'שמאל']","Mercedes: Sprinter, Volkswagen: Crafter",,,,,,3.5 L,,Suspension,,,"Front, Right, Left",Front Shock Absorber,,,2007,
בולם קדמי אוקטביה מ13 ימין + שמאל,,,,,,['Skoda'],"['בולם קדמי אוקטביה מ13 ימין', 'שמאל']",Skoda: Octavia,,,,,,,,Suspension,,,"Front, Right, Left",Front Shock Absorber,,,2013,
בולם קדמי איוניק מ16 ימיןbtw,,,,,,['Hyundai'],,Hyundai: Ioniq,,,,,,,,Suspension,,,"Front, Right",Front Shock Absorber,,,2016,
בולם קדמי איוניק מ16 שמאל,,,,,,['Hyundai'],,Hyundai: Ioniq,,,,,,,,Suspension,,,"Front, Left",Front Shock Absorber,,,2016,
בולם קדמי אקסנט  מ07 ימין,,,,,,['Hyundai'],,Hyundai: Accent,,,,,,,,Suspension,,,"Front, Right",Front Shock Absorber,,,2007,
בולם קדמי אקסנט מ07 שמאל,,,,,,['Hyundai'],,Hyundai: Accent,,,,,,,,Suspension,,,"Front, Left",Front Shock Absorber,,,2007,
בולם קדמי גטס ימין,,,,,,['Hyundai'],,Hyundai: Getz,,,,,,,,Suspension,,,"Front, Right",Front Shock Absorber,,,,
בולם קדמי גטס שמאל,,,,,,['Hyundai'],,Hyundai: Getz,,,,,,,,Suspension,,,"Front, Left",Front Shock Absorber,,,,
בולם קדמי גרנדיס מ05 ימיןbtw,,,,,,['Mitsubishi'],,Mitsubishi: Grandis,,,,,,,,Suspension,,,"Front, Right",Front Shock Absorber,,,2005,
בולם קדמי גרנדיס מ05 שמאל,,,,,,['Mitsubishi'],,Mitsubishi: Grandis,,,,,,,,Suspension,,,"Front, Left",Front Shock Absorber,,,2005,
בולם קדמי חשמלי קארוק+ אטקה מ17,,,,,,"['Seat', 'Skoda']","['בולם קדמי חשמלי קארוק', 'אטקה מ17']","Skoda: Karoq, Seat: Ateca",,,,,,,,Suspension,,,Front,Front Shock Absorber,,,2017,
בולם קדמי ימין   מ10 IX35 + ספורטאג,,,,,,"['Kia', 'Hyundai']","['בולם קדמי ימין   מ10 IX35', 'ספורטאג']","Hyundai: ix35, Kia: Sportage",,,,,,,,Suspension,,,"Front, Right",Front Shock Absorber,,,2010,
בולם קדמי ימין  עד 11 I30  קוריאני,,,,,,['Hyundai'],,Hyundai: i30,,,,,,,,Suspension,,,"Front, Right",Front Shock Absorber,,,,2011
בולם קדמי ימין + שמאל אוקטביה מ05 דק 50 ממ,,,,,,['Skoda'],"['בולם קדמי ימין', 'שמאל אוקטביה מ05 דק 50 ממ']",Skoda: Octavia,,50 mm,,,,,,Suspension,,,"Front, Right, Left",Front Shock Absorber,,,2005,
בולם קדמי ימין + שמאל אוקטביה מ05 עובה 55,,,,,,['Skoda'],"['בולם קדמי ימין', 'שמאל אוקטביה מ05 עובה 55']",Skoda: Octavia,,,,,,,,Suspension,,,"Front, Right, Left",Front Shock Absorber,,55 mm,2005,
בולם קדמי ימין + שמאל קנגו מ09,,,,,,['Renault'],"['בולם קדמי ימין', 'שמאל קנגו מ09']",Renault: Kangoo,,,,,,,,Suspension,,,"Front, Right, Left",Front Shock Absorber,,,2009,
בולם קדמי ימין אווטלנדר מ13,,,,,,['Mitsubishi'],,Mitsubishi: Outlander,,,,,,,,Suspension,,,"Front, Right",Front Shock Absorber,,,2013,
בולם קדמי ימין אלטו נ09,,,,,,['Suzuki'],,Suzuki: Alto,,,,,,,,Suspension,,,"Front, Right",Front Shock Absorber,,,,
בולם קדמי ימין אקו מיקרה מ11,,,,,,['Nissan'],,Nissan: Micra,,,,,,,,Suspension,,,"Front, Right",Front Shock Absorber,,,2011,
בולם קדמי ימין ברלינגו מ08,,,,,,['Citroen'],,Citroen: Berlingo,,,,,,,,Suspension,,,"Front, Right",Front Shock Absorber,,,2008,
בולם קדמי ימין טוסון מ05,,,,,,['Hyundai'],,Hyundai: Tucson,,,,,,,,Suspension,,,"Front, Right",Front Shock Absorber,,,2005,
בולם קדמי ימין יאריס מ07,,,,,,['Toyota'],,Toyota: Yaris,,,,,,,,Suspension,,,"Front, Right",Front Shock Absorber,,,2007,
בולם קדמי ימין לנסר מ08,,,,,,['Mitsubishi'],,Mitsubishi: Lancer,,,,,,,,Suspension,,,"Front, Right",Front Shock Absorber,,,2008,
בולם קדמי ימין מ11 I25,,,,,,['Hyundai'],,Hyundai: i25,,,,,,,,Suspension,,,"Front, Right",Front Shock Absorber,,,2011,
בולם קדמי ימין מ11 I35,,,,,,['Hyundai'],,Hyundai: i35,,,,,,,,Suspension,,,"Front, Right",Front Shock Absorber,,,2011,
בולם קדמי ימין מ13 CX5,,,,,,['Mazda'],,Mazda: CX-5,,,,,,,,Suspension,,,"Front, Right",Front Shock Absorber,,,2013,
בולם קדמי ימין מזדה 3 + 5 עד 12,,,,,,['Mazda'],"['בולם קדמי ימין מזדה 3', '5 עד 12']",Mazda: Mazda3,,,,,,,,Suspension,,,"Front, Right",Front Shock Absorber,,,,2012
בולם קדמי ימין מזדה 3 מ13,,,,,,['Mazda'],,Mazda: Mazda3,,,,,,,,Suspension,,,"Front, Right",Front Shock Absorber,,,2013,
בולם קדמי ימין מזדה 6 08-12,,,,,,['Mazda'],,Mazda: Mazda6,,,,,,,,Suspension,,,"Front, Right",Front Shock Absorber,,,2008,2012
בולם קדמי ימין סוויפט מ11,,,,,,['Suzuki'],,Suzuki: Swift,,,,,,,,Suspension,,,"Front, Right",Front Shock Absorber,,,2011,
בולם קדמי ימין סיויק מ06 ( 4 דלתות ),,,,,,['Honda'],,Honda: Civic,,,,4 door,,,,Suspension,,,"Front, Right",Front Shock Absorber,,,2006,
בולם קדמי ימין ספארק מ11,,,,,,['Chevrolet'],,Chevrolet: Spark,,,,,,,,Suspension,,,"Front, Right",Front Shock Absorber,,,2011,
בולם קדמי ימין עד 11 I20,,,,,,['Hyundai'],,Hyundai: i20,,,,,,,,Suspension,,,"Front, Right",Front Shock Absorber,,,,2011
בולם קדמי ימין קורולה 03-04,,,,,,['Toyota'],,Toyota: Corolla,,,,,,,,Suspension,,,"Front, Right",Front Shock Absorber,,,2003,2004
בולם קדמי ימין קורולה 05-07,,,,,,['Toyota'],,Toyota: Corolla,,,,,,,,Suspension,,,"Front, Right",Front Shock Absorber,,,2005,2007
בולם קדמי ימין קורולה מ08,,,,,,['Toyota'],,Toyota: Corolla,,,,,,,,Suspension,,,"Front, Right",Front Shock Absorber,,,2008,
בולם קדמי ימין קרוסאובר מ13 SX4,,,,,,['Suzuki'],,"Suzuki: SX4, Suzuki: SX4 S-Cross",,,,,,,,Suspension,,,"Front, Right",Front Shock Absorber,,,2013,
בולם קדמי ימין ראב 4 מ07,,,,,,['Toyota'],,Toyota: RAV4,,,,,,,,Suspension,,,"Front, Right",Front Shock Absorber,,,2007,
בולם קדמי לנדקרוזר מ03 + 4x4 ויגו מ06,,,,,,['Toyota'],"['בולם קדמי לנדקרוזר מ03', '4x4 ויגו מ06']","Toyota: Hilux Vigo, Toyota: Land Cruiser",,,,Four-wheel drive,,,,Suspension,,,Front,Front Shock Absorber,,,2003,
בולם קדמי לנסר מ04,,,,,,['Mitsubishi'],,Mitsubishi: Lancer,,,,,,,,Suspension,,,Front,Front Shock Absorber,,,2004,
בולם קדמי מקורי טרייטון מ15,,,,,,['Mitsubishi'],,Mitsubishi: Triton,,,,,,,,Suspension,,,Front,Front Shock Absorber,,,2015,
בולם קדמי סיריון 05-12 ימין + שמאל,,,,,,['Daihatsu'],"['בולם קדמי סיריון 05-12 ימין', 'שמאל']",Daihatsu: Sirion,,,,,,,,Suspension,,,"Front, Right, Left",Front Shock Absorber,,,2005,2012
בולם קדמי רפיד מ13 + איביזה מ09,,,,,,"['Seat', 'Skoda']","['בולם קדמי רפיד מ13', 'איביזה מ09']","Skoda: Rapid, Seat: Ibiza",,,,,,,,Suspension,,,Front,Front Shock Absorber,,,2013,
בולם קדמי שמאל  עד 11 I30,,,,,,['Hyundai'],,Hyundai: i30,,,,,,,,Suspension,,,"Front, Left",Front Shock Absorber,,,,2011
בולם קדמי שמאל CX5 מ13,,,,,,['Mazda'],,Mazda: CX-5,,,,,,,,Suspension,,,"Front, Left",Front Shock Absorber,,,2013,
בולם קדמי שמאל I20 עד 11,,,,,,['Hyundai'],,Hyundai: i20,,,,,,,,Suspension,,,"Front, Left",Front Shock Absorber,,,,2011
בולם קדמי שמאל I25 מ11,,,,,,['Hyundai'],,Hyundai: i25,,,,,,,,Suspension,,,"Front, Left",Front Shock Absorber,,,2011,
בולם קדמי שמאל I35 מ11,,,,,,['Hyundai'],,Hyundai: i35,,,,,,,,Suspension,,,"Front, Left",Front Shock Absorber,,,2011,
בולם קדמי שמאל אווטלנדר מ13,,,,,,['Mitsubishi'],,Mitsubishi: Outlander,,,,,,,,Suspension,,,"Front, Left",Front Shock Absorber,,,2013,
בולם קדמי שמאל אלטו נ09,,,,,,['Suzuki'],,Suzuki: Alto,,,,,,,,Suspension,,,"Front, Left",Front Shock Absorber,,,,
בולם קדמי שמאל אקו מיקרה מ11,,,,,,['Nissan'],,Nissan: Micra,,,,,,,,Suspension,,,"Front, Left",Front Shock Absorber,,,2011,
בולם קדמי שמאל ברלינגו מ08,,,,,,['Citroen'],,Citroen: Berlingo,,,,,,,,Suspension,,,"Front, Left",Front Shock Absorber,,,2008,
בולם קדמי שמאל טוסון מ05,,,,,,['Hyundai'],,Hyundai: Tucson,,,,,,,,Suspension,,,"Front, Left",Front Shock Absorber,,,2005,
בולם קדמי שמאל יאריס מ07,,,,,,['Toyota'],,Toyota: Yaris,,,,,,,,Suspension,,,"Front, Left",Front Shock Absorber,,,2007,
בולם קדמי שמאל לנסר מ08,,,,,,['Mitsubishi'],,Mitsubishi: Lancer,,,,,,,,Suspension,,,"Front, Left",Front Shock Absorber,,,2008,
בולם קדמי שמאל מ10 IX35 + ספורטאג,,,,,,"['Kia', 'Hyundai']","['בולם קדמי שמאל מ10 IX35', 'ספורטאג']","Hyundai: ix35, Kia: Sportage",,,,,,,,Suspension,,,"Front, Left",Front Shock Absorber,,,2010,
בולם קדמי שמאל מזדה 3 + 5 עד 12,,,,,,['Mazda'],"['בולם קדמי שמאל מזדה 3', '5 עד 12']",Mazda: Mazda3,,,,,,,,Suspension,,,"Front, Left",Front Shock Absorber,,,,2012
בולם קדמי שמאל מזדה 3 מ13,,,,,,['Mazda'],,Mazda: Mazda3,,,,,,,,Suspension,,,"Front, Left",Front Shock Absorber,,,2013,
בולם קדמי שמאל מזדה 6 08-12,,,,,,['Mazda'],,Mazda: Mazda6,,,,,,,,Suspension,,,"Front, Left",Front Shock Absorber,,,2008,2012
בולם קדמי שמאל סוויפט מ11,,,,,,['Suzuki'],,Suzuki: Swift,,,,,,,,Suspension,,,"Front, Left",Front Shock Absorber,,,2011,
בולם קדמי שמאל סיויק מ06 ( 4 דלתות ),,,,,,['Honda'],,Honda: Civic,,,,4 door,,,,Suspension,,,"Front, Left",Front Shock Absorber,,,2006,
בולם קדמי שמאל ספארק מ11,,,,,,['Chevrolet'],,Chevrolet: Spark,,,,,,,,Suspension,,,"Front, Left",Front Shock Absorber,,,2011,
בולם קדמי שמאל קורולה 03-04,,,,,,['Toyota'],,Toyota: Corolla,,,,,,,,Suspension,,,"Front, Left",Front Shock Absorber,,,2003,2004
בולם קדמי שמאל קורולה 05-07,,,,,,['Toyota'],,Toyota: Corolla,,,,,,,,Suspension,,,"Front, Left",Front Shock Absorber,,,2005,2007
בולם קדמי שמאל קורולה מ08,,,,,,['Toyota'],,Toyota: Corolla,,,,,,,,Suspension,,,"Front, Left",Front Shock Absorber,,,2008,
בולם קדמי שמאל קרוסאובר מ13 SX4,,,,,,['Suzuki'],,"Suzuki: SX4, Suzuki: SX4 S-Cross",,,,,,,,Suspension,,,"Front, Left",Front Shock Absorber,,,2013,
בולם קדמי שמאל ראב 4 מ07,,,,,,['Toyota'],,Toyota: RAV4,,,,,,,,Suspension,,,"Front, Left",Front Shock Absorber,,,2007,
בולם ת.מטען  A4 מ08,,,,,,['Audi'],,Audi: A4,,,,,,,,Body,,,,Trunk Lift Support,,,2008,
בולם ת.מטען אאוטלנדר מ13,,,,,,['Mitsubishi'],,Mitsubishi: Outlander,,,,,,,,Body,,,,Trunk Lift Support,,,2013,
בולם ת.מטען אוקטביה מ05,,,,,,['Skoda'],,Skoda: Octavia,,,,,,,,Body,,,,Trunk Lift Support,,,2005,
בולם ת.מטען אוקטביה מ13,,,,,,['Skoda'],,Skoda: Octavia,,,,,,,,Body,,,,Trunk Lift Support,,,2013,
בולם ת.מטען איוניק,,,,,,['Hyundai'],,Hyundai: Ioniq,,,,,,,,Body,,,,Trunk Lift Support,,,,
בולם ת.מטען אקו מיקרה,,,,,,['Nissan'],,Nissan: Micra,,,,,,,,Body,,,,Trunk Lift Support,,,,
בולם ת.מטען גטה,,,,,,['Volkswagen'],,Volkswagen: Jetta,,,,,,,,Body,,,,Trunk Lift Support,,,,
בולם ת.מטען גטס,,,,,,['Hyundai'],,Hyundai: Getz,,,,,,,,Body,,,,Trunk Lift Support,,,,
בולם ת.מטען טוסון מ16,,,,,,['Hyundai'],,Hyundai: Tucson,,,,,,,,Body,,,,Trunk Lift Support,,,2016,
בולם ת.מטען טיגואן מ17,,,,,,['Volkswagen'],,Volkswagen: Tiguan,,,,,,,,Body,,,,Trunk Lift Support,,,2017,
בולם ת.מטען סופרב עד 15,,,,,,['Skoda'],,Skoda: Superb,,,,,,,,Body,,,,Trunk Lift Support,,,,2015
בולם ת.מטען סנטה פה,,,,,,['Hyundai'],,Hyundai: Santa Fe,,,,,,,,Body,,,,Trunk Lift Support,,,,
בולם ת.מטען ספורטאג מ16,,,,,,['Kia'],,Kia: Sportage,,,,,,,,Body,,,,Trunk Lift Support,,,2016,
בולם ת.מטען עד 12 I30,,,,,,['Hyundai'],,Hyundai: i30,,,,,,,,Body,,,,Trunk Lift Support,,,,2012
בולם ת.מטען פוקוס מ15,,,,,,['Ford'],,Ford: Focus,,,,,,,,Body,,,,Trunk Lift Support,,,2015,
בולם ת.מטען קאמרי מ07,,,,,,['Toyota'],,Toyota: Camry,,,,,,,,Body,,,,Trunk Lift Support,,,2007,
בולם ת.מטען קיה סיד,,,,,,['Kia'],,Kia: Ceed,,,,,,,,Body,,,,Trunk Lift Support,,,,
בולם ת.מטען ריו מ12,,,,,,['Kia'],,Kia: Rio,,,,,,,,Body,,,,Trunk Lift Support,,,2012,
בוקסב גיר אחורי אוקטביה מ05 בלי הברגה,,,,,,['Skoda'],,Skoda: Octavia,,,,,,,,Suspension,,,Rear,Bushing,,,2005,
בוקסב גיר אחורי אוקטביה מ05 עם הברגה,,,,,,['Skoda'],,Skoda: Octavia,,,,,,,,Suspension,,,Rear,Bushing,,,2005,
בוקסה בולם קדמי לנד קרוזר מ10,,,,,,['Land Rover'],,,,,,,,,,Suspension,,,Front,Front Shock Absorber,,,2010,
בוקסה הילוכים פוקוס מ06,,,,,,['Ford'],,Ford: Focus,,,,,,,,Suspension,,,,Bushing,,,2006,
בוקסה ידית הילוכים יונדאי,,,,,,['Hyundai'],,,,,,,,,,Suspension,,,,Bushing,,,,
בוקסה משולש A4 מ08,,,,,,['Audi'],,Audi: A4,,,,,,,,Suspension,,,,Control Arm,,,2008,
בוקסה משולש אוקטביה מ13 אלומיניום,,,,,,['Skoda'],,Skoda: Octavia,,,,,,,,Suspension,Aluminum,,,Control Arm,,,2013,
בוקסה משולש אחורי T5,,,,,,['Volkswagen'],,Volkswagen: Transporter T5,,,,,,,,Suspension,,,Rear,Control Arm,,,,
בוקסה משולש ימין אוקטביה מ05,,,,,,['Skoda'],,Skoda: Octavia,,,,,,,,Suspension,,,Right,Right Control Arm,,,2005,
בוקסה משולש מ17 XV,,,,,,['Subaru'],,Subaru: XV,,,,,,,,Suspension,,,,Control Arm,,,2017,
בוקסה משולש פביה + פולו,,,,,,"['Volkswagen', 'Skoda']","['בוקסה משולש פביה', 'פולו']","Volkswagen: Polo, Skoda: Fabia",,,,,,,,Suspension,,,,Control Arm,,,,
בוקסה משולש פולו + פביה + אוקטביה מ13,,,,,,"['Volkswagen', 'Skoda']","['בוקסה משולש פולו', 'פביה', 'אוקטביה מ13']","Volkswagen: Polo, Skoda: Octavia, Skoda: Fabia",,,,,,,,Suspension,,,,Control Arm,,,2013,
בוקסה משולש שמאל אוקטביה מ05,,,,,,['Skoda'],,Skoda: Octavia,,,,,,,,Suspension,,,Left,Left Control Arm,,,2005,
בוקסה ת.מנוע פיגו מ09 ברזל 70 ממ,,,,,,['Peugeot'],,,,70 mm,,,,,,Engine,Iron,,,Engine Mount,,,2009,
בורג קמשפט 1.8 מ13 CJS,,,,,,[],,,,,,,CJS,1.8 L,,Engine,,,,Camshaft Bolt,,,2013,
בית טרמוסטט ברלינגו 1.6 מ11,,,,,,['Citroen'],,Citroen: Berlingo,,,,,,1.6 L,,Cooling,,,,Thermostat Housing,,,2011,
בית טרמוסטט ברלינגו מ15,,,,,,['Citroen'],,Citroen: Berlingo,,,,,,,,Cooling,,,,Thermostat Housing,,,2015,
בית פ.שמן BLR אוקטביה מ05,,,,,,['Skoda'],,Skoda: Octavia,,,,,BLR,1.6 L,,Engine,,,,Oil Filter Housing,,,2005,
בית פ.שמן CJS 1.8 מ13,,,,,,[],,,,,,,CJS,1.8 L,,Engine,,,,Oil Filter Housing,,,2013,
בית פ.שמן TDI יטי מ09 עם קולר מנוע,,,,,,['Skoda'],,Skoda: Yeti,,,,,TDI,2.0 L,,Engine,,,,Oil Filter Housing,,,2009,
בית פ.שמן אוקטביה מ13 דיזל,,,,,,['Skoda'],,Skoda: Octavia,,,,,,,Diesel,Engine,,,,Oil Filter Housing,,,2013,
בית פ.שמן טווארג + מ12 נפח 3.0 A6,,,,,,"['Audi', 'Volkswagen']","['בית פ.שמן טווארג', 'מ12 נפח 3.0 A6']","Audi: A6, Volkswagen: Touareg",,,,,,3.0 L,,Engine,,,,Oil Filter Housing,,,2012,
בית פ.שמן קורולה מ08,,,,,,['Toyota'],,Toyota: Corolla,,,,,,,,Engine,,,,Oil Filter Housing,,,2008,
בית פ.שמן קרוז עם קולר מושלם,,,,,,['Chevrolet'],,Chevrolet: Cruze,,,,,,,,Engine,,,,Oil Filter Housing,,,,
בית קמשפט 1.8 CJS,,,,,,[],,,,,,,CJS,1.8 L,,Engine,,,,Camshaft Housing,,,,
בןלם קדמי שמאל   מ10 IX35 + ספורטאג,,,,,,"['Kia', 'Hyundai']","['בןלם קדמי שמאל   מ10 IX35', 'ספורטאג']","Hyundai: ix35, Kia: Sportage",,,,,,,,,,,"Front, Left",,,,2010,
ברז חימום CJS אוקטביה מ13 1.8,,,,,,['Skoda'],,Skoda: Octavia,,,,,CJS,1.8 L,,HVAC,,,,Heater Valve,,,2013,
ברז חימום קרפטר מ07,,,,,,['Volkswagen'],,Volkswagen: Crafter,,,,,,,,HVAC,,,,Heater Valve,,,2007,
ג.מייצב I10 + פורטה + אופטימה,,,,,,"['Kia', 'Hyundai']","['ג.מייצב I10', 'פורטה', 'אופטימה']","Hyundai: i10, Kia: Optima, Kia: Forte",,,,,,,,Suspension,,,,Stabilizer Bar,,,,
ג.מייצב אחורי אאוטלנדר + לנסר מ08,,,,,,['Mitsubishi'],"['ג.מייצב אחורי אאוטלנדר', 'לנסר מ08']","Mitsubishi: Lancer, Mitsubishi: Outlander",,,,,,,,Suspension,,,Rear,Rear Stabilizer Bar,,,2008,
ג.מייצב אחורי מ10 IX35 + ספורטאג,,,,,,"['Kia', 'Hyundai']","['ג.מייצב אחורי מ10 IX35', 'ספורטאג']","Hyundai: ix35, Kia: Sportage",,,,,,,,Suspension,,,Rear,Rear Stabilizer Bar,,,2010,
ג.מייצב אחורי מזדה 3 מ04,,,,,,['Mazda'],,Mazda: Mazda3,,,,,,,,Suspension,,,Rear,Rear Stabilizer Bar,,,2004,
ג.מייצב אחורי ספרינטר מ07 3.5 טון,,,,,,['Mercedes'],,Mercedes: Sprinter,,,,,,3.5 L,,Suspension,,,Rear,Rear Stabilizer Bar,,,2007,
ג.מייצב אקסנט קוטר 24,,,,,,['Hyundai'],,Hyundai: Accent,,,,,,,,Suspension,,,,Stabilizer Bar,,,,
ג.מייצב טווארג מ10,,,,,,['Volkswagen'],,Volkswagen: Touareg,,,,,,,,Suspension,,,,Stabilizer Bar,,,2010,
ג.מייצב ימין ראב 4 מ07,,,,,,['Toyota'],,Toyota: RAV4,,,,,,,,Suspension,,,Right,Stabilizer Bar,,,2007,
ג.מייצב ספורטאג 10-15 IX35,,,,,,"['Kia', 'Hyundai']",,"Hyundai: ix35, Kia: Sportage",,,,,,,,Suspension,,,,Stabilizer Bar,,,2010,2015
ג.מייצב קדמי  לנסר מ08,,,,,,['Mitsubishi'],,Mitsubishi: Lancer,,,,,,,,Suspension,,,Front,Front Stabilizer Bar,,,2008,
ג.מייצב קדמי B4 מ09,,,,,,['Subaru'],,Subaru: Legacy B4,,,,,,,,Suspension,,,Front,Front Stabilizer Bar,,,2009,
ג.מייצב קדמי CX5 מ13,,,,,,['Mazda'],,Mazda: CX-5,,,,,,,,Suspension,,,Front,Front Stabilizer Bar,,,2013,
ג.מייצב קדמי I25 + I35,,,,,,['Hyundai'],"['ג.מייצב קדמי I25', 'I35']","Hyundai: i25, Hyundai: i35",,,,,,,,Suspension,,,Front,Front Stabilizer Bar,,,,
ג.מייצב קדמי XV מ12,,,,,,['Subaru'],,Subaru: XV,,,,,,,,Suspension,,,Front,Front Stabilizer Bar,,,2012,
ג.מייצב קדמי אאוטלנדר,,,,,,['Mitsubishi'],,Mitsubishi: Outlander,,,,,,,,Suspension,,,Front,Front Stabilizer Bar,,,,
ג.מייצב קדמי אווטאלנדר מ13 מקורי,,,,,,[],,,,,,,,,,Suspension,,,Front,Front Stabilizer Bar,,,2013,
ג.מייצב קדמי אווטלנדר מ13,,,,,,['Mitsubishi'],,Mitsubishi: Outlander,,,,,,,,Suspension,,,Front,Front Stabilizer Bar,,,2013,
ג.מייצב קדמי אקסנט מ07,,,,,,['Hyundai'],,Hyundai: Accent,,,,,,,,Suspension,,,Front,Front Stabilizer Bar,,,2007,
ג.מייצב קדמי ברלינגו מ08,,,,,,['Citroen'],,Citroen: Berlingo,,,,,,,,Suspension,,,Front,Front Stabilizer Bar,,,2008,
ג.מייצב קדמי לנד קרוזר מ03,,,,,,['Land Rover'],,,,,,,,,,Suspension,,,Front,Front Stabilizer Bar,,,2003,
ג.מייצב קדמי מזדה 3 מ04,,,,,,['Mazda'],,Mazda: Mazda3,,,,,,,,Suspension,,,Front,Front Stabilizer Bar,,,2004,
ג.מייצב קדמי מזדה 3 מ13,,,,,,['Mazda'],,Mazda: Mazda3,,,,,,,,Suspension,,,Front,Front Stabilizer Bar,,,2013,
ג.מייצב קדמי מזדה 5,,,,,,['Mazda'],,Mazda: Mazda5,,,,,,,,Suspension,,,Front,Front Stabilizer Bar,,,,
ג.מייצב קדמי מזדה 6 מ08,,,,,,['Mazda'],,Mazda: Mazda6,,,,,,,,Suspension,,,Front,Front Stabilizer Bar,,,2008,
ג.מייצב קדמי סנטה פה + סורנטו מ15,,,,,,"['Kia', 'Hyundai']","['ג.מייצב קדמי סנטה פה', 'סורנטו מ15']","Hyundai: Santa Fe, Kia: Sorento",,,,,,,,Suspension,,,Front,Front Stabilizer Bar,,,2015,
ג.מייצב קדמי סנטה פה 06-12,,,,,,['Hyundai'],,Hyundai: Santa Fe,,,,,,,,Suspension,,,Front,Front Stabilizer Bar,,,2006,2012
ג.מייצב קדמי קורולה מ08 ימין,,,,,,['Toyota'],,Toyota: Corolla,,,,,,,,Suspension,,,"Front, Right",Front Stabilizer Bar,,,2008,
ג.מייצב קדמי קורולה מ08 שמאל,,,,,,['Toyota'],,Toyota: Corolla,,,,,,,,Suspension,,,"Front, Left",Front Stabilizer Bar,,,2008,
ג.מייצב קדמי קינג + טרייטון,,,,,,"['Mazda', 'Mitsubishi']","['ג.מייצב קדמי קינג', 'טרייטון']","Mitsubishi: Triton, Mazda: Kingcab",,,,,,,,Suspension,,,Front,Front Stabilizer Bar,,,,
ג.מייצב קדמי קנגו מ08,,,,,,['Renault'],,Renault: Kangoo,,,,,,,,Suspension,,,Front,Front Stabilizer Bar,,,2008,
ג.מייצב קדמי קשקאי מ08,,,,,,['Nissan'],,Nissan: Qashqai,,,,,,,,Suspension,,,Front,Front Stabilizer Bar,,,2008,
ג.מייצב ראב 4 מ07,,,,,,['Toyota'],,Toyota: RAV4,,,,,,,,Suspension,,,,Stabilizer Bar,,,2007,
ג.מייצב שמאל ראב 4 מ07,,,,,,['Toyota'],,Toyota: RAV4,,,,,,,,Suspension,,,Left,Stabilizer Bar,,,2007,
ג.קפיץ אוקולון טויוטה + איסוזו,,,,,,"['Isuzu', 'Toyota']","['ג.קפיץ אוקולון טויוטה', 'איסוזו']",,,,,,,,,Suspension,,,,Spring,,,,
ג.תנופה אוקטביה מ13 1.8 + 2.0 CJS,,,,,,['Skoda'],"['ג.תנופה אוקטביה מ13 1.8', '2.0 CJS']",Skoda: Octavia,,,,,CJS,1.8 L,,Drivetrain,,,,Flywheel,,,2013,
גומי הגה קרפטר + ספרינטר מ07,,,,,,"['Mercedes', 'Volkswagen']","['גומי הגה קרפטר', 'ספרינטר מ07']","Mercedes: Sprinter, Volkswagen: Crafter",,,,,,,,Steering,Rubber,,,Steering Coupling,,,2007,
גומי מייצב קדמי פביה + רומסטר,,,,,,['Skoda'],"['גומי מייצב קדמי פביה', 'רומסטר']","Skoda: Roomster, Skoda: Fabia",,,,,,,,Suspension,Rubber,,Front,Stabilizer Bushing,,,,
גומי קפיץ לנדקרוזר,,,,,,['Toyota'],,Toyota: Land Cruiser,,,,,,,,Suspension,Rubber,,,Spring Insulator,,,,
גל להברקת צמיגים,,,,,,[],,,,,,,,,,Cleaning,,,,Tire Shine,,,,
גלגל תנופה 1.2 + 1.4 CJZ 129 שן,,,,,,[],"['גלגל תנופה 1.2', '1.4 CJZ 129 שן']",,,,,,CJZ,1.2 L,,Drivetrain,,,,Flywheel,,,,
גלגל תנופה נפח 1.0 איביזה + ארונה מ16,,,,,,['Seat'],"['גלגל תנופה נפח 1.0 איביזה', 'ארונה מ16']","Seat: Arona, Seat: Ibiza",,,,,,1.0 L,,Drivetrain,,,,Flywheel,,,2016,
גלגל תנופה קאדי מ10 דיזל,,,,,,['Volkswagen'],,Volkswagen: Caddy,,,,,,,Diesel,Drivetrain,,,,Flywheel,,,2010,
גלגלת בוקסר נפח 2.2 מ07,,,,,,['Peugeot'],,Peugeot: Boxer,,,,,,2.2 L,,Engine,,,,Pulley,,,2007,
גלגלת חיצוני CJZ מ13 1.2,,,,,,[],,,,,,,CJZ,1.2 L,,Engine,,,External,External Pulley,,,2013,
גלגלת מותח  ספרינטר מ07,,,,,,['Mercedes'],,Mercedes: Sprinter,,,,,,,,Engine,,,,Tensioner Pulley,,,2007,
גלגלת מותח ( משונן ) CDI מרצדס,,,,,,['Mercedes'],,,,,,,CDI,2.2 L,,Engine,,,,Tensioner Pulley,,,,
גמייצב קדמי ברלינגו מ08,,,,,,['Citroen'],,Citroen: Berlingo,,,,,,,,Suspension,,,Front,Front Stabilizer,,,2008,
גנט בודד צלחות אחורי מסטר מ10,,,,,,['Renault'],,Renault: Master,,,,,,,,Brake,,,Rear,Brake Discs,,,2010,
דסקיות אחורי  I35 + I25,,,,,,['Hyundai'],"['דסקיות אחורי  I35', 'I25']","Hyundai: i25, Hyundai: i35",,,,,,,,Brake,,,Rear,Brake Discs,,,,
דסקיות אחורי 12-14 CX5,,,,,,['Mazda'],,Mazda: CX-5,,,,,,,,Brake,,,Rear,Brake Discs,,,2012,2014
דסקיות אחורי 5 טון ספרינטר + קרפטר מ07,,,,,,"['Mercedes', 'Volkswagen']","['דסקיות אחורי 5 טון ספרינטר', 'קרפטר מ07']","Mercedes: Sprinter, Volkswagen: Crafter",,,,,,,,Brake,,,Rear,Brake Discs,,,2007,
דסקיות אחורי C4 פיקסו מ14,,,,,,['Citroen'],,Citroen: C4,,,,,,,,Brake,,,Rear,Brake Discs,,,2014,
דסקיות אחורי CX30 + מזדה 3 מ19,,,,,,['Mazda'],"['דסקיות אחורי CX30', 'מזדה 3 מ19']","Mazda: Mazda3, Mazda: CX-30",,,,,,,,Brake,,,Rear,Brake Discs,,,2019,
דסקיות אחורי FORMENTOR קופרה,,,,,,['Cupra'],,Cupra: Cupra,,,,,,,,Brake,,,Rear,Brake Discs,,,,
דסקיות אחורי Q2 + אטקה,,,,,,"['Audi', 'Seat']","['דסקיות אחורי Q2', 'אטקה']","Seat: Ateca, Audi: Q2",,,,,,,,Brake,,,Rear,Brake Discs,,,,
דסקיות אחורי XC40 מ17,,,,,,['Volvo'],,Volvo: XC40,,,,,,,,Brake,,,Rear,Brake Discs,,,2017,
דסקיות אחורי אוונסיס מ09,,,,,,['Toyota'],,Toyota: Avensis,,,,,,,,Brake,,,Rear,Brake Discs,,,2009,
דסקיות אחורי אוטלנדר + אקליפס קרוס מ18 חשמלי,,,,,,['Mitsubishi'],"['דסקיות אחורי אוטלנדר', 'אקליפס קרוס מ18 חשמלי']","Mitsubishi: Outlander, Mitsubishi: Eclipse, Mitsubishi: Eclipse Cross",,,,,,,,Brake,,,Rear,Brake Discs,,,2018,
דסקיות אחורי אוקטביה מ05,,,,,,['Skoda'],,Skoda: Octavia,,,,,,,,Brake,,,Rear,Brake Discs,,,2005,
דסקיות אחורי אוקטביה מ13 1.8 +2.0,,,,,,['Skoda'],"['דסקיות אחורי אוקטביה מ13 1.8', '2.0']",Skoda: Octavia,,,,,,1.8 L,,Brake,,,Rear,Brake Discs,,,2013,
דסקיות אחורי אוקטביה מ13 קפיץ,,,,,,['Skoda'],,Skoda: Octavia,,,,,,,,Brake,,,Rear,Brake Discs,,,2013,
דסקיות אחורי אוקטביה מ13,,,,,,['Skoda'],,Skoda: Octavia,,,,,,,,Brake,,,Rear,Brake Discs,,,2013,
דסקיות אחורי אוקטביה מ20,,,,,,['Skoda'],,Skoda: Octavia,,,,,,,,Brake,,,Rear,Brake Discs,,,2020,
דסקיות אחורי איווקו מ06,,,,,,['Iveco'],,Iveco: Daily,,,,,,,,Brake,,,Rear,Brake Discs,,,2006,
דסקיות אחורי אלפא סטלביו מ17,,,,,,['Alfa Romeo'],,Alfa Romeo: Stelvio,,,,,,,,Brake,,,Rear,Brake Discs,,,2017,
דסקיות אחורי אלפא,,,,,,['Alfa Romeo'],,,,,,,,,,Brake,,,Rear,Brake Discs,,,,
דסקיות אחורי אסטרה + קרוז מ16,,,,,,"['Opel', 'Chevrolet']","['דסקיות אחורי אסטרה', 'קרוז מ16']","Opel: Astra, Chevrolet: Cruze",,,,,,,,Brake,,,Rear,Brake Discs,,,2016,
דסקיות אחורי אקורד 2.4 מ09,,,,,,['Honda'],,Honda: Accord,,,,,,2.4 L,,Brake,,,Rear,Brake Discs,,,2009,
דסקיות אחורי אקסבלורר מ11,,,,,,[],,,,,,,,,,Brake,,,Rear,Brake Discs,,,2011,
דסקיות אחורי אקספלורר מ20,,,,,,['Ford'],,Ford: Explorer,,,,,,,,Brake,,,Rear,Brake Discs,,,2020,
דסקיות אחורי ברלינגו מ08,,,,,,['Citroen'],,Citroen: Berlingo,,,,,,,,Brake,,,Rear,Brake Discs,,,2008,
דסקיות אחורי ברלינגו מ19,,,,,,['Citroen'],,Citroen: Berlingo,,,,,,,,Brake,,,Rear,Brake Discs,,,2019,
דסקיות אחורי גמפי מ16,,,,,,['Citroen'],,Citroen: Jumpy,,,,,,,,Brake,,,Rear,Brake Discs,,,2016,
דסקיות אחורי דוקטו מ14,,,,,,['Fiat'],,Fiat: Ducato,,,,,,,,Brake,,,Rear,Brake Discs,,,2014,
דסקיות אחורי ורסו מ09,,,,,,['Toyota'],,Toyota: Verso,,,,,,,,Brake,,,Rear,Brake Discs,,,2009,
דסקיות אחורי טוסון + ספורטאג מ16 אקסנט מ07 עם חורים,,,,,,"['Kia', 'Hyundai']","['דסקיות אחורי טוסון', 'ספורטאג מ16 אקסנט מ07 עם חורים']","Hyundai: Tucson, Hyundai: Accent, Kia: Sportage",,,,,,,,Brake,,,Rear,Brake Discs,,,2016,
דסקיות אחורי טוסון מ21,,,,,,['Hyundai'],,Hyundai: Tucson,,,,,,,,Brake,,,Rear,Brake Discs,,,2021,
דסקיות אחורי טראוורס מ09,,,,,,['Chevrolet'],,Chevrolet: Traverse,,,,,,,,Brake,,,Rear,Brake Discs,,,2009,
דסקיות אחורי טרנזיט מ07,,,,,,['Ford'],,Ford: Transit,,,,,,,,Brake,,,Rear,Brake Discs,,,2007,
דסקיות אחורי טרנזיט מ13,,,,,,['Ford'],,Ford: Transit,,,,,,,,Brake,,,Rear,Brake Discs,,,2013,
דסקיות אחורי יאריס מ06,,,,,,['Toyota'],,Toyota: Yaris,,,,,,,,Brake,,,Rear,Brake Discs,,,2006,
דסקיות אחורי לאון + קודיאק + סופרב,,,,,,"['Seat', 'Skoda']","['דסקיות אחורי לאון', 'קודיאק', 'סופרב']","Skoda: Superb, Skoda: Kodiaq, Seat: Leon",,,,,,,,Brake,,,Rear,Brake Discs,,,,
דסקיות אחורי למטיס + 626,,,,,,['Mazda'],"['דסקיות אחורי למטיס', '626']",Mazda: 626,,,,,,,,Brake,,,Rear,Brake Discs,,,,
דסקיות אחורי לנדקרוזר מ03,,,,,,['Toyota'],,Toyota: Land Cruiser,,,,,,,,Brake,,,Rear,Brake Discs,,,2003,
דסקיות אחורי לנסר מ04,,,,,,['Mitsubishi'],,Mitsubishi: Lancer,,,,,,,,Brake,,,Rear,Brake Discs,,,2004,
דסקיות אחורי מ08 Q5 + A5 + A4,,,,,,['Audi'],"['דסקיות אחורי מ08 Q5', 'A5', 'A4']","Audi: A4, Audi: A5, Audi: Q5",,,,,,,,Brake,,,Rear,Brake Discs,,,2008,
דסקיות אחורי מ11 ML מרצדס,,,,,,['Mercedes'],,,,,,,,,,Brake,,,Rear,Brake Discs,,,2011,
דסקיות אחורי מ12 XV +  מ04 B4,,,,,,['Subaru'],"['דסקיות אחורי מ12 XV', 'מ04 B4']","Subaru: XV, Subaru: Legacy B4",,,,,,,,Brake,,,Rear,Brake Discs,,,2012,
דסקיות אחורי מ13 SX4 + סוויפט מ11,,,,,,['Suzuki'],"['דסקיות אחורי מ13 SX4', 'סוויפט מ11']","Suzuki: Swift, Suzuki: SX4",,,,,,,,Brake,,,Rear,Brake Discs,,,2013,
דסקיות אחורי מ15 B4,,,,,,['Subaru'],,Subaru: Legacy B4,,,,,,,,Brake,,,Rear,Brake Discs,,,2015,
דסקיות אחורי מ15 חשמלי CX5,,,,,,['Mazda'],,Mazda: CX-5,,,,,,,,Brake,,,Rear,Brake Discs,,,2015,
דסקיות אחורי מ16 A5 + Q5 + Q7,,,,,,['Audi'],"['דסקיות אחורי מ16 A5', 'Q5', 'Q7']","Audi: A5, Audi: Q5, Audi: Q7",,,,,,,,Brake,,,Rear,Brake Discs,,,2016,
דסקיות אחורי מ16 CHR,,,,,,['Toyota'],,Toyota: C-HR,,,,,,,,Brake,,,Rear,Brake Discs,,,2016,
דסקיות אחורי מ21 FX צירי,,,,,,['Infiniti'],,Infiniti: FX,,,,,,,,Brake,,,Rear,Brake Discs,,,2021,
דסקיות אחורי מזדה 3 מ13,,,,,,['Mazda'],,Mazda: Mazda3,,,,,,,,Brake,,,Rear,Brake Discs,,,2013,
דסקיות אחורי מזדה 6 מ13 ( לא חשמלי ),,,,,,['Mazda'],,Mazda: Mazda6,,,,,,,,Brake,,,Rear,Brake Discs,,,2013,
דסקיות אחורי מזדה 6 מ15 ( חשמלי ),,,,,,['Mazda'],,Mazda: Mazda6,,,,,,,,Brake,,,Rear,Brake Discs,,,2015,
דסקיות אחורי מזדה 6 עד 12 + לנטיס,,,,,,['Mazda'],"['דסקיות אחורי מזדה 6 עד 12', 'לנטיס']","Mazda: Mazda6, Mazda: Lantis",,,,,,,,Brake,,,Rear,Brake Discs,,,,2012
דסקיות אחורי מיטו מ08,,,,,,['Alfa Romeo'],,Alfa Romeo: MiTo,,,,,,,,Brake,,,Rear,Brake Discs,,,2008,
דסקיות אחורי מליבו מ05,,,,,,['Chevrolet'],,Chevrolet: Malibu,,,,,,,,Brake,,,Rear,Brake Discs,,,2005,
דסקיות אחורי מסטר מ10 גנט בודד,,,,,,['Renault'],,Renault: Master,,,,,,,,Brake,,,Rear,Brake Discs,,,2010,
דסקיות אחורי מסטר מ10 דבל גנט,,,,,,['Renault'],,Renault: Master,,,,,,,,Brake,,,Rear,Brake Discs,,,2010,
דסקיות אחורי מרצדס מ02,,,,,,['Mercedes'],,,,,,,,,,Brake,,,Rear,Brake Discs,,,2002,
דסקיות אחורי מרצדס מ11,,,,,,['Mercedes'],,,,,,,,,,Brake,,,Rear,Brake Discs,,,2011,
דסקיות אחורי ניסאן מורנו מ09,,,,,,['Nissan'],,,,,,,,,,Brake,,,Rear,Brake Discs,,,2009,
דסקיות אחורי סדרה 1 מ12,,,,,,['BMW'],,BMW: 1 Series,,,,,,,,Brake,,,Rear,Brake Discs,,,2012,
דסקיות אחורי סדרה 3 מ18,,,,,,['BMW'],,BMW: 3 Series,,,,,,,,Brake,,,Rear,Brake Discs,,,2018,
דסקיות אחורי סיד מ13,,,,,,['Kia'],,Kia: Ceed,,,,,,,,Brake,,,Rear,Brake Discs,,,2013,
דסקיות אחורי סנטה פה מ09,,,,,,['Hyundai'],,Hyundai: Santa Fe,,,,,,,,Brake,,,Rear,Brake Discs,,,2009,
דסקיות אחורי ספרינטר מ18 3.5 טון,,,,,,['Mercedes'],,Mercedes: Sprinter,,,,,,3.5 L,,Brake,,,Rear,Brake Discs,,,2018,
דסקיות אחורי ספרינטר מ18 5 טון,,,,,,['Mercedes'],,Mercedes: Sprinter,,,,,,,,Brake,,,Rear,Brake Discs,,,2018,
דסקיות אחורי עד 13 I10,,,,,,['Hyundai'],,Hyundai: i10,,,,,,,,Brake,,,Rear,Brake Discs,,,,2013
דסקיות אחורי פוקוס מ06 + מזדה 3 + 5 עד 12,,,,,,"['Mazda', 'Ford']","['דסקיות אחורי פוקוס מ06', 'מזדה 3', '5 עד 12']","Mazda: Mazda3, Ford: Focus",,,,,,,,Brake,,,Rear,Brake Discs,,,2006,2012
דסקיות אחורי פיקנטו מ11,,,,,,['Kia'],,Kia: Picanto,,,,,,,,Brake,,,Rear,Brake Discs,,,2011,
דסקיות אחורי פיקנטו מ17,,,,,,['Kia'],,Kia: Picanto,,,,,,,,Brake,,,Rear,Brake Discs,,,2017,
דסקיות אחורי קורולה 03-07,,,,,,['Toyota'],,Toyota: Corolla,,,,,,,,Brake,,,Rear,Brake Discs,,,2003,2007
דסקיות אחורי קורולה מ08,,,,,,['Toyota'],,Toyota: Corolla,,,,,,,,Brake,,,Rear,Brake Discs,,,2008,
דסקיות אחורי קורולה מ13,,,,,,['Toyota'],,Toyota: Corolla,,,,,,,,Brake,,,Rear,Brake Discs,,,2013,
דסקיות אחורי קורולה מ19,,,,,,['Toyota'],,Toyota: Corolla,,,,,,,,Brake,,,Rear,Brake Discs,,,2019,
דסקיות אחורי קורסה + פיגו 2008 מ20,,,,,,"['Peugeot', 'Opel']","['דסקיות אחורי קורסה', 'פיגו 2008 מ20']","Peugeot: 2008, Opel: Corsa",,,,,,,,Brake,,,Rear,Brake Discs,,,2020,
דסקיות אחורי קינג 00-06,,,,,,['Mazda'],,Mazda: Kingcab,,,,,,,,Brake,,,Rear,Brake Discs,,,2000,2006
דסקיות אחורי קנגו מ08,,,,,,['Renault'],,Renault: Kangoo,,,,,,,,Brake,,,Rear,Brake Discs,,,2008,
דסקיות אחורי קפיץ,,,,,,[],,,,,,,,,,Brake,,,Rear,Brake Discs,,,,
דסקיות אחורי קרוז 09-16,,,,,,['Chevrolet'],,Chevrolet: Cruze,,,,,,,,Brake,,,Rear,Brake Discs,,,2009,2016
דסקיות אחורי קרניבאל מ07 + I800,,,,,,"['Kia', 'Hyundai']","['דסקיות אחורי קרניבאל מ07', 'I800']","Hyundai: i800, Kia: Carnival",,,,,,,,Brake,,,Rear,Brake Discs,,,2007,
דסקיות אחורי קרפטר + ספרינטר מ07 3.5 טון,,,,,,"['Mercedes', 'Volkswagen']","['דסקיות אחורי קרפטר', 'ספרינטר מ07 3.5 טון']","Mercedes: Sprinter, Volkswagen: Crafter",,,,,,3.5 L,,Brake,,,Rear,Brake Discs,,,2007,
דסקיות אחורי קשקאי מ14,,,,,,['Nissan'],,Nissan: Qashqai,,,,,,,,Brake,,,Rear,Brake Discs,,,2014,
דסקיות אחורי קשקאי מ21,,,,,,['Nissan'],,Nissan: Qashqai,,,,,,,,Brake,,,Rear,Brake Discs,,,2021,
דסקיות אחורי קשקאי עד 13,,,,,,['Nissan'],,Nissan: Qashqai,,,,,,,,Brake,,,Rear,Brake Discs,,,,2013
דסקיות אחורי ראב 4 מ07,,,,,,['Toyota'],,Toyota: RAV4,,,,,,,,Brake,,,Rear,Brake Discs,,,2007,
דסקיות קדמי + אחורי איווקו עד 05,,,,,,['Iveco'],"['דסקיות קדמי', 'אחורי איווקו עד 05']",Iveco: Daily,,,,,,,,Brake,,,"Front, Rear",Brake Discs,,,,2005
דסקיות קדמי + אחורי סילברדו מ20,,,,,,['Chevrolet'],"['דסקיות קדמי', 'אחורי סילברדו מ20']",Chevrolet: Silverado,,,,,,,,Brake,,,"Front, Rear",Brake Discs,,,2020,
דסקיות קדמי 02-10 גלגל 18 Q7,,,,,,['Audi'],,Audi: Q7,,,,,,,,Brake,,,Front,Brake Discs,,,2002,2010
דסקיות קדמי 208 מ12,,,,,,['Peugeot'],,Peugeot: 208,,,,,,,,Brake,,,Front,Brake Discs,,,2012,
דסקיות קדמי 3.5 טון ספרינטר + קרפטר מ07,,,,,,"['Mercedes', 'Volkswagen']","['דסקיות קדמי 3.5 טון ספרינטר', 'קרפטר מ07']","Mercedes: Sprinter, Volkswagen: Crafter",,,,,,3.5 L,,Brake,,,Front,Brake Discs,,,2007,
דסקיות קדמי 4x4 היילקס עד 05,,,,,,['Toyota'],,Toyota: Hilux,,,,Four-wheel drive,,,,Brake,,,Front,Brake Discs,,,,2005
דסקיות קדמי A7 + Q5 מ09,,,,,,['Audi'],"['דסקיות קדמי A7', 'Q5 מ09']","Audi: A7, Audi: Q5",,,,,,,,Brake,,,Front,Brake Discs,,,2009,
דסקיות קדמי C4 + 307 +207,,,,,,"['Citroen', 'Peugeot']","['דסקיות קדמי C4', '307', '207']","Citroen: C4, Peugeot: 207, Peugeot: 307",,,,,,,,Brake,,,Front,Brake Discs,,,,
דסקיות קדמי CX5 מזדה מ12,,,,,,['Mazda'],,Mazda: CX-5,,,,,,,,Brake,,,Front,Brake Discs,,,2012,
דסקיות קדמי ECLASS מרצדס,,,,,,['Mercedes'],,Mercedes: E-Class,,,,,,,,Brake,,,Front,Brake Discs,,,,
דסקיות קדמי MG ZS + MG350,,,,,,['MG'],"['דסקיות קדמי MG ZS', 'MG350']",,,,,,,,,Brake,,,Front,Brake Discs,,,,
דסקיות קדמי Q5 + A5 מ16,,,,,,['Audi'],"['דסקיות קדמי Q5', 'A5 מ16']","Audi: A5, Audi: Q5",,,,,,,,Brake,,,Front,Brake Discs,,,2016,
דסקיות קדמי VRS + S3 + סופרב מתאים לצלחת 340,,,,,,"['Audi', 'Skoda']","['דסקיות קדמי VRS', 'S3', 'סופרב מתאים לצלחת 340']","Skoda: Superb, Audi: S3",,,,,VRS,2.0 L,,Brake,,,Front,Brake Discs,,,,
דסקיות קדמי XC40 מ17,,,,,,['Volvo'],,Volvo: XC40,,,,,,,,Brake,,,Front,Brake Discs,,,2017,
דסקיות קדמי אאוטלנדר + טרייטון מ20,,,,,,['Mitsubishi'],"['דסקיות קדמי אאוטלנדר', 'טרייטון מ20']","Mitsubishi: Outlander, Mitsubishi: Triton",,,,,,,,Brake,,,Front,Brake Discs,,,2020,
דסקיות קדמי אאוטלנדר מ04,,,,,,['Mitsubishi'],,Mitsubishi: Outlander,,,,,,,,Brake,,,Front,Brake Discs,,,2004,
דסקיות קדמי אאוטלנדר מ22,,,,,,['Mitsubishi'],,Mitsubishi: Outlander,,,,,,,,Brake,,,Front,Brake Discs,,,2022,
דסקיות קדמי אוונסיס מ09,,,,,,['Toyota'],,Toyota: Avensis,,,,,,,,Brake,,,Front,Brake Discs,,,2009,
דסקיות קדמי אופטימה מ12,,,,,,['Kia'],,Kia: Optima,,,,,,,,Brake,,,Front,Brake Discs,,,2012,
דסקיות קדמי אוקטביה מ05,,,,,,['Skoda'],,Skoda: Octavia,,,,,,,,Brake,,,Front,Brake Discs,,,2005,
דסקיות קדמי אוקטביה מ13,,,,,,['Skoda'],,Skoda: Octavia,,,,,,,,Brake,,,Front,Brake Discs,,,2013,
דסקיות קדמי אוקטביה מ20,,,,,,['Skoda'],,Skoda: Octavia,,,,,,,,Brake,,,Front,Brake Discs,,,2020,
דסקיות קדמי אוקטביה עד 04,,,,,,['Skoda'],,Skoda: Octavia,,,,,,,,Brake,,,Front,Brake Discs,,,,2004
דסקיות קדמי אוריס מ09,,,,,,['Toyota'],,Toyota: Auris,,,,,,,,Brake,,,Front,Brake Discs,,,2009,
דסקיות קדמי איגניס מ17,,,,,,['Suzuki'],,Suzuki: Ignis,,,,,,,,Brake,,,Front,Brake Discs,,,2017,
דסקיות קדמי איווקו מ06,,,,,,['Iveco'],,Iveco: Daily,,,,,,,,Brake,,,Front,Brake Discs,,,2006,
דסקיות קדמי איוניק +  נירו + אלנטרה מ16,,,,,,"['Kia', 'Hyundai']","['דסקיות קדמי איוניק', 'נירו', 'אלנטרה מ16']","Hyundai: Elantra, Hyundai: Ioniq, Kia: Niro",,,,,,,,Brake,,,Front,Brake Discs,,,2016,
דסקיות קדמי אלטו מ09 + סיריון עד 07,,,,,,"['Daihatsu', 'Suzuki']","['דסקיות קדמי אלטו מ09', 'סיריון עד 07']","Suzuki: Alto, Daihatsu: Sirion",,,,,,,,Brake,,,Front,Brake Discs,,,2009,2007
דסקיות קדמי אנסייט + גאז מ09,,,,,,[],"['דסקיות קדמי אנסייט', 'גאז מ09']",,,,,,,,,Brake,,,Front,Brake Discs,,,2009,
דסקיות קדמי אסטרה מ11 דיזל,,,,,,['Opel'],,Opel: Astra,,,,,,,Diesel,Brake,,,Front,Brake Discs,,,2011,
דסקיות קדמי אקליפס + אאוטלנדר מ18,,,,,,['Mitsubishi'],"['דסקיות קדמי אקליפס', 'אאוטלנדר מ18']","Mitsubishi: Outlander, Mitsubishi: Eclipse",,,,,,,,Brake,,,Front,Brake Discs,,,2018,
דסקיות קדמי אקסטרייל מ15,,,,,,['Nissan'],,Nissan: X-Trail,,,,,,,,Brake,,,Front,Brake Discs,,,2015,
דסקיות קדמי אקסנט מ07 +I20 עד 14,,,,,,['Hyundai'],"['דסקיות קדמי אקסנט מ07', 'I20 עד 14']","Hyundai: i20, Hyundai: Accent",,,,,,,,Brake,,,Front,Brake Discs,,,2007,2014
דסקיות קדמי אקסנט עד 06 + גטס,,,,,,['Hyundai'],"['דסקיות קדמי אקסנט עד 06', 'גטס']","Hyundai: Accent, Hyundai: Getz",,,,,,,,Brake,,,Front,Brake Discs,,,,2006
דסקיות קדמי אקספלורר מ20,,,,,,['Ford'],,Ford: Explorer,,,,,,,,Brake,,,Front,Brake Discs,,,2020,
דסקיות קדמי ביואיק + לה קרוס מ10,,,,,,['Chevrolet'],"['דסקיות קדמי ביואיק', 'לה קרוס מ10']",Chevrolet: LaCrosse,,,,,,,,Brake,,,Front,Brake Discs,,,2010,
דסקיות קדמי ברלינגו 01-07,,,,,,['Citroen'],,Citroen: Berlingo,,,,,,,,Brake,,,Front,Brake Discs,,,2001,2007
דסקיות קדמי ברלינגו מ08,,,,,,['Citroen'],,Citroen: Berlingo,,,,,,,,Brake,,,Front,Brake Discs,,,2008,
דסקיות קדמי ברלינגו מ19,,,,,,['Citroen'],,Citroen: Berlingo,,,,,,,,Brake,,,Front,Brake Discs,,,2019,
דסקיות קדמי ברלינגו מ21,,,,,,['Citroen'],,Citroen: Berlingo,,,,,,,,Brake,,,Front,Brake Discs,,,2021,
דסקיות קדמי ג.ויטרה עד 05,,,,,,['Suzuki'],,"Suzuki: Vitara, Suzuki: Grand Vitara",,,,,,,,Brake,,,Front,Brake Discs,,,,2005
דסקיות קדמי גמפי מ16,,,,,,['Citroen'],,Citroen: Jumpy,,,,,,,,Brake,,,Front,Brake Discs,,,2016,
דסקיות קדמי גרנד צירוקי מ11,,,,,,['Jeep'],,Jeep: Grand Cherokee,,,,,,,,Brake,,,Front,Brake Discs,,,2011,
דסקיות קדמי גרנד קופה מ16,,,,,,['Renault'],,Renault: Grand Coupe,,,,,,,,Brake,,,Front,Brake Discs,,,2016,
דסקיות קדמי דובלו מ06 + קורסה מ07,,,,,,"['Opel', 'Fiat']","['דסקיות קדמי דובלו מ06', 'קורסה מ07']","Fiat: Doblo, Opel: Corsa",,,,,,,,Brake,,,Front,Brake Discs,,,2006,
דסקיות קדמי דובלו מ10,,,,,,['Fiat'],,Fiat: Doblo,,,,,,,,Brake,,,Front,Brake Discs,,,2010,
דסקיות קדמי דודג ראם מ19,,,,,,['Dodge'],,Dodge: Ram,,,,,,,,Brake,,,Front,Brake Discs,,,2019,
דסקיות קדמי דוקטו + בוקסר מ07,,,,,,"['Peugeot', 'Fiat']","['דסקיות קדמי דוקטו', 'בוקסר מ07']","Fiat: Ducato, Peugeot: Boxer",,,,,,,,Brake,,,Front,Brake Discs,,,2007,
דסקיות קדמי דוקטו מ14,,,,,,['Fiat'],,Fiat: Ducato,,,,,,,,Brake,,,Front,Brake Discs,,,2014,
דסקיות קדמי דימקס מ08,,,,,,['Isuzu'],,Isuzu: D-Max,,,,,,,,Brake,,,Front,Brake Discs,,,2008,
דסקיות קדמי דימקס עד 07,,,,,,['Isuzu'],,Isuzu: D-Max,,,,,,,,Brake,,,Front,Brake Discs,,,,2007
דסקיות קדמי הייס,,,,,,['Toyota'],,Toyota: Hiace,,,,,,,,Brake,,,Front,Brake Discs,,,,
דסקיות קדמי הנטר מ07,,,,,,['Mitsubishi'],,Mitsubishi: Hunter,,,,,,,,Brake,,,Front,Brake Discs,,,2007,
דסקיות קדמי ווניו מ19,,,,,,['Nissan'],,Nissan: NV300,,,,,,,,Brake,,,Front,Brake Discs,,,2019,
דסקיות קדמי טווארג מ03,,,,,,['Volkswagen'],,Volkswagen: Touareg,,,,,,,,Brake,,,Front,Brake Discs,,,2003,
דסקיות קדמי טוסון מ05,,,,,,['Hyundai'],,Hyundai: Tucson,,,,,,,,Brake,,,Front,Brake Discs,,,2005,
דסקיות קדמי טידה + גוק מ08,,,,,,['Nissan'],"['דסקיות קדמי טידה', 'גוק מ08']","Nissan: Juke, Nissan: Tiida",,,,,,,,Brake,,,Front,Brake Discs,,,2008,
דסקיות קדמי טיפו מ16,,,,,,['Fiat'],,Fiat: Tipo,,,,,,,,Brake,,,Front,Brake Discs,,,2016,
דסקיות קדמי טריוס + סופר לנסר,,,,,,"['Daihatsu', 'Mitsubishi']","['דסקיות קדמי טריוס', 'סופר לנסר']","Mitsubishi: Lancer, Daihatsu: Terios",,,,,,,,Brake,,,Front,Brake Discs,,,,
דסקיות קדמי טרייל בלייזר מ06,,,,,,['Chevrolet'],,Chevrolet: Trailblazer,,,,,,,,Brake,,,Front,Brake Discs,,,2006,
דסקיות קדמי טרנזיט מ14,,,,,,['Ford'],,Ford: Transit,,,,,,,,Brake,,,Front,Brake Discs,,,2014,
דסקיות קדמי יאריס מ07,,,,,,['Toyota'],,Toyota: Yaris,,,,,,,,Brake,,,Front,Brake Discs,,,2007,
דסקיות קדמי לאון מ15 ארונה מ17 + קאמיק מ19,,,,,,['Seat'],"['דסקיות קדמי לאון מ15 ארונה מ17', 'קאמיק מ19']","Seat: Arona, Seat: Leon, Seat: Kamiq",,,,,,,,Brake,,,Front,Brake Discs,,,2015,
דסקיות קדמי לה קרוס + אפלנדר מ05,,,,,,['Chevrolet'],"['דסקיות קדמי לה קרוס', 'אפלנדר מ05']","Chevrolet: LaCrosse, Chevrolet: Uplander",,,,,,,,Brake,,,Front,Brake Discs,,,2005,
דסקיות קדמי ליאנה מ02,,,,,,['Suzuki'],,Suzuki: Liana,,,,,,,,Brake,,,Front,Brake Discs,,,2002,
דסקיות קדמי לנדקרוזר מ03    4X4 ויגו מ10,,,,,,['Toyota'],,"Toyota: Hilux Vigo, Toyota: Land Cruiser",,,4 mm,,,,,Brake,,4X4,Front,Brake Discs,,,2003,
דסקיות קדמי לנדקרוזר מ10,,,,,,['Toyota'],,Toyota: Land Cruiser,,,,,,,,Brake,,,Front,Brake Discs,,,2010,
דסקיות קדמי לנסר מ04,,,,,,['Mitsubishi'],,Mitsubishi: Lancer,,,,,,,,Brake,,,Front,Brake Discs,,,2004,
דסקיות קדמי מ07 CRV,,,,,,['Honda'],,Honda: CR-V,,,,,,,,Brake,,,Front,Brake Discs,,,2007,
דסקיות קדמי מ08 I10,,,,,,['Hyundai'],,Hyundai: i10,,,,,,,,Brake,,,Front,Brake Discs,,,2008,
דסקיות קדמי מ08 Q5 + A5 + A4,,,,,,['Audi'],"['דסקיות קדמי מ08 Q5', 'A5', 'A4']","Audi: A4, Audi: A5, Audi: Q5",,,,,,,,Brake,,,Front,Brake Discs,,,2008,
דסקיות קדמי מ11 I20 + I25,,,,,,['Hyundai'],"['דסקיות קדמי מ11 I20', 'I25']","Hyundai: i20, Hyundai: i25",,,,,,,,Brake,,,Front,Brake Discs,,,2011,
דסקיות קדמי מ11 Q3 + טיגואן מ08,,,,,,"['Audi', 'Volkswagen']","['דסקיות קדמי מ11 Q3', 'טיגואן מ08']","Audi: Q3, Volkswagen: Tiguan",,,,,,,,Brake,,,Front,Brake Discs,,,2011,
דסקיות קדמי מ14 I10,,,,,,['Hyundai'],,Hyundai: i10,,,,,,,,Brake,,,Front,Brake Discs,,,2014,
דסקיות קדמי מ15 A4 + מ17 A5,,,,,,['Audi'],"['דסקיות קדמי מ15 A4', 'מ17 A5']","Audi: A4, Audi: A5",,,,,,,,Brake,,,Front,Brake Discs,,,2015,
דסקיות קדמי מ15 H350,,,,,,['Hyundai'],,Hyundai: H350,,,,,,,,Brake,,,Front,Brake Discs,,,2015,
דסקיות קדמי מ16 CHR,,,,,,['Toyota'],,Toyota: C-HR,,,,,,,,Brake,,,Front,Brake Discs,,,2016,
דסקיות קדמי מ16 GLC מרצדס,,,,,,['Mercedes'],,Mercedes: GLC,,,,,,,,Brake,,,Front,Brake Discs,,,2016,
דסקיות קדמי מ16 Q5 + A5 + A4,,,,,,['Audi'],"['דסקיות קדמי מ16 Q5', 'A5', 'A4']","Audi: A4, Audi: A5, Audi: Q5",,,,,,,,Brake,,,Front,Brake Discs,,,2016,
דסקיות קדמי מ16 Q7 + A5,,,,,,['Audi'],"['דסקיות קדמי מ16 Q7', 'A5']","Audi: A5, Audi: Q7",,,,,,,,Brake,,,Front,Brake Discs,,,2016,
דסקיות קדמי מ17 I30 + סיד,,,,,,"['Kia', 'Hyundai']","['דסקיות קדמי מ17 I30', 'סיד']","Hyundai: i30, Kia: Ceed",,,,,,,,Brake,,,Front,Brake Discs,,,2017,
דסקיות קדמי מ17 XV + פורסטר,,,,,,['Subaru'],"['דסקיות קדמי מ17 XV', 'פורסטר']","Subaru: XV, Subaru: Forester",,,,,,,,Brake,,,Front,Brake Discs,,,2017,
דסקיות קדמי מ18 CLA מרצדס,,,,,,['Mercedes'],,Mercedes: CLA,,,,,,,,Brake,,,Front,Brake Discs,,,2018,
דסקיות קדמי מ19 T6,,,,,,['Volkswagen'],,Volkswagen: Transporter T6,,,,,,,,Brake,,,Front,Brake Discs,,,2019,
דסקיות קדמי מ21 C גאומטרי,,,,,,['Geometry'],,Geometry: C,,,,,,,,Brake,,,Front,Brake Discs,,,2021,
דסקיות קדמי מ21 formentor קופרה נפח 1.5,,,,,,['Cupra'],,"Cupra: Cupra, Cupra: Formentor",,,,,,1.5 L,,Brake,,,Front,Brake Discs,,,2021,
דסקיות קדמי מ21 FX צירי,,,,,,['Infiniti'],,Infiniti: FX,,,,,,,,Brake,,,Front,Brake Discs,,,2021,
דסקיות קדמי מגאן + גרנד קופה מ16 סיני,,,,,,['Renault'],"['דסקיות קדמי מגאן', 'גרנד קופה מ16 סיני']","Renault: Megane, Renault: Grand Coupe",,,,,,,,Brake,,,Front,Brake Discs,,,2016,
דסקיות קדמי מונדאו מ08,,,,,,['Ford'],,Ford: Mondeo,,,,,,,,Brake,,,Front,Brake Discs,,,2008,
דסקיות קדמי מזדה 2 מ15,,,,,,['Mazda'],,Mazda: Mazda2,,,,,,,,Brake,,,Front,Brake Discs,,,2015,
דסקיות קדמי מזדה 3 מ13 נפח 1.5 + 2.0,,,,,,['Mazda'],"['דסקיות קדמי מזדה 3 מ13 נפח 1.5', '2.0']",Mazda: Mazda3,,,,,,1.5 L,,Brake,,,Front,Brake Discs,,,2013,
דסקיות קדמי מזדה 3 מ19,,,,,,['Mazda'],,Mazda: Mazda3,,,,,,,,Brake,,,Front,Brake Discs,,,2019,
דסקיות קדמי מזדה 3 עד 12+ פוקוס מ06,,,,,,"['Mazda', 'Ford']","['דסקיות קדמי מזדה 3 עד 12', 'פוקוס מ06']","Mazda: Mazda3, Ford: Focus",,,,,,,,Brake,,,Front,Brake Discs,,,2006,2012
דסקיות קדמי מזדה 6 מ08,,,,,,['Mazda'],,Mazda: Mazda6,,,,,,,,Brake,,,Front,Brake Discs,,,2008,
דסקיות קדמי מזדה 6 מ13,,,,,,['Mazda'],,Mazda: Mazda6,,,,,,,,Brake,,,Front,Brake Discs,,,2013,
דסקיות קדמי מליבו מ05,,,,,,['Chevrolet'],,Chevrolet: Malibu,,,,,,,,Brake,,,Front,Brake Discs,,,2005,
דסקיות קדמי מסטר מ10,,,,,,['Renault'],,Renault: Master,,,,,,,,Brake,,,Front,Brake Discs,,,2010,
דסקיות קדמי מרצדס מ11,,,,,,['Mercedes'],,,,,,,,,,Brake,,,Front,Brake Discs,,,2011,
דסקיות קדמי מרצדס עד 12,,,,,,['Mercedes'],,,,,,,,,,Brake,,,Front,Brake Discs,,,,2012
דסקיות קדמי סדרה 1 + 2 מ15+ X1,,,,,,['BMW'],"['דסקיות קדמי סדרה 1', '2 מ15', 'X1']","BMW: X1, BMW: 1 Series",,,,,,,,Brake,,,Front,Brake Discs,,,2015,
דסקיות קדמי סדרה 1 מ04 + מיניקופר מ07,,,,,,['BMW'],"['דסקיות קדמי סדרה 1 מ04', 'מיניקופר מ07']",BMW: 1 Series,,,,,,,,Brake,,,Front,Brake Discs,,,2004,
דסקיות קדמי סדרה 2 מ21 + X1,,,,,,['BMW'],"['דסקיות קדמי סדרה 2 מ21', 'X1']","BMW: X1, BMW: 2 Series",,,,,,,,Brake,,,Front,Brake Discs,,,2021,
דסקיות קדמי סדרה 3 מ11,,,,,,['BMW'],,BMW: 3 Series,,,,,,,,Brake,,,Front,Brake Discs,,,2011,
דסקיות קדמי סדרה 5 מ17,,,,,,['BMW'],,BMW: 5 Series,,,,,,,,Brake,,,Front,Brake Discs,,,2017,
דסקיות קדמי סוויפט מ06,,,,,,['Suzuki'],,Suzuki: Swift,,,,,,,,Brake,,,Front,Brake Discs,,,2006,
דסקיות קדמי סונטה מ20,,,,,,['Hyundai'],,Hyundai: Sonata,,,,,,,,Brake,,,Front,Brake Discs,,,2020,
דסקיות קדמי סופרב מ15,,,,,,['Skoda'],,Skoda: Superb,,,,,,,,Brake,,,Front,Brake Discs,,,2015,
דסקיות קדמי סורנטו מ15,,,,,,['Kia'],,Kia: Sorento,,,,,,,,Brake,,,Front,Brake Discs,,,2015,
דסקיות קדמי סטאריה מ21,,,,,,['Hyundai'],,Hyundai: Staria,,,,,,,,Brake,,,Front,Brake Discs,,,2021,
דסקיות קדמי סיויק מ06 ( 5 דלתות ),,,,,,['Honda'],,Honda: Civic,,,,5 door,,,,Brake,,,Front,Brake Discs,,,2006,
דסקיות קדמי סיויק מ12 + אקורד 2.0 מ09,,,,,,['Honda'],"['דסקיות קדמי סיויק מ12', 'אקורד 2.0 מ09']","Honda: Civic, Honda: Accord",,,,,,2.0 L,,Brake,,,Front,Brake Discs,,,2012,
דסקיות קדמי סיויק עד 06 ( אנגלי ),,,,,,['Honda'],,Honda: Civic,,,,,,,,Brake,,,Front,Brake Discs,,,,2006
דסקיות קדמי סינטרה מ21,,,,,,['Nissan'],,Nissan: Sentra,,,,,,,,Brake,,,Front,Brake Discs,,,2021,
דסקיות קדמי סיריון מ08 + מזדה 2 עד 14,,,,,,"['Mazda', 'Daihatsu']","['דסקיות קדמי סיריון מ08', 'מזדה 2 עד 14']","Mazda: Mazda2, Daihatsu: Sirion",,,,,,,,Brake,,,Front,Brake Discs,,,2008,2014
דסקיות קדמי סנטה פה מ07 + סורנטו מ09,,,,,,"['Kia', 'Hyundai']","['דסקיות קדמי סנטה פה מ07', 'סורנטו מ09']","Hyundai: Santa Fe, Kia: Sorento",,,,,,,,Brake,,,Front,Brake Discs,,,2007,
דסקיות קדמי סנטרה מ15 + מ08 SX4 + גוק מ10,,,,,,"['Nissan', 'Suzuki']","['דסקיות קדמי סנטרה מ15', 'מ08 SX4', 'גוק מ10']","Nissan: Juke, Nissan: Sentra, Suzuki: SX4",,,,,,,,Brake,,,Front,Brake Discs,,,2015,
דסקיות קדמי ספארק מ10,,,,,,['Chevrolet'],,Chevrolet: Spark,,,,,,,,Brake,,,Front,Brake Discs,,,2010,
דסקיות קדמי ספורטאג + טוסון מ16,,,,,,"['Kia', 'Hyundai']","['דסקיות קדמי ספורטאג', 'טוסון מ16']","Hyundai: Tucson, Kia: Sportage",,,,,,,,Brake,,,Front,Brake Discs,,,2016,
דסקיות קדמי ספורטאג + טוסון מ22,,,,,,"['Kia', 'Hyundai']","['דסקיות קדמי ספורטאג', 'טוסון מ22']","Hyundai: Tucson, Kia: Sportage",,,,,,,,Brake,,,Front,Brake Discs,,,2022,
דסקיות קדמי ספייס סטאר + אטראג,,,,,,['Mitsubishi'],"['דסקיות קדמי ספייס סטאר', 'אטראג']","Mitsubishi: Attrage, Mitsubishi: Space Star",,,,,,,,Brake,,,Front,Brake Discs,,,,
דסקיות קדמי עד 10 4 דלתות SX4,,,,,,['Suzuki'],,Suzuki: SX4,,,,4 door,,,,Brake,,,Front,Brake Discs,,,,2010
דסקיות קדמי עד 11 I30,,,,,,['Hyundai'],,Hyundai: i30,,,,,,,,Brake,,,Front,Brake Discs,,,,2011
דסקיות קדמי עד 11I30,,,,,,[],,,,,,,,,,Brake,,11I30,Front,Brake Discs,,,,2011
דסקיות קדמי פיקנטו מ11,,,,,,['Kia'],,Kia: Picanto,,,,,,,,Brake,,,Front,Brake Discs,,,2011,
דסקיות קדמי פלואנס מ09,,,,,,['Renault'],,Renault: Fluence,,,,,,,,Brake,,,Front,Brake Discs,,,2009,
דסקיות קדמי קאמרי מ07,,,,,,['Toyota'],,Toyota: Camry,,,,,,,,Brake,,,Front,Brake Discs,,,2007,
דסקיות קדמי קופרה + סופרב + VRS,,,,,,"['Cupra', 'Skoda']","['דסקיות קדמי קופרה', 'סופרב', 'VRS']","Skoda: Superb, Cupra: Cupra",,,,,VRS,2.0 L,,Brake,,,Front,Brake Discs,,,,
דסקיות קדמי קורולה 03-07,,,,,,['Toyota'],,Toyota: Corolla,,,,,,,,Brake,,,Front,Brake Discs,,,2003,2007
דסקיות קדמי קורולה מ08,,,,,,['Toyota'],,Toyota: Corolla,,,,,,,,Brake,,,Front,Brake Discs,,,2008,
דסקיות קדמי קורולה מ13,,,,,,['Toyota'],,Toyota: Corolla,,,,,,,,Brake,,,Front,Brake Discs,,,2013,
דסקיות קדמי קורולה מ19 סיני,,,,,,['Toyota'],,Toyota: Corolla,,,,,,,,Brake,,,Front,Brake Discs,,,2019,
דסקיות קדמי קורולה מ19,,,,,,['Toyota'],,Toyota: Corolla,,,,,,,,Brake,,,Front,Brake Discs,,,2019,
דסקיות קדמי קורסה מ20 פיגו 2008 מ13,,,,,,"['Peugeot', 'Opel']",,"Peugeot: 2008, Opel: Corsa",,,,,,,,Brake,,,Front,Brake Discs,,,2020,
דסקיות קדמי קינג 00-06,,,,,,['Mazda'],,Mazda: Kingcab,,,,,,,,Brake,,,Front,Brake Discs,,,2000,2006
דסקיות קדמי קליאו + דאציה מ16,,,,,,['Renault'],"['דסקיות קדמי קליאו', 'דאציה מ16']",Renault: Clio,,,,,,,,Brake,,,Front,Brake Discs,,,2016,
דסקיות קדמי קליאו 13-15,,,,,,['Renault'],,Renault: Clio,,,,,,,,Brake,,,Front,Brake Discs,,,2013,2015
דסקיות קדמי קרוז 09-16,,,,,,['Chevrolet'],,Chevrolet: Cruze,,,,,,,,Brake,,,Front,Brake Discs,,,2009,2016
דסקיות קדמי קרניבל מ07 + I800,,,,,,"['Kia', 'Hyundai']","['דסקיות קדמי קרניבל מ07', 'I800']","Hyundai: i800, Kia: Carnival",,,,,,,,Brake,,,Front,Brake Discs,,,2007,
דסקיות קדמי קרפטר + ספרינטר מ07 5 טון,,,,,,"['Mercedes', 'Volkswagen']","['דסקיות קדמי קרפטר', 'ספרינטר מ07 5 טון']","Mercedes: Sprinter, Volkswagen: Crafter",,,,,,,,Brake,,,Front,Brake Discs,,,2007,
דסקיות קדמי קרפטר מ18,,,,,,['Volkswagen'],,Volkswagen: Crafter,,,,,,,,Brake,,,Front,Brake Discs,,,2018,
דסקיות קדמי קשקאי מ14,,,,,,['Nissan'],,Nissan: Qashqai,,,,,,,,Brake,,,Front,Brake Discs,,,2014,
דסקיות קדמי קשקאי מ21,,,,,,['Nissan'],,Nissan: Qashqai,,,,,,,,Brake,,,Front,Brake Discs,,,2021,
דסקיות קדמי ראב 4 מ07,,,,,,['Toyota'],,Toyota: RAV4,,,,,,,,Brake,,,Front,Brake Discs,,,2007,
דסקיות קדמי ראב 4 מ16,,,,,,['Toyota'],,Toyota: RAV4,,,,,,,,Brake,,,Front,Brake Discs,,,2016,
דסקיות קדמי רנו טרפיק מ15,,,,,,['Renault'],,Renault: Trafic,,,,,,,,Brake,,,Front,Brake Discs,,,2015,
דרם אחורי ABS גטס ללא,,,With ABS,,,['Hyundai'],,Hyundai: Getz,,,,,,,,Brake,,,Rear,Rear Brake Drum,,,,
דרם אחורי דימקס מ12,,,,,,['Isuzu'],,Isuzu: D-Max,,,,,,,,Brake,,,Rear,Rear Brake Drum,,,2012,
דרם אחורי הנטר מ07 + טריטון מ15,,,,,,['Mitsubishi'],"['דרם אחורי הנטר מ07', 'טריטון מ15']",Mitsubishi: Hunter,,,,,,,,Brake,,,Rear,Rear Brake Drum,,,2007,
דרם אחורי ספייס סטאר + אטראג,,,,,,['Mitsubishi'],"['דרם אחורי ספייס סטאר', 'אטראג']","Mitsubishi: Attrage, Mitsubishi: Space Star",,,,,,,,Brake,,,Rear,Rear Brake Drum,,,,
הידרוליק,,,,,,[],,,,,,,,,,Steering,,,,Hydraulic Power Steering,,,,
העליים אחורי ספייס סטאר + אטראג,,,,,,['Mitsubishi'],"['העליים אחורי ספייס סטאר', 'אטראג']","Mitsubishi: Attrage, Mitsubishi: Space Star",,,,,,,,Brake,,,Rear,Brake Shoes,,,,
ז.הגה דימקס עד 11,,,,,,['Isuzu'],,Isuzu: D-Max,,,,,,,,Steering,,,,Steering Arm,,,,2011
ז.הגה לנדקרוזר מ03,,,,,,['Toyota'],,Toyota: Land Cruiser,,,,,,,,Steering,,,,Steering Arm,,,2003,
ז.הגה לנסר מ08 + אאוטלנדר מ07,,,,,,['Mitsubishi'],"['ז.הגה לנסר מ08', 'אאוטלנדר מ07']","Mitsubishi: Lancer, Mitsubishi: Outlander",,,,,,,,Steering,,,,Steering Arm,,,2008,
ז.הגה סנטה פה מ07,,,,,,['Hyundai'],,Hyundai: Santa Fe,,,,,,,,Steering,,,,Steering Arm,,,2007,
ז.הגה ספורטאג + טוסון מ15,,,,,,"['Kia', 'Hyundai']","['ז.הגה ספורטאג', 'טוסון מ15']","Hyundai: Tucson, Kia: Sportage",,,,,,,,Steering,,,,Steering Arm,,,2015,
ז.מתלה אחורי ראב 4 מ07 ימין,,,,,,['Toyota'],,Toyota: RAV4,,,,,,,,Suspension,,,"Rear, Right",Suspension Arm,,,2007,
ז.מתלה אחורי ראב 4 מ07 שמאל,,,,,,['Toyota'],,Toyota: RAV4,,,,,,,,Suspension,,,"Rear, Left",Suspension Arm,,,2007,
ז.פרונט עליון ימין מ16 Q5 + Q7 ישר,,,,,,['Audi'],"['ז.פרונט עליון ימין מ16 Q5', 'Q7 ישר']","Audi: Q5, Audi: Q7",,,,,,,,Steering,,,"Right, Upper",Front Axle Control Arm,,,2016,
ז.פרונט עליון ישר ימין מ08 A4 + A5 + Q5,,,,,,['Audi'],"['ז.פרונט עליון ישר ימין מ08 A4', 'A5', 'Q5']","Audi: A4, Audi: A5, Audi: Q5",,,,,,,,Steering,,,"Right, Upper",Front Axle Control Arm,,,2008,
ז.פרונט עליון ישר מ16 שמאלA5 + A4,,,,,,['Audi'],"['ז.פרונט עליון ישר מ16 שמאלA5', 'A4']",Audi: A4,,,,,,,,Steering,,,"Left, Upper",Front Axle Control Arm,,,2016,
ז.פרונט עליון ישר שמאל מ08 A4 + A5 + Q5,,,,,,['Audi'],"['ז.פרונט עליון ישר שמאל מ08 A4', 'A5', 'Q5']","Audi: A4, Audi: A5, Audi: Q5",,,,,,,,Steering,,,"Left, Upper",Front Axle Control Arm,,,2008,
ז.פרונט עליון מ16 Q5 + Q7 עקום ימין,,,,,,['Audi'],"['ז.פרונט עליון מ16 Q5', 'Q7 עקום ימין']","Audi: Q5, Audi: Q7",,,,,,,,Steering,,,"Right, Upper",Front Axle Control Arm,,,2016,
ז.פרונט עליון מ16 Q5 + Q7 עקום שמאל,,,,,,['Audi'],"['ז.פרונט עליון מ16 Q5', 'Q7 עקום שמאל']","Audi: Q5, Audi: Q7",,,,,,,,Steering,,,"Left, Upper",Front Axle Control Arm,,,2016,
ז.פרונט עליון עקום ימין מ08 A4 + A5 + Q5,,,,,,['Audi'],"['ז.פרונט עליון עקום ימין מ08 A4', 'A5', 'Q5']","Audi: A4, Audi: A5, Audi: Q5",,,,,,,,Steering,,,"Right, Upper",Front Axle Control Arm,,,2008,
ז.פרונט עליון עקום מ16 ימין A5 + A4,,,,,,['Audi'],"['ז.פרונט עליון עקום מ16 ימין A5', 'A4']","Audi: A4, Audi: A5",,,,,,,,Steering,,,"Right, Upper",Front Axle Control Arm,,,2016,
ז.פרונט עליון עקום מ16 שמאל A5 + A4,,,,,,['Audi'],"['ז.פרונט עליון עקום מ16 שמאל A5', 'A4']","Audi: A4, Audi: A5",,,,,,,,Steering,,,"Left, Upper",Front Axle Control Arm,,,2016,
ז.פרונט עליון עקום שמאל מ08 A4 + A5 + Q5,,,,,,['Audi'],"['ז.פרונט עליון עקום שמאל מ08 A4', 'A5', 'Q5']","Audi: A4, Audi: A5, Audi: Q5",,,,,,,,Steering,,,"Left, Upper",Front Axle Control Arm,,,2008,
ז.פרונט תחתון ימין מ11 עקום A7 + A6,,,,,,['Audi'],"['ז.פרונט תחתון ימין מ11 עקום A7', 'A6']","Audi: A6, Audi: A7",,,,,,,,Steering,,,"Right, Lower",Front Axle Control Arm,,,2011,
ז.פרונט תחתון ימין מ15 A4 + A5 ישר,,,,,,['Audi'],"['ז.פרונט תחתון ימין מ15 A4', 'A5 ישר']","Audi: A4, Audi: A5",,,,,,,,Steering,,,"Right, Lower",Front Axle Control Arm,,,2015,
ז.פרונט תחתון ימין מ16 A4 + A5 עקום,,,,,,['Audi'],"['ז.פרונט תחתון ימין מ16 A4', 'A5 עקום']","Audi: A4, Audi: A5",,,,,,,,Steering,,,"Right, Lower",Front Axle Control Arm,,,2016,
ז.פרונט תחתון ישר ימין מ12 Q5 + A6 + A7,,,,,,['Audi'],"['ז.פרונט תחתון ישר ימין מ12 Q5', 'A6', 'A7']","Audi: A6, Audi: A7, Audi: Q5",,,,,,,,Steering,,,"Right, Lower",Front Axle Control Arm,,,2012,
ז.פרונט תחתון ישר שמאל מ12 Q5 + A6 + A7,,,,,,['Audi'],"['ז.פרונט תחתון ישר שמאל מ12 Q5', 'A6', 'A7']","Audi: A6, Audi: A7, Audi: Q5",,,,,,,,Steering,,,"Left, Lower",Front Axle Control Arm,,,2012,
ז.פרונט תחתון עקום Q5 מ10 ימין,,,,,,['Audi'],,Audi: Q5,,,,,,,,Steering,,,"Right, Lower",Front Axle Control Arm,,,2010,
ז.פרונט תחתון עקום Q5 מ10 שמאל,,,,,,['Audi'],,Audi: Q5,,,,,,,,Steering,,,"Left, Lower",Front Axle Control Arm,,,2010,
ז.פרונט תחתון עקום Q7 + Q8 מ16,,,,,,['Audi'],"['ז.פרונט תחתון עקום Q7', 'Q8 מ16']","Audi: Q7, Audi: Q8",,,,,,,,Steering,,,Lower,Front Axle Control Arm,,,2016,
ז.פרונט תחתון עקום ימין מ08 A4 + A5,,,,,,['Audi'],"['ז.פרונט תחתון עקום ימין מ08 A4', 'A5']","Audi: A4, Audi: A5",,,,,,,,Steering,,,"Right, Lower",Front Axle Control Arm,,,2008,
ז.פרונט תחתון עקום שמאל מ08 A4 + A5,,,,,,['Audi'],"['ז.פרונט תחתון עקום שמאל מ08 A4', 'A5']","Audi: A4, Audi: A5",,,,,,,,Steering,,,"Left, Lower",Front Axle Control Arm,,,2008,
ז.פרונט תחתון שמאל מ11 עקום A7 + A6,,,,,,['Audi'],"['ז.פרונט תחתון שמאל מ11 עקום A7', 'A6']","Audi: A6, Audi: A7",,,,,,,,Steering,,,"Left, Lower",Front Axle Control Arm,,,2011,
ז.פרונט תחתון שמאל מ15 A4 + A5 ישר,,,,,,['Audi'],"['ז.פרונט תחתון שמאל מ15 A4', 'A5 ישר']","Audi: A4, Audi: A5",,,,,,,,Steering,,,"Left, Lower",Front Axle Control Arm,,,2015,
ז.פרונט תחתון שמאל מ16 A4 + A5 עקום,,,,,,['Audi'],"['ז.פרונט תחתון שמאל מ16 A4', 'A5 עקום']","Audi: A4, Audi: A5",,,,,,,,Steering,,,"Left, Lower",Front Axle Control Arm,,,2016,
זרוע הגה  גוק מ10,,,,,,['Nissan'],,Nissan: Juke,,,,,,,,Steering,,,,Steering Arm,,,2010,
זרוע הגה I10 מ14,,,,,,['Hyundai'],,Hyundai: i10,,,,,,,,Steering,,,,Steering Arm,,,2014,
זרוע הגה I30 מ12,,,,,,['Hyundai'],,Hyundai: i30,,,,,,,,Steering,,,,Steering Arm,,,2012,
זרוע הגה אוקטביה מ05,,,,,,['Skoda'],,Skoda: Octavia,,,,,,,,Steering,,,,Steering Arm,,,2005,
זרוע הגה איוניק + אלנטרה מ16,,,,,,['Hyundai'],"['זרוע הגה איוניק', 'אלנטרה מ16']","Hyundai: Elantra, Hyundai: Ioniq",,,,,,,,Steering,,,,Steering Arm,,,2016,
זרוע הגה ברלינגו מ08,,,,,,['Citroen'],,Citroen: Berlingo,,,,,,,,Steering,,,,Steering Arm,,,2008,
זרוע הגה ברלינגו עד 07,,,,,,['Citroen'],,Citroen: Berlingo,,,,,,,,Steering,,,,Steering Arm,,,,2007
זרוע הגה ויגו מ06,,,,,,['Toyota'],,Toyota: Hilux Vigo,,,,,,,,Steering,,,,Steering Arm,,,2006,
זרוע הגה ויגו מ15,,,,,,['Toyota'],,Toyota: Hilux Vigo,,,,,,,,Steering,,,,Steering Arm,,,2015,
זרוע הגה לנסר מ04,,,,,,['Mitsubishi'],,Mitsubishi: Lancer,,,,,,,,Steering,,,,Steering Arm,,,2004,
זרוע הגה מ11 I25,,,,,,['Hyundai'],,Hyundai: i25,,,,,,,,Steering,,,,Steering Arm,,,2011,
זרוע הגה מזדה 2 מ08,,,,,,['Mazda'],,Mazda: Mazda2,,,,,,,,Steering,,,,Steering Arm,,,2008,
זרוע הגה מזדה 3 + 5 עד 12,,,,,,['Mazda'],"['זרוע הגה מזדה 3', '5 עד 12']",Mazda: Mazda3,,,,,,,,Steering,,,,Steering Arm,,,,2012
זרוע הגה סםרינטר מ18,,,,,,[],,,,,,,,,,Steering,,,,Steering Arm,,,2018,
זרוע הגה עד 11 I30,,,,,,['Hyundai'],,Hyundai: i30,,,,,,,,Steering,,,,Steering Arm,,,,2011
זרוע הגה פולו מ10,,,,,,['Volkswagen'],,Volkswagen: Polo,,,,,,,,Steering,,,,Steering Arm,,,2010,
זרוע הגה פוקוס מ06,,,,,,['Ford'],,Ford: Focus,,,,,,,,Steering,,,,Steering Arm,,,2006,
זרוע הגה קורולה 03-07,,,,,,['Toyota'],,Toyota: Corolla,,,,,,,,Steering,,,,Steering Arm,,,2003,2007
זרוע הגה קנגו מ08 + פלואנס מ09,,,,,,['Renault'],"['זרוע הגה קנגו מ08', 'פלואנס מ09']","Renault: Fluence, Renault: Kangoo",,,,,,,,Steering,,,,Steering Arm,,,2008,
ח.בלם אחורי מ11 X3 + X4 מ14,,,,,,['BMW'],"['ח.בלם אחורי מ11 X3', 'X4 מ14']","BMW: X3, BMW: X4",,,,,,,,Brake,,,Rear,Brake Sensor,,,2011,
ח.הצתה אוקטביה 1.6 BSE,,,,,,['Skoda'],,Skoda: Octavia,,,,,BSE,1.6 L,,Ignition,,,,Ignition Coil,,,,
ח.הצתה אמפרזה נפח 1.6 מ99,,,,,,['Subaru'],,Subaru: Impreza,,,,,,1.6 L,,Ignition,,,,Ignition Coil,,,2099,
ח.הצתה אקסנט + גטס עד 06,,,,,,['Hyundai'],"['ח.הצתה אקסנט', 'גטס עד 06']","Hyundai: Accent, Hyundai: Getz",,,,,,,,Ignition,,,,Ignition Coil,,,,2006
ח.הצתה ג.פונטו,,,,,,['Fiat'],,"Fiat: Punto, Fiat: Grande Punto",,,,,,,,Ignition,,,,Ignition Coil,,,,
ח.הצתה גטס + אקסנט מ07,,,,,,['Hyundai'],"['ח.הצתה גטס', 'אקסנט מ07']","Hyundai: Accent, Hyundai: Getz",,,,,,,,Ignition,,,,Ignition Coil,,,2007,
ח.הצתה וייגר מ01,,,,,,[],,,,,,,,,,Ignition,,,,Ignition Coil,,,2001,
ח.הצתה טוסון עד 10 נפח 2.7,,,,,,['Hyundai'],,Hyundai: Tucson,,,,,,2.7 L,,Ignition,,,,Ignition Coil,,,,2010
ח.הצתה ליאנה 2 חוטים,,,,,,['Suzuki'],,Suzuki: Liana,,,,,,,,Ignition,,,,Ignition Coil,,,,
ח.הצתה לנסר 2 חוטים,,,,,,['Mitsubishi'],,Mitsubishi: Lancer,,,,,,,,Ignition,,,,Ignition Coil,,,,
ח.הצתה פוקוס  מ05,,,,,,['Ford'],,Ford: Focus,,,,,,,,Ignition,,,,Ignition Coil,,,2005,
ח.הצתה פוקוס עד 05,,,,,,['Ford'],,Ford: Focus,,,,,,,,Ignition,,,,Ignition Coil,,,,2005
ח.הצתה פיקנטו + I10 מ08,,,,,,"['Kia', 'Hyundai']","['ח.הצתה פיקנטו', 'I10 מ08']","Hyundai: i10, Kia: Picanto",,,,,,,,Ignition,,,,Ignition Coil,,,2008,
ח.הצתה פיקנטו מ11 + מ11 נפח 1.2 I10,,,,,,"['Kia', 'Hyundai']","['ח.הצתה פיקנטו מ11', 'מ11 נפח 1.2 I10']","Hyundai: i10, Kia: Picanto",,,,,,1.2 L,,Ignition,,,,Ignition Coil,,,2011,
ח.חמצן אחורי לנסר 1.6 מ11,,,,,,['Mitsubishi'],,Mitsubishi: Lancer,,,,,,1.6 L,,Sensor,,,Rear,Oxygen Sensor,,,2011,
ח.חמצן אקסנט + גטס,,,,,,['Hyundai'],"['ח.חמצן אקסנט', 'גטס']","Hyundai: Accent, Hyundai: Getz",,,,,,,,Sensor,,,,Oxygen Sensor,,,,
ח.חמצן גטס + אקסנט,,,,,,['Hyundai'],"['ח.חמצן גטס', 'אקסנט']","Hyundai: Accent, Hyundai: Getz",,,,,,,,Sensor,,,,Oxygen Sensor,,,,
ח.חמצן ספורטאג מ11 + I30 מ12 1.6,,,,,,"['Kia', 'Hyundai']","['ח.חמצן ספורטאג מ11', 'I30 מ12 1.6']","Hyundai: i30, Kia: Sportage",,,,,,1.6 L,,Sensor,,,,Oxygen Sensor,,,2011,
ח.חמצן עליון מזדה 6 מ13,,,,,,['Mazda'],,Mazda: Mazda6,,,,,,,,Sensor,,,Upper,Oxygen Sensor,,,2013,
ח.חמצן קדמי אוקטביה 5 חוטים,,,,,,['Skoda'],,Skoda: Octavia,,,,,,,,Sensor,,,Front,Oxygen Sensor,,,,
ח.חמצן קדמי פוקוס מ13,,,,,,['Ford'],,Ford: Focus,,,,,,,,Sensor,,,Front,Oxygen Sensor,,,2013,
ח.חמצן קדמי קורולה מ08,,,,,,['Toyota'],,Toyota: Corolla,,,,,,,,Sensor,,,Front,Oxygen Sensor,,,2008,
ח.נקישות מזדה 3 1.6 עד 12,,,,,,['Mazda'],,Mazda: Mazda3,,,,,,1.6 L,,Sensor,,,,Knock Sensor,,,,2012
ח.קראנק CDA A5 + A4 + A3 08-12,,,,,,['Audi'],"['ח.קראנק CDA A5', 'A4', 'A3 08-12']","Audi: A3, Audi: A4, Audi: A5",,,,,CDA,1.8 L,,Sensor,,,,Crankshaft Position Sensor,,,2008,2012
ח.קראנק I30 + I20 + I25 + I35,,,,,,['Hyundai'],"['ח.קראנק I30', 'I20', 'I25', 'I35']","Hyundai: i20, Hyundai: i25, Hyundai: i30, Hyundai: i35",,,,,,,,Sensor,,,,Crankshaft Position Sensor,,,,
ח.קראנק אוודי,,,,,,[],,,,,,,,,,Sensor,,,,Crankshaft Position Sensor,,,,
ח.קראנק אוקטביה 1.9,,,,,,['Skoda'],,Skoda: Octavia,,,,,,1.9 L,,Sensor,,,,Crankshaft Position Sensor,,,,
ח.קראנק אקנסט + גטס,,,,,,['Hyundai'],"['ח.קראנק אקנסט', 'גטס']",Hyundai: Getz,,,,,,,,Sensor,,,,Crankshaft Position Sensor,,,,
ח.קראנק ליאנה + איגניס,,,,,,['Suzuki'],"['ח.קראנק ליאנה', 'איגניס']","Suzuki: Liana, Suzuki: Ignis",,,,,,,,Sensor,,,,Crankshaft Position Sensor,,,,
ח.קראנק נפח 1.0 פיקנטו מ11,,,,,,['Kia'],,Kia: Picanto,,,,,,1.0 L,,Sensor,,,,Crankshaft Position Sensor,,,2011,
ח.רפידות קדמי + אחורי קרפטר מ17,,,,,,['Volkswagen'],"['ח.רפידות קדמי', 'אחורי קרפטר מ17']",Volkswagen: Crafter,,,,,,,,Brake,,,"Front, Rear",Front Brake Pads,,,2017,
חיווט EPB ערכה נירו מ16,,,,,,['Kia'],,Kia: Niro,,,,,,,,Electrical,,,,Wiring Harness,,,2016,
חיישן גובה שמן 1.8 CDA,,,,,,[],,,,,,,CDA,1.8 L,,Sensor,,,,Oil Level Sensor,,,,
חיישן גובה שמן CJS אוקטביה מ13,,,,,,['Skoda'],,Skoda: Octavia,,,,,CJS,1.8 L,,Sensor,,,,Oil Level Sensor,,,2013,
חיישן דסקיות אחורי מ14 X3 + X4,,,,,,['BMW'],"['חיישן דסקיות אחורי מ14 X3', 'X4']","BMW: X3, BMW: X4",,,,,,,,Sensor,,,Rear,Brake Pad Wear Sensor,,,2014,
חיישן יניקה I25 + I30 + I35,,,,,,['Hyundai'],"['חיישן יניקה I25', 'I30', 'I35']","Hyundai: i25, Hyundai: i30, Hyundai: i35",,,,,,,,Sensor,,,,Intake Air Sensor,,,,
חשמלי BYD פ.מזגן,,,,,,['BYD'],,,,,,,,,,Filter,,,,AC Filter,,,,
טידה + אקסטרייל מ08 + קשקאי מ08,,,,,,['Nissan'],"['טידה', 'אקסטרייל מ08', 'קשקאי מ08']","Nissan: Qashqai, Nissan: X-Trail, Nissan: Tiida",,,,,,,,,,,,,,,2008,
טסט,,,,,,[],,,,,,,,,,Documentation,,,,Test Certificate,,,,
טפס כבל מצמד ברלינגו מ03,,,,,,['Citroen'],,Citroen: Berlingo,,,,,,,,Drivetrain,,,,Clutch Cable,,,2003,
טרמוסטט + מ.מים ברלינגו מ16 1.6,,,,,,['Citroen'],"['טרמוסטט', 'מ.מים ברלינגו מ16 1.6']",Citroen: Berlingo,,,,,,1.6 L,,Cooling,,,,Thermostat,,,2016,
טרמוסטט אקסטרייל + קשקאי 1.6 מ14,,,,,,['Nissan'],"['טרמוסטט אקסטרייל', 'קשקאי 1.6 מ14']","Nissan: Qashqai, Nissan: X-Trail",,,,,,1.6 L,,Cooling,,,,Thermostat,,,2014,
טרמוסטט אקסנט + גטס,,,,,,['Hyundai'],"['טרמוסטט אקסנט', 'גטס']","Hyundai: Accent, Hyundai: Getz",,,,,,,,Cooling,,,,Thermostat,,,,
טרמוסטט ב.מ.וו סדרה 1 + 3 מ12,,,,,,['BMW'],"['טרמוסטט ב.מ.וו סדרה 1', '3 מ12']",BMW: 1 Series,,,,,,,,Cooling,,,,Thermostat,,,2012,
טרמוסטט טוסון 2.7 + סנטה פה + ספורטאג,,,,,,"['Kia', 'Hyundai']","['טרמוסטט טוסון 2.7', 'סנטה פה', 'ספורטאג']","Hyundai: Tucson, Hyundai: Santa Fe, Kia: Sportage",,,,,,2.7 L,,Cooling,,,,Thermostat,,,,
טרמוסטט לגאסי,,,,,,['Subaru'],,Subaru: Legacy,,,,,,,,Cooling,,,,Thermostat,,,,
טרמוסטט ליאנה + איגניס + סוויפט מ06,,,,,,['Suzuki'],"['טרמוסטט ליאנה', 'איגניס', 'סוויפט מ06']","Suzuki: Swift, Suzuki: Liana, Suzuki: Ignis",,,,,,,,Cooling,,,,Thermostat,,,2006,
טרמוסטט מגאן מ04 קליאו מ05,,,,,,['Renault'],,"Renault: Clio, Renault: Megane",,,,,,,,Cooling,,,,Thermostat,,,2004,
טרמוסטט מגנום + פגירו,,,,,,"['Dodge', 'Mitsubishi']","['טרמוסטט מגנום', 'פגירו']","Mitsubishi: Pajero, Dodge: Magnum",,,,,,,,Cooling,,,,Thermostat,,,,
טרמוסטט מושלם 1.4 CBZ,,,,,,[],,,,,,,CBZ,1.2 L,,Cooling,,,,Thermostat,,,,
טרמוסטט מושלם CAX 1.4 אוקטביה,,,,,,['Skoda'],,Skoda: Octavia,,,,,CAX,1.4 L,,Cooling,,,,Thermostat,,,,
טרמוסטט מושלם אסטרה + קרוז,,,,,,"['Opel', 'Chevrolet']","['טרמוסטט מושלם אסטרה', 'קרוז']","Opel: Astra, Chevrolet: Cruze",,,,,,,,Cooling,,,,Thermostat,,,,
טרמוסטט מושלם פלואנס מ09,,,,,,['Renault'],,Renault: Fluence,,,,,,,,Cooling,,,,Thermostat,,,2009,
טרמוסטט מזדה 3 + 6 + BT50 + B2500,,,,,,['Mazda'],"['טרמוסטט מזדה 3', '6', 'BT50', 'B2500']","Mazda: Mazda3, Mazda: BT-50, Mazda: B2500",,,,,,,,Cooling,,,,Thermostat,,,,
טרמוסטט מזדה 3 מ13,,,,,,['Mazda'],,Mazda: Mazda3,,,,,,,,Cooling,,,,Thermostat,,,2013,
טרמוסטט סונטה מ16,,,,,,['Hyundai'],,Hyundai: Sonata,,,,,,,,Cooling,,,,Thermostat,,,2016,
טרמוסטט סיויק 1.8 מ12,,,,,,['Honda'],,Honda: Civic,,,,,,1.8 L,,Cooling,,,,Thermostat,,,2012,
טרמוסטט פגירו מ08,,,,,,['Mitsubishi'],,Mitsubishi: Pajero,,,,,,,,Cooling,,,,Thermostat,,,2008,
טרמוסטט פולו + פביה 1.4 CAX BMY,,,,,,"['Volkswagen', 'Skoda']","['טרמוסטט פולו', 'פביה 1.4 CAX BMY']","Volkswagen: Polo, Skoda: Fabia",,,,,CAX,1.4 L,,Cooling,,,,Thermostat,,,,
טרמוסטט פוקוס 98-16 מקורי,,,,,,['Ford'],,Ford: Focus,,,,,,,,Cooling,,,,Thermostat,,,1998,2016
טרמוסטט קורולה מ03,,,,,,['Toyota'],,Toyota: Corolla,,,,,,,,Cooling,,,,Thermostat,,,2003,
טרמוסטט קורסה + אסטרה,,,,,,['Opel'],"['טרמוסטט קורסה', 'אסטרה']","Opel: Corsa, Opel: Astra",,,,,,,,Cooling,,,,Thermostat,,,,
יונט לחץ שמן אוקטביה 1.9,,,,,,['Skoda'],,Skoda: Octavia,,,,,,1.9 L,,Sensor,,,,Oil Pressure Sensor,,,,
יונט לחץ שמן אוקטביה מ13 תקע כחול,,,,,,['Skoda'],,Skoda: Octavia,,,,,,,,Sensor,,,,Oil Pressure Sensor,,,2013,
יוניט בלם I20 + I30 + I35,,,,,,['Hyundai'],"['יוניט בלם I20', 'I30', 'I35']","Hyundai: i20, Hyundai: i30, Hyundai: i35",,,,,,,,Brake,,,,Brake Control Unit,,,,
יוניט בלם אקסנט מ07,,,,,,['Hyundai'],,Hyundai: Accent,,,,,,,,Brake,,,,Brake Control Unit,,,2007,
יוניט בלם דימקס + פגירו + הנטר,,,,,,"['Isuzu', 'Mitsubishi']","['יוניט בלם דימקס', 'פגירו', 'הנטר']","Isuzu: D-Max, Mitsubishi: Pajero, Mitsubishi: Hunter",,,,,,,,Brake,,,,Brake Control Unit,,,,
יוניט בלם מ14 I20 + איוניק,,,,,,['Hyundai'],"['יוניט בלם מ14 I20', 'איוניק']","Hyundai: i20, Hyundai: Ioniq",,,,,,,,Brake,,,,Brake Control Unit,,,2014,
יוניט בלם מזדה 3 + פוקוס מ06,,,,,,"['Mazda', 'Ford']","['יוניט בלם מזדה 3', 'פוקוס מ06']","Mazda: Mazda3, Ford: Focus",,,,,,,,Brake,,,,Brake Control Unit,,,2006,
יוניט בלם מיקרה 2 פינים,,,,,,['Nissan'],,Nissan: Micra,,,,,,,,Brake,,,,Brake Control Unit,,,,
יוניט בלם נפח 2.0 מזדה 3 + 5 + 6,,,,,,['Mazda'],"['יוניט בלם נפח 2.0 מזדה 3', '5', '6']",Mazda: Mazda3,,,,,,2.0 L,,Brake,,,,Brake Control Unit,,,,
יוניט בלם סוויפט + היילוקס,,,,,,['Suzuki'],"['יוניט בלם סוויפט', 'היילוקס']",Suzuki: Swift,,,,,,,,Brake,,,,Brake Control Unit,,,,
יוניט בלם קורולה מ08,,,,,,['Toyota'],,Toyota: Corolla,,,,,,,,Brake,,,,Brake Control Unit,,,2008,
יוניט בלם תקע ירוק פיגו + סיטרואן,,,,,,"['Citroen', 'Peugeot']","['יוניט בלם תקע ירוק פיגו', 'סיטרואן']",,,,,,,,,Brake,,,,Brake Control Unit,,,,
יוניט בלפ מזדה 3 מ09 + פוקוס מ12,,,,,,"['Mazda', 'Ford']","['יוניט בלפ מזדה 3 מ09', 'פוקוס מ12']","Mazda: Mazda3, Ford: Focus",,,,,,,,Brake,,,,Brake Control Unit,,,2009,
יוניט חום 1.2 CBZ + CJZ,,,,,,[],"['יוניט חום 1.2 CBZ', 'CJZ']",,,,,,CBZ,1.2 L,,Sensor,,,,Temperature Sensor,,,,
יוניט חום 1.8 CJS A5 + A6 + A7 מ13,,,,,,['Audi'],"['יוניט חום 1.8 CJS A5', 'A6', 'A7 מ13']","Audi: A5, Audi: A6, Audi: A7",,,,,CJS,1.8 L,,Sensor,,,,Temperature Sensor,,,2013,
יוניט חום CJS 1.8 + 2.0,,,,,,[],"['יוניט חום CJS 1.8', '2.0']",,,,,,CJS,1.8 L,,Sensor,,,,Temperature Sensor,,,,
יוניט חום אוקטביה 1.5 מ17,,,,,,['Skoda'],,Skoda: Octavia,,,,,,1.5 L,,Sensor,,,,Temperature Sensor,,,2017,
יוניט חום אוקטביה דיזל,,,,,,['Skoda'],,Skoda: Octavia,,,,,,,Diesel,Sensor,,,,Temperature Sensor,,,,
יוניט חום אוקטביה כללי,,,,,,['Skoda'],,Skoda: Octavia,,,,,,,,Sensor,,,,Temperature Sensor,,,,
יוניט חום אוקטביה מ05,,,,,,['Skoda'],,Skoda: Octavia,,,,,,,,Sensor,,,,Temperature Sensor,,,2005,
יוניט חום אינסנגניה + קפטיבה,,,,,,"['Opel', 'Chevrolet']","['יוניט חום אינסנגניה', 'קפטיבה']","Opel: Insignia, Chevrolet: Captiva",,,,,,,,Sensor,,,,Temperature Sensor,,,,
יוניט חום היילוקס ויגו,,,,,,['Toyota'],,Toyota: Hilux Vigo,,,,,,,,Sensor,,,,Temperature Sensor,,,,
יוניט חום מזדה 3,,,,,,['Mazda'],,Mazda: Mazda3,,,,,,,,Sensor,,,,Temperature Sensor,,,,
יוניט חום מיצובישי ס.לנסר,,,,,,['Mitsubishi'],,Mitsubishi: Lancer,,,,,,,,Sensor,,,,Temperature Sensor,,,,
יוניט חום ניסאן,,,,,,['Nissan'],,,,,,,,,,Sensor,,,,Temperature Sensor,,,,
יוניט חום סקודה מ13 דיזל,,,,,,['Skoda'],,,,,,,,,Diesel,Sensor,,,,Temperature Sensor,,,2013,
יוניט חום סקודה,,,,,,['Skoda'],,,,,,,,,,Sensor,,,,Temperature Sensor,,,,
יוניט חום פוקוס מ06,,,,,,['Ford'],,Ford: Focus,,,,,,,,Sensor,,,,Temperature Sensor,,,2006,
יוניט חום רפיד מ12,,,,,,['Skoda'],,Skoda: Rapid,,,,,,,,Sensor,,,,Temperature Sensor,,,2012,
יוניט רוורס קליאו + פלואנס,,,,,,['Renault'],"['יוניט רוורס קליאו', 'פלואנס']","Renault: Clio, Renault: Fluence",,,,,,,,Sensor,,,,Reverse Light Switch,,,,
יוניט שמן אוקטביה 1.9,,,,,,['Skoda'],,Skoda: Octavia,,,,,,1.9 L,,Sensor,,,,Oil Level Sensor,,,,
יוניט שמן אקסנט,,,,,,['Hyundai'],,Hyundai: Accent,,,,,,,,Sensor,,,,Oil Level Sensor,,,,
יוניט שמן ברלינגו 1.6 עד 11,,,,,,['Citroen'],,Citroen: Berlingo,,,,,,1.6 L,,Sensor,,,,Oil Level Sensor,,,,2011
יוניט שמן הנטר + מגנום + פגירו,,,,,,"['Dodge', 'Mitsubishi']","['יוניט שמן הנטר', 'מגנום', 'פגירו']","Mitsubishi: Pajero, Mitsubishi: Hunter, Dodge: Magnum",,,,,,,,Sensor,,,,Oil Level Sensor,,,,
יוניט שמן לנסר מ08,,,,,,['Mitsubishi'],,Mitsubishi: Lancer,,,,,,,,Sensor,,,,Oil Level Sensor,,,2008,
יוניט שמן סיויק 1.8,,,,,,['Honda'],,Honda: Civic,,,,,,1.8 L,,Sensor,,,,Oil Level Sensor,,,,
יוניט שמן קורולה + סיויק 1.8,,,,,,"['Honda', 'Toyota']","['יוניט שמן קורולה', 'סיויק 1.8']","Toyota: Corolla, Honda: Civic",,,,,,1.8 L,,Sensor,,,,Oil Level Sensor,,,,
יוניט שמן קרוז,,,,,,['Chevrolet'],,Chevrolet: Cruze,,,,,,,,Sensor,,,,Oil Level Sensor,,,,
יוניט שמן תקט ירוק 1.6 דיזל,,,,,,[],,,,,,,,1.6 L,Diesel,Sensor,,,,Oil Level Sensor,,,,
יוניט שמן תקע כחול אוקטביה מ13,,,,,,['Skoda'],,Skoda: Octavia,,,,,,,,Sensor,,,,Oil Level Sensor,,,2013,
ימין + שמאל עד 14 I20 בולם אחורי,,,,,,['Hyundai'],"['ימין', 'שמאל עד 14 I20 בולם אחורי']",Hyundai: i20,,,,,,,,Suspension,,,"Rear, Right, Left",Rear Shock Absorber,,,,2014
ימין מ.מייצב קדמי עד 14 I20 + פיקנטו מ11,,,,,,"['Kia', 'Hyundai']","['ימין מ.מייצב קדמי עד 14 I20', 'פיקנטו מ11']","Hyundai: i20, Kia: Picanto",,,,,,,,Suspension,,,"Front, Right",Front Stabilizer Link,,,2011,2014
ישר ז.פרונט עליון שמאל Q5 + Q7 מ16,,,,,,['Audi'],"['ישר ז.פרונט עליון שמאל Q5', 'Q7 מ16']","Audi: Q5, Audi: Q7",,,,,,,,Steering,,,"Left, Upper",Front Axle Control Arm,,,2016,
כבל דלת קדמית ימין + שמאל I30,,,,,,['Hyundai'],"['כבל דלת קדמית ימין', 'שמאל I30']",Hyundai: i30,,,,,,,,Electrical,,,"Front, Right, Left",Door Cable,,,,
כבל מצמד ספארק,,,,,,['Chevrolet'],,Chevrolet: Spark,,,,,,,,Drivetrain,,,,Clutch Cable,,,,
כוהל 1.8 + 2.0 CDA אדום,,,,,,[],"['כוהל 1.8', '2.0 CDA אדום']",,,,,,CDA,1.8 L,,Cooling,,,,Thermostat,,,,
כוהל 1.8 + 2.0 CDA עד 12,,,,,,[],"['כוהל 1.8', '2.0 CDA עד 12']",,,,,,CDA,1.8 L,,Cooling,,,,Thermostat,,,,2012
כוהל 208 + 308 + C3 + C4,,,,,,"['Citroen', 'Peugeot']","['כוהל 208', '308', 'C3', 'C4']","Citroen: C3, Citroen: C4, Peugeot: 208, Peugeot: 308",,,,,,,,Cooling,,,,Thermostat,,,,
כוהל CJS אוקטביה 1.8 מ13,,,,,,['Skoda'],,Skoda: Octavia,,,,,CJS,1.8 L,,Cooling,,,,Thermostat,,,2013,
כוהל I30 מ11 + I20 + I25 + I35,,,,,,['Hyundai'],"['כוהל I30 מ11', 'I20', 'I25', 'I35']","Hyundai: i20, Hyundai: i25, Hyundai: i30, Hyundai: i35",,,,,,,,Cooling,,,,Thermostat,,,2011,
כוהל IX35 + ספורטאג מ11 2.0,,,,,,"['Kia', 'Hyundai']","['כוהל IX35', 'ספורטאג מ11 2.0']","Hyundai: ix35, Kia: Sportage",,,,,,2.0 L,,Cooling,,,,Thermostat,,,2011,
כוהל אוקטביה 4 יציאות,,,,,,['Skoda'],,Skoda: Octavia,,,,,,,,Cooling,,,,Thermostat,,,,
כוהל אוקטביה מ13 1.0 + 1.2 + 1.4 CJZ,,,,,,['Skoda'],"['כוהל אוקטביה מ13 1.0', '1.2', '1.4 CJZ']",Skoda: Octavia,,,,,CJZ,1.2 L,,Cooling,,,,Thermostat,,,2013,
כוהל אטראג + ספייס סטאר,,,,,,['Mitsubishi'],"['כוהל אטראג', 'ספייס סטאר']","Mitsubishi: Attrage, Mitsubishi: Space Star",,,,,,,,Cooling,,,,Thermostat,,,,
כוהל אנסייט מ09 + גאז מ11 היבריד,,,,,,[],"['כוהל אנסייט מ09', 'גאז מ11 היבריד']",,,,,,,,Hybrid,Cooling,,,,Thermostat,,,2009,
כוהל אקליפס נפח 1.5 מ17,,,,,,['Mitsubishi'],,Mitsubishi: Eclipse,,,,,,1.5 L,,Cooling,,,,Thermostat,,,2017,
כוהל אקסנט מ07,,,,,,['Hyundai'],,Hyundai: Accent,,,,,,,,Cooling,,,,Thermostat,,,2007,
כוהל גולף פולו + אוקטביה,,,,,,"['Volkswagen', 'Skoda']","['כוהל גולף פולו', 'אוקטביה']","Volkswagen: Polo, Volkswagen: Golf, Skoda: Octavia",,,,,,,,Cooling,,,,Thermostat,,,,
כוהל גטס + אקסנט 06-07,,,,,,['Hyundai'],"['כוהל גטס', 'אקסנט 06-07']","Hyundai: Accent, Hyundai: Getz",,,,,,,,Cooling,,,,Thermostat,,,2006,2007
כוהל דייהטסו סיריון + טריוס,,,,,,['Daihatsu'],"['כוהל דייהטסו סיריון', 'טריוס']","Daihatsu: Sirion, Daihatsu: Terios",,,,,,,,Cooling,,,,Thermostat,,,,
כוהל טוסון + סונטה מ21 נפח 1.6,,,,,,['Hyundai'],"['כוהל טוסון', 'סונטה מ21 נפח 1.6']","Hyundai: Tucson, Hyundai: Sonata",,,,,,1.6 L,,Cooling,,,,Thermostat,,,2021,
כוהל ליאנה + בלינו + איגניס,,,,,,['Suzuki'],"['כוהל ליאנה', 'בלינו', 'איגניס']","Suzuki: Liana, Suzuki: Baleno, Suzuki: Ignis",,,,,,,,Cooling,,,,Thermostat,,,,
כוהל מזדה 3 נפח 1.6 עד 12,,,,,,['Mazda'],,Mazda: Mazda3,,,,,,1.6 L,,Cooling,,,,Thermostat,,,,2012
כוהל מיקרה + גוק,,,,,,['Nissan'],"['כוהל מיקרה', 'גוק']","Nissan: Juke, Nissan: Micra",,,,,,,,Cooling,,,,Thermostat,,,,
כוהל נפח 1.6 אקסנט + גטס עד 06,,,,,,['Hyundai'],"['כוהל נפח 1.6 אקסנט', 'גטס עד 06']","Hyundai: Accent, Hyundai: Getz",,,,,,1.6 L,,Cooling,,,,Thermostat,,,,2006
כוהל סונטה מ16 היבריד,,,,,,['Hyundai'],,Hyundai: Sonata,,,,,,,Hybrid,Cooling,,,,Thermostat,,,2016,
כוהל סוניק + קרוז 1.6 מ11,,,,,,['Chevrolet'],"['כוהל סוניק', 'קרוז 1.6 מ11']","Chevrolet: Cruze, Chevrolet: Sonic",,,,,,1.6 L,,Cooling,,,,Thermostat,,,2011,
כוהל סטוניק מ18 + מ19 נפח 1.0 I20,,,,,,"['Kia', 'Hyundai']","['כוהל סטוניק מ18', 'מ19 נפח 1.0 I20']","Hyundai: i20, Kia: Stonic",,,,,,1.0 L,,Cooling,,,,Thermostat,,,2018,
כוהל סיויק 1.8 מ06 + אקורד 2.0 מ09,,,,,,['Honda'],"['כוהל סיויק 1.8 מ06', 'אקורד 2.0 מ09']","Honda: Civic, Honda: Accord",,,,,,1.8 L,,Cooling,,,,Thermostat,,,2006,
כוהל ספורטאג מ14,,,,,,['Kia'],,Kia: Sportage,,,,,,,,Cooling,,,,Thermostat,,,2014,
כוהל ספייס סטאר + אאוטלנדר מ13 2.0,,,,,,['Mitsubishi'],"['כוהל ספייס סטאר', 'אאוטלנדר מ13 2.0']","Mitsubishi: Outlander, Mitsubishi: Space Star",,,,,,2.0 L,,Cooling,,,,Thermostat,,,2013,
כוהל פולו קצר,,,,,,['Volkswagen'],,Volkswagen: Polo,,,,,,,,Cooling,,,,Thermostat,,,,
כוהל פוקוס 1.5 מ15,,,,,,['Ford'],,Ford: Focus,,,,,,1.5 L,,Cooling,,,,Thermostat,,,2015,
כוהל פוקוס 1.6 מ06,,,,,,['Ford'],,Ford: Focus,,,,,,1.6 L,,Cooling,,,,Thermostat,,,2006,
כוהל פיגו 1.6 + סדרה 3 מ12,,,,,,['BMW'],"['כוהל פיגו 1.6', 'סדרה 3 מ12']",BMW: 3 Series,,,,,,1.6 L,,Cooling,,,,Thermostat,,,2012,
כוהל פיקנטו מ11 נפח 1.1 I10,,,,,,"['Kia', 'Hyundai']",,"Hyundai: i10, Kia: Picanto",,,,,,1.1 L,,Cooling,,,,Thermostat,,,2011,
כוהל פסאט מ06,,,,,,['Volkswagen'],,Volkswagen: Passat,,,,,,,,Cooling,,,,Thermostat,,,2006,
כוהל קורולה 01-07,,,,,,['Toyota'],,Toyota: Corolla,,,,,,,,Cooling,,,,Thermostat,,,2001,2007
כוהל קורולה מ08,,,,,,['Toyota'],,Toyota: Corolla,,,,,,,,Cooling,,,,Thermostat,,,2008,
כוהל קליאו + קנגו + מגאן,,,,,,['Renault'],"['כוהל קליאו', 'קנגו', 'מגאן']","Renault: Clio, Renault: Megane, Renault: Kangoo",,,,,,,,Cooling,,,,Thermostat,,,,
כוהל קרוז + אסטרה + סוניק 1.4 מ11,,,,,,"['Opel', 'Chevrolet']","['כוהל קרוז', 'אסטרה', 'סוניק 1.4 מ11']","Opel: Astra, Chevrolet: Cruze, Chevrolet: Sonic",,,,,,1.4 L,,Cooling,,,,Thermostat,,,2011,
כוהל קשקאי מ08 + טידה + אקסרייל מ08,,,,,,['Nissan'],"['כוהל קשקאי מ08', 'טידה', 'אקסרייל מ08']","Nissan: Qashqai, Nissan: Tiida",,,,,,,,Cooling,,,,Thermostat,,,2008,
כוהל קשקאי מ19 נפח 1.3 בנזין,,,,,,['Nissan'],,Nissan: Qashqai,,,,,,1.3 L,Gasoline,Cooling,,,,Thermostat,,,2019,
כוהל ראב 4 עד 08,,,,,,['Toyota'],,Toyota: RAV4,,,,,,,,Cooling,,,,Thermostat,,,,2008
כיסוי פ.מזגן I20 מ12,,,,,,['Hyundai'],,Hyundai: i20,,,,,,,,Filter,,,,AC Filter,,,2012,
כפול CDA צינור חימום 1.8,,,,,,[],,,,,,,CDA,1.8 L,,HVAC,,,,Heater Hose,,,,
כפטור התנעה,,,,,,[],,,,,,,,,,Electrical,,,,Start Button,,,,
כפטורים חלון פביה + רומסטר + סופרב,,,,,,['Skoda'],"['כפטורים חלון פביה', 'רומסטר', 'סופרב']","Skoda: Superb, Skoda: Roomster, Skoda: Fabia",,,,,,,,Electrical,,,,Buttons,,,,
לא מושלם פ.סולר גרנד קופה מ16,,,,,,['Renault'],,Renault: Grand Coupe,,,,,,,Diesel,Filter,,,,Fuel Filter (Diesel),,,2016,
למכסה שסטומים היילקס מחזיר שמן,,,,,,['Toyota'],,Toyota: Hilux,,,,,,,,Engine,,,,Valve Cover,,,,
לנד קרוזר מ03 + קינג מ07,,,,,,['Mazda'],"['לנד קרוזר מ03', 'קינג מ07']",Mazda: Kingcab,,,,,,,,,,,,,,,2003,
לנדקרוזר 09-15 בולם מכסה מנוע,,,,,,['Toyota'],,Toyota: Land Cruiser,,,,,,,,Body,,,,Hood Lift Support,,,2009,2015
לנסר מ08  לנסר מ08 1.5,,,,,,['Mitsubishi'],,Mitsubishi: Lancer,,,,,,1.5 L,,,,,,,,,2008,
מ.דלק 2 יציאות מזדה 3 עד08,,,,,,['Mazda'],,Mazda: Mazda3,,,,,,,,Fuel,,,,Fuel Pump,,,,
מ.דלק יונברסלי יונדאי,,,,,,['Hyundai'],,,,,,,,,,Fuel,,,,Fuel Pump,,,,
מ.דלק סובארו חיצוני,,,,,,[],,,,,,,,,,Fuel,,,External,Fuel Pump,,,,
מ.דלק סוזוקי + מזדה,,,,,,"['Mazda', 'Suzuki']","['מ.דלק סוזוקי', 'מזדה']",,,,,,,,,Fuel,,,,Fuel Pump,,,,
מ.דלק פיקנטו מ11,,,,,,['Kia'],,Kia: Picanto,,,,,,,,Fuel,,,,Fuel Pump,,,2011,
מ.מייצב אחורי אוטלנדר מ07 ימין,,,,,,['Mitsubishi'],,Mitsubishi: Outlander,,,,,,,,Suspension,,,"Rear, Right",Rear Stabilizer Link,,,2007,
מ.מייצב אחורי אוקטביה מ05 ימין + שמאל,,,,,,['Skoda'],"['מ.מייצב אחורי אוקטביה מ05 ימין', 'שמאל']",Skoda: Octavia,,,,,,,,Suspension,,,"Rear, Right, Left",Rear Stabilizer Link,,,2005,
מ.מייצב אחורי אוקטביה מ13 + קודיאק + סופרב מ15,,,,,,['Skoda'],"['מ.מייצב אחורי אוקטביה מ13', 'קודיאק', 'סופרב מ15']","Skoda: Octavia, Skoda: Superb, Skoda: Kodiaq",,,,,,,,Suspension,,,Rear,Rear Stabilizer Link,,,2013,
מ.מייצב אחורי טוסון עד 10,,,,,,['Hyundai'],,Hyundai: Tucson,,,,,,,,Suspension,,,Rear,Rear Stabilizer Link,,,,2010
מ.מייצב אחורי טרנו ימין + שמאל,,,,,,['Nissan'],"['מ.מייצב אחורי טרנו ימין', 'שמאל']",Nissan: Terrano,,,,,,,,Suspension,,,"Rear, Right, Left",Rear Stabilizer Link,,,,
מ.מייצב אחורי ימין לנסר + אווטלנדר מ08,,,,,,['Mitsubishi'],"['מ.מייצב אחורי ימין לנסר', 'אווטלנדר מ08']","Mitsubishi: Lancer, Mitsubishi: Outlander",,,,,,,,Suspension,,,"Rear, Right",Rear Stabilizer Link,,,2008,
מ.מייצב אחורי ימין סנטה פה מ13,,,,,,['Hyundai'],,Hyundai: Santa Fe,,,,,,,,Suspension,,,"Rear, Right",Rear Stabilizer Link,,,2013,
מ.מייצב אחורי מ08 A4 + A5 + Q5,,,,,,['Audi'],"['מ.מייצב אחורי מ08 A4', 'A5', 'Q5']","Audi: A4, Audi: A5, Audi: Q5",,,,,,,,Suspension,,,Rear,Rear Stabilizer Link,,,2008,
מ.מייצב אחורי מ10 IX35 + ספורטאג,,,,,,"['Kia', 'Hyundai']","['מ.מייצב אחורי מ10 IX35', 'ספורטאג']","Hyundai: ix35, Kia: Sportage",,,,,,,,Suspension,,,Rear,Rear Stabilizer Link,,,2010,
מ.מייצב אחורי מ12 ימין + שמאל I30,,,,,,['Hyundai'],"['מ.מייצב אחורי מ12 ימין', 'שמאל I30']",Hyundai: i30,,,,,,,,Suspension,,,"Rear, Right, Left",Rear Stabilizer Link,,,2012,
מ.מייצב אחורי מזדה 3 + 5 עד 12,,,,,,['Mazda'],"['מ.מייצב אחורי מזדה 3', '5 עד 12']",Mazda: Mazda3,,,,,,,,Suspension,,,Rear,Rear Stabilizer Link,,,,2012
מ.מייצב אחורי סיויק מ06 ימין 4 דלתות,,,,,,['Honda'],,Honda: Civic,,,,4 door,,,,Suspension,,,"Rear, Right",Rear Stabilizer Link,,,2006,
מ.מייצב אחורי סיויק מ06 שמאל 4 דלתות,,,,,,['Honda'],,Honda: Civic,,,,4 door,,,,Suspension,,,"Rear, Left",Rear Stabilizer Link,,,2006,
מ.מייצב אחורי עד 11 I30,,,,,,['Hyundai'],,Hyundai: i30,,,,,,,,Suspension,,,Rear,Rear Stabilizer Link,,,,2011
מ.מייצב אחורי פוקוס מ06,,,,,,['Ford'],,Ford: Focus,,,,,,,,Suspension,,,Rear,Rear Stabilizer Link,,,2006,
מ.מייצב אחורי שמאל לנסר + אווטלנדר מ08,,,,,,['Mitsubishi'],"['מ.מייצב אחורי שמאל לנסר', 'אווטלנדר מ08']","Mitsubishi: Lancer, Mitsubishi: Outlander",,,,,,,,Suspension,,,"Rear, Left",Rear Stabilizer Link,,,2008,
מ.מייצב אחורי שמאל סנטה פה מ13,,,,,,['Hyundai'],,Hyundai: Santa Fe,,,,,,,,Suspension,,,"Rear, Left",Rear Stabilizer Link,,,2013,
מ.מייצב קדמי 107 + 206,,,,,,['Peugeot'],"['מ.מייצב קדמי 107', '206']","Peugeot: 107, Peugeot: 206",,,,,,,,Suspension,,,Front,Front Stabilizer Link,,,,
מ.מייצב קדמי A4 + A5 + Q5  ימין + שמאל,,,,,,['Audi'],"['מ.מייצב קדמי A4', 'A5', 'Q5  ימין', 'שמאל']","Audi: A4, Audi: A5, Audi: Q5",,,,,,,,Suspension,,,"Front, Right, Left",Front Stabilizer Link,,,,
מ.מייצב קדמי I20 מ21,,,,,,['Hyundai'],,Hyundai: i20,,,,,,,,Suspension,,,Front,Front Stabilizer Link,,,2021,
מ.מייצב קדמי I30 עד 11 ימין + שמאל,,,,,,['Hyundai'],"['מ.מייצב קדמי I30 עד 11 ימין', 'שמאל']",Hyundai: i30,,,,,,,,Suspension,,,"Front, Right, Left",Front Stabilizer Link,,,,2011
מ.מייצב קדמי I800 ימין,,,,,,['Hyundai'],,Hyundai: i800,,,,,,,,Suspension,,,"Front, Right",Front Stabilizer Link,,,,
מ.מייצב קדמי I800 שמאל,,,,,,['Hyundai'],,Hyundai: i800,,,,,,,,Suspension,,,"Front, Left",Front Stabilizer Link,,,,
מ.מייצב קדמי T5 ימין + שמאל,,,,,,['Volkswagen'],"['מ.מייצב קדמי T5 ימין', 'שמאל']",Volkswagen: Transporter T5,,,,,,,,Suspension,,,"Front, Right, Left",Front Stabilizer Link,,,,
מ.מייצב קדמי אוקטביה מ05,,,,,,['Skoda'],,Skoda: Octavia,,,,,,,,Suspension,,,Front,Front Stabilizer Link,,,2005,
מ.מייצב קדמי אוקטביה מ17 1.5,,,,,,['Skoda'],,Skoda: Octavia,,,,,,1.5 L,,Suspension,,,Front,Front Stabilizer Link,,,2017,
מ.מייצב קדמי איוניק + אילנטרה מ16,,,,,,['Hyundai'],"['מ.מייצב קדמי איוניק', 'אילנטרה מ16']",Hyundai: Ioniq,,,,,,,,Suspension,,,Front,Front Stabilizer Link,,,2016,
מ.מייצב קדמי אנסייט + גאז מ09 ימין + שמאל,,,,,,[],"['מ.מייצב קדמי אנסייט', 'גאז מ09 ימין', 'שמאל']",,,,,,,,,Suspension,,,"Front, Right, Left",Front Stabilizer Link,,,2009,
מ.מייצב קדמי אקסטרייל מ15 ימין,,,,,,['Nissan'],,Nissan: X-Trail,,,,,,,,Suspension,,,"Front, Right",Front Stabilizer Link,,,2015,
מ.מייצב קדמי אקסנט מ07 ימין,,,,,,['Hyundai'],,Hyundai: Accent,,,,,,,,Suspension,,,"Front, Right",Front Stabilizer Link,,,2007,
מ.מייצב קדמי אקסנט מ07 שמאל,,,,,,['Hyundai'],,Hyundai: Accent,,,,,,,,Suspension,,,"Front, Left",Front Stabilizer Link,,,2007,
מ.מייצב קדמי ברלינגו מ08 ימין + שמאל,,,,,,['Citroen'],"['מ.מייצב קדמי ברלינגו מ08 ימין', 'שמאל']",Citroen: Berlingo,,,,,,,,Suspension,,,"Front, Right, Left",Front Stabilizer Link,,,2008,
מ.מייצב קדמי ברלינגו מ19,,,,,,['Citroen'],,Citroen: Berlingo,,,,,,,,Suspension,,,Front,Front Stabilizer Link,,,2019,
מ.מייצב קדמי גוק מ10 + קשקאי מ14,,,,,,['Nissan'],"['מ.מייצב קדמי גוק מ10', 'קשקאי מ14']","Nissan: Qashqai, Nissan: Juke",,,,,,,,Suspension,,,Front,Front Stabilizer Link,,,2010,
מ.מייצב קדמי גימיני,,,,,,['Suzuki'],,Suzuki: Jimny,,,,,,,,Suspension,,,Front,Front Stabilizer Link,,,,
מ.מייצב קדמי טרנו ימין + שמאל,,,,,,['Nissan'],"['מ.מייצב קדמי טרנו ימין', 'שמאל']",Nissan: Terrano,,,,,,,,Suspension,,,"Front, Right, Left",Front Stabilizer Link,,,,
מ.מייצב קדמי יאריס מ06 ימין + שמאל,,,,,,['Toyota'],"['מ.מייצב קדמי יאריס מ06 ימין', 'שמאל']",Toyota: Yaris,,,,,,,,Suspension,,,"Front, Right, Left",Front Stabilizer Link,,,2006,
מ.מייצב קדמי ימין הנטר מ07,,,,,,['Mitsubishi'],,Mitsubishi: Hunter,,,,,,,,Suspension,,,"Front, Right",Front Stabilizer Link,,,2007,
מ.מייצב קדמי ימין לנדקרוזר מ03 + ויגו מ06,,,,,,['Toyota'],"['מ.מייצב קדמי ימין לנדקרוזר מ03', 'ויגו מ06']","Toyota: Hilux Vigo, Toyota: Land Cruiser",,,,,,,,Suspension,,,"Front, Right",Front Stabilizer Link,,,2003,
מ.מייצב קדמי ימין מזדה 6 מ08,,,,,,['Mazda'],,Mazda: Mazda6,,,,,,,,Suspension,,,"Front, Right",Front Stabilizer Link,,,2008,
מ.מייצב קדמי ימין סיויק מ06 ( 4 דלתות ),,,,,,['Honda'],,Honda: Civic,,,,4 door,,,,Suspension,,,"Front, Right",Front Stabilizer Link,,,2006,
מ.מייצב קדמי לנד קרוזר עד 02,,,,,,['Land Rover'],,,,,,,,,,Suspension,,,Front,Front Stabilizer Link,,,,2002
מ.מייצב קדמי לנסר מ04 ימין + שמאל,,,,,,['Mitsubishi'],"['מ.מייצב קדמי לנסר מ04 ימין', 'שמאל']",Mitsubishi: Lancer,,,,,,,,Suspension,,,"Front, Right, Left",Front Stabilizer Link,,,2004,
מ.מייצב קדמי לנסר מ09 ימין + שמאל,,,,,,['Mitsubishi'],"['מ.מייצב קדמי לנסר מ09 ימין', 'שמאל']",Mitsubishi: Lancer,,,,,,,,Suspension,,,"Front, Right, Left",Front Stabilizer Link,,,2009,
מ.מייצב קדמי מ04 B3 + B4,,,,,,['Subaru'],"['מ.מייצב קדמי מ04 B3', 'B4']","Subaru: Legacy B3, Subaru: Legacy B4",,,,,,,,Suspension,,,Front,Front Stabilizer Link,,,2004,
מ.מייצב קדמי מ06 SX4 + סוויפט מ10,,,,,,['Suzuki'],"['מ.מייצב קדמי מ06 SX4', 'סוויפט מ10']","Suzuki: Swift, Suzuki: SX4",,,,,,,,Suspension,,,Front,Front Stabilizer Link,,,2006,
מ.מייצב קדמי מ08 A4 + A5,,,,,,['Audi'],"['מ.מייצב קדמי מ08 A4', 'A5']","Audi: A4, Audi: A5",,,,,,,,Suspension,,,Front,Front Stabilizer Link,,,2008,
מ.מייצב קדמי מ11 I25 + I30 + I25,,,,,,['Hyundai'],"['מ.מייצב קדמי מ11 I25', 'I30', 'I25']","Hyundai: i25, Hyundai: i30",,,,,,,,Suspension,,,Front,Front Stabilizer Link,,,2011,
מ.מייצב קדמי מ11 I25 + I35,,,,,,['Hyundai'],"['מ.מייצב קדמי מ11 I25', 'I35']","Hyundai: i25, Hyundai: i35",,,,,,,,Suspension,,,Front,Front Stabilizer Link,,,2011,
מ.מייצב קדמי מ13 CX5 + מזדה 3 + 6 ימין + שמאל,,,,,,['Mazda'],"['מ.מייצב קדמי מ13 CX5', 'מזדה 3', '6 ימין', 'שמאל']","Mazda: Mazda3, Mazda: CX-5",,,,,,,,Suspension,,,"Front, Right, Left",Front Stabilizer Link,,,2013,
מ.מייצב קדמי מגאן + גרנד קופה מ16,,,,,,['Renault'],"['מ.מייצב קדמי מגאן', 'גרנד קופה מ16']","Renault: Megane, Renault: Grand Coupe",,,,,,,,Suspension,,,Front,Front Stabilizer Link,,,2016,
מ.מייצב קדמי מזדה 3 + 5 עד 12 ימין + שמאל,,,,,,['Mazda'],"['מ.מייצב קדמי מזדה 3', '5 עד 12 ימין', 'שמאל']",Mazda: Mazda3,,,,,,,,Suspension,,,"Front, Right, Left",Front Stabilizer Link,,,,2012
מ.מייצב קדמי מזדה 6 08-12 שמאל,,,,,,['Mazda'],,Mazda: Mazda6,,,,,,,,Suspension,,,"Front, Left",Front Stabilizer Link,,,2008,2012
מ.מייצב קדמי סוויפט מ11 ימין + שמאל,,,,,,['Suzuki'],"['מ.מייצב קדמי סוויפט מ11 ימין', 'שמאל']",Suzuki: Swift,,,,,,,,Suspension,,,"Front, Right, Left",Front Stabilizer Link,,,2011,
מ.מייצב קדמי סנטה פה מ07 ימין,,,,,,['Hyundai'],,Hyundai: Santa Fe,,,,,,,,Suspension,,,"Front, Right",Front Stabilizer Link,,,2007,
מ.מייצב קדמי סנטה פה מ07 שמאל,,,,,,['Hyundai'],,Hyundai: Santa Fe,,,,,,,,Suspension,,,"Front, Left",Front Stabilizer Link,,,2007,
מ.מייצב קדמי ספארק מ10,,,,,,['Chevrolet'],,Chevrolet: Spark,,,,,,,,Suspension,,,Front,Front Stabilizer Link,,,2010,
מ.מייצב קדמי ספורטאג + IX35 מ11 R + L,,,,,,"['Kia', 'Hyundai']","['מ.מייצב קדמי ספורטאג', 'IX35 מ11 R', 'L']","Hyundai: ix35, Kia: Sportage",,,,,,,,Suspension,,,Front,Front Stabilizer Link,,,2011,
מ.מייצב קדמי עד 13 ימין I10,,,,,,['Hyundai'],,Hyundai: i10,,,,,,,,Suspension,,,"Front, Right",Front Stabilizer Link,,,,2013
מ.מייצב קדמי עד 13 שמאל I10,,,,,,['Hyundai'],,Hyundai: i10,,,,,,,,Suspension,,,"Front, Left",Front Stabilizer Link,,,,2013
מ.מייצב קדמי פביה + רומסטר,,,,,,['Skoda'],"['מ.מייצב קדמי פביה', 'רומסטר']","Skoda: Roomster, Skoda: Fabia",,,,,,,,Suspension,,,Front,Front Stabilizer Link,,,,
מ.מייצב קדמי פיאסטה מ09,,,,,,['Ford'],,Ford: Fiesta,,,,,,,,Suspension,,,Front,Front Stabilizer Link,,,2009,
מ.מייצב קדמי פלואנס מ09 ימין + שמאל,,,,,,['Renault'],"['מ.מייצב קדמי פלואנס מ09 ימין', 'שמאל']",Renault: Fluence,,,,,,,,Suspension,,,"Front, Right, Left",Front Stabilizer Link,,,2009,
מ.מייצב קדמי קורולה 03-04 ימין + שמאל,,,,,,['Toyota'],"['מ.מייצב קדמי קורולה 03-04 ימין', 'שמאל']",Toyota: Corolla,,,,,,,,Suspension,,,"Front, Right, Left",Front Stabilizer Link,,,2003,2004
מ.מייצב קדמי קורולה 05-07 ימין + שמאל,,,,,,['Toyota'],"['מ.מייצב קדמי קורולה 05-07 ימין', 'שמאל']",Toyota: Corolla,,,,,,,,Suspension,,,"Front, Right, Left",Front Stabilizer Link,,,2005,2007
מ.מייצב קדמי קורולה מ08 ימין + שמאל,,,,,,['Toyota'],"['מ.מייצב קדמי קורולה מ08 ימין', 'שמאל']",Toyota: Corolla,,,,,,,,Suspension,,,"Front, Right, Left",Front Stabilizer Link,,,2008,
מ.מייצב קדמי קורולה מ19 + CHR מ16 ימין + שמאל,,,,,,['Toyota'],"['מ.מייצב קדמי קורולה מ19', 'CHR מ16 ימין', 'שמאל']","Toyota: Corolla, Toyota: C-HR",,,,,,,,Suspension,,,"Front, Right, Left",Front Stabilizer Link,,,2019,
מ.מייצב קדמי קורסה מ07 ימין + שמאל,,,,,,['Opel'],"['מ.מייצב קדמי קורסה מ07 ימין', 'שמאל']",Opel: Corsa,,,,,,,,Suspension,,,"Front, Right, Left",Front Stabilizer Link,,,2007,
מ.מייצב קדמי קפטיבה שמאל,,,,,,['Chevrolet'],,Chevrolet: Captiva,,,,,,,,Suspension,,,"Front, Left",Front Stabilizer Link,,,,
מ.מייצב קדמי שמאל הנטר מ07,,,,,,['Mitsubishi'],,Mitsubishi: Hunter,,,,,,,,Suspension,,,"Front, Left",Front Stabilizer Link,,,2007,
מ.מייצב קדמי שמאל לנדקרוזר מ03 + ויגו מ06,,,,,,['Toyota'],"['מ.מייצב קדמי שמאל לנדקרוזר מ03', 'ויגו מ06']","Toyota: Hilux Vigo, Toyota: Land Cruiser",,,,,,,,Suspension,,,"Front, Left",Front Stabilizer Link,,,2003,
מ.מייצב קדמי שמאל מזדה 6 מ08,,,,,,['Mazda'],,Mazda: Mazda6,,,,,,,,Suspension,,,"Front, Left",Front Stabilizer Link,,,2008,
מ.מייצב קדמי שמאל סיויק מ06 ( 4 דלתות ),,,,,,['Honda'],,Honda: Civic,,,,4 door,,,,Suspension,,,"Front, Left",Front Stabilizer Link,,,2006,
מ.מייצב קדמי שמאל עד 14 I20 + פיקנטו מ11,,,,,,"['Kia', 'Hyundai']","['מ.מייצב קדמי שמאל עד 14 I20', 'פיקנטו מ11']","Hyundai: i20, Kia: Picanto",,,,,,,,Suspension,,,"Front, Left",Front Stabilizer Link,,,2011,2014
מ.מים 1.4 מ15 I20 + I25,,,,,,['Hyundai'],"['מ.מים 1.4 מ15 I20', 'I25']","Hyundai: i20, Hyundai: i25",,,,,,1.4 L,,Cooling,,,,Water Pump,,,2015,
מ.מים 1.6 מ10 C4 + C5,,,,,,['Citroen'],"['מ.מים 1.6 מ10 C4', 'C5']","Citroen: C4, Citroen: C5",,,,,,1.6 L,,Cooling,,,,Water Pump,,,2010,
מ.מים 206 + 207 + 307,,,,,,['Peugeot'],"['מ.מים 206', '207', '307']","Peugeot: 206, Peugeot: 207, Peugeot: 307",,,,,,,,Cooling,,,,Water Pump,,,,
מ.מים 207 מ07 1.4 + 1.6,,,,,,['Peugeot'],"['מ.מים 207 מ07 1.4', '1.6']",Peugeot: 207,,,,,,1.4 L,,Cooling,,,,Water Pump,,,2007,
מ.מים CJZ מ13 1.2 + 1.4,,,,,,[],"['מ.מים CJZ מ13 1.2', '1.4']",,,,,,CJZ,1.2 L,,Cooling,,,,Water Pump,,,2013,
מ.מים I20 מ15 + פיקנטו מ17 1.0,,,,,,"['Kia', 'Hyundai']","['מ.מים I20 מ15', 'פיקנטו מ17 1.0']","Hyundai: i20, Kia: Picanto",,,,,,1.0 L,,Cooling,,,,Water Pump,,,2015,
מ.מים T5 מ15 נפח 2.0,,,,,,['Volkswagen'],,Volkswagen: Transporter T5,,,,,,2.0 L,,Cooling,,,,Water Pump,,,2015,
מ.מים אוקטביה 1.9 + T5 נפח 1.9,,,,,,"['Skoda', 'Volkswagen']","['מ.מים אוקטביה 1.9', 'T5 נפח 1.9']","Skoda: Octavia, Volkswagen: Transporter T5",,,,,,1.9 L,,Cooling,,,,Water Pump,,,,
מ.מים אוקטביה דיזל 1.6 מ13,,,,,,['Skoda'],,Skoda: Octavia,,,,,,1.6 L,Diesel,Cooling,,,,Water Pump,,,2013,
מ.מים אוקטביה מ13 CJS 1.8 + 2.0  חשמלית,,,,,,['Skoda'],"['מ.מים אוקטביה מ13 CJS 1.8', '2.0  חשמלית']",Skoda: Octavia,,,,,CJS,1.8 L,,Cooling,,,,Water Pump,,,2013,
מ.מים אוקטביה מ17 נפח 1.5,,,,,,['Skoda'],,Skoda: Octavia,,,,,,1.5 L,,Cooling,,,,Water Pump,,,2017,
מ.מים אוקטביה עד 04 נפח 2.0,,,,,,['Skoda'],,Skoda: Octavia,,,,,,2.0 L,,Cooling,,,,Water Pump,,,,2004
מ.מים אלמרה פרפקט מ01,,,,,,[],,,,,,,,,,Cooling,,,,Water Pump,,,2001,
מ.מים אמארוק טווארג מ18 + Q7 נפח 3.0,,,,,,"['Audi', 'Volkswagen']","['מ.מים אמארוק טווארג מ18', 'Q7 נפח 3.0']","Audi: Q7, Volkswagen: Touareg, Volkswagen: Amarok",,,,,,3.0 L,,Cooling,,,,Water Pump,,,2018,
מ.מים ברלינגו מ06,,,,,,['Citroen'],,Citroen: Berlingo,,,,,,,,Cooling,,,,Water Pump,,,2006,
מ.מים גוק מ11 מיקרה נפח 1.2,,,,,,['Nissan'],,"Nissan: Juke, Nissan: Micra",,,,,,1.2 L,,Cooling,,,,Water Pump,,,2011,
מ.מים גטס אקסנט מ07,,,,,,['Hyundai'],,"Hyundai: Accent, Hyundai: Getz",,,,,,,,Cooling,,,,Water Pump,,,2007,
מ.מים גטס אקסנט עד 06,,,,,,['Hyundai'],,"Hyundai: Accent, Hyundai: Getz",,,,,,,,Cooling,,,,Water Pump,,,,2006
מ.מים דאציה דאסטר 1.3 מ19,,,,,,['Dacia'],,,,,,,,1.3 L,,Cooling,,,,Water Pump,,,2019,
מ.מים דיזל סנטה פה מ07,,,,,,['Hyundai'],,Hyundai: Santa Fe,,,,,,,Diesel,Cooling,,,,Water Pump,,,2007,
מ.מים דימקס מ08,,,,,,['Isuzu'],,Isuzu: D-Max,,,,,,,,Cooling,,,,Water Pump,,,2008,
מ.מים ויטרה מ19 + ספלאש + אלטו מ09,,,,,,['Suzuki'],"['מ.מים ויטרה מ19', 'ספלאש', 'אלטו מ09']","Suzuki: Vitara, Suzuki: Splash, Suzuki: Alto",,,,,,,,Cooling,,,,Water Pump,,,2019,
מ.מים טוסון + ספורטאג נפח 2.7 עד 10,,,,,,"['Kia', 'Hyundai']","['מ.מים טוסון', 'ספורטאג נפח 2.7 עד 10']","Hyundai: Tucson, Kia: Sportage",,,,,,2.7 L,,Cooling,,,,Water Pump,,,,2010
מ.מים טריוס סיריון 1.3,,,,,,['Daihatsu'],,"Daihatsu: Sirion, Daihatsu: Terios",,,,,,1.3 L,,Cooling,,,,Water Pump,,,,
מ.מים יאריס מ17 נפח 1.5,,,,,,['Toyota'],,Toyota: Yaris,,,,,,1.5 L,,Cooling,,,,Water Pump,,,2017,
מ.מים לנדקרוזר + היילקס + ויגו,,,,,,['Toyota'],"['מ.מים לנדקרוזר', 'היילקס', 'ויגו']","Toyota: Hilux, Toyota: Hilux Vigo, Toyota: Land Cruiser",,,,,,,,Cooling,,,,Water Pump,,,,
מ.מים לנדקרוזר מ03 עם הבית,,,,,,['Toyota'],,Toyota: Land Cruiser,,,,,,,,Cooling,,,,Water Pump,,,2003,
מ.מים לנסר 1.5 מ09 + אווטלנדר 2.4 07-12,,,,,,['Mitsubishi'],"['מ.מים לנסר 1.5 מ09', 'אווטלנדר 2.4 07-12']","Mitsubishi: Lancer, Mitsubishi: Outlander",,,,,,1.5 L,,Cooling,,,,Water Pump,,,2007,2012
מ.מים לנסר מ04,,,,,,['Mitsubishi'],,Mitsubishi: Lancer,,,,,,,,Cooling,,,,Water Pump,,,2004,
מ.מים מגאן + 16v פלואנס בנזין,,,,,,['Renault'],"['מ.מים מגאן', '16v פלואנס בנזין']","Renault: Megane, Renault: Fluence",,,,,,,Gasoline,Cooling,,,,Water Pump,,,,
מ.מים מזדה 2 מזדה 1.6,,,,,,['Mazda'],,Mazda: Mazda2,,,,,,1.6 L,,Cooling,,,,Water Pump,,,,
מ.מים מזדה 3 + 5 + 6 נפח 2.0 עד 12,,,,,,['Mazda'],"['מ.מים מזדה 3', '5', '6 נפח 2.0 עד 12']",Mazda: Mazda3,,,,,,2.0 L,,Cooling,,,,Water Pump,,,,2012
מ.מים מזדה 3 עד 12 נפח 1.6,,,,,,['Mazda'],,Mazda: Mazda3,,,,,,1.6 L,,Cooling,,,,Water Pump,,,,2012
מ.מים ספורטאג + טוסון מ16 2.0,,,,,,"['Kia', 'Hyundai']","['מ.מים ספורטאג', 'טוסון מ16 2.0']","Hyundai: Tucson, Kia: Sportage",,,,,,2.0 L,,Cooling,,,,Water Pump,,,2016,
מ.מים ספורטאג מ10,,,,,,['Kia'],,Kia: Sportage,,,,,,,,Cooling,,,,Water Pump,,,2010,
מ.מים פוקוס מ06,,,,,,['Ford'],,Ford: Focus,,,,,,,,Cooling,,,,Water Pump,,,2006,
מ.מים פורסטר B3 + B4,,,,,,['Subaru'],"['מ.מים פורסטר B3', 'B4']","Subaru: Forester, Subaru: Legacy B3, Subaru: Legacy B4",,,,,,,,Cooling,,,,Water Pump,,,,
מ.מים פיגו מ07 1.4 + 1.6,,,,,,['Peugeot'],"['מ.מים פיגו מ07 1.4', '1.6']",,,,,,,1.4 L,,Cooling,,,,Water Pump,,,2007,
מ.מים פלואנס,,,,,,['Renault'],,Renault: Fluence,,,,,,,,Cooling,,,,Water Pump,,,,
מ.מים קורולה 01-07,,,,,,['Toyota'],,Toyota: Corolla,,,,,,,,Cooling,,,,Water Pump,,,2001,2007
מ.מים קורולה מ08,,,,,,['Toyota'],,Toyota: Corolla,,,,,,,,Cooling,,,,Water Pump,,,2008,
מ.מים קינג,,,,,,['Mazda'],,Mazda: Kingcab,,,,,,,,Cooling,,,,Water Pump,,,,
מ.מים קרוז 1.4 מ11,,,,,,['Chevrolet'],,Chevrolet: Cruze,,,,,,1.4 L,,Cooling,,,,Water Pump,,,2011,
מ.מים קרניבאל מ07 + סנטה פה מ07,,,,,,"['Kia', 'Hyundai']","['מ.מים קרניבאל מ07', 'סנטה פה מ07']","Hyundai: Santa Fe, Kia: Carnival",,,,,,,,Cooling,,,,Water Pump,,,2007,
מ.מים קרפטר מ10 נפח 2.0,,,,,,['Volkswagen'],,Volkswagen: Crafter,,,,,,2.0 L,,Cooling,,,,Water Pump,,,2010,
מ.מים קשקאי מ08 + אקסטרייל מ08,,,,,,['Nissan'],"['מ.מים קשקאי מ08', 'אקסטרייל מ08']","Nissan: Qashqai, Nissan: X-Trail",,,,,,,,Cooling,,,,Water Pump,,,2008,
מ.מים רומסטר + TSI פביה 1.2,,,,,,['Skoda'],"['מ.מים רומסטר', 'TSI פביה 1.2']","Skoda: Roomster, Skoda: Fabia",,,,,TSI,1.2 L,,Cooling,,,,Water Pump,,,,
מ.שחרור אוקטביה 1.6 + 2.0 דיזל,,,,,,['Skoda'],"['מ.שחרור אוקטביה 1.6', '2.0 דיזל']",Skoda: Octavia,,,,,,1.6 L,Diesel,Cooling,,,,Drain Valve,,,,
מ.שחרור קרפטר 2.0,,,,,,['Volkswagen'],,Volkswagen: Crafter,,,,,,2.0 L,,Cooling,,,,Drain Valve,,,,
מ03 1.8 A3 רדיאטור,,,,,,['Audi'],,Audi: A3,,,,,,1.8 L,,Cooling,,,,Radiator,,,2003,
מ04 A4 גלגלת מותח,,,,,,['Audi'],,Audi: A4,,,,,,,,Engine,,,,Tensioner Pulley,,,2004,
מ07 CRV פ.אויר,,,,,,['Honda'],,Honda: CR-V,,,,,,,,Filter,,,,Air Filter,,,2007,
מ07 SX4 פ.מזגן + סוויפט מ06,,,,,,['Suzuki'],"['מ07 SX4 פ.מזגן', 'סוויפט מ06']","Suzuki: Swift, Suzuki: SX4",,,,,,,,Filter,,,,AC Filter,,,2007,
מ07 X6 + X5 פ.מזגן ב.מ.וו,,,,,,['BMW'],"['מ07 X6', 'X5 פ.מזגן ב.מ.וו']","BMW: X5, BMW: X6",,,,,,,,Filter,,,,AC Filter,,,2007,
מ08 A4 + A5 פ.שמן,,,,,,['Audi'],"['מ08 A4', 'A5 פ.שמן']","Audi: A4, Audi: A5",,,,,,,,Filter,,,,Oil Filter,,,2008,
מ08 A4 ציריה,,,,,,['Audi'],,Audi: A4,,,,,,,,Drivetrain,,,,CV Axle,,,2008,
מ08 I10 ז.הגה,,,,,,['Hyundai'],,Hyundai: i10,,,,,,,,Steering,,,,Steering Arm,,,2008,
מ08 I30 + I20 מ.מים,,,,,,['Hyundai'],"['מ08 I30', 'I20 מ.מים']","Hyundai: i20, Hyundai: i30",,,,,,,,Cooling,,,,Water Pump,,,2008,
מ08 I800 מותח סורנטו מ03,,,,,,"['Kia', 'Hyundai']",,"Hyundai: i800, Kia: Sorento",,,,,,,,Engine,,,,Tensioner,,,2008,
מ08 I800 צלחות אחורי,,,,,,['Hyundai'],,Hyundai: i800,,,,,,,,Brake,,,Rear,Brake Discs,,,2008,
מ08 Q5 בולם קדמי,,,,,,['Audi'],,Audi: Q5,,,,,,,,Suspension,,,Front,Front Shock Absorber,,,2008,
מ08 Q5 מאוורר,,,,,,['Audi'],,Audi: Q5,,,,,,,,Cooling,,,,Radiator Fan,,,2008,
מ08 Q5 נשם 1.8 + 2.0,,,,,,['Audi'],"['מ08 Q5 נשם 1.8', '2.0']",Audi: Q5,,,,,,1.8 L,,Engine,,,,Crankcase Vent,,,2008,
מ09 I10 + I30 פלגים,,,,,,['Hyundai'],"['מ09 I10', 'I30 פלגים']","Hyundai: i10, Hyundai: i30",,,,,,,,Ignition,,,,Spark Plugs,,,2009,
מ10 A8 אויר,,,,,,['Audi'],,Audi: A8,,,,,,,,,,,,,,,2010,
מ10 IX35 פ.אויר ספורטאג,,,,,,"['Kia', 'Hyundai']",,"Hyundai: ix35, Kia: Sportage",,,,,,,,Filter,,,,Air Filter,,,2010,
מ10 IX35 ת.בולם + ספורטאג מ10,,,,,,"['Kia', 'Hyundai']","['מ10 IX35 ת.בולם', 'ספורטאג מ10']","Hyundai: ix35, Kia: Sportage",,,,,,,,Suspension,,,,Shock Absorber Bushing,,,2010,
מ10 Q7 מ.מים,,,,,,['Audi'],,Audi: Q7,,,,,,,,Cooling,,,,Water Pump,,,2010,
מ10 X4 + X3 פ.מזגן ב.מ.וו,,,,,,['BMW'],"['מ10 X4', 'X3 פ.מזגן ב.מ.וו']","BMW: X3, BMW: X4",,,,,,,,Filter,,,,AC Filter,,,2010,
מ11 A6 ח.בלם,,,,,,['Audi'],,Audi: A6,,,,,,,,Brake,,,,Brake Sensor,,,2011,
מ11 I10 מ.מים נפח 1.2,,,,,,['Hyundai'],,Hyundai: i10,,,,,,1.2 L,,Cooling,,,,Water Pump,,,2011,
מ11 I25  פ.אויר,,,,,,['Hyundai'],,Hyundai: i25,,,,,,,,Filter,,,,Air Filter,,,2011,
מ11 I25 + I35 פ.מזגן,,,,,,['Hyundai'],"['מ11 I25', 'I35 פ.מזגן']","Hyundai: i25, Hyundai: i35",,,,,,,,Filter,,,,AC Filter,,,2011,
מ11 I30 פ.מזגן + איוניק + טוסון מ15,,,,,,['Hyundai'],"['מ11 I30 פ.מזגן', 'איוניק', 'טוסון מ15']","Hyundai: i30, Hyundai: Tucson, Hyundai: Ioniq",,,,,,,,Filter,,,,AC Filter,,,2011,
מ11 I35 מ.מים,,,,,,['Hyundai'],,Hyundai: i35,,,,,,,,Cooling,,,,Water Pump,,,2011,
מ11 I35 משולש ימין,,,,,,['Hyundai'],,Hyundai: i35,,,,,,,,Suspension,,,Right,Right Control Arm,,,2011,
מ11 I800 מ.מים,,,,,,['Hyundai'],,Hyundai: i800,,,,,,,,Cooling,,,,Water Pump,,,2011,
מ11 Q3 מאורר,,,,,,['Audi'],,Audi: Q3,,,,,,,,Cooling,,,,Radiator Fan,,,2011,
מ11 X3 + X4 מ14 ח.בלם קדמי,,,,,,['BMW'],"['מ11 X3', 'X4 מ14 ח.בלם קדמי']","BMW: X3, BMW: X4",,,,,,,,Brake,,,Front,Brake Sensor,,,2011,
מ12 I30 משולש סיד מ12 ימין,,,,,,"['Kia', 'Hyundai']",,"Hyundai: i30, Kia: Ceed",,,,,,,,Suspension,,,Right,Control Arm,,,2012,
מ12 I30 פ.אויר דיזל,,,,,,['Hyundai'],,Hyundai: i30,,,,,,,Diesel,Filter,,,,Air Filter,,,2012,
מ12 I35 פ.אויר + I30 מ12,,,,,,['Hyundai'],"['מ12 I35 פ.אויר', 'I30 מ12']","Hyundai: i30, Hyundai: i35",,,,,,,,Filter,,,,Air Filter,,,2012,
מ12 Q5 מיכל עיבוי,,,,,,['Audi'],,Audi: Q5,,,,,,,,Cooling,,,,Coolant Reservoir,,,2012,
מ12 XV כוהל,,,,,,['Subaru'],,Subaru: XV,,,,,,,,Cooling,,,,Thermostat,,,2012,
מ12 XV מותח,,,,,,['Subaru'],,Subaru: XV,,,,,,,,Engine,,,,Tensioner,,,2012,
מ12 XV משולש שמאלbtw,,,,,,['Subaru'],,Subaru: XV,,,,,,,,Suspension,,,Left,Left Control Arm,,,2012,
מ12 זוג I20 פ.מזגן,,,,,,['Hyundai'],,Hyundai: i20,,,,,,,,Filter,,,,AC Filter,,,2012,
מ12 פלנץ טרמוסטט קפצור + קליאו + קשקאי נפח 1.2,,,,,,"['Renault', 'Nissan']","['מ12 פלנץ טרמוסטט קפצור', 'קליאו', 'קשקאי נפח 1.2']","Nissan: Qashqai, Renault: Clio, Renault: Captur",,,,,,1.2 L,,Cooling,,,,Thermostat Housing,,,2012,
מ13 CJZ פלגים 1.2,,,,,,[],,,,,,,CJZ,1.2 L,,Ignition,,,,Spark Plugs,,,2013,
מ13 CJZ קולר סעפת,,,,,,[],,,,,,,CJZ,1.2 L,,Engine,,,,Intake Manifold Oil Cooler,,,2013,
מ13 CLA פ.שמן,,,,,,['Mercedes'],,Mercedes: CLA,,,,,,,,Filter,,,,Oil Filter,,,2013,
מ13 SX4 + ויטרה דסקיות קדמי,,,,,,['Suzuki'],"['מ13 SX4', 'ויטרה דסקיות קדמי']","Suzuki: Vitara, Suzuki: SX4",,,,,,,,Brake,,,Front,Brake Discs,,,2013,
מ13 SX4 פ.מזגן + ויטרה מ15,,,,,,['Suzuki'],"['מ13 SX4 פ.מזגן', 'ויטרה מ15']","Suzuki: Vitara, Suzuki: SX4",,,,,,,,Filter,,,,AC Filter,,,2013,
מ13 דסקיות קדמי אוקטביה ATE,,,,,,['Skoda'],,Skoda: Octavia,,,,,,,,Brake,,,Front,Brake Discs,,,2013,
מ13 תושבת מנוע אחורי CX5 + 3 + 6 מזדה משקפיים,,,,,,['Mazda'],"['מ13 תושבת מנוע אחורי CX5', '3', '6 מזדה משקפיים']",Mazda: CX-5,,,,,,,,Engine,,,Rear,Engine Mount,,,2013,
מ14 I10 + I20 פלגים,,,,,,['Hyundai'],"['מ14 I10', 'I20 פלגים']","Hyundai: i10, Hyundai: i20",,,,,,,,Ignition,,,,Spark Plugs,,,2014,
מ14 I10 ח.קראנק נפח 1.0,,,,,,['Hyundai'],,Hyundai: i10,,,,,,1.0 L,,Sensor,,,,Crankshaft Position Sensor,,,2014,
מ14 I10 פ.אויר,,,,,,['Hyundai'],,Hyundai: i10,,,,,,,,Filter,,,,Air Filter,,,2014,
מ14 I20 + ריו מ12 צלחות קדמי,,,,,,"['Kia', 'Hyundai']","['מ14 I20', 'ריו מ12 צלחות קדמי']","Hyundai: i20, Kia: Rio",,,,,,,,Brake,,,Front,Brake Discs,,,2014,
מ15 A4 + מ17 A5 דסקיות קדמי,,,,,,['Audi'],"['מ15 A4', 'מ17 A5 דסקיות קדמי']","Audi: A4, Audi: A5",,,,,,,,Brake,,,Front,Brake Discs,,,2015,
מ15 C4 טרמוסטט + 3008 + 5008 מ15,,,,,,"['Citroen', 'Peugeot']","['מ15 C4 טרמוסטט', '3008', '5008 מ15']","Citroen: C4, Peugeot: 3008, Peugeot: 5008",,,,,,,,Cooling,,,,Thermostat,,,2015,
מ15 I20 ח.קראנק,,,,,,['Hyundai'],,Hyundai: i20,,,,,,,,Sensor,,,,Crankshaft Position Sensor,,,2015,
מ15 I20 פ.אויר,,,,,,['Hyundai'],,Hyundai: i20,,,,,,,,Filter,,,,Air Filter,,,2015,
מ15 I20 פלגים,,,,,,['Hyundai'],,Hyundai: i20,,,,,,,,Ignition,,,,Spark Plugs,,,2015,
מ15 I35 צ.עליון,,,,,,['Hyundai'],,Hyundai: i35,,,,,,,,Cooling,,,Upper,Upper Radiator Hose,,,2015,
מ15 Q7 + َQ8 פ.סולר,,,,,,['Audi'],"['מ15 Q7', 'َQ8 פ.סולר']","Audi: Q7, Audi: Q8",,,,,,,Diesel,Filter,,,,Fuel Filter (Diesel),,,2015,
מ15 T6 פ.סולר,,,,,,['Volkswagen'],,Volkswagen: Transporter T6,,,,,,,Diesel,Filter,,,,Fuel Filter (Diesel),,,2015,
מ15 X1 דסקיות קדמי,,,,,,['BMW'],,BMW: X1,,,,,,,,Brake,,,Front,Brake Discs,,,2015,
מ15 X1 פ.אויר + סדרה 2 מ14,,,,,,['BMW'],"['מ15 X1 פ.אויר', 'סדרה 2 מ14']","BMW: X1, BMW: 2 Series",,,,,,,,Filter,,,,Air Filter,,,2015,
מ16 A7 פ.שמן,,,,,,['Audi'],,Audi: A7,,,,,,,,Filter,,,,Oil Filter,,,2016,
מ16 I25 כוהל,,,,,,['Hyundai'],,Hyundai: i25,,,,,,,,Cooling,,,,Thermostat,,,2016,
מ16 Q3 מאוורר,,,,,,['Audi'],,Audi: Q3,,,,,,,,Cooling,,,,Radiator Fan,,,2016,
מ16 Q5 צלחות קדמי,,,,,,['Audi'],,Audi: Q5,,,,,,,,Brake,,,Front,Brake Discs,,,2016,
מ16 Q7 + Q8 פ.שמן,,,,,,['Audi'],"['מ16 Q7', 'Q8 פ.שמן']","Audi: Q7, Audi: Q8",,,,,,,,Filter,,,,Oil Filter,,,2016,
מ16 Q7 פ.מזגן + A4 + A5 מ16,,,,,,['Audi'],"['מ16 Q7 פ.מזגן', 'A4', 'A5 מ16']","Audi: A4, Audi: A5, Audi: Q7",,,,,,,,Filter,,,,AC Filter,,,2016,
מ16 SX4 פלגים,,,,,,['Suzuki'],,Suzuki: SX4,,,,,,,,Ignition,,,,Spark Plugs,,,2016,
מ16 ימין A5 + A4 ז.פרונט עליון ישר,,,,,,['Audi'],"['מ16 ימין A5', 'A4 ז.פרונט עליון ישר']","Audi: A4, Audi: A5",,,,,,,,Steering,,,"Right, Upper",Front Axle Control Arm,,,2016,
מ16 נפח 1.0 ציריה ימין פולו + איביזה,,,,,,"['Seat', 'Volkswagen']","['מ16 נפח 1.0 ציריה ימין פולו', 'איביזה']","Volkswagen: Polo, Seat: Ibiza",,,,,,1.0 L,,Drivetrain,,,Right,Right CV Axle,,,2016,
מ17 C3 פ.אויר + C4 + 308 מ13,,,,,,"['Citroen', 'Peugeot']","['מ17 C3 פ.אויר', 'C4', '308 מ13']","Citroen: C3, Citroen: C4, Peugeot: 308",,,,,,,,Filter,,,,Air Filter,,,2017,
מ17 C3 פ.מזגן,,,,,,['Citroen'],,Citroen: C3,,,,,,,,Filter,,,,AC Filter,,,2017,
מ17 I30 כוהל,,,,,,['Hyundai'],,Hyundai: i30,,,,,,,,Cooling,,,,Thermostat,,,2017,
מ17 I30 ציהור עליון,,,,,,['Hyundai'],,Hyundai: i30,,,,,,,,,,,Upper,,,,2017,
מ17 XT5 פ.אויר קאדילe + טראוורס מ18,,,,,,"['Cadillac', 'Chevrolet']","['מ17 XT5 פ.אויר קאדילe', 'טראוורס מ18']","Chevrolet: Traverse, Cadillac: XT5",,,,,,,,Filter,,,,Air Filter,,,2017,
מ17 XV פ.אויר,,,,,,['Subaru'],,Subaru: XV,,,,,,,,Filter,,,,Air Filter,,,2017,
מ18 Q7 פ.שמן + טווארג 3.0 מ18,,,,,,"['Audi', 'Volkswagen']","['מ18 Q7 פ.שמן', 'טווארג 3.0 מ18']","Audi: Q7, Volkswagen: Touareg",,,,,,3.0 L,,Filter,,,,Oil Filter,,,2018,
מ18 X5 + X6 פ.שמן,,,,,,['BMW'],"['מ18 X5', 'X6 פ.שמן']","BMW: X5, BMW: X6",,,,,,,,Filter,,,,Oil Filter,,,2018,
מ19 A6 אויר,,,,,,['Audi'],,Audi: A6,,,,,,,,,,,,,,,2019,
מ19 GLE פ.אויר + CLASS מ18,,,,,,['Mercedes'],"['מ19 GLE פ.אויר', 'CLASS מ18']",Mercedes: GLE,,,,,,,,Filter,,,,Air Filter,,,2019,
מ19 I10 פ.אויר,,,,,,['Hyundai'],,Hyundai: i10,,,,,,,,Filter,,,,Air Filter,,,2019,
מאוור קרפטר + ספרינטר מ07,,,,,,"['Mercedes', 'Volkswagen']","['מאוור קרפטר', 'ספרינטר מ07']","Mercedes: Sprinter, Volkswagen: Crafter",,,,,,,,Cooling,,,,Radiator Fan,,,2007,
מאוורר קשקאי מ14 אקסרייל עם הנגד,,,,,,['Nissan'],,Nissan: Qashqai,,,,,,,,Cooling,,,,Radiator Fan,,,2014,
מאורר אוקטביה מ05 גדול,,,,,,['Skoda'],,Skoda: Octavia,,,,,,,,Cooling,,,,Radiator Fan,,,2005,
מאורר איביזה + פביה מ09,,,,,,"['Seat', 'Skoda']","['מאורר איביזה', 'פביה מ09']","Skoda: Fabia, Seat: Ibiza",,,,,,,,Cooling,,,,Radiator Fan,,,2009,
מאורר ברלינגו מ04,,,,,,['Citroen'],,Citroen: Berlingo,,,,,,,,Cooling,,,,Radiator Fan,,,2004,
מאורר גוק מ10,,,,,,['Nissan'],,Nissan: Juke,,,,,,,,Cooling,,,,Radiator Fan,,,2010,
מאורר מושלם קורולה מ08,,,,,,['Toyota'],,Toyota: Corolla,,,,,,,,Cooling,,,,Radiator Fan,,,2008,
מאורר קטן אוקטביה מ05,,,,,,['Skoda'],,Skoda: Octavia,,,,,,,,Cooling,,,,Radiator Fan,,,2005,
מאורר קשקאי מ14 כולל נגד,,,,,,['Nissan'],,Nissan: Qashqai,,,,,,,,Cooling,,,,Radiator Fan,,,2014,
מאורר ריו מ11 + I25 מ11,,,,,,"['Kia', 'Hyundai']","['מאורר ריו מ11', 'I25 מ11']","Hyundai: i25, Kia: Rio",,,,,,,,Cooling,,,,Radiator Fan,,,2011,
מאייד אוקטביה מ05,,,,,,['Skoda'],,Skoda: Octavia,,,,,,,,,,,,,,,2005,
מגע 1 כתום עם בסיס ישר,,,,,,[],,,,,,,,,,General,,,,Base,,,,
מגע 1 ללא בסיס,,,,,,[],,,,,,,,,,General,,,,Base,,,,
מגע 1 עם בסיס לא ישר,,,,,,[],,,,,,,,,,General,,,,Base,,,,
מדיד שמן איוניק,,,,,,['Hyundai'],,Hyundai: Ioniq,,,,,,,,Engine,,,,Dipstick,,,,
מדיד שמן מזדה 3 + 2,,,,,,['Mazda'],"['מדיד שמן מזדה 3', '2']",Mazda: Mazda3,,,,,,,,Engine,,,,Dipstick,,,,
מוט הגה פגירו מ01,,,,,,['Mitsubishi'],,Mitsubishi: Pajero,,,,,,,,Steering,,,,Steering Column,,,2001,
מוט מייצב קדמי גטס ימין,,,,,,['Hyundai'],,Hyundai: Getz,,,,,,,,Suspension,,,"Front, Right",Front Stabilizer,,,,
מוט מייצב קדמי גטס שמאל,,,,,,['Hyundai'],,Hyundai: Getz,,,,,,,,Suspension,,,"Front, Left",Front Stabilizer,,,,
מוט מייצב קדמי מזדה 6 08-12 ימין,,,,,,['Mazda'],,Mazda: Mazda6,,,,,,,,Suspension,,,"Front, Right",Front Stabilizer,,,2008,2012
מוט קישור דימקס עד 06,,,,,,['Isuzu'],,Isuzu: D-Max,,,,,,,,Steering,,,,Tie Rod,,,,2006
מוט קישור לנסר מ08,,,,,,['Mitsubishi'],,Mitsubishi: Lancer,,,,,,,,Steering,,,,Tie Rod,,,2008,
מוט קישור סיויק מ06 4 דלתות,,,,,,['Honda'],,Honda: Civic,,,,4 door,,,,Steering,,,,Tie Rod,,,2006,
מוט קישור פסאט מ15,,,,,,['Volkswagen'],,Volkswagen: Passat,,,,,,,,Steering,,,,Tie Rod,,,2015,
מוט קישור קרפטר + ספרינטר ימין + שמאל מ07,,,,,,"['Mercedes', 'Volkswagen']","['מוט קישור קרפטר', 'ספרינטר ימין', 'שמאל מ07']","Mercedes: Sprinter, Volkswagen: Crafter",,,,,,,,Steering,,,"Right, Left",Tie Rod,,,2007,
מותח A4 + A5 מ08,,,,,,['Audi'],"['מותח A4', 'A5 מ08']","Audi: A4, Audi: A5",,,,,,,,Engine,,,,Tensioner,,,2008,
מותח אאוטלנדר מ13,,,,,,['Mitsubishi'],,Mitsubishi: Outlander,,,,,,,,Engine,,,,Tensioner,,,2013,
מותח אוקטביה CBZ 1.4 + 1.2,,,,,,['Skoda'],"['מותח אוקטביה CBZ 1.4', '1.2']",Skoda: Octavia,,,,,CBZ,1.2 L,,Engine,,,,Tensioner,,,,
מותח אוקטביה מ13 1.6 + 2.0 דיזל,,,,,,['Skoda'],"['מותח אוקטביה מ13 1.6', '2.0 דיזל']",Skoda: Octavia,,,,,,1.6 L,Diesel,Engine,,,,Tensioner,,,2013,
מותח ברלינגו 1.6 מ11,,,,,,['Citroen'],,Citroen: Berlingo,,,,,,1.6 L,,Engine,,,,Tensioner,,,2011,
מותח ברלינגו מ15 פיגו 3008 1.6 דיזל,,,,,,"['Citroen', 'Peugeot']",,"Citroen: Berlingo, Peugeot: 3008",,,,,,1.6 L,Diesel,Engine,,,,Tensioner,,,2015,
מותח דוקטו 2.3 מ07,,,,,,['Fiat'],,Fiat: Ducato,,,,,,2.3 L,,Engine,,,,Tensioner,,,2007,
מותח חיצוני קורולה 01-07,,,,,,['Toyota'],,Toyota: Corolla,,,,,,,,Engine,,,External,Tensioner,,,2001,2007
מותח מזדה 3 נפח 1.6 עד 12,,,,,,['Mazda'],,Mazda: Mazda3,,,,,,1.6 L,,Engine,,,,Tensioner,,,,2012
מותח מזדה 6 מ13 מ13 CX5 + מזדה 3,,,,,,['Mazda'],"['מותח מזדה 6 מ13 מ13 CX5', 'מזדה 3']","Mazda: Mazda3, Mazda: Mazda6, Mazda: CX-5",,,,,,,,Engine,,,,Tensioner,,,2013,
מותח מקורי Q7 מ15,,,,,,['Audi'],,Audi: Q7,,,,,,,,Engine,,,,Tensioner,,,2015,
מותח מקורי אוקטביה 1.5 מ17,,,,,,['Skoda'],,Skoda: Octavia,,,,,,1.5 L,,Engine,,,,Tensioner,,,2017,
מותח מקורי מ16 Q7 + Q8,,,,,,['Audi'],"['מותח מקורי מ16 Q7', 'Q8']","Audi: Q7, Audi: Q8",,,,,,,,Engine,,,,Tensioner,,,2016,
מותח סוניק + קרוז 1.4 מ11,,,,,,['Chevrolet'],"['מותח סוניק', 'קרוז 1.4 מ11']","Chevrolet: Cruze, Chevrolet: Sonic",,,,,,1.4 L,,Engine,,,,Tensioner,,,2011,
מותח סורנטו נפח 2.4 מ15,,,,,,['Kia'],,Kia: Sorento,,,,,,2.4 L,,Engine,,,,Tensioner,,,2015,
מותח סנטה פה 2.7 + טוסון 2.7 עד 10,,,,,,['Hyundai'],"['מותח סנטה פה 2.7', 'טוסון 2.7 עד 10']","Hyundai: Tucson, Hyundai: Santa Fe",,,,,,2.7 L,,Engine,,,,Tensioner,,,,2010
מותח ספורטאג + טוסון מ16 2.0,,,,,,"['Kia', 'Hyundai']","['מותח ספורטאג', 'טוסון מ16 2.0']","Hyundai: Tucson, Kia: Sportage",,,,,,2.0 L,,Engine,,,,Tensioner,,,2016,
מותח ספרינטר 518 + 519,,,,,,['Mercedes'],"['מותח ספרינטר 518', '519']",Mercedes: Sprinter,,,,,,,,Engine,,,,Tensioner,,,,
מותח קרוז + סוניק 1.4,,,,,,['Chevrolet'],"['מותח קרוז', 'סוניק 1.4']","Chevrolet: Cruze, Chevrolet: Sonic",,,,,,1.4 L,,Engine,,,,Tensioner,,,,
מותח קרפטר מ10,,,,,,['Volkswagen'],,Volkswagen: Crafter,,,,,,,,Engine,,,,Tensioner,,,2010,
מותח קרפטר מ16 נפח 2.0,,,,,,['Volkswagen'],,Volkswagen: Crafter,,,,,,2.0 L,,Engine,,,,Tensioner,,,2016,
מותח קשקאי 1.2 + קליאו מ13,,,,,,"['Renault', 'Nissan']","['מותח קשקאי 1.2', 'קליאו מ13']","Nissan: Qashqai, Renault: Clio",,,,,,1.2 L,,Engine,,,,Tensioner,,,2013,
מותח רנו + דציה,,,,,,"['Renault', 'Dacia']","['מותח רנו', 'דציה']",,,,,,,,,Engine,,,,Tensioner,,,,
מותח רצועה מזדה 3+5 2.0,,,,,,['Mazda'],"['מותח רצועה מזדה 3', '5 2.0']",Mazda: Mazda3,,,,,,2.0 L,,Engine,,,,Belt,,,,
מותח שרשרת קורולה 01-07,,,,,,['Toyota'],,Toyota: Corolla,,,,,,,,Engine,,,,Tensioner,,,2001,2007
מותח שרשרת קמשפט ברלינגו 1.5 מ19,,,,,,['Citroen'],,Citroen: Berlingo,,,,,,1.5 L,,Engine,,,,Tensioner,,,2019,
מזדה 2 עד 14 רדיאטור,,,,,,['Mazda'],,Mazda: Mazda2,,,,,,,,Cooling,,,,Radiator,,,,2014
מזדה 3 + 5 2.0 פ.אויר עד 12,,,,,,['Mazda'],"['מזדה 3', '5 2.0 פ.אויר עד 12']",Mazda: Mazda3,,,,,,2.0 L,,Filter,,,,Air Filter,,,,2012
מזדה 3 מ13,,,,,,['Mazda'],,Mazda: Mazda3,,,,,,,,,,,,,,,2013,
מזדה 3+5+6 CX5 מ13,,,,,,['Mazda'],"['מזדה 3', '5', '6 CX5 מ13']","Mazda: Mazda3, Mazda: CX-5",,,,,,,,,,,,,,,2013,
מזדה CX5 מזדה 6 מ13 L,,,,,,['Mazda'],,"Mazda: Mazda6, Mazda: CX-5",,,,,,,,,,,,,,,2013,
מזלג מצמד ברלינגו מ08,,,,,,['Citroen'],,Citroen: Berlingo,,,,,,,,Drivetrain,,,,Clutch Fork,,,2008,
מחבר ישר לצינור טוסון + אופטימה,,,,,,"['Kia', 'Hyundai']","['מחבר ישר לצינור טוסון', 'אופטימה']","Hyundai: Tucson, Kia: Optima",,,,,,,,Cooling,,,,Straight Connector,,,,
מחבר ישר מזדה,,,,,,['Mazda'],,,,,,,,,,Cooling,,,,Straight Connector,,,,
מחבר מים אוקטביה 1.2 CBZ 09-15,,,,,,['Skoda'],,Skoda: Octavia,,,,,CBZ,1.2 L,,Cooling,,,,Coolant Connector,,,2009,2015
מחבר מים מתכת מזדה 3 מ09 1.6,,,,,,['Mazda'],,Mazda: Mazda3,,,,,,1.6 L,,Cooling,Metal,,,Coolant Connector,,,2009,
מחבר צינור מים קורולה מ08,,,,,,['Toyota'],,Toyota: Corolla,,,,,,,,Cooling,,,,Hose Connector,,,2008,
מחזיר שמן 40 52 רנו + יונדאי,,,,,,"['Renault', 'Hyundai']","['מחזיר שמן 40 52 רנו', 'יונדאי']",,,,,,,,,Engine,,,,Oil Seal,,,,
מחזיר שמן אחורי 1.2 CJZ,,,,,,[],,,,,,,CJZ,1.2 L,,Engine,,,Rear,Rear Main Seal,,,,
מחזיר שמן אחורי I20 + I30,,,,,,['Hyundai'],"['מחזיר שמן אחורי I20', 'I30']","Hyundai: i20, Hyundai: i30",,,,,,,,Engine,,,Rear,Rear Main Seal,,,,
מחזיר שמן אחורי טוסון מ16 2.0,,,,,,['Hyundai'],,Hyundai: Tucson,,,,,,2.0 L,,Engine,,,Rear,Rear Main Seal,,,2016,
מחזיר שמן אחורי מזדה 3 1.6,,,,,,['Mazda'],,Mazda: Mazda3,,,,,,1.6 L,,Engine,,,Rear,Rear Main Seal,,,,
מחזיר שמן אחורי פוקוס,,,,,,['Ford'],,Ford: Focus,,,,,,,,Engine,,,Rear,Rear Main Seal,,,,
מחזיר שמן אחורי קורולה 01-07,,,,,,['Toyota'],,Toyota: Corolla,,,,,,,,Engine,,,Rear,Rear Main Seal,,,2001,2007
מחזיר שמן אחורי קורולה מ08,,,,,,['Toyota'],,Toyota: Corolla,,,,,,,,Engine,,,Rear,Rear Main Seal,,,2008,
מחזיר שמן ברלינגו 1.6,,,,,,['Citroen'],,Citroen: Berlingo,,,,,,1.6 L,,Engine,,,,Oil Seal,,,,
מחזיר שמן טיימינג CAX 1.4 + BTS 1.6,,,,,,[],"['מחזיר שמן טיימינג CAX 1.4', 'BTS 1.6']",,,,,,CAX,1.4 L,,Engine,,,,Timing Cover Seal,,,,
מחזיר שמן טיימינג CRM 2.0 + 1.6,,,,,,[],"['מחזיר שמן טיימינג CRM 2.0', '1.6']",,,,,,CRM,2.0 L,,Engine,,,,Timing Cover Seal,,,,
מחזיר שמן טיימינג יונדאי,,,,,,['Hyundai'],,,,,,,,,,Engine,,,,Timing Cover Seal,,,,
מחזיר שמן למרססים טויוטה,,,,,,['Toyota'],,,,,,,,,,Engine,,,,Injector Seal,,,,
מחזיר שמן פולי CRM אוקטביה מ13,,,,,,['Skoda'],,Skoda: Octavia,,,,,CRM,2.0 L,,Engine,,,,Crankshaft Seal,,,2013,
מחזיר שמן פולי Q7 + אוקטביה,,,,,,"['Audi', 'Skoda']","['מחזיר שמן פולי Q7', 'אוקטביה']","Skoda: Octavia, Audi: Q7",,,,,,,,Engine,,,,Crankshaft Seal,,,,
מחזיר שמן פולי אטראג + ספייס סטאר,,,,,,['Mitsubishi'],"['מחזיר שמן פולי אטראג', 'ספייס סטאר']","Mitsubishi: Attrage, Mitsubishi: Space Star",,,,,,,,Engine,,,,Crankshaft Seal,,,,
מחזיר שמן פולי מזדה 3 1.6,,,,,,['Mazda'],,Mazda: Mazda3,,,,,,1.6 L,,Engine,,,,Crankshaft Seal,,,,
מחזיר שמן פולי קורולה 01-07,,,,,,['Toyota'],,Toyota: Corolla,,,,,,,,Engine,,,,Crankshaft Seal,,,2001,2007
מחזיר שמן ציריה I20 + אקסנט מ07,,,,,,['Hyundai'],"['מחזיר שמן ציריה I20', 'אקסנט מ07']","Hyundai: i20, Hyundai: Accent",,,,,,,,Drivetrain,,,,Axle Seal,,,2007,
מחזיר שמן ציריה אקסנט,,,,,,['Hyundai'],,Hyundai: Accent,,,,,,,,Drivetrain,,,,Axle Seal,,,,
מחזיר שמן ציריה קורולה 03-07,,,,,,['Toyota'],,Toyota: Corolla,,,,,,,,Drivetrain,,,,Axle Seal,,,2003,2007
מחזיר שמן קמשפט VW 10x35x48,,,,,,['Volkswagen'],,,,,,,,,,Engine,,,,Camshaft Seal,,,,
מחזיר שמן קמשפט אוקטביה מ17 1.5,,,,,,['Skoda'],,Skoda: Octavia,,,,,,1.5 L,,Engine,,,,Camshaft Seal,,,2017,
מחזיר שמן קמשפט יונדאי + מיצובישי,,,,,,"['Hyundai', 'Mitsubishi']","['מחזיר שמן קמשפט יונדאי', 'מיצובישי']",,,,,,,,,Engine,,,,Camshaft Seal,,,,
מייצב קדמי ימין ספרינטר + קרפטר מ07,,,,,,"['Mercedes', 'Volkswagen']","['מייצב קדמי ימין ספרינטר', 'קרפטר מ07']","Mercedes: Sprinter, Volkswagen: Crafter",,,,,,,,Suspension,,,"Front, Right",Front Stabilizer,,,2007,
מייצב קדמי שמאל ספרינטר + קרפטר מ07,,,,,,"['Mercedes', 'Volkswagen']","['מייצב קדמי שמאל ספרינטר', 'קרפטר מ07']","Mercedes: Sprinter, Volkswagen: Crafter",,,,,,,,Suspension,,,"Front, Left",Front Stabilizer,,,2007,
מיכל עיבוי 2.0 מ19 Q5,,,,,,['Audi'],,Audi: Q5,,,,,,2.0 L,,Cooling,,,,Coolant Reservoir,,,2019,
מיכל עיבוי 3008 מ16 + ברלינגו מ16,,,,,,"['Citroen', 'Peugeot']","['מיכל עיבוי 3008 מ16', 'ברלינגו מ16']","Citroen: Berlingo, Peugeot: 3008",,,,,,,,Cooling,,,,Coolant Reservoir,,,2016,
מיכל עיבוי CDA 1.8,,,,,,[],,,,,,,CDA,1.8 L,,Cooling,,,,Coolant Reservoir,,,,
מיכל עיבוי Q5 מ16,,,,,,['Audi'],,Audi: Q5,,,,,,,,Cooling,,,,Coolant Reservoir,,,2016,
מיכל עיבוי אוקטביה מ05 + סופרב מ09,,,,,,['Skoda'],"['מיכל עיבוי אוקטביה מ05', 'סופרב מ09']","Skoda: Octavia, Skoda: Superb",,,,,,,,Cooling,,,,Coolant Reservoir,,,2005,
מיכל עיבוי אוקטביה מ13 נפח 1.6 + 2.0,,,,,,['Skoda'],"['מיכל עיבוי אוקטביה מ13 נפח 1.6', '2.0']",Skoda: Octavia,,,,,,1.6 L,,Cooling,,,,Coolant Reservoir,,,2013,
מיכל עיבוי אוקטביה מ20,,,,,,['Skoda'],,Skoda: Octavia,,,,,,,,Cooling,,,,Coolant Reservoir,,,2020,
מיכל עיבוי אוקטביה נפח 1.0 + 1.5 מ17,,,,,,['Skoda'],"['מיכל עיבוי אוקטביה נפח 1.0', '1.5 מ17']",Skoda: Octavia,,,,,,1.0 L,,Cooling,,,,Coolant Reservoir,,,2017,
מיכל עיבוי איביזה מ19,,,,,,['Seat'],,Seat: Ibiza,,,,,,,,Cooling,,,,Coolant Reservoir,,,2019,
מיכל עיבוי גרנד קופה מ16,,,,,,['Renault'],,Renault: Grand Coupe,,,,,,,,Cooling,,,,Coolant Reservoir,,,2016,
מיכל עיבוי טווארג 3.0 מ10,,,,,,['Volkswagen'],,Volkswagen: Touareg,,,,,,3.0 L,,Cooling,,,,Coolant Reservoir,,,2010,
מיכל עיבוי טוסון מ16,,,,,,['Hyundai'],,Hyundai: Tucson,,,,,,,,Cooling,,,,Coolant Reservoir,,,2016,
מיכל עיבוי מ08 Q5,,,,,,['Audi'],,Audi: Q5,,,,,,,,Cooling,,,,Coolant Reservoir,,,2008,
מיכל עיבוי מ16 A4 + A5,,,,,,['Audi'],"['מיכל עיבוי מ16 A4', 'A5']","Audi: A4, Audi: A5",,,,,,,,Cooling,,,,Coolant Reservoir,,,2016,
מיכל עיבוי מזדה 3 עד 12 + פוקוס מ06,,,,,,"['Mazda', 'Ford']","['מיכל עיבוי מזדה 3 עד 12', 'פוקוס מ06']","Mazda: Mazda3, Ford: Focus",,,,,,,,Cooling,,,,Coolant Reservoir,,,2006,2012
מיכל עיבוי נירו + איוניק,,,,,,"['Kia', 'Hyundai']","['מיכל עיבוי נירו', 'איוניק']","Hyundai: Ioniq, Kia: Niro",,,,,,,,Cooling,,,,Coolant Reservoir,,,,
מיכל עיבוי ספארק מ11,,,,,,['Chevrolet'],,Chevrolet: Spark,,,,,,,,Cooling,,,,Coolant Reservoir,,,2011,
מיכל עיבוי ספרינטר מ07 עם חיישן,,,,,,['Mercedes'],,Mercedes: Sprinter,,,,,,,,Cooling,,,,Coolant Reservoir,,,2007,
מיכל עיבוי עם חיישן אסטרה מ09,,,,,,['Opel'],,Opel: Astra,,,,,,,,Cooling,,,,Coolant Reservoir,,,2009,
מיכל עיבוי עם חיישן ספרינטר מ18,,,,,,['Mercedes'],,Mercedes: Sprinter,,,,,,,,Cooling,,,,Coolant Reservoir,,,2018,
מיכל עיבוי פביה + רומסטר,,,,,,['Skoda'],"['מיכל עיבוי פביה', 'רומסטר']","Skoda: Roomster, Skoda: Fabia",,,,,,,,Cooling,,,,Coolant Reservoir,,,,
מיכל עיבוי פוקוס מ11,,,,,,['Ford'],,Ford: Focus,,,,,,,,Cooling,,,,Coolant Reservoir,,,2011,
מיכל עיבוי פיאסטה 1.6 מ09,,,,,,['Ford'],,Ford: Fiesta,,,,,,1.6 L,,Cooling,,,,Coolant Reservoir,,,2009,
מיכל עיבוי פלואנס מ09,,,,,,['Renault'],,Renault: Fluence,,,,,,,,Cooling,,,,Coolant Reservoir,,,2009,
מיכל עיבוי קפטיבה מ07,,,,,,['Chevrolet'],,Chevrolet: Captiva,,,,,,,,Cooling,,,,Coolant Reservoir,,,2007,
מיכל עיבוי קפצור + קליאו מ13,,,,,,['Renault'],"['מיכל עיבוי קפצור', 'קליאו מ13']","Renault: Clio, Renault: Captur",,,,,,,,Cooling,,,,Coolant Reservoir,,,2013,
מיכל עיבוי קרוז מ08,,,,,,['Chevrolet'],,Chevrolet: Cruze,,,,,,,,Cooling,,,,Coolant Reservoir,,,2008,
מיכל עיבוי קשקאי מ14,,,,,,['Nissan'],,Nissan: Qashqai,,,,,,,,Cooling,,,,Coolant Reservoir,,,2014,
מיכל שמן הגה פוקוס מ06,,,,,,['Ford'],,Ford: Focus,,,,,,,,Steering,,,,Power Steering Reservoir,,,2006,
מיכל שמן הגה פוקוס מ12,,,,,,['Ford'],,Ford: Focus,,,,,,,,Steering,,,,Power Steering Reservoir,,,2012,
מיסב אוניברסלי,,,,,,[],,,,,,,,,,Bearing,,,,Universal Joint Bearing,,,,
מיסב אחורי 205 + 206 + אוואו + ספארק מ11,,,,,,"['Peugeot', 'Chevrolet']","['מיסב אחורי 205', '206', 'אוואו', 'ספארק מ11']","Peugeot: 206, Chevrolet: Spark, Chevrolet: Aveo",,,,,,,,Bearing,,,Rear,Rear Wheel Bearing,,,2011,
מיסב אחורי אטראג + ספייס סטאר,,,,,,['Mitsubishi'],"['מיסב אחורי אטראג', 'ספייס סטאר']","Mitsubishi: Attrage, Mitsubishi: Space Star",,,,,,,,Bearing,,,Rear,Rear Wheel Bearing,,,,
מיסב אחורי ברלינגו מ08,,,,,,['Citroen'],,Citroen: Berlingo,,,,,,,,Bearing,,,Rear,Rear Wheel Bearing,,,2008,
מיסב אחורי מושלם 4x4 היילקס מ98,,,,,,['Toyota'],,Toyota: Hilux,,,,Four-wheel drive,,,,Bearing,,,Rear,Rear Wheel Bearing,,,2098,
מיסב אחורי פלואנס,,,,,,['Renault'],,Renault: Fluence,,,,,,,,Bearing,,,Rear,Rear Wheel Bearing,,,,
מיסב בולם אוקטביה מ13 CJZ 1.2,,,,,,['Skoda'],,Skoda: Octavia,,,,,CJZ,1.2 L,,Suspension,,,,Strut Bearing,,,2013,
מיסב בולם ברלינגו מ08,,,,,,['Citroen'],,Citroen: Berlingo,,,,,,,,Suspension,,,,Strut Bearing,,,2008,
מיסב בולם סנטה פה מ10,,,,,,['Hyundai'],,Hyundai: Santa Fe,,,,,,,,Suspension,,,,Strut Bearing,,,2010,
מיסב גלגל אחורי קנגו מ09 + גרנד קופה,,,,,,['Renault'],"['מיסב גלגל אחורי קנגו מ09', 'גרנד קופה']","Renault: Kangoo, Renault: Grand Coupe",,,,,,,,Bearing,,,Rear,Wheel Bearing,,,2009,
מיסב גלגל קדמי 107 + C1,,,,,,"['Citroen', 'Peugeot']","['מיסב גלגל קדמי 107', 'C1']","Citroen: C1, Peugeot: 107",,,,,,,,Bearing,,,Front,Wheel Bearing,,,,
מיסב גלגל קדמי אוואו + ספארק 11-15,,,,,,['Chevrolet'],"['מיסב גלגל קדמי אוואו', 'ספארק 11-15']","Chevrolet: Spark, Chevrolet: Aveo",,,,,,,,Bearing,,,Front,Wheel Bearing,,,2011,2015
מיסב גלגל קדמי אקסנט + גטס,,,,,,['Hyundai'],"['מיסב גלגל קדמי אקסנט', 'גטס']","Hyundai: Accent, Hyundai: Getz",,,,,,,,Bearing,,,Front,Wheel Bearing,,,,
מיסב גלגל קדמי סיריון,,,,,,['Daihatsu'],,Daihatsu: Sirion,,,,,,,,Bearing,,,Front,Wheel Bearing,,,,
מיסב גלגל קדמי קורולה 03-07,,,,,,['Toyota'],,Toyota: Corolla,,,,,,,,Bearing,,,Front,Wheel Bearing,,,2003,2007
מיסב גלגל קדמי קפצור + דציה,,,,,,['Renault'],"['מיסב גלגל קדמי קפצור', 'דציה']",Renault: Captur,,,,,,,,Bearing,,,Front,Wheel Bearing,,,,
מיסב לחץ הידראולי נירו + איוניק,,,,,,"['Kia', 'Hyundai']","['מיסב לחץ הידראולי נירו', 'איוניק']","Hyundai: Ioniq, Kia: Niro",,,,,,,,Drivetrain,,,,Clutch Release Bearing,,,,
מיסב קדמי 308 + 3008 + C4,,,,,,"['Citroen', 'Peugeot']","['מיסב קדמי 308', '3008', 'C4']","Citroen: C4, Peugeot: 308, Peugeot: 3008",,,,,,,,Bearing,,,Front,Front Wheel Bearing,,,,
מיסב קדמי I30 + I35,,,,,,['Hyundai'],"['מיסב קדמי I30', 'I35']","Hyundai: i30, Hyundai: i35",,,,,,,,Bearing,,,Front,Front Wheel Bearing,,,,
מיסב קדמי IX35 + טוסון מ05,,,,,,['Hyundai'],"['מיסב קדמי IX35', 'טוסון מ05']","Hyundai: ix35, Hyundai: Tucson",,,,,,,,Bearing,,,Front,Front Wheel Bearing,,,2005,
מיסב קדמי אאוטלנדר + לנסר מ08,,,,,,['Mitsubishi'],"['מיסב קדמי אאוטלנדר', 'לנסר מ08']","Mitsubishi: Lancer, Mitsubishi: Outlander",,,,,,,,Bearing,,,Front,Front Wheel Bearing,,,2008,
מיסב קדמי אופטימה 13-15,,,,,,['Kia'],,Kia: Optima,,,,,,,,Bearing,,,Front,Front Wheel Bearing,,,2013,2015
מיסב קדמי אלטו מ09,,,,,,['Suzuki'],,Suzuki: Alto,,,,,,,,Bearing,,,Front,Front Wheel Bearing,,,2009,
מיסב קדמי ברלינגו מ08,,,,,,['Citroen'],,Citroen: Berlingo,,,,,,,,Bearing,,,Front,Front Wheel Bearing,,,2008,
מיסב קדמי דימקס + טרופר,,,,,,['Isuzu'],"['מיסב קדמי דימקס', 'טרופר']","Isuzu: D-Max, Isuzu: Trooper",,,,,,,,Bearing,,,Front,Front Wheel Bearing,,,,
מיסב קדמי יאריס מ07,,,,,,['Toyota'],,Toyota: Yaris,,,,,,,,Bearing,,,Front,Front Wheel Bearing,,,2007,
מיסב קדמי לנדקרוזר מ03,,,,,,['Toyota'],,Toyota: Land Cruiser,,,,,,,,Bearing,,,Front,Front Wheel Bearing,,,2003,
מיסב קדמי מזדה 3 + 5 + 6 עד 12,,,,,,['Mazda'],"['מיסב קדמי מזדה 3', '5', '6 עד 12']",Mazda: Mazda3,,,,,,,,Bearing,,,Front,Front Wheel Bearing,,,,2012
מיסב קדמי סיויק מ06 ( 4 דלתות ),,,,,,['Honda'],,Honda: Civic,,,,4 door,,,,Bearing,,,Front,Front Wheel Bearing,,,2006,
מיסב קדמי ספייס סטאר + אטראג,,,,,,['Mitsubishi'],"['מיסב קדמי ספייס סטאר', 'אטראג']","Mitsubishi: Attrage, Mitsubishi: Space Star",,,,,,,,Bearing,,,Front,Front Wheel Bearing,,,,
מיסב קדמי פלואנס מ09,,,,,,['Renault'],,Renault: Fluence,,,,,,,,Bearing,,,Front,Front Wheel Bearing,,,2009,
מכסה מיכל עיבוי I 10 + I20,,,,,,['Hyundai'],"['מכסה מיכל עיבוי I 10', 'I20']",Hyundai: i20,,,,,,,,Cooling,,,,Coolant Reservoir Cap,,,,
מכסה מיכל עיבוי Q7 + Q5 + A4 נפח 2.0 מ12,,,,,,['Audi'],"['מכסה מיכל עיבוי Q7', 'Q5', 'A4 נפח 2.0 מ12']","Audi: A4, Audi: Q5, Audi: Q7",,,,,,2.0 L,,Cooling,,,,Coolant Reservoir Cap,,,2012,
מכסה מיכל עיבוי אוקטביה כחול,,,,,,['Skoda'],,Skoda: Octavia,,,,,,,,Cooling,,,,Coolant Reservoir Cap,,,,
מכסה מיכל עיבוי איוניק + טוסון מ16,,,,,,['Hyundai'],"['מכסה מיכל עיבוי איוניק', 'טוסון מ16']","Hyundai: Tucson, Hyundai: Ioniq",,,,,,,,Cooling,,,,Coolant Reservoir Cap,,,2016,
מכסה מיכל עיבוי ב.מ.וו מ20,,,,,,['BMW'],,,,,,,,,,Cooling,,,,Coolant Reservoir Cap,,,2020,
מכסה מיכל עיבוי ב.מ.וו,,,,,,['BMW'],,,,,,,,,,Cooling,,,,Coolant Reservoir Cap,,,,
מכסה מיכל עיבוי ברלינגו מ03,,,,,,['Citroen'],,Citroen: Berlingo,,,,,,,,Cooling,,,,Coolant Reservoir Cap,,,2003,
מכסה מיכל עיבוי גטס + I10 + 20,,,,,,['Hyundai'],"['מכסה מיכל עיבוי גטס', 'I10', '20']","Hyundai: i10, Hyundai: Getz",,,,,,,,Cooling,,,,Coolant Reservoir Cap,,,,
מכסה מיכל עיבוי מזדה 6 עד 08,,,,,,['Mazda'],,Mazda: Mazda6,,,,,,,,Cooling,,,,Coolant Reservoir Cap,,,,2008
מכסה מיכל עיבוי מרצדס,,,,,,['Mercedes'],,,,,,,,,,Cooling,,,,Coolant Reservoir Cap,,,,
מכסה מיכל עיבוי ספרינטר מ07 + ויאנו מ03,,,,,,['Mercedes'],"['מכסה מיכל עיבוי ספרינטר מ07', 'ויאנו מ03']","Mercedes: Sprinter, Mercedes: Viano",,,,,,,,Cooling,,,,Coolant Reservoir Cap,,,2007,
מכסה מיכל עיבוי פוקוס מ06,,,,,,['Ford'],,Ford: Focus,,,,,,,,Cooling,,,,Coolant Reservoir Cap,,,2006,
מכסה מיכל עיבוי פיאט,,,,,,['Fiat'],,,,,,,,,,Cooling,,,,Coolant Reservoir Cap,,,,
מכסה מיכל עיבוי קרוז,,,,,,['Chevrolet'],,Chevrolet: Cruze,,,,,,,,Cooling,,,,Coolant Reservoir Cap,,,,
מכסה מיכל עיבוי רנו כללי,,,,,,['Renault'],,,,,,,,,,Cooling,,,,Coolant Reservoir Cap,,,,
מכסה מנוע שמן I20 + I30 + אקסנט + גטס,,,,,,['Hyundai'],"['מכסה מנוע שמן I20', 'I30', 'אקסנט', 'גטס']","Hyundai: i20, Hyundai: i30, Hyundai: Accent, Hyundai: Getz",,,,,,,,Engine,,,,Oil Filler Cap,,,,
מכסה פ.שמן ב.מ.וו,,,,,,['BMW'],,,,,,,,,,Filter,,,,Oil Filter,,,,
מכסה שמן פיגו,,,,,,['Peugeot'],,,,,,,,,,Engine,,,,Oil Cap,,,,
מכסה שסטומים 1.6 + 2.0 קרפטר דיזל,,,,,,['Volkswagen'],"['מכסה שסטומים 1.6', '2.0 קרפטר דיזל']",Volkswagen: Crafter,,,,,,1.6 L,Diesel,Engine,,,,Valve Cover,,,,
מכסה שסטומים פיגו מ20 נפח 1.2,,,,,,['Peugeot'],,,,,,,,1.2 L,,Engine,,,,Valve Cover,,,2020,
ממיר מושלם I20 + I25 + I30,,,,,,['Hyundai'],"['ממיר מושלם I20', 'I25', 'I30']","Hyundai: i20, Hyundai: i25, Hyundai: i30",,,,,,,,Emissions,,,,Catalytic Converter,,,,
מנוע הפעלת מצמד קורולה מ08,,,,,,['Toyota'],,Toyota: Corolla,,,,,,,,Drivetrain,,,,Clutch Actuator,,,2008,
מנוע מתיז VW,,,,,,['Volkswagen'],,,,,,,,,,Body,,,,Washer Pump,,,,
מנוע מתיז אוקטביה שתי יציאות,,,,,,['Skoda'],,Skoda: Octavia,,,,,,,,Body,,,,Washer Pump,,,,
מנוע מתיז יונדאי,,,,,,['Hyundai'],,,,,,,,,,Body,,,,Washer Pump,,,,
מנוע מתיז קורולה מ08 + מ13 CX5 + מזדה 3 + 6,,,,,,"['Mazda', 'Toyota']","['מנוע מתיז קורולה מ08', 'מ13 CX5', 'מזדה 3', '6']","Toyota: Corolla, Mazda: Mazda3, Mazda: CX-5",,,,,,,,Body,,,,Washer Pump,,,2008,
מנקה פנימי לרכב,,,,,,[],,,,,,,,,,Cleaning,,,Internal,Interior Cleaner,,,,
מסנן גז טיוטה,,,,,,[],,,,,,,,,,Filter,,,,Gas Filter,,,,
מסרק הגה דימקס מ07,,,,,,['Isuzu'],,Isuzu: D-Max,,,,,,,,Steering,,,,Steering Rack,,,2007,
מסרק הגה טוסון מ05,,,,,,['Hyundai'],,Hyundai: Tucson,,,,,,,,Steering,,,,Steering Rack,,,2005,
מסרק הגה מ11 I25,,,,,,['Hyundai'],,Hyundai: i25,,,,,,,,Steering,,,,Steering Rack,,,2011,
מסרק הגה מ11 I35,,,,,,['Hyundai'],,Hyundai: i35,,,,,,,,Steering,,,,Steering Rack,,,2011,
מסרק הגה מ12 I30,,,,,,['Hyundai'],,Hyundai: i30,,,,,,,,Steering,,,,Steering Rack,,,2012,
מסרק הגה פוקוס 06-15,,,,,,['Ford'],,Ford: Focus,,,,,,,,Steering,,,,Steering Rack,,,2006,2015
מסרק הגה פוקוס מ06,,,,,,['Ford'],,Ford: Focus,,,,,,,,Steering,,,,Steering Rack,,,2006,
מסרק הגה קורולה מ08,,,,,,['Toyota'],,Toyota: Corolla,,,,,,,,Steering,,,,Steering Rack,,,2008,
מסרק הגה קרפטר + ספרינטר מ07,,,,,,"['Mercedes', 'Volkswagen']","['מסרק הגה קרפטר', 'ספרינטר מ07']","Mercedes: Sprinter, Volkswagen: Crafter",,,,,,,,Steering,,,,Steering Rack,,,2007,
מסרק הגה רפיד מ13,,,,,,['Skoda'],,Skoda: Rapid,,,,,,,,Steering,,,,Steering Rack,,,2013,
מפוח פנימי ספרינטר מ07,,,,,,['Mercedes'],,Mercedes: Sprinter,,,,,,,,HVAC,,,Internal,Blower Motor,,,2007,
מקורי I30 כוהל,,,,,,['Hyundai'],,Hyundai: i30,,,,,,,,Cooling,,,,Thermostat,,,,
מראה פנימית טוסון מ16 I25 + I30 + I35  מ12,,,,,,['Hyundai'],"['מראה פנימית טוסון מ16 I25', 'I30', 'I35  מ12']","Hyundai: i25, Hyundai: i30, Hyundai: i35, Hyundai: Tucson",,,,,,,,,,,Internal,,,,2016,
משאבת דלק פוקוס מ06,,,,,,['Ford'],,Ford: Focus,,,,,,,,Fuel,,,,Fuel Pump,,,2006,
משאבת מצמד עליונה ברלינגו מ11,,,,,,['Citroen'],,Citroen: Berlingo,,,,,,,,Drivetrain,,,,Clutch Master Cylinder,,,2011,
משאבת מצמד תחתונה ברלינגו מ11,,,,,,['Citroen'],,Citroen: Berlingo,,,,,,,,Drivetrain,,,,Clutch Slave Cylinder,,,2011,
משאבת שחרור 1.8 CDA,,,,,,[],,,,,,,CDA,1.8 L,,Cooling,,,,Drain Valve,,,,
משאבת שחרור אוקטביה 1.5 מ17,,,,,,['Skoda'],,Skoda: Octavia,,,,,,1.5 L,,Cooling,,,,Drain Valve,,,2017,
משאבת שחרור מ13 CJZ 1.2,,,,,,[],,,,,,,CJZ,1.2 L,,Cooling,,,,Drain Valve,,,2013,
משולש אוקטביה מ13 ימיןbtw,,,,,,['Skoda'],,Skoda: Octavia,,,,,,,,Suspension,,,Right,Control Arm,,,2013,
משולש אוקטביה מ13 שמאל,,,,,,['Skoda'],,Skoda: Octavia,,,,,,,,Suspension,,,Left,Control Arm,,,2013,
משולש אזהרה,,,,,,[],,,,,,,,,,Safety,,,,Warning Triangle,,,,
משולש איביזה פולו מ09 ימין 6R0407152F,,,,,,"['Seat', 'Volkswagen']",,"Volkswagen: Polo, Seat: Ibiza",,,,,,,,Suspension,,6R0407152F,Right,Control Arm,,,2009,
משולש איביזה פולו מ09 שמאל 6R0407151F,,,,,,"['Seat', 'Volkswagen']",,"Volkswagen: Polo, Seat: Ibiza",,,,,,,,Suspension,,6R0407151F,Left,Control Arm,,,2009,
משולש אקסטרייל מ14 ימין,,,,,,['Nissan'],,Nissan: X-Trail,,,,,,,,Suspension,,,Right,Control Arm,,,2014,
משולש אקסטרייל מ14 שמאלbtw,,,,,,['Nissan'],,Nissan: X-Trail,,,,,,,,Suspension,,,Left,Control Arm,,,2014,
משולש גטס ימיןbtw,,,,,,['Hyundai'],,Hyundai: Getz,,,,,,,,Suspension,,,Right,Control Arm,,,,
משולש גטס שמאל,,,,,,['Hyundai'],,Hyundai: Getz,,,,,,,,Suspension,,,Left,Control Arm,,,,
משולש טוארג 03-10 ימין + שמאל עליון,,,,,,[],"['משולש טוארג 03-10 ימין', 'שמאל עליון']",,,,,,,,,Suspension,,,"Right, Left, Upper",Control Arm,,,2003,2010
משולש טריוס מ06 שמאל,,,,,,['Daihatsu'],,Daihatsu: Terios,,,,,,,,Suspension,,,Left,Control Arm,,,2006,
משולש ימין 18 ממ פוקוס מ06,,,,,,['Ford'],,Ford: Focus,,18 mm,,,,,,Suspension,,,Right,Right Control Arm,,,2006,
משולש ימין 5008 + 3008 מ17,,,,,,['Peugeot'],"['משולש ימין 5008', '3008 מ17']","Peugeot: 3008, Peugeot: 5008",,,,,,,,Suspension,,,Right,Right Control Arm,,,2017,
משולש ימין אוקטביה מ05,,,,,,['Skoda'],,Skoda: Octavia,,,,,,,,Suspension,,,Right,Right Control Arm,,,2005,
משולש ימין אקסטרייל + קשקאי מ08,,,,,,['Nissan'],"['משולש ימין אקסטרייל', 'קשקאי מ08']","Nissan: Qashqai, Nissan: X-Trail",,,,,,,,Suspension,,,Right,Right Control Arm,,,2008,
משולש ימין אקסנט מ07,,,,,,['Hyundai'],,Hyundai: Accent,,,,,,,,Suspension,,,Right,Right Control Arm,,,2007,
משולש ימין ברלינגו מ03,,,,,,['Citroen'],,Citroen: Berlingo,,,,,,,,Suspension,,,Right,Right Control Arm,,,2003,
משולש ימין ברלינגו מ08,,,,,,['Citroen'],,Citroen: Berlingo,,,,,,,,Suspension,,,Right,Right Control Arm,,,2008,
משולש ימין ברלינגו מ19,,,,,,['Citroen'],,Citroen: Berlingo,,,,,,,,Suspension,,,Right,Right Control Arm,,,2019,
משולש ימין גוק מ10,,,,,,['Nissan'],,Nissan: Juke,,,,,,,,Suspension,,,Right,Right Control Arm,,,2010,
משולש ימין גרנד קופה מ16 ברזל גנט 18,,,,,,['Renault'],,Renault: Grand Coupe,,,,,,,,Suspension,Iron,,Right,Right Control Arm,,,2016,
משולש ימין גרנד קופה מ16,,,,,,['Renault'],,Renault: Grand Coupe,,,,,,,,Suspension,,,Right,Right Control Arm,,,2016,
משולש ימין דאציה דאסטר מ14,,,,,,['Dacia'],,,,,,,,,,Suspension,,,Right,Right Control Arm,,,2014,
משולש ימין דאציה דאסטר מ18,,,,,,['Dacia'],,,,,,,,,,Suspension,,,Right,Right Control Arm,,,2018,
משולש ימין טיגואן + פסאט מ11,,,,,,['Volkswagen'],"['משולש ימין טיגואן', 'פסאט מ11']","Volkswagen: Passat, Volkswagen: Tiguan",,,,,,,,Suspension,,,Right,Right Control Arm,,,2011,
משולש ימין טידה מ08,,,,,,['Nissan'],,Nissan: Tiida,,,,,,,,Suspension,,,Right,Right Control Arm,,,2008,
משולש ימין יאריס מ07,,,,,,['Toyota'],,Toyota: Yaris,,,,,,,,Suspension,,,Right,Right Control Arm,,,2007,
משולש ימין ירו מ12,,,,,,[],,,,,,,,,,Suspension,,,Right,Right Control Arm,,,2012,
משולש ימין לנסר מ04,,,,,,['Mitsubishi'],,Mitsubishi: Lancer,,,,,,,,Suspension,,,Right,Right Control Arm,,,2004,
משולש ימין לנסר מ08,,,,,,['Mitsubishi'],,Mitsubishi: Lancer,,,,,,,,Suspension,,,Right,Right Control Arm,,,2008,
משולש ימין מ04 T5,,,,,,['Volkswagen'],,Volkswagen: Transporter T5,,,,,,,,Suspension,,,Right,Right Control Arm,,,2004,
משולש ימין מ06 C3 פיקסו,,,,,,['Citroen'],,Citroen: C3,,,,,,,,Suspension,,,Right,Right Control Arm,,,2006,
משולש ימין מ07 SX4,,,,,,['Suzuki'],,Suzuki: SX4,,,,,,,,Suspension,,,Right,Right Control Arm,,,2007,
משולש ימין מ08 I10,,,,,,['Hyundai'],,Hyundai: i10,,,,,,,,Suspension,,,Right,Right Control Arm,,,2008,
משולש ימין מ10 IX35 + ספורטאג,,,,,,"['Kia', 'Hyundai']","['משולש ימין מ10 IX35', 'ספורטאג']","Hyundai: ix35, Kia: Sportage",,,,,,,,Suspension,,,Right,Right Control Arm,,,2010,
משולש ימין מ11 I25,,,,,,['Hyundai'],,Hyundai: i25,,,,,,,,Suspension,,,Right,Right Control Arm,,,2011,
משולש ימין מ12 XV,,,,,,['Subaru'],,Subaru: XV,,,,,,,,Suspension,,,Right,Right Control Arm,,,2012,
משולש ימין מ13 CX5 + מזדה 6,,,,,,['Mazda'],"['משולש ימין מ13 CX5', 'מזדה 6']","Mazda: Mazda6, Mazda: CX-5",,,,,,,,Suspension,,,Right,Right Control Arm,,,2013,
משולש ימין מ14 C4 + פיקסו,,,,,,['Citroen'],"['משולש ימין מ14 C4', 'פיקסו']",Citroen: C4,,,,,,,,Suspension,,,Right,Right Control Arm,,,2014,
משולש ימין מ14 I10,,,,,,['Hyundai'],,Hyundai: i10,,,,,,,,Suspension,,,Right,Right Control Arm,,,2014,
משולש ימין מ17 XV,,,,,,['Subaru'],,Subaru: XV,,,,,,,,Suspension,,,Right,Right Control Arm,,,2017,
משולש ימין מגאן מ04,,,,,,['Renault'],,Renault: Megane,,,,,,,,Suspension,,,Right,Right Control Arm,,,2004,
משולש ימין מושלם מליבו מ16,,,,,,['Chevrolet'],,Chevrolet: Malibu,,,,,,,,Suspension,,,Right,Right Control Arm,,,2016,
משולש ימין מזדה 2 מ08,,,,,,['Mazda'],,Mazda: Mazda2,,,,,,,,Suspension,,,Right,Right Control Arm,,,2008,
משולש ימין מזדה 2 מ15,,,,,,['Mazda'],,Mazda: Mazda2,,,,,,,,Suspension,,,Right,Right Control Arm,,,2015,
משולש ימין מזדה 3 + 5 עד 08,,,,,,['Mazda'],"['משולש ימין מזדה 3', '5 עד 08']",Mazda: Mazda3,,,,,,,,Suspension,,,Right,Right Control Arm,,,,2008
משולש ימין מזדה 3 מ09,,,,,,['Mazda'],,Mazda: Mazda3,,,,,,,,Suspension,,,Right,Right Control Arm,,,2009,
משולש ימין משולש ימין,,,,,,[],,,,,,,,,,Suspension,,,Right,Right Control Arm,,,,
משולש ימין נירו איוניק מ16,,,,,,"['Kia', 'Hyundai']",,"Hyundai: Ioniq, Kia: Niro",,,,,,,,Suspension,,,Right,Right Control Arm,,,2016,
משולש ימין סופרב מ09 + גטה מ11,,,,,,"['Skoda', 'Volkswagen']","['משולש ימין סופרב מ09', 'גטה מ11']","Skoda: Superb, Volkswagen: Jetta",,,,,,,,Suspension,,,Right,Right Control Arm,,,2009,
משולש ימין סיוויק מ06,,,,,,['Honda'],,Honda: Civic,,,,,,,,Suspension,,,Right,Right Control Arm,,,2006,
משולש ימין סיויק מ06,,,,,,['Honda'],,Honda: Civic,,,,,,,,Suspension,,,Right,Right Control Arm,,,2006,
משולש ימין סיריון מ06,,,,,,['Daihatsu'],,Daihatsu: Sirion,,,,,,,,Suspension,,,Right,Right Control Arm,,,2006,
משולש ימין סנטה פה מ07,,,,,,['Hyundai'],,Hyundai: Santa Fe,,,,,,,,Suspension,,,Right,Right Control Arm,,,2007,
משולש ימין סנטה פה מ13,,,,,,['Hyundai'],,Hyundai: Santa Fe,,,,,,,,Suspension,,,Right,Right Control Arm,,,2013,
משולש ימין סנטרה מ15,,,,,,['Nissan'],,Nissan: Sentra,,,,,,,,Suspension,,,Right,Right Control Arm,,,2015,
משולש ימין ספארק מ10,,,,,,['Chevrolet'],,Chevrolet: Spark,,,,,,,,Suspension,,,Right,Right Control Arm,,,2010,
משולש ימין ספורטאג + טוסון מ16,,,,,,"['Kia', 'Hyundai']","['משולש ימין ספורטאג', 'טוסון מ16']","Hyundai: Tucson, Kia: Sportage",,,,,,,,Suspension,,,Right,Right Control Arm,,,2016,
משולש ימין עד 11 I30 + סיד,,,,,,"['Kia', 'Hyundai']","['משולש ימין עד 11 I30', 'סיד']","Hyundai: i30, Kia: Ceed",,,,,,,,Suspension,,,Right,Right Control Arm,,,,2011
משולש ימין עד 14 I20,,,,,,['Hyundai'],,Hyundai: i20,,,,,,,,Suspension,,,Right,Right Control Arm,,,,2014
משולש ימין עליון הייס,,,,,,['Toyota'],,Toyota: Hiace,,,,,,,,Suspension,,,"Right, Upper",Right Control Arm,,,,
משולש ימין פוקוס מ06 15 ממ,,,,,,['Ford'],,Ford: Focus,,15 mm,,,,,,Suspension,,,Right,Right Control Arm,,,2006,
משולש ימין פוקוס מ12,,,,,,['Ford'],,Ford: Focus,,,,,,,,Suspension,,,Right,Right Control Arm,,,2012,
משולש ימין פורטה מ13,,,,,,['Kia'],,Kia: Forte,,,,,,,,Suspension,,,Right,Right Control Arm,,,2013,
משולש ימין פורסטר מ14,,,,,,['Subaru'],,Subaru: Forester,,,,,,,,Suspension,,,Right,Right Control Arm,,,2014,
משולש ימין פיקנטו מ11,,,,,,['Kia'],,Kia: Picanto,,,,,,,,Suspension,,,Right,Right Control Arm,,,2011,
משולש ימין פלואנס + מגאן מ09,,,,,,['Renault'],"['משולש ימין פלואנס', 'מגאן מ09']","Renault: Megane, Renault: Fluence",,,,,,,,Suspension,,,Right,Right Control Arm,,,2009,
משולש ימין פסאט מ15,,,,,,['Volkswagen'],,Volkswagen: Passat,,,,,,,,Suspension,,,Right,Right Control Arm,,,2015,
משולש ימין קורולה 03-07,,,,,,['Toyota'],,Toyota: Corolla,,,,,,,,Suspension,,,Right,Right Control Arm,,,2003,2007
משולש ימין קורולה מ08,,,,,,['Toyota'],,Toyota: Corolla,,,,,,,,Suspension,,,Right,Right Control Arm,,,2008,
משולש ימין קינג מ01,,,,,,['Mazda'],,Mazda: Kingcab,,,,,,,,Suspension,,,Right,Right Control Arm,,,2001,
משולש ימין קליאו מ13,,,,,,['Renault'],,Renault: Clio,,,,,,,,Suspension,,,Right,Right Control Arm,,,2013,
משולש ימין ראב 4 מ07,,,,,,['Toyota'],,Toyota: RAV4,,,,,,,,Suspension,,,Right,Right Control Arm,,,2007,
משולש ימין רומסטר+ איביזה מ09,,,,,,"['Seat', 'Skoda']","['משולש ימין רומסטר', 'איביזה מ09']","Skoda: Roomster, Seat: Ibiza",,,,,,,,Suspension,,,Right,Right Control Arm,,,2009,
משולש ימין ריו מ12,,,,,,['Kia'],,Kia: Rio,,,,,,,,Suspension,,,Right,Right Control Arm,,,2012,
משולש ימין תחתון טוארג עד 10 אלומינים,,,,,,[],,,,,,,,,,Suspension,Aluminum,,"Right, Lower",Right Control Arm,,,,2010
משולש מזדה 3 מ13 ימין,,,,,,['Mazda'],,Mazda: Mazda3,,,,,,,,Suspension,,,Right,Control Arm,,,2013,
משולש מזדה 3 מ13 שמאל,,,,,,['Mazda'],,Mazda: Mazda3,,,,,,,,Suspension,,,Left,Control Arm,,,2013,
משולש מזדה 6 מ08 ימין עליון,,,,,,['Mazda'],,Mazda: Mazda6,,,,,,,,Suspension,,,"Right, Upper",Control Arm,,,2008,
משולש מזדה 6 מ08 שמאל עליון,,,,,,['Mazda'],,Mazda: Mazda6,,,,,,,,Suspension,,,"Left, Upper",Control Arm,,,2008,
משולש עליון ימין לנדקרוזר מ03,,,,,,['Toyota'],,Toyota: Land Cruiser,,,,,,,,Suspension,,,"Right, Upper",Upper Control Arm,,,2003,
משולש עליון שמאל לנדקרוזר מ03,,,,,,['Toyota'],,Toyota: Land Cruiser,,,,,,,,Suspension,,,"Left, Upper",Upper Control Arm,,,2003,
משולש פוקוס מ06 שמאל 18 ממ,,,,,,['Ford'],,Ford: Focus,,18 mm,,,,,,Suspension,,,Left,Control Arm,,,2006,
משולש קנגו מ08 ימין,,,,,,['Renault'],,Renault: Kangoo,,,,,,,,Suspension,,,Right,Control Arm,,,2008,
משולש קשקאי מ14 ימין,,,,,,['Nissan'],,Nissan: Qashqai,,,,,,,,Suspension,,,Right,Control Arm,,,2014,
משולש קשקאי מ14 שמאל,,,,,,['Nissan'],,Nissan: Qashqai,,,,,,,,Suspension,,,Left,Control Arm,,,2014,
משולש שמאל 5008 + 3008 מ17,,,,,,['Peugeot'],"['משולש שמאל 5008', '3008 מ17']","Peugeot: 3008, Peugeot: 5008",,,,,,,,Suspension,,,Left,Left Control Arm,,,2017,
משולש שמאל אוקטביה מ05,,,,,,['Skoda'],,Skoda: Octavia,,,,,,,,Suspension,,,Left,Left Control Arm,,,2005,
משולש שמאל אקסטרייל + קשקאי מ08,,,,,,['Nissan'],"['משולש שמאל אקסטרייל', 'קשקאי מ08']","Nissan: Qashqai, Nissan: X-Trail",,,,,,,,Suspension,,,Left,Left Control Arm,,,2008,
משולש שמאל אקסנט מ07,,,,,,['Hyundai'],,Hyundai: Accent,,,,,,,,Suspension,,,Left,Left Control Arm,,,2007,
משולש שמאל ברלינגו מ03,,,,,,['Citroen'],,Citroen: Berlingo,,,,,,,,Suspension,,,Left,Left Control Arm,,,2003,
משולש שמאל ברלינגו מ08,,,,,,['Citroen'],,Citroen: Berlingo,,,,,,,,Suspension,,,Left,Left Control Arm,,,2008,
משולש שמאל ברלינגו מ19,,,,,,['Citroen'],,Citroen: Berlingo,,,,,,,,Suspension,,,Left,Left Control Arm,,,2019,
משולש שמאל גוק מ10,,,,,,['Nissan'],,Nissan: Juke,,,,,,,,Suspension,,,Left,Left Control Arm,,,2010,
משולש שמאל גרנד קופה מ16 ברזל גנט 18,,,,,,['Renault'],,Renault: Grand Coupe,,,,,,,,Suspension,Iron,,Left,Left Control Arm,,,2016,
משולש שמאל גרנד קופה מ16,,,,,,['Renault'],,Renault: Grand Coupe,,,,,,,,Suspension,,,Left,Left Control Arm,,,2016,
משולש שמאל דאציה דאסטר מ14,,,,,,['Dacia'],,,,,,,,,,Suspension,,,Left,Left Control Arm,,,2014,
משולש שמאל טיגואן + פסאט מ11,,,,,,['Volkswagen'],"['משולש שמאל טיגואן', 'פסאט מ11']","Volkswagen: Passat, Volkswagen: Tiguan",,,,,,,,Suspension,,,Left,Left Control Arm,,,2011,
משולש שמאל טידה מ08 + קליאו מ06,,,,,,"['Renault', 'Nissan']","['משולש שמאל טידה מ08', 'קליאו מ06']","Nissan: Tiida, Renault: Clio",,,,,,,,Suspension,,,Left,Left Control Arm,,,2008,
משולש שמאל יאריס מ07,,,,,,['Toyota'],,Toyota: Yaris,,,,,,,,Suspension,,,Left,Left Control Arm,,,2007,
משולש שמאל לנסר מ04,,,,,,['Mitsubishi'],,Mitsubishi: Lancer,,,,,,,,Suspension,,,Left,Left Control Arm,,,2004,
משולש שמאל לנסר מ08,,,,,,['Mitsubishi'],,Mitsubishi: Lancer,,,,,,,,Suspension,,,Left,Left Control Arm,,,2008,
משולש שמאל מ06 C3 פיקסו,,,,,,['Citroen'],,Citroen: C3,,,,,,,,Suspension,,,Left,Left Control Arm,,,2006,
משולש שמאל מ07 SX4,,,,,,['Suzuki'],,Suzuki: SX4,,,,,,,,Suspension,,,Left,Left Control Arm,,,2007,
משולש שמאל מ10 IX35 + ספורטאג,,,,,,"['Kia', 'Hyundai']","['משולש שמאל מ10 IX35', 'ספורטאג']","Hyundai: ix35, Kia: Sportage",,,,,,,,Suspension,,,Left,Left Control Arm,,,2010,
משולש שמאל מ11 I25,,,,,,['Hyundai'],,Hyundai: i25,,,,,,,,Suspension,,,Left,Left Control Arm,,,2011,
משולש שמאל מ11 I35,,,,,,['Hyundai'],,Hyundai: i35,,,,,,,,Suspension,,,Left,Left Control Arm,,,2011,
משולש שמאל מ12 I30,,,,,,['Hyundai'],,Hyundai: i30,,,,,,,,Suspension,,,Left,Left Control Arm,,,2012,
משולש שמאל מ13 CX5 + מזדה 6,,,,,,['Mazda'],"['משולש שמאל מ13 CX5', 'מזדה 6']","Mazda: Mazda6, Mazda: CX-5",,,,,,,,Suspension,,,Left,Left Control Arm,,,2013,
משולש שמאל מ14 I10,,,,,,['Hyundai'],,Hyundai: i10,,,,,,,,Suspension,,,Left,Left Control Arm,,,2014,
משולש שמאל מ17 I30 + סיד,,,,,,"['Kia', 'Hyundai']","['משולש שמאל מ17 I30', 'סיד']","Hyundai: i30, Kia: Ceed",,,,,,,,Suspension,,,Left,Left Control Arm,,,2017,
משולש שמאל מ17 XV,,,,,,['Subaru'],,Subaru: XV,,,,,,,,Suspension,,,Left,Left Control Arm,,,2017,
משולש שמאל מגאן מ04,,,,,,['Renault'],,Renault: Megane,,,,,,,,Suspension,,,Left,Left Control Arm,,,2004,
משולש שמאל מושלם מליבו מ16,,,,,,['Chevrolet'],,Chevrolet: Malibu,,,,,,,,Suspension,,,Left,Left Control Arm,,,2016,
משולש שמאל מזדה 2 מ08,,,,,,['Mazda'],,Mazda: Mazda2,,,,,,,,Suspension,,,Left,Left Control Arm,,,2008,
משולש שמאל מזדה 2 מ15,,,,,,['Mazda'],,Mazda: Mazda2,,,,,,,,Suspension,,,Left,Left Control Arm,,,2015,
משולש שמאל מזדה 3 + 5 עד 08,,,,,,['Mazda'],"['משולש שמאל מזדה 3', '5 עד 08']",Mazda: Mazda3,,,,,,,,Suspension,,,Left,Left Control Arm,,,,2008
משולש שמאל מזדה 3 מ09,,,,,,['Mazda'],,Mazda: Mazda3,,,,,,,,Suspension,,,Left,Left Control Arm,,,2009,
משולש שמאל נירו + איוניק מ16,,,,,,"['Kia', 'Hyundai']","['משולש שמאל נירו', 'איוניק מ16']","Hyundai: Ioniq, Kia: Niro",,,,,,,,Suspension,,,Left,Left Control Arm,,,2016,
משולש שמאל סופרב מ09 + גטה מ11,,,,,,"['Skoda', 'Volkswagen']","['משולש שמאל סופרב מ09', 'גטה מ11']","Skoda: Superb, Volkswagen: Jetta",,,,,,,,Suspension,,,Left,Left Control Arm,,,2009,
משולש שמאל סיוויק מ06,,,,,,['Honda'],,Honda: Civic,,,,,,,,Suspension,,,Left,Left Control Arm,,,2006,
משולש שמאל סיויק מ06,,,,,,['Honda'],,Honda: Civic,,,,,,,,Suspension,,,Left,Left Control Arm,,,2006,
משולש שמאל סיויק מ17,,,,,,['Honda'],,Honda: Civic,,,,,,,,Suspension,,,Left,Left Control Arm,,,2017,
משולש שמאל סיריון מ06,,,,,,['Daihatsu'],,Daihatsu: Sirion,,,,,,,,Suspension,,,Left,Left Control Arm,,,2006,
משולש שמאל סנטה פה מ07,,,,,,['Hyundai'],,Hyundai: Santa Fe,,,,,,,,Suspension,,,Left,Left Control Arm,,,2007,
משולש שמאל סנטה פה מ13,,,,,,['Hyundai'],,Hyundai: Santa Fe,,,,,,,,Suspension,,,Left,Left Control Arm,,,2013,
משולש שמאל סנטרה מ15,,,,,,['Nissan'],,Nissan: Sentra,,,,,,,,Suspension,,,Left,Left Control Arm,,,2015,
משולש שמאל ספארק מ10,,,,,,['Chevrolet'],,Chevrolet: Spark,,,,,,,,Suspension,,,Left,Left Control Arm,,,2010,
משולש שמאל ספורטאג + טוסון מ16,,,,,,"['Kia', 'Hyundai']","['משולש שמאל ספורטאג', 'טוסון מ16']","Hyundai: Tucson, Kia: Sportage",,,,,,,,Suspension,,,Left,Left Control Arm,,,2016,
משולש שמאל עד 11 I30 + סיד,,,,,,"['Kia', 'Hyundai']","['משולש שמאל עד 11 I30', 'סיד']","Hyundai: i30, Kia: Ceed",,,,,,,,Suspension,,,Left,Left Control Arm,,,,2011
משולש שמאל עד 13 I10,,,,,,['Hyundai'],,Hyundai: i10,,,,,,,,Suspension,,,Left,Left Control Arm,,,,2013
משולש שמאל עד 14 I20,,,,,,['Hyundai'],,Hyundai: i20,,,,,,,,Suspension,,,Left,Left Control Arm,,,,2014
משולש שמאל עליון הייס,,,,,,['Toyota'],,Toyota: Hiace,,,,,,,,Suspension,,,"Left, Upper",Left Control Arm,,,,
משולש שמאל פוקוס מ06 15 ממ,,,,,,['Ford'],,Ford: Focus,,15 mm,,,,,,Suspension,,,Left,Left Control Arm,,,2006,
משולש שמאל פוקוס מ12,,,,,,['Ford'],,Ford: Focus,,,,,,,,Suspension,,,Left,Left Control Arm,,,2012,
משולש שמאל פורטה מ13,,,,,,['Kia'],,Kia: Forte,,,,,,,,Suspension,,,Left,Left Control Arm,,,2013,
משולש שמאל פורסטר מ14,,,,,,['Subaru'],,Subaru: Forester,,,,,,,,Suspension,,,Left,Left Control Arm,,,2014,
משולש שמאל פיגו 208,,,,,,['Peugeot'],,Peugeot: 208,,,,,,,,Suspension,,,Left,Left Control Arm,,,,
משולש שמאל פיקנטו מ11,,,,,,['Kia'],,Kia: Picanto,,,,,,,,Suspension,,,Left,Left Control Arm,,,2011,
משולש שמאל פלואנס + מגאן מ09,,,,,,['Renault'],"['משולש שמאל פלואנס', 'מגאן מ09']","Renault: Megane, Renault: Fluence",,,,,,,,Suspension,,,Left,Left Control Arm,,,2009,
משולש שמאל פסאט מ15,,,,,,['Volkswagen'],,Volkswagen: Passat,,,,,,,,Suspension,,,Left,Left Control Arm,,,2015,
משולש שמאל קורולה 03-07,,,,,,['Toyota'],,Toyota: Corolla,,,,,,,,Suspension,,,Left,Left Control Arm,,,2003,2007
משולש שמאל קורולה מ08,,,,,,['Toyota'],,Toyota: Corolla,,,,,,,,Suspension,,,Left,Left Control Arm,,,2008,
משולש שמאל קליאו מ13,,,,,,['Renault'],,Renault: Clio,,,,,,,,Suspension,,,Left,Left Control Arm,,,2013,
משולש שמאל קנגו מ08,,,,,,['Renault'],,Renault: Kangoo,,,,,,,,Suspension,,,Left,Left Control Arm,,,2008,
משולש שמאל ראב 4 מ07,,,,,,['Toyota'],,Toyota: RAV4,,,,,,,,Suspension,,,Left,Left Control Arm,,,2007,
משולש שמאל רומסטר+ איביזה מ09,,,,,,"['Seat', 'Skoda']","['משולש שמאל רומסטר', 'איביזה מ09']","Skoda: Roomster, Seat: Ibiza",,,,,,,,Suspension,,,Left,Left Control Arm,,,2009,
משולש שמאל ריו מ12,,,,,,['Kia'],,Kia: Rio,,,,,,,,Suspension,,,Left,Left Control Arm,,,2012,
משולש שמאל תחתון טוארג מ11 + Q7,,,,,,['Audi'],"['משולש שמאל תחתון טוארג מ11', 'Q7']",Audi: Q7,,,,,,,,Suspension,,,"Left, Lower",Left Control Arm,,,2011,
משולש שמאל תחתון טוארג עד 10 אלומינים,,,,,,[],,,,,,,,,,Suspension,Aluminum,,"Left, Lower",Left Control Arm,,,,2010
משולש תחתון ימין 4x2 ויגו מ06,,,,,,['Toyota'],,Toyota: Hilux Vigo,,,,Two-wheel drive,,,,Suspension,,,"Right, Lower",Lower Control Arm,,,2006,
משולש תחתון ימין 4x4 ויגו מ06,,,,,,['Toyota'],,Toyota: Hilux Vigo,,,,Four-wheel drive,,,,Suspension,,,"Right, Lower",Lower Control Arm,,,2006,
משולש תחתון ימין מזדה 6 מ08,,,,,,['Mazda'],,Mazda: Mazda6,,,,,,,,Suspension,,,"Right, Lower",Lower Control Arm,,,2008,
משולש תחתון מ10 ימין T5,,,,,,['Volkswagen'],,Volkswagen: Transporter T5,,,,,,,,Suspension,,,"Right, Lower",Lower Control Arm,,,2010,
משולש תחתון שמאל 4x2 ויגו מ06,,,,,,['Toyota'],,Toyota: Hilux Vigo,,,,Two-wheel drive,,,,Suspension,,,"Left, Lower",Lower Control Arm,,,2006,
משולש תחתון שמאל מ10 שמאל T5,,,,,,['Volkswagen'],,Volkswagen: Transporter T5,,,,,,,,Suspension,,,"Left, Lower",Lower Control Arm,,,2010,
משולש תחתון שמאל מזדה 6 מ08,,,,,,['Mazda'],,Mazda: Mazda6,,,,,,,,Suspension,,,"Left, Lower",Lower Control Arm,,,2008,
משןלש ימין מ13 CX5 + מזדה 6,,,,,,['Mazda'],"['משןלש ימין מ13 CX5', 'מזדה 6']","Mazda: Mazda6, Mazda: CX-5",,,,,,,,,,,Right,,,,2013,
נאבה אחורית 12-16 XV,,,,,,['Subaru'],,Subaru: XV,,,,,,,,Wheel,,,Rear,Rear Wheel Hub,,,2012,2016
נאבה אחורית CX5 + מזדה 6 מ13,,,,,,['Mazda'],"['נאבה אחורית CX5', 'מזדה 6 מ13']","Mazda: Mazda6, Mazda: CX-5",,,,,,,,Wheel,,,Rear,Rear Wheel Hub,,,2013,
נאבה אחורית אוקטביה מ05,,,,,,['Skoda'],,Skoda: Octavia,,,,,,,,Wheel,,,Rear,Rear Wheel Hub,,,2005,
נאבה אחורית מ08 I30,,,,,,['Hyundai'],,Hyundai: i30,,,,,,,,Wheel,,,Rear,Rear Wheel Hub,,,2008,
נאבה אחורית מ09 B4 + פורסטר,,,,,,['Subaru'],"['נאבה אחורית מ09 B4', 'פורסטר']","Subaru: Forester, Subaru: Legacy B4",,,,,,,,Wheel,,,Rear,Rear Wheel Hub,,,2009,
נאבה אחורית פביה + רומסטר,,,,,,['Skoda'],"['נאבה אחורית פביה', 'רומסטר']","Skoda: Roomster, Skoda: Fabia",,,,,,,,Wheel,,,Rear,Rear Wheel Hub,,,,
נאבה אחורית פיקנטו מ11,,,,,,['Kia'],,Kia: Picanto,,,,,,,,Wheel,,,Rear,Rear Wheel Hub,,,2011,
נאבה אחורית קורולה מ08,,,,,,['Toyota'],,Toyota: Corolla,,,,,,,,Wheel,,,Rear,Rear Wheel Hub,,,2008,
נאבה מליבו 13-15 קדמי + אחורי,,,,,,['Chevrolet'],"['נאבה מליבו 13-15 קדמי', 'אחורי']",Chevrolet: Malibu,,,,,,,,Wheel,,,"Front, Rear",Wheel Hub,,,2013,2015
נאבה קדמי איביזה מ17,,,,,,['Seat'],,Seat: Ibiza,,,,,,,,Wheel,,,Front,Wheel Hub,,,2017,
נאבה קדמית  A4 מ16,,,,,,['Audi'],,Audi: A4,,,,,,,,Wheel,,,Front,Front Wheel Hub,,,2016,
נאבה קדמית אוקטביה מ05 3 חורים,,,,,,['Skoda'],,Skoda: Octavia,,,,,,,,Wheel,,,Front,Front Wheel Hub,,,2005,
נאבה קדמית אוקטביה מ05 4 חורים,,,,,,['Skoda'],,Skoda: Octavia,,,,,,,,Wheel,,,Front,Front Wheel Hub,,,2005,
נאבה קדמית אוקטביה מ13,,,,,,['Skoda'],,Skoda: Octavia,,,,,,,,Wheel,,,Front,Front Wheel Hub,,,2013,
נאבה קדמית גטס + אקסנט עד 06,,,,,,['Hyundai'],"['נאבה קדמית גטס', 'אקסנט עד 06']","Hyundai: Accent, Hyundai: Getz",,,,,,,,Wheel,,,Front,Front Wheel Hub,,,,2006
נאבה קדמית הנטר + טרייטון מ15,,,,,,['Mitsubishi'],"['נאבה קדמית הנטר', 'טרייטון מ15']","Mitsubishi: Triton, Mitsubishi: Hunter",,,,,,,,Wheel,,,Front,Front Wheel Hub,,,2015,
נאבה קדמית טסלה,,,,,,['Tesla'],,Tesla: Tesla,,,,,,,,Wheel,,,Front,Front Wheel Hub,,,,
נאבה קדמית מ09 B4 + פורסטר מ13,,,,,,['Subaru'],"['נאבה קדמית מ09 B4', 'פורסטר מ13']","Subaru: Forester, Subaru: Legacy B4",,,,,,,,Wheel,,,Front,Front Wheel Hub,,,2009,
נאבה קדמית מ12 XV,,,,,,['Subaru'],,Subaru: XV,,,,,,,,Wheel,,,Front,Front Wheel Hub,,,2012,
נאבה קדמית מ17 A5,,,,,,['Audi'],,Audi: A5,,,,,,,,Wheel,,,Front,Front Wheel Hub,,,2017,
נאבה קדמית מזדה 3 מ13,,,,,,['Mazda'],,Mazda: Mazda3,,,,,,,,Wheel,,,Front,Front Wheel Hub,,,2013,
נאבה קדמית קורולה מ08,,,,,,['Toyota'],,Toyota: Corolla,,,,,,,,Wheel,,,Front,Front Wheel Hub,,,2008,
ניפל מים מזדה 3 + לנטיס,,,,,,['Mazda'],"['ניפל מים מזדה 3', 'לנטיס']","Mazda: Mazda3, Mazda: Lantis",,,,,,,,Cooling,,,,Nipple Fitting,,,,
נעליים אחורי גטס,,,,,,['Hyundai'],,Hyundai: Getz,,,,,,,,Brake,,,Rear,Rear Brake Shoes,,,,
נעליים אחורי גנט בודד קרפטר + ספרינטר מ07,,,,,,"['Mercedes', 'Volkswagen']","['נעליים אחורי גנט בודד קרפטר', 'ספרינטר מ07']","Mercedes: Sprinter, Volkswagen: Crafter",,,,,,,,Brake,,,Rear,Rear Brake Shoes,,,2007,
נעליים אחורי דימקס עד 11,,,,,,['Isuzu'],,Isuzu: D-Max,,,,,,,,Brake,,,Rear,Rear Brake Shoes,,,,2011
נעליים אחורי היילקס עד 05,,,,,,['Toyota'],,Toyota: Hilux,,,,,,,,Brake,,,Rear,Rear Brake Shoes,,,,2005
נעליים אחורי ויגו מ06,,,,,,['Toyota'],,Toyota: Hilux Vigo,,,,,,,,Brake,,,Rear,Rear Brake Shoes,,,2006,
נעליים אחורי טרנו + טרנזיט מ01,,,,,,"['Nissan', 'Ford']","['נעליים אחורי טרנו', 'טרנזיט מ01']","Ford: Transit, Nissan: Terrano",,,,,,,,Brake,,,Rear,Rear Brake Shoes,,,2001,
נעליים אחורי ספייס סטאר + אטראג,,,,,,['Mitsubishi'],"['נעליים אחורי ספייס סטאר', 'אטראג']","Mitsubishi: Attrage, Mitsubishi: Space Star",,,,,,,,Brake,,,Rear,Rear Brake Shoes,,,,
נעליים אחורי פוקוס מ06,,,,,,['Ford'],,Ford: Focus,,,,,,,,Brake,,,Rear,Rear Brake Shoes,,,2006,
נעליים אחורי קרפטר + ספרינטר מ07,,,,,,"['Mercedes', 'Volkswagen']","['נעליים אחורי קרפטר', 'ספרינטר מ07']","Mercedes: Sprinter, Volkswagen: Crafter",,,,,,,,Brake,,,Rear,Rear Brake Shoes,,,2007,
נעליים הנטר מ07 מ12 דימקס,,,,,,"['Isuzu', 'Mitsubishi']",,"Isuzu: D-Max, Mitsubishi: Hunter",,,,,,,,,,,,,,,2007,
נפח 1.1 I10 טרמוסטט,,,,,,['Hyundai'],,Hyundai: i10,,,,,,1.1 L,,Cooling,,,,Thermostat,,,,
נשם אוקטביה מ13 1.8 + 2.0 CJS,,,,,,['Skoda'],"['נשם אוקטביה מ13 1.8', '2.0 CJS']",Skoda: Octavia,,,,,CJS,1.8 L,,Engine,,,,Crankcase Vent,,,2013,
נשם אוקטביה מ17 נפח 1.5,,,,,,['Skoda'],,Skoda: Octavia,,,,,,1.5 L,,Engine,,,,Crankcase Vent,,,2017,
סדרה 2 מ15 + X1 דסקיות אחורי,,,,,,['BMW'],"['סדרה 2 מ15', 'X1 דסקיות אחורי']","BMW: X1, BMW: 2 Series",,,,,,,,Brake,,,Rear,Brake Discs,,,2015,
סונטה + פלגים סורנטו 2.5 מ21,,,,,,"['Kia', 'Hyundai']","['סונטה', 'פלגים סורנטו 2.5 מ21']","Hyundai: Sonata, Kia: Sorento",,,,,,2.5 L,,Ignition,,,,Spark Plugs,,,2021,
סט אוברהול מושלם אקסנט מ07,,,,,,['Hyundai'],,Hyundai: Accent,,,,,,,,Engine,,,,Overhaul Kit,,,2007,
סט אטמים טיימינג 1.8 + 2.0 CJS,,,,,,[],"['סט אטמים טיימינג 1.8', '2.0 CJS']",,,,,,CJS,1.8 L,,,,,,,,,,
סט טיימינג + מ.מים אוקטביה מ13 דיזל 1.6,,,,,,['Skoda'],"['סט טיימינג', 'מ.מים אוקטביה מ13 דיזל 1.6']",Skoda: Octavia,,,,,,1.6 L,Diesel,Engine,,,,Timing Belt Kit,,,2013,
סט טיימינג + מ.מים ברלינגו 1.5 מ19,,,,,,['Citroen'],"['סט טיימינג', 'מ.מים ברלינגו 1.5 מ19']",Citroen: Berlingo,,,,,,1.5 L,,Engine,,,,Timing Belt Kit,,,2019,
סט טיימינג + מ.מים ברלינגו מ10,,,,,,['Citroen'],"['סט טיימינג', 'מ.מים ברלינגו מ10']",Citroen: Berlingo,,,,,,,,Engine,,,,Timing Belt Kit,,,2010,
סט טיימינג + מ.מים ברלינגו מ15 מקורי,,,,,,['Citroen'],"['סט טיימינג', 'מ.מים ברלינגו מ15 מקורי']",Citroen: Berlingo,,,,,,,,Engine,,,,Timing Belt Kit,,,2015,
סט טיימינג 1.2 + 1.4 CJZ,,,,,,[],"['סט טיימינג 1.2', '1.4 CJZ']",,,,,,CJZ,1.2 L,,Engine,,,,Timing Belt Kit,,,,
סט טיימינג 1.6 HDI ברלינגו מ06,,,,,,['Citroen'],,Citroen: Berlingo,,,,,HDI,1.6 L,,Engine,,,,Timing Belt Kit,,,2006,
סט טיימינג 2.0 דיזל אוקטביה מ05,,,,,,['Skoda'],,Skoda: Octavia,,,,,,2.0 L,Diesel,Engine,,,,Timing Belt Kit,,,2005,
סט טיימינג 307 + 206 מ01,,,,,,['Peugeot'],"['סט טיימינג 307', '206 מ01']","Peugeot: 206, Peugeot: 307",,,,,,,,Engine,,,,Timing Belt Kit,,,2001,
סט טיימינג B4 + אמפריזה 4 קמשפט,,,,,,['Subaru'],"['סט טיימינג B4', 'אמפריזה 4 קמשפט']","Subaru: Impreza, Subaru: Legacy B4",,,,,,,,Engine,,,,Timing Belt Kit,,,,
סט טיימינג CAX אוקטביה 1.4,,,,,,['Skoda'],,Skoda: Octavia,,,,,CAX,1.4 L,,Engine,,,,Timing Belt Kit,,,,
סט טיימינג CBZ 1.2,,,,,,[],,,,,,,CBZ,1.2 L,,Engine,,,,Timing Belt Kit,,,,
סט טיימינג CDA 1.8,,,,,,[],,,,,,,CDA,1.8 L,,Engine,,,,Timing Belt Kit,,,,
סט טיימינג CGG פביה + פולו,,,,,,"['Volkswagen', 'Skoda']","['סט טיימינג CGG פביה', 'פולו']","Volkswagen: Polo, Skoda: Fabia",,,,,CGG,1.4 L,,Engine,,,,Timing Belt Kit,,,,
סט טיימינג אוקטביה 1.5 מ17,,,,,,['Skoda'],,Skoda: Octavia,,,,,,1.5 L,,Engine,,,,Timing Belt Kit,,,2017,
סט טיימינג אוקטביה בנזין,,,,,,['Skoda'],,Skoda: Octavia,,,,,,,Gasoline,Engine,,,,Timing Belt Kit,,,,
סט טיימינג אוקטביה מ10 1.6 + 2.0 דיזל,,,,,,['Skoda'],"['סט טיימינג אוקטביה מ10 1.6', '2.0 דיזל']",Skoda: Octavia,,,,,,1.6 L,Diesel,Engine,,,,Timing Belt Kit,,,2010,
סט טיימינג אוקטביה מ13 1.6 דיזל,,,,,,['Skoda'],,Skoda: Octavia,,,,,,1.6 L,Diesel,Engine,,,,Timing Belt Kit,,,2013,
סט טיימינג אוקטביה מ13 145250 שן,,,,,,['Skoda'],,Skoda: Octavia,,,,,,,,Engine,,,,Timing Belt Kit,,,2013,
סט טיימינג אוקטביה מ20 דיזל,,,,,,['Skoda'],,Skoda: Octavia,,,,,,,Diesel,Engine,,,,Timing Belt Kit,,,2020,
סט טיימינג אוקטביה מ22 2.0 דיזל,,,,,,['Skoda'],,Skoda: Octavia,,,,,,2.0 L,Diesel,Engine,,,,Timing Belt Kit,,,2022,
סט טיימינג אקסנט + גטס,,,,,,['Hyundai'],"['סט טיימינג אקסנט', 'גטס']","Hyundai: Accent, Hyundai: Getz",,,,,,,,Engine,,,,Timing Belt Kit,,,,
סט טיימינג ברלינגו 1.6 מ10,,,,,,['Citroen'],,Citroen: Berlingo,,,,,,1.6 L,,Engine,,,,Timing Belt Kit,,,2010,
סט טיימינג גטס + אקסנט מ07,,,,,,['Hyundai'],"['סט טיימינג גטס', 'אקסנט מ07']","Hyundai: Accent, Hyundai: Getz",,,,,,,,Engine,,,,Timing Belt Kit,,,2007,
סט טיימינג גרנד קופה מ19 נפח 1.5,,,,,,['Renault'],,Renault: Grand Coupe,,,,,,1.5 L,,Engine,,,,Timing Belt Kit,,,2019,
סט טיימינג דוקטו 2.3 מ03,,,,,,['Fiat'],,Fiat: Ducato,,,,,,2.3 L,,Engine,,,,Timing Belt Kit,,,2003,
סט טיימינג הנטר,,,,,,['Mitsubishi'],,Mitsubishi: Hunter,,,,,,,,Engine,,,,Timing Belt Kit,,,,
סט טיימינג ויגו + לנדקרוזר 97 250 שו,,,,,,['Toyota'],"['סט טיימינג ויגו', 'לנדקרוזר 97 250 שו']","Toyota: Hilux Vigo, Toyota: Land Cruiser",,,,,,,,Engine,,,,Timing Belt Kit,,,,
סט טיימינג סנטה פה מ07 + טוסון נפח 2.7,,,,,,['Hyundai'],"['סט טיימינג סנטה פה מ07', 'טוסון נפח 2.7']","Hyundai: Tucson, Hyundai: Santa Fe",,,,,,2.7 L,,Engine,,,,Timing Belt Kit,,,2007,
סט טיימינג ספורטאג + קונה,,,,,,"['Kia', 'Hyundai']","['סט טיימינג ספורטאג', 'קונה']","Hyundai: Kona, Kia: Sportage",,,,,,,,Engine,,,,Timing Belt Kit,,,,
סט טיימינג פולו + פביה,,,,,,"['Volkswagen', 'Skoda']","['סט טיימינג פולו', 'פביה']","Volkswagen: Polo, Skoda: Fabia",,,,,,,,Engine,,,,Timing Belt Kit,,,,
סט טיימינג פוקוס מ06,,,,,,['Ford'],,Ford: Focus,,,,,,,,Engine,,,,Timing Belt Kit,,,2006,
סט טיימינג פיגו נפח 1.2,,,,,,['Peugeot'],,,,,,,,1.2 L,,Engine,,,,Timing Belt Kit,,,,
סט טיימינג פיקנטו מ11,,,,,,['Kia'],,Kia: Picanto,,,,,,,,Engine,,,,Timing Belt Kit,,,2011,
סט טיימינג קנגו 1.5 מ14,,,,,,['Renault'],,Renault: Kangoo,,,,,,1.5 L,,Engine,,,,Timing Belt Kit,,,2014,
סט טיימנג אוקטביה נפח 2.0  160 250 שן,,,,,,['Skoda'],,Skoda: Octavia,,,,,,2.0 L,,Engine,,,,Timing Belt Kit,,,,
סט מצמד 7 הילוכים DSG,,,,,,[],,,,,,,DSG,2.0 L,,Drivetrain,,,,Clutch Kit,DSG,,,
סט מצמד I10 מ09 + נפח 1.2 מ12 I20,,,,,,['Hyundai'],"['סט מצמד I10 מ09', 'נפח 1.2 מ12 I20']","Hyundai: i10, Hyundai: i20",,,,,,1.2 L,,Drivetrain,,,,Clutch Kit,,,2009,
סט מצמד אופטימה + I30 + סיד מ16,,,,,,"['Kia', 'Hyundai']","['סט מצמד אופטימה', 'I30', 'סיד מ16']","Hyundai: i30, Kia: Ceed, Kia: Optima",,,,,,,,Drivetrain,,,,Clutch Kit,,,2016,
סט מצמד אוקטביה 1.5 מ17,,,,,,['Skoda'],,Skoda: Octavia,,,,,,1.5 L,,Drivetrain,,,,Clutch Kit,,,2017,
סט מצמד אוקטביה עד 12 ישן,,,,,,['Skoda'],,Skoda: Octavia,,,,,,,,Drivetrain,,,,Clutch Kit,,,,2012
סט מצמד ברלינגו מ11,,,,,,['Citroen'],,Citroen: Berlingo,,,,,,,,Drivetrain,,,,Clutch Kit,,,2011,
סט מצמד גטס,,,,,,['Hyundai'],,Hyundai: Getz,,,,,,,,Drivetrain,,,,Clutch Kit,,,,
סט מצמד דימקס עד 11,,,,,,['Isuzu'],,Isuzu: D-Max,,,,,,,,Drivetrain,,,,Clutch Kit,,,,2011
סט מצמד מקורי ברלינגו מ15,,,,,,['Citroen'],,Citroen: Berlingo,,,,,,,,Drivetrain,,,,Clutch Kit,,,2015,
סט מצמד פנדה + FIAT500,,,,,,['Fiat'],"['סט מצמד פנדה', 'FIAT500']",Fiat: Panda,,,,,,,,Drivetrain,,,,Clutch Kit,,,,
סט מצמד קורולה מ08 רובוטי,,,,,,['Toyota'],,Toyota: Corolla,,,,,,,,Drivetrain,,,,Clutch Kit,Robotic,,2008,
סט מצמד קנגו 1.5 מ18,,,,,,['Renault'],,Renault: Kangoo,,,,,,1.5 L,,Drivetrain,,,,Clutch Kit,,,2018,
סט רצועוצ אקסנט מ07 + גטס,,,,,,['Hyundai'],"['סט רצועוצ אקסנט מ07', 'גטס']","Hyundai: Accent, Hyundai: Getz",,,,,,,,Engine,,,,Belt Kit,,,2007,
סט רצועות גטס + אקסנט מ07,,,,,,['Hyundai'],"['סט רצועות גטס', 'אקסנט מ07']","Hyundai: Accent, Hyundai: Getz",,,,,,,,Engine,,,,Belt Kit,,,2007,
סט רצועות דימקס מ12,,,,,,['Isuzu'],,Isuzu: D-Max,,,,,,,,Engine,,,,Belt Kit,,,2012,
סט רצועות דימקס עד 07,,,,,,['Isuzu'],,Isuzu: D-Max,,,,,,,,Engine,,,,Belt Kit,,,,2007
סט רצועות היילקס,,,,,,['Toyota'],,Toyota: Hilux,,,,,,,,Engine,,,,Belt Kit,,,,
סט רצועות הנטר,,,,,,['Mitsubishi'],,Mitsubishi: Hunter,,,,,,,,Engine,,,,Belt Kit,,,,
סט רצועות טרנו + וינר 2.7,,,,,,"['Isuzu', 'Nissan']","['סט רצועות טרנו', 'וינר 2.7']","Nissan: Terrano, Isuzu: Trooper",,,,,,2.7 L,,Engine,,,,Belt Kit,,,,
סט רצועות פוקוס מ06,,,,,,['Ford'],,Ford: Focus,,,,,,,,Engine,,,,Belt Kit,,,2006,
סט רצועות קינג,,,,,,['Mazda'],,Mazda: Kingcab,,,,,,,,Engine,,,,Belt Kit,,,,
סט שלייף גטס + אקסנט מ07,,,,,,['Hyundai'],"['סט שלייף גטס', 'אקסנט מ07']","Hyundai: Accent, Hyundai: Getz",,,,,,,,Engine,,,,Engine Rebuild Kit,,,2007,
סט שלייף גטס + אקסנט עד 06,,,,,,['Hyundai'],"['סט שלייף גטס', 'אקסנט עד 06']","Hyundai: Accent, Hyundai: Getz",,,,,,,,Engine,,,,Engine Rebuild Kit,,,,2006
סט שרשרת טיימינג CBZ 1.2 + 1.4,,,,,,[],"['סט שרשרת טיימינג CBZ 1.2', '1.4']",,,,,,CBZ,1.2 L,,Engine,,,,Timing Chain Kit,,,,
סט שרשרת פיקנטו 1.2 מ11,,,,,,['Kia'],,Kia: Picanto,,,,,,1.2 L,,Engine,,,,Timing Chain Kit,,,2011,
סט שרשרת קורולה מ08,,,,,,['Toyota'],,Toyota: Corolla,,,,,,,,Engine,,,,Timing Chain Kit,,,2008,
סט תיקון ידית הילוכים סקודה,,,,,,['Skoda'],,,,,,,,,,,,,,,,,,
סליל כרית אויר I20 מ12,,,,,,['Hyundai'],,Hyundai: i20,,,,,,,,Safety,,,,Airbag Clock Spring,,,2012,
סליל כרית אויר I20 עד 12,,,,,,['Hyundai'],,Hyundai: i20,,,,,,,,Safety,,,,Airbag Clock Spring,,,,2012
סליל כרית אויר I25 מ11,,,,,,['Hyundai'],,Hyundai: i25,,,,,,,,Safety,,,,Airbag Clock Spring,,,2011,
סליל כרית אויר I35 מ11,,,,,,['Hyundai'],,Hyundai: i35,,,,,,,,Safety,,,,Airbag Clock Spring,,,2011,
סליל כרית אויר אופטימה,,,,,,['Kia'],,Kia: Optima,,,,,,,,Safety,,,,Airbag Clock Spring,,,,
סליל כרית אויר וולסטר + פורטה מ13,,,,,,"['Kia', 'Hyundai']","['סליל כרית אויר וולסטר', 'פורטה מ13']","Kia: Forte, Hyundai: Veloster",,,,,,,,Safety,,,,Airbag Clock Spring,,,2013,
סליל כרית אויר ויגו מ06,,,,,,['Toyota'],,Toyota: Hilux Vigo,,,,,,,,Safety,,,,Airbag Clock Spring,,,2006,
סליל כרית אויר סנטה פה,,,,,,['Hyundai'],,Hyundai: Santa Fe,,,,,,,,Safety,,,,Airbag Clock Spring,,,,
סליל כרית אויר ריו מ12,,,,,,['Kia'],,Kia: Rio,,,,,,,,Safety,,,,Airbag Clock Spring,,,2012,
סעפת יניקה  1.8 CDA,,,,,,[],,,,,,,CDA,1.8 L,,,,,,,,,,
עד 10 SX4 פ.אויר,,,,,,['Suzuki'],,Suzuki: SX4,,,,,,,,Filter,,,,Air Filter,,,,2010
עד 11 I20 פ.מזגן,,,,,,['Hyundai'],,Hyundai: i20,,,,,,,,Filter,,,,AC Filter,,,,2011
עד 11 I30 מאורר עם נגד,,,,,,['Hyundai'],,Hyundai: i30,,,,,,,,Cooling,,,,Radiator Fan,,,,2011
עד 11 I30 פ.אויר,,,,,,['Hyundai'],,Hyundai: i30,,,,,,,,Filter,,,,Air Filter,,,,2011
עד 11 I30 רדיאטור,,,,,,['Hyundai'],,Hyundai: i30,,,,,,,,Cooling,,,,Radiator,,,,2011
עד 11 I30 ת.בולם,,,,,,['Hyundai'],,Hyundai: i30,,,,,,,,Suspension,,,,Shock Absorber Bushing,,,,2011
עד14  i20 פ.אויר,,,,,,[],,,,,,,,,,Filter,,,,Air Filter,,,,
עם חיישן פ.סולר ספרינטר מ07,,,,,,['Mercedes'],,Mercedes: Sprinter,,,,,,,Diesel,Filter,,,,Fuel Filter (Diesel),,,2007,
ערכת חיווט איוניק,,,,,,['Hyundai'],,Hyundai: Ioniq,,,,,,,,Electrical,,,,Wiring Harness Kit,,,,
פ.אויר 206 + 307,,,,,,['Peugeot'],"['פ.אויר 206', '307']","Peugeot: 206, Peugeot: 307",,,,,,,,Filter,,,,Air Filter,,,,
פ.אויר 207 מ06 + C3 + 301,,,,,,"['Citroen', 'Peugeot']","['פ.אויר 207 מ06', 'C3', '301']","Citroen: C3, Peugeot: 207, Peugeot: 301",,,,,,,,Filter,,,,Air Filter,,,2006,
פ.אויר 207+ 308 + C4 מ08,,,,,,"['Citroen', 'Peugeot']","['פ.אויר 207', '308', 'C4 מ08']","Citroen: C4, Peugeot: 207, Peugeot: 308",,,,,,,,Filter,,,,Air Filter,,,2008,
פ.אויר A4 + A5 מ15,,,,,,['Audi'],"['פ.אויר A4', 'A5 מ15']","Audi: A4, Audi: A5",,,,,,,,Filter,,,,Air Filter,,,2015,
פ.אויר A4 A5 + Q5 מ08,,,,,,['Audi'],"['פ.אויר A4 A5', 'Q5 מ08']","Audi: A4, Audi: A5, Audi: Q5",,,,,,,,Filter,,,,Air Filter,,,2008,
פ.אויר A4 מ16 + מ16 A5 + Q5,,,,,,['Audi'],"['פ.אויר A4 מ16', 'מ16 A5', 'Q5']","Audi: A4, Audi: A5, Audi: Q5",,,,,,,,Filter,,,,Air Filter,,,2016,
פ.אויר A6 A7 + A8 מ11 גליל,,,,,,['Audi'],"['פ.אויר A6 A7', 'A8 מ11 גליל']","Audi: A6, Audi: A7, Audi: A8",,,,,,,,Filter,,,,Air Filter,,,2011,
פ.אויר I10 מ10 נפח 1.1,,,,,,['Hyundai'],,Hyundai: i10,,,,,,1.1 L,,Filter,,,,Air Filter,,,2010,
פ.אויר Q8 + מ15 Q7,,,,,,['Audi'],"['פ.אויר Q8', 'מ15 Q7']","Audi: Q7, Audi: Q8",,,,,,,,Filter,,,,Air Filter,,,2015,
פ.אויר אדג מ07 + אקספלורר 3.5 מ12,,,,,,['Ford'],"['פ.אויר אדג מ07', 'אקספלורר 3.5 מ12']","Ford: Edge, Ford: Explorer",,,,,,3.5 L,,Filter,,,,Air Filter,,,2007,
פ.אויר אוקטביה מ13 1.2 + 1.4 שני חורים,,,,,,['Skoda'],"['פ.אויר אוקטביה מ13 1.2', '1.4 שני חורים']",Skoda: Octavia,,,,,,1.2 L,,Filter,,,,Air Filter,,,2013,
פ.אויר אוקטביה מ13 CJS 1.8 + 2.0,,,,,,['Skoda'],"['פ.אויר אוקטביה מ13 CJS 1.8', '2.0']",Skoda: Octavia,,,,,CJS,1.8 L,,Filter,,,,Air Filter,,,2013,
פ.אויר אוקטביה מ17 1.5,,,,,,['Skoda'],,Skoda: Octavia,,,,,,1.5 L,,Filter,,,,Air Filter,,,2017,
פ.אויר אטראג + ספייס סטאר מ13,,,,,,['Mitsubishi'],"['פ.אויר אטראג', 'ספייס סטאר מ13']","Mitsubishi: Attrage, Mitsubishi: Space Star",,,,,,,,Filter,,,,Air Filter,,,2013,
פ.אויר איבו מ11 + סוניק מ12,,,,,,['Chevrolet'],"['פ.אויר איבו מ11', 'סוניק מ12']",Chevrolet: Sonic,,,,,,,,Filter,,,,Air Filter,,,2011,
פ.אויר איביזה מ16 נפח 1.0,,,,,,['Seat'],,Seat: Ibiza,,,,,,1.0 L,,Filter,,,,Air Filter,,,2016,
פ.אויר איגניס מ20 נפח 1.2 היבריד,,,,,,['Suzuki'],,Suzuki: Ignis,,,,,,1.2 L,Hybrid,Filter,,,,Air Filter,,,2020,
פ.אויר איגניס,,,,,,['Suzuki'],,Suzuki: Ignis,,,,,,,,Filter,,,,Air Filter,,,,
פ.אויר איוניק מ16,,,,,,['Hyundai'],,Hyundai: Ioniq,,,,,,,,Filter,,,,Air Filter,,,2016,
פ.אויר אלנטרה מ16,,,,,,['Hyundai'],,Hyundai: Elantra,,,,,,,,Filter,,,,Air Filter,,,2016,
פ.אויר אלנטרה מ21,,,,,,['Hyundai'],,Hyundai: Elantra,,,,,,,,Filter,,,,Air Filter,,,2021,
פ.אויר אלפא סטלביו 2.0 מ16,,,,,,['Alfa Romeo'],,Alfa Romeo: Stelvio,,,,,,2.0 L,,Filter,,,,Air Filter,,,2016,
פ.אויר אנסייט מ09,,,,,,[],,,,,,,,,,Filter,,,,Air Filter,,,2009,
פ.אויר אסטרה מ15 + קרוז 1.4 מ17,,,,,,"['Opel', 'Chevrolet']","['פ.אויר אסטרה מ15', 'קרוז 1.4 מ17']","Opel: Astra, Chevrolet: Cruze",,,,,,1.4 L,,Filter,,,,Air Filter,,,2015,
פ.אויר אקווינוקס 1.5 מ18,,,,,,['Chevrolet'],,Chevrolet: Equinox,,,,,,1.5 L,,Filter,,,,Air Filter,,,2018,
פ.אויר אקורד 2.4 + 2.0 מ03,,,,,,['Honda'],"['פ.אויר אקורד 2.4', '2.0 מ03']",Honda: Accord,,,,,,2.4 L,,Filter,,,,Air Filter,,,2003,
פ.אויר אקורד מ14 היבריד,,,,,,['Honda'],,Honda: Accord,,,,,,,Hybrid,Filter,,,,Air Filter,,,2014,
פ.אויר אקליס קרוס מ17,,,,,,[],,,,,,,,,,Filter,,,,Air Filter,,,2017,
פ.אויר אקליפס קרוס 1.5 מ18,,,,,,['Mitsubishi'],,"Mitsubishi: Eclipse, Mitsubishi: Eclipse Cross",,,,,,1.5 L,,Filter,,,,Air Filter,,,2018,
פ.אויר אקסנט מ07,,,,,,['Hyundai'],,Hyundai: Accent,,,,,,,,Filter,,,,Air Filter,,,2007,
פ.אויר אקסנט עד 06,,,,,,['Hyundai'],,Hyundai: Accent,,,,,,,,Filter,,,,Air Filter,,,,2006
פ.אויר ב.מ.וו מ13 X3 + X4 + X5,,,,,,['BMW'],"['פ.אויר ב.מ.וו מ13 X3', 'X4', 'X5']","BMW: X3, BMW: X4, BMW: X5",,,,,,,,Filter,,,,Air Filter,,,2013,
פ.אויר ב.מ.וו סדרה 1 + 2 + 3 + 4 מ15,,,,,,['BMW'],"['פ.אויר ב.מ.וו סדרה 1', '2', '3', '4 מ15']",BMW: 1 Series,,,,,,,,Filter,,,,Air Filter,,,2015,
פ.אויר באלנו מ15,,,,,,['Suzuki'],,Suzuki: Baleno,,,,,,,,Filter,,,,Air Filter,,,2015,
פ.אויר בוקסר מ21 + דוקטו מ21,,,,,,"['Peugeot', 'Fiat']","['פ.אויר בוקסר מ21', 'דוקטו מ21']","Fiat: Ducato, Peugeot: Boxer",,,,,,,,Filter,,,,Air Filter,,,2021,
פ.אויר ברלינגו מ10,,,,,,['Citroen'],,Citroen: Berlingo,,,,,,,,Filter,,,,Air Filter,,,2010,
פ.אויר ברלינגו מ15,,,,,,['Citroen'],,Citroen: Berlingo,,,,,,,,Filter,,,,Air Filter,,,2015,
פ.אויר ברלינגו מ19 + 5008 + 3008 מ18,,,,,,"['Citroen', 'Peugeot']","['פ.אויר ברלינגו מ19', '5008', '3008 מ18']","Citroen: Berlingo, Peugeot: 3008, Peugeot: 5008",,,,,,,,Filter,,,,Air Filter,,,2019,
פ.אויר ג.ויטרה מ06,,,,,,['Suzuki'],,"Suzuki: Vitara, Suzuki: Grand Vitara",,,,,,,,Filter,,,,Air Filter,,,2006,
פ.אויר ג.ויטרה מ09,,,,,,['Suzuki'],,"Suzuki: Vitara, Suzuki: Grand Vitara",,,,,,,,Filter,,,,Air Filter,,,2009,
פ.אויר גאז 06-08,,,,,,[],,,,,,,,,,Filter,,,,Air Filter,,,2006,2008
פ.אויר גאז מ09,,,,,,[],,,,,,,,,,Filter,,,,Air Filter,,,2009,
פ.אויר גאז מ15,,,,,,[],,,,,,,,,,Filter,,,,Air Filter,,,2015,
פ.אויר גולף מ06 גליל,,,,,,['Volkswagen'],,Volkswagen: Golf,,,,,,,,Filter,,,,Air Filter,,,2006,
פ.אויר גוק 1.6,,,,,,['Nissan'],,Nissan: Juke,,,,,,1.6 L,,Filter,,,,Air Filter,,,,
פ.אויר גוק מ19 + מיקרה מ18,,,,,,['Nissan'],"['פ.אויר גוק מ19', 'מיקרה מ18']","Nissan: Juke, Nissan: Micra",,,,,,,,Filter,,,,Air Filter,,,2019,
פ.אויר גטס,,,,,,['Hyundai'],,Hyundai: Getz,,,,,,,,Filter,,,,Air Filter,,,,
פ.אויר גימיני מ98,,,,,,['Suzuki'],,Suzuki: Jimny,,,,,,,,Filter,,,,Air Filter,,,2098,
פ.אויר גמפי מ07 נפח 2.0,,,,,,['Citroen'],,Citroen: Jumpy,,,,,,2.0 L,,Filter,,,,Air Filter,,,2007,
פ.אויר גמפי מ16 נפח 2.0,,,,,,['Citroen'],,Citroen: Jumpy,,,,,,2.0 L,,Filter,,,,Air Filter,,,2016,
פ.אויר גרנד צירוקי נפח 3.2 מ15,,,,,,['Jeep'],,Jeep: Grand Cherokee,,,,,,3.2 L,,Filter,,,,Air Filter,,,2015,
פ.אויר גרנדיס מ04,,,,,,['Mitsubishi'],,Mitsubishi: Grandis,,,,,,,,Filter,,,,Air Filter,,,2004,
פ.אויר דובלו נפח 1.3 מ10,,,,,,['Fiat'],,Fiat: Doblo,,,,,,1.3 L,,Filter,,,,Air Filter,,,2010,
פ.אויר דודג ראם מ09,,,,,,['Dodge'],,Dodge: Ram,,,,,,,,Filter,,,,Air Filter,,,2009,
פ.אויר דוקטו 2.2 מ21,,,,,,['Fiat'],,Fiat: Ducato,,,,,,2.2 L,,Filter,,,,Air Filter,,,2021,
פ.אויר דוקטו מ07,,,,,,['Fiat'],,Fiat: Ducato,,,,,,,,Filter,,,,Air Filter,,,2007,
פ.אויר דימקס מ12 מרובע,,,,,,['Isuzu'],,Isuzu: D-Max,,,,,,,,Filter,,,,Air Filter,,,2012,
פ.אויר דימקס עד 07,,,,,,['Isuzu'],,Isuzu: D-Max,,,,,,,,Filter,,,,Air Filter,,,,2007
פ.אויר האנטר מ07 מקורי,,,,,,['Mitsubishi'],,Mitsubishi: Hunter,,,,,,,,Filter,,,,Air Filter,,,2007,
פ.אויר היילקס עד 97,,,,,,['Toyota'],,Toyota: Hilux,,,,,,,,Filter,,,,Air Filter,,,,2097
פ.אויר הייס,,,,,,['Toyota'],,Toyota: Hiace,,,,,,,,Filter,,,,Air Filter,,,,
פ.אויר הנטר מ07 מקורי,,,,,,['Mitsubishi'],,Mitsubishi: Hunter,,,,,,,,Filter,,,,Air Filter,,,2007,
פ.אויר וויגר מ11,,,,,,['Buick'],,Buick: Verano,,,,,,,,Filter,,,,Air Filter,,,2011,
פ.אויר ויגו מ06,,,,,,['Toyota'],,Toyota: Hilux Vigo,,,,,,,,Filter,,,,Air Filter,,,2006,
פ.אויר ויגו מ15,,,,,,['Toyota'],,Toyota: Hilux Vigo,,,,,,,,Filter,,,,Air Filter,,,2015,
פ.אויר ויטו + ויאנו מ04,,,,,,['Mercedes'],"['פ.אויר ויטו', 'ויאנו מ04']","Mercedes: Vito, Mercedes: Viano",,,,,,,,Filter,,,,Air Filter,,,2004,
פ.אויר ויטו מ19,,,,,,['Mercedes'],,Mercedes: Vito,,,,,,,,Filter,,,,Air Filter,,,2019,
פ.אויר ויטרה מ17 1.4,,,,,,['Suzuki'],,Suzuki: Vitara,,,,,,1.4 L,,Filter,,,,Air Filter,,,2017,
פ.אויר ויניו מ19,,,,,,[],,,,,,,,,,Filter,,,,Air Filter,,,2019,
פ.אויר טווארג + Q7 + פורש,,,,,,"['Audi', 'Volkswagen']","['פ.אויר טווארג', 'Q7', 'פורש']","Audi: Q7, Volkswagen: Touareg",,,,,,,,Filter,,,,Air Filter,,,,
פ.אויר טוסון מ21 + סנטה פה מ20,,,,,,['Hyundai'],"['פ.אויר טוסון מ21', 'סנטה פה מ20']","Hyundai: Tucson, Hyundai: Santa Fe",,,,,,,,Filter,,,,Air Filter,,,2021,
פ.אויר טידה מ04 + נוט מ06,,,,,,['Nissan'],"['פ.אויר טידה מ04', 'נוט מ06']",Nissan: Tiida,,,,,,,,Filter,,,,Air Filter,,,2004,
פ.אויר טיפו מ16,,,,,,['Fiat'],,Fiat: Tipo,,,,,,,,Filter,,,,Air Filter,,,2016,
פ.אויר טראוורס מ09,,,,,,['Chevrolet'],,Chevrolet: Traverse,,,,,,,,Filter,,,,Air Filter,,,2009,
פ.אויר טראוורס נפח 3.6 מ09,,,,,,['Chevrolet'],,Chevrolet: Traverse,,,,,,3.6 L,,Filter,,,,Air Filter,,,2009,
פ.אויר טראפיק מ14 + NV300 מ16,,,,,,"['Renault', 'Nissan']","['פ.אויר טראפיק מ14', 'NV300 מ16']","Nissan: NV300, Renault: Trafic",,,,,,,,Filter,,,,Air Filter,,,2014,
פ.אויר טרייטון מ15 + קאמרי מ17 + גרנד שירוקי מ10,,,,,,"['Jeep', 'Toyota', 'Mitsubishi']","['פ.אויר טרייטון מ15', 'קאמרי מ17', 'גרנד שירוקי מ10']","Toyota: Camry, Mitsubishi: Triton, Jeep: Grand Cherokee",,,,,,,,Filter,,,,Air Filter,,,2015,
פ.אויר טרייל בלייזר מ21,,,,,,['Chevrolet'],,Chevrolet: Trailblazer,,,,,,,,Filter,,,,Air Filter,,,2021,
פ.אויר טרנו מ97 נפח 2.7,,,,,,['Nissan'],,Nissan: Terrano,,,,,,2.7 L,,Filter,,,,Air Filter,,,2097,
פ.אויר טרנו מ98 נפח 2.5,,,,,,['Nissan'],,Nissan: Terrano,,,,,,2.5 L,,Filter,,,,Air Filter,,,2098,
פ.אויר טרקאן מ01,,,,,,['Ford'],,Ford: Tourneo Custom,,,,,,,,Filter,,,,Air Filter,,,2001,
פ.אויר טרקס מ12 + אופל מוקה מ12,,,,,,"['Opel', 'Chevrolet']","['פ.אויר טרקס מ12', 'אופל מוקה מ12']","Opel: Mokka, Chevrolet: Trax",,,,,,,,Filter,,,,Air Filter,,,2012,
פ.אויר יאריס 1.0 + פיגו 107,,,,,,"['Peugeot', 'Toyota']","['פ.אויר יאריס 1.0', 'פיגו 107']","Toyota: Yaris, Peugeot: 107",,,,,,1.0 L,,Filter,,,,Air Filter,,,,
פ.אויר יאריס 1.3,,,,,,['Toyota'],,Toyota: Yaris,,,,,,1.3 L,,Filter,,,,Air Filter,,,,
פ.אויר יאריס מ20,,,,,,['Toyota'],,Toyota: Yaris,,,,,,,,Filter,,,,Air Filter,,,2020,
פ.אויר יאריס עד 06 נפח 1.6,,,,,,['Toyota'],,Toyota: Yaris,,,,,,1.6 L,,Filter,,,,Air Filter,,,,2006
פ.אויר ליאנה מ07 + סוויפט עד 10,,,,,,['Suzuki'],"['פ.אויר ליאנה מ07', 'סוויפט עד 10']","Suzuki: Swift, Suzuki: Liana",,,,,,,,Filter,,,,Air Filter,,,2007,2010
פ.אויר למצבר ראב 4 מ19 2.5,,,,,,['Toyota'],,Toyota: RAV4,,,,,,2.5 L,,Filter,,,,Air Filter,,,2019,
פ.אויר לנד קרוזר מ15,,,,,,['Land Rover'],,,,,,,,,,Filter,,,,Air Filter,,,2015,
פ.אויר לנדקרוזר מ03,,,,,,['Toyota'],,Toyota: Land Cruiser,,,,,,,,Filter,,,,Air Filter,,,2003,
פ.אויר לנדקרוזר מ10,,,,,,['Toyota'],,Toyota: Land Cruiser,,,,,,,,Filter,,,,Air Filter,,,2010,
פ.אויר לנטיס,,,,,,['Mazda'],,Mazda: Lantis,,,,,,,,Filter,,,,Air Filter,,,,
פ.אויר לנסר מ04,,,,,,['Mitsubishi'],,Mitsubishi: Lancer,,,,,,,,Filter,,,,Air Filter,,,2004,
פ.אויר לנסר מ08 אוטלאנדר מ07,,,,,,['Mitsubishi'],,Mitsubishi: Lancer,,,,,,,,Filter,,,,Air Filter,,,2008,
פ.אויר לנסר מ11 + אאוטלנדר מ13,,,,,,['Mitsubishi'],"['פ.אויר לנסר מ11', 'אאוטלנדר מ13']","Mitsubishi: Lancer, Mitsubishi: Outlander",,,,,,,,Filter,,,,Air Filter,,,2011,
פ.אויר לקסוס מ12,,,,,,['Lexus'],,,,,,,,,,Filter,,,,Air Filter,,,2012,
פ.אויר מ11 A6 + A7,,,,,,['Audi'],"['פ.אויר מ11 A6', 'A7']","Audi: A6, Audi: A7",,,,,,,,Filter,,,,Air Filter,,,2011,
פ.אויר מגאן + פלואנס מ09 2.0,,,,,,['Renault'],"['פ.אויר מגאן', 'פלואנס מ09 2.0']","Renault: Megane, Renault: Fluence",,,,,,2.0 L,,Filter,,,,Air Filter,,,2009,
פ.אויר מגאן גרנד קופה מ16,,,,,,['Renault'],,"Renault: Megane, Renault: Grand Coupe",,,,,,,,Filter,,,,Air Filter,,,2016,
פ.אויר מגאן מ04 + פלואנס מ09,,,,,,['Renault'],"['פ.אויר מגאן מ04', 'פלואנס מ09']","Renault: Megane, Renault: Fluence",,,,,,,,Filter,,,,Air Filter,,,2004,
פ.אויר מגאן עד 04 + קליוא עד 04,,,,,,['Renault'],"['פ.אויר מגאן עד 04', 'קליוא עד 04']",Renault: Megane,,,,,,,,Filter,,,,Air Filter,,,,2004
פ.אויר מזדה 3 מ13 נפח 1.5,,,,,,['Mazda'],,Mazda: Mazda3,,,,,,1.5 L,,Filter,,,,Air Filter,,,2013,
פ.אויר מזדה 3 מ19 + מ19 CX-30,,,,,,['Mazda'],"['פ.אויר מזדה 3 מ19', 'מ19 CX-30']","Mazda: Mazda3, Mazda: CX-30",,,,,,,,Filter,,,,Air Filter,,,2019,
פ.אויר מזדה 3 עד 12 1.6,,,,,,['Mazda'],,Mazda: Mazda3,,,,,,1.6 L,,Filter,,,,Air Filter,,,,2012
פ.אויר מזדה 6 CX5,,,,,,['Mazda'],,"Mazda: Mazda6, Mazda: CX-5",,,,,,,,Filter,,,,Air Filter,,,,
פ.אויר מזדה 6 עד 12,,,,,,['Mazda'],,Mazda: Mazda6,,,,,,,,Filter,,,,Air Filter,,,,2012
פ.אויר מליבו מ07,,,,,,['Chevrolet'],,Chevrolet: Malibu,,,,,,,,Filter,,,,Air Filter,,,2007,
פ.אויר מליבו מ13 + לה קרוס מ10,,,,,,['Chevrolet'],"['פ.אויר מליבו מ13', 'לה קרוס מ10']","Chevrolet: Malibu, Chevrolet: LaCrosse",,,,,,,,Filter,,,,Air Filter,,,2013,
פ.אויר מליבו מ13+ אימפלה 3.6 מ13,,,,,,['Chevrolet'],"['פ.אויר מליבו מ13', 'אימפלה 3.6 מ13']","Chevrolet: Malibu, Chevrolet: Impala",,,,,,3.6 L,,Filter,,,,Air Filter,,,2013,
פ.אויר מסטר מ10,,,,,,['Renault'],,Renault: Master,,,,,,,,Filter,,,,Air Filter,,,2010,
פ.אויר מרצדס ויאנו מ14,,,,,,['Mercedes'],,Mercedes: Viano,,,,,,,,Filter,,,,Air Filter,,,2014,
פ.אויר מרצדס מ11,,,,,,['Mercedes'],,,,,,,,,,Filter,,,,Air Filter,,,2011,
פ.אויר מרצדס מ13 גליל,,,,,,['Mercedes'],,,,,,,,,,Filter,,,,Air Filter,,,2013,
פ.אויר מרצדס מ13,,,,,,['Mercedes'],,,,,,,,,,Filter,,,,Air Filter,,,2013,
פ.אויר מרצדס מ15 CLA + GLA,,,,,,['Mercedes'],"['פ.אויר מרצדס מ15 CLA', 'GLA']","Mercedes: GLA, Mercedes: CLA",,,,,,,,Filter,,,,Air Filter,,,2015,
פ.אויר מרצדס מ18 GLA + CLA,,,,,,['Mercedes'],"['פ.אויר מרצדס מ18 GLA', 'CLA']","Mercedes: GLA, Mercedes: CLA",,,,,,,,Filter,,,,Air Filter,,,2018,
פ.אויר מרצדס מ19,,,,,,['Mercedes'],,,,,,,,,,Filter,,,,Air Filter,,,2019,
פ.אויר מרצדס קלאס C205 + S205 + W205 מ14,,,,,,['Mercedes'],"['פ.אויר מרצדס קלאס C205', 'S205', 'W205 מ14']",,,,,,,,,Filter,,,,Air Filter,,,2014,
פ.אויר נבארה מ06 + טרנזיט מ01,,,,,,"['Nissan', 'Ford']","['פ.אויר נבארה מ06', 'טרנזיט מ01']","Nissan: Navara, Ford: Transit",,,,,,,,Filter,,,,Air Filter,,,2006,
פ.אויר נמוך מ16 A5 + Q5,,,,,,['Audi'],"['פ.אויר נמוך מ16 A5', 'Q5']","Audi: A5, Audi: Q5",,,,,,,,Filter,,,,Air Filter,,,2016,
פ.אויר סדרה 3 מ04,,,,,,['BMW'],,BMW: 3 Series,,,,,,,,Filter,,,,Air Filter,,,2004,
פ.אויר סדרה 3 מ12,,,,,,['BMW'],,BMW: 3 Series,,,,,,,,Filter,,,,Air Filter,,,2012,
פ.אויר סדרה 3 מ20,,,,,,['BMW'],,BMW: 3 Series,,,,,,,,Filter,,,,Air Filter,,,2020,
פ.אויר סדרה 5  + X1 מ11,,,,,,['BMW'],"['פ.אויר סדרה 5', 'X1 מ11']","BMW: X1, BMW: 5 Series",,,,,,,,Filter,,,,Air Filter,,,2011,
פ.אויר סדרה 5 + 7 מ16,,,,,,['BMW'],"['פ.אויר סדרה 5', '7 מ16']",BMW: 5 Series,,,,,,,,Filter,,,,Air Filter,,,2016,
פ.אויר סדרה 5 מ16 + מ17 X5 + X3,,,,,,['BMW'],"['פ.אויר סדרה 5 מ16', 'מ17 X5', 'X3']","BMW: X3, BMW: X5, BMW: 5 Series",,,,,,,,Filter,,,,Air Filter,,,2016,
פ.אויר סדרה 7 מ09 + סדרה 5 מ09,,,,,,['BMW'],"['פ.אויר סדרה 7 מ09', 'סדרה 5 מ09']","BMW: 5 Series, BMW: 7 Series",,,,,,,,Filter,,,,Air Filter,,,2009,
פ.אויר סוזוקי באלנו,,,,,,['Suzuki'],,Suzuki: Baleno,,,,,,,,Filter,,,,Air Filter,,,,
פ.אויר סונטה מ12 + אופטימה 2.0 מ12,,,,,,"['Kia', 'Hyundai']","['פ.אויר סונטה מ12', 'אופטימה 2.0 מ12']","Hyundai: Sonata, Kia: Optima",,,,,,2.0 L,,Filter,,,,Air Filter,,,2012,
פ.אויר סונטה מ20 2.0 היבריד,,,,,,['Hyundai'],,Hyundai: Sonata,,,,,,2.0 L,Hybrid,Filter,,,,Air Filter,,,2020,
פ.אויר סורנטו מ12 + סנטה פה מ12,,,,,,"['Kia', 'Hyundai']","['פ.אויר סורנטו מ12', 'סנטה פה מ12']","Hyundai: Santa Fe, Kia: Sorento",,,,,,,,Filter,,,,Air Filter,,,2012,
פ.אויר סורנטו מ15 + סנטה פה מ17,,,,,,"['Kia', 'Hyundai']","['פ.אויר סורנטו מ15', 'סנטה פה מ17']","Hyundai: Santa Fe, Kia: Sorento",,,,,,,,Filter,,,,Air Filter,,,2015,
פ.אויר סורנטו עד 06,,,,,,['Kia'],,Kia: Sorento,,,,,,,,Filter,,,,Air Filter,,,,2006
פ.אויר סיויק מ06 FRV מ07,,,,,,['Honda'],,"Honda: Civic, Honda: FR-V",,,,,,,,Filter,,,,Air Filter,,,2006,
פ.אויר סיויק מ12,,,,,,['Honda'],,Honda: Civic,,,,,,,,Filter,,,,Air Filter,,,2012,
פ.אויר סילברדו מ11,,,,,,['Chevrolet'],,Chevrolet: Silverado,,,,,,,,Filter,,,,Air Filter,,,2011,
פ.אויר סילברדו נפח 6.6 מ17,,,,,,['Chevrolet'],,Chevrolet: Silverado,,,,,,6.6 L,,Filter,,,,Air Filter,,,2017,
פ.אויר סינטרה מ20,,,,,,['Nissan'],,Nissan: Sentra,,,,,,,,Filter,,,,Air Filter,,,2020,
פ.אויר סיריון מ05,,,,,,['Daihatsu'],,Daihatsu: Sirion,,,,,,,,Filter,,,,Air Filter,,,2005,
פ.אויר סנטה פה מ07,,,,,,['Hyundai'],,Hyundai: Santa Fe,,,,,,,,Filter,,,,Air Filter,,,2007,
פ.אויר סנטה פה מ10 סורנטו מ10 2.4 בנזין,,,,,,"['Kia', 'Hyundai']",,"Hyundai: Santa Fe, Kia: Sorento",,,,,,2.4 L,Gasoline,Filter,,,,Air Filter,,,2010,
פ.אויר סנטה פה מ13 נפח 2.0 2.2,,,,,,['Hyundai'],,Hyundai: Santa Fe,,,,,,2.0 L,,Filter,,,,Air Filter,,,2013,
פ.אויר ספארק מ15,,,,,,['Chevrolet'],,Chevrolet: Spark,,,,,,,,Filter,,,,Air Filter,,,2015,
פ.אויר ספארק נפח 1.0 + 1.2 מ10,,,,,,['Chevrolet'],"['פ.אויר ספארק נפח 1.0', '1.2 מ10']",Chevrolet: Spark,,,,,,1.0 L,,Filter,,,,Air Filter,,,2010,
פ.אויר ספורטאג + טוסון מ05,,,,,,"['Kia', 'Hyundai']","['פ.אויר ספורטאג', 'טוסון מ05']","Hyundai: Tucson, Kia: Sportage",,,,,,,,Filter,,,,Air Filter,,,2005,
פ.אויר ספורטאג + טוסון מ15,,,,,,"['Kia', 'Hyundai']","['פ.אויר ספורטאג', 'טוסון מ15']","Hyundai: Tucson, Kia: Sportage",,,,,,,,Filter,,,,Air Filter,,,2015,
פ.אויר ספלאש מ09 + סוויפט 1.2 מ11,,,,,,['Suzuki'],"['פ.אויר ספלאש מ09', 'סוויפט 1.2 מ11']","Suzuki: Swift, Suzuki: Splash",,,,,,1.2 L,,Filter,,,,Air Filter,,,2009,
פ.אויר ספלאש סוויפט מ10 1.2,,,,,,['Suzuki'],,"Suzuki: Swift, Suzuki: Splash",,,,,,1.2 L,,Filter,,,,Air Filter,,,2010,
פ.אויר ספרינטר מ18 נפח 2.0,,,,,,['Mercedes'],,Mercedes: Sprinter,,,,,,2.0 L,,Filter,,,,Air Filter,,,2018,
פ.אויר ספרינטר מ20 3.5 טון,,,,,,['Mercedes'],,Mercedes: Sprinter,,,,,,3.5 L,,Filter,,,,Air Filter,,,2020,
פ.אויר פביה + איביזה + פולו מ10,,,,,,"['Seat', 'Volkswagen', 'Skoda']","['פ.אויר פביה', 'איביזה', 'פולו מ10']","Volkswagen: Polo, Skoda: Fabia, Seat: Ibiza",,,,,,,,Filter,,,,Air Filter,,,2010,
פ.אויר פביה דיזל,,,,,,['Skoda'],,Skoda: Fabia,,,,,,,Diesel,Filter,,,,Air Filter,,,,
פ.אויר פוקוס 06-07,,,,,,['Ford'],,Ford: Focus,,,,,,,,Filter,,,,Air Filter,,,2006,2007
פ.אויר פוקוס מ08,,,,,,['Ford'],,Ford: Focus,,,,,,,,Filter,,,,Air Filter,,,2008,
פ.אויר פוקוס מ19,,,,,,['Ford'],,Ford: Focus,,,,,,,,Filter,,,,Air Filter,,,2019,
פ.אויר פוקוס עד 05,,,,,,['Ford'],,Ford: Focus,,,,,,,,Filter,,,,Air Filter,,,,2005
פ.אויר פורד מונדיאו מ07,,,,,,['Ford'],,Ford: Mondeo,,,,,,,,Filter,,,,Air Filter,,,2007,
פ.אויר פיאט 500 + ג.פונטו מ08,,,,,,['Fiat'],"['פ.אויר פיאט 500', 'ג.פונטו מ08']","Fiat: Punto, Fiat: Grande Punto, Fiat: 500",,,,,,,,Filter,,,,Air Filter,,,2008,
פ.אויר פיאט 500 מ15,,,,,,['Fiat'],,Fiat: 500,,,,,,,,Filter,,,,Air Filter,,,2015,
פ.אויר פיגו 108 + C1 מ14,,,,,,"['Citroen', 'Peugeot']","['פ.אויר פיגו 108', 'C1 מ14']","Citroen: C1, Peugeot: 108",,,,,,,,Filter,,,,Air Filter,,,2014,
פ.אויר פיקנטו 17-20,,,,,,['Kia'],,Kia: Picanto,,,,,,,,Filter,,,,Air Filter,,,2017,2020
פ.אויר פיקנטו מ11,,,,,,['Kia'],,Kia: Picanto,,,,,,,,Filter,,,,Air Filter,,,2011,
פ.אויר פיקנטו מ21,,,,,,['Kia'],,Kia: Picanto,,,,,,,,Filter,,,,Air Filter,,,2021,
פ.אויר פסאט מ06,,,,,,['Volkswagen'],,Volkswagen: Passat,,,,,,,,Filter,,,,Air Filter,,,2006,
פ.אויר פריוס מ09 + אוריס היברידי,,,,,,['Toyota'],"['פ.אויר פריוס מ09', 'אוריס היברידי']","Toyota: Auris, Toyota: Prius",,,,,,,Hybrid,Filter,,,,Air Filter,,,2009,
פ.אויר צירי מ20 1.6,,,,,,[],,,,,,,,1.6 L,,Filter,,,,Air Filter,,,2020,
פ.אויר קאמרי מ12 היבריד,,,,,,['Toyota'],,Toyota: Camry,,,,,,,Hybrid,Filter,,,,Air Filter,,,2012,
פ.אויר קאמרי מ13,,,,,,['Toyota'],,Toyota: Camry,,,,,,,,Filter,,,,Air Filter,,,2013,
פ.אויר קונה 1.6 היבריד,,,,,,['Hyundai'],,Hyundai: Kona,,,,,,1.6 L,Hybrid,Filter,,,,Air Filter,,,,
פ.אויר קונה מ17 + אילנטרה מ16,,,,,,['Hyundai'],"['פ.אויר קונה מ17', 'אילנטרה מ16']",Hyundai: Kona,,,,,,,,Filter,,,,Air Filter,,,2017,
פ.אויר קורולה 03-07,,,,,,['Toyota'],,Toyota: Corolla,,,,,,,,Filter,,,,Air Filter,,,2003,2007
פ.אויר קורולה מ08,,,,,,['Toyota'],,Toyota: Corolla,,,,,,,,Filter,,,,Air Filter,,,2008,
פ.אויר קורולה מ19 מ16 היבריד CHR,,,,,,['Toyota'],,"Toyota: Corolla, Toyota: C-HR",,,,,,,Hybrid,Filter,,,,Air Filter,,,2019,
פ.אויר קורסה מ07 + דובלו 1.6 מ10,,,,,,"['Opel', 'Fiat']","['פ.אויר קורסה מ07', 'דובלו 1.6 מ10']","Fiat: Doblo, Opel: Corsa",,,,,,1.6 L,,Filter,,,,Air Filter,,,2007,
פ.אויר קינג,,,,,,['Mazda'],,Mazda: Kingcab,,,,,,,,Filter,,,,Air Filter,,,,
פ.אויר קליאו מ06,,,,,,['Renault'],,Renault: Clio,,,,,,,,Filter,,,,Air Filter,,,2006,
פ.אויר קפטיבה מ11,,,,,,['Chevrolet'],,Chevrolet: Captiva,,,,,,,,Filter,,,,Air Filter,,,2011,
פ.אויר קפטיבה עד 10,,,,,,['Chevrolet'],,Chevrolet: Captiva,,,,,,,,Filter,,,,Air Filter,,,,2010
פ.אויר קפצור + קליאו מ13,,,,,,['Renault'],"['פ.אויר קפצור', 'קליאו מ13']","Renault: Clio, Renault: Captur",,,,,,,,Filter,,,,Air Filter,,,2013,
פ.אויר קרוז 1.4 מ11 + אסטרה 1.4 מ09,,,,,,"['Opel', 'Chevrolet']","['פ.אויר קרוז 1.4 מ11', 'אסטרה 1.4 מ09']","Opel: Astra, Chevrolet: Cruze",,,,,,1.4 L,,Filter,,,,Air Filter,,,2011,
פ.אויר קרניבל מ07,,,,,,['Kia'],,Kia: Carnival,,,,,,,,Filter,,,,Air Filter,,,2007,
פ.אויר קרפטר + ספרינטר מ07,,,,,,"['Mercedes', 'Volkswagen']","['פ.אויר קרפטר', 'ספרינטר מ07']","Mercedes: Sprinter, Volkswagen: Crafter",,,,,,,,Filter,,,,Air Filter,,,2007,
פ.אויר קרפטר מ17,,,,,,['Volkswagen'],,Volkswagen: Crafter,,,,,,,,Filter,,,,Air Filter,,,2017,
פ.אויר קשקאי אקסטרייל מ14,,,,,,['Nissan'],,"Nissan: Qashqai, Nissan: X-Trail",,,,,,,,Filter,,,,Air Filter,,,2014,
פ.אויר קשקאי מ21 + אווטלנדר מ21,,,,,,"['Nissan', 'Mitsubishi']","['פ.אויר קשקאי מ21', 'אווטלנדר מ21']","Nissan: Qashqai, Mitsubishi: Outlander",,,,,,,,Filter,,,,Air Filter,,,2021,
פ.אויר קשקאי עד 14,,,,,,['Nissan'],,Nissan: Qashqai,,,,,,,,Filter,,,,Air Filter,,,,2014
פ.אויר ראב 4 מ07,,,,,,['Toyota'],,Toyota: RAV4,,,,,,,,Filter,,,,Air Filter,,,2007,
פ.אויר ראב 4 מ19 קורולה מ19 נפח 1.2 לא היברידי,,,,,,['Toyota'],,"Toyota: Corolla, Toyota: RAV4",,,,,,1.2 L,Hybrid,Filter,,,,Air Filter,,,2019,
פ.אויר רומסטר איביזה + פביה,,,,,,"['Seat', 'Skoda']","['פ.אויר רומסטר איביזה', 'פביה']","Skoda: Roomster, Skoda: Fabia, Seat: Ibiza",,,,,,,,Filter,,,,Air Filter,,,,
פ.אויר רינגלר מ18,,,,,,['Jeep'],,Jeep: Wrangler,,,,,,,,Filter,,,,Air Filter,,,2018,
פ.גיר 6 הילוכים אוקטביה,,,,,,['Skoda'],,Skoda: Octavia,,,,,,,,Transmission,,,,Transmission Filter,6-speed,,,
פ.גיר 7 הילוכים אוקטביה,,,,,,['Skoda'],,Skoda: Octavia,,,,,,,,Transmission,,,,Transmission Filter,7-speed,,,
פ.גיר גוק מ10,,,,,,['Nissan'],,Nissan: Juke,,,,,,,,Transmission,,,,Transmission Filter,,,2010,
פ.גיר הנטר,,,,,,['Mitsubishi'],,Mitsubishi: Hunter,,,,,,,,Transmission,,,,Transmission Filter,,,,
פ.גיר מזדה + פוקוס,,,,,,['Ford'],"['פ.גיר מזדה', 'פוקוס']",Ford: Focus,,,,,,,,Transmission,,,,Transmission Filter,,,,
פ.גיר ניסאן,,,,,,['Nissan'],,,,,,,,,,Transmission,,,,Transmission Filter,,,,
פ.גיר קורולה 03-07,,,,,,['Toyota'],,Toyota: Corolla,,,,,,,,Transmission,,,,Transmission Filter,,,2003,2007
פ.דלק 6.4 באר,,,,,,[],,,,,,,,6.4 L,,Filter,,,,Fuel Filter,,,,
פ.דלק אוקטביה 4 באר,,,,,,['Skoda'],,Skoda: Octavia,,,,,,,,Filter,,,,Fuel Filter,,,,
פ.דלק אוקטביה מ13,,,,,,['Skoda'],,Skoda: Octavia,,,,,,,,Filter,,,,Fuel Filter,,,2013,
פ.דלק מזדה 3 עד 12,,,,,,['Mazda'],,Mazda: Mazda3,,,,,,,,Filter,,,,Fuel Filter,,,,2012
פ.מזגן 108 מ14 + C1 מ14,,,,,,"['Citroen', 'Peugeot']","['פ.מזגן 108 מ14', 'C1 מ14']","Citroen: C1, Peugeot: 108",,,,,,,,Filter,,,,AC Filter,,,2014,
פ.מזגן 207 מ06 + C3 + C4,,,,,,"['Citroen', 'Peugeot']","['פ.מזגן 207 מ06', 'C3', 'C4']","Citroen: C3, Citroen: C4, Peugeot: 207",,,,,,,,Filter,,,,AC Filter,,,2006,
פ.מזגן 301 מ13,,,,,,['Peugeot'],,Peugeot: 301,,,,,,,,Filter,,,,AC Filter,,,2013,
פ.מזגן 508 מ10,,,,,,['Peugeot'],,Peugeot: 508,,,,,,,,Filter,,,,AC Filter,,,2010,
פ.מזגן C4 מ20 + קורסה + 208 מ19,,,,,,"['Citroen', 'Peugeot', 'Opel']","['פ.מזגן C4 מ20', 'קורסה', '208 מ19']","Citroen: C4, Peugeot: 208, Opel: Corsa",,,,,,,,Filter,,,,AC Filter,,,2020,
פ.מזגן CX5 מזדה 3 + 6 מ13,,,,,,['Mazda'],"['פ.מזגן CX5 מזדה 3', '6 מ13']","Mazda: Mazda3, Mazda: CX-5",,,,,,,,Filter,,,,AC Filter,,,2013,
פ.מזגן I30 עד 11,,,,,,['Hyundai'],,Hyundai: i30,,,,,,,,Filter,,,,AC Filter,,,,2011
פ.מזגן VOLVO S40 + S60 + S70 + S80,,,,,,['Volvo'],"['פ.מזגן VOLVO S40', 'S60', 'S70', 'S80']","Volvo: S40, Volvo: S60, Volvo: S70, Volvo: S80",,,,,,,,Filter,,,,AC Filter,,,,
פ.מזגן אדג מ16,,,,,,['Ford'],,Ford: Edge,,,,,,,,Filter,,,,AC Filter,,,2016,
פ.מזגן אופטימה מ16 + סונטה מ17 היבריד,,,,,,"['Kia', 'Hyundai']","['פ.מזגן אופטימה מ16', 'סונטה מ17 היבריד']","Hyundai: Sonata, Kia: Optima",,,,,,,Hybrid,Filter,,,,AC Filter,,,2016,
פ.מזגן אוקטביה  עד 04,,,,,,['Skoda'],,Skoda: Octavia,,,,,,,,Filter,,,,AC Filter,,,,2004
פ.מזגן אוקטביה מ05,,,,,,['Skoda'],,Skoda: Octavia,,,,,,,,Filter,,,,AC Filter,,,2005,
פ.מזגן אטראג ספייס סטאר,,,,,,['Mitsubishi'],,"Mitsubishi: Attrage, Mitsubishi: Space Star",,,,,,,,Filter,,,,AC Filter,,,,
פ.מזגן איביזה + פולו מ17,,,,,,"['Seat', 'Volkswagen']","['פ.מזגן איביזה', 'פולו מ17']","Volkswagen: Polo, Seat: Ibiza",,,,,,,,Filter,,,,AC Filter,,,2017,
פ.מזגן איגניס מ16,,,,,,['Suzuki'],,Suzuki: Ignis,,,,,,,,Filter,,,,AC Filter,,,2016,
פ.מזגן איוניק אי לנטרה + נירו מ16,,,,,,"['Kia', 'Hyundai']","['פ.מזגן איוניק אי לנטרה', 'נירו מ16']","Hyundai: Ioniq, Kia: Niro",,,,,,,,Filter,,,,AC Filter,,,2016,
פ.מזגן איוניק מ21 + סנטה פה + אלנטרה מ20,,,,,,['Hyundai'],"['פ.מזגן איוניק מ21', 'סנטה פה', 'אלנטרה מ20']","Hyundai: Elantra, Hyundai: Santa Fe, Hyundai: Ioniq",,,,,,,,Filter,,,,AC Filter,,,2021,
פ.מזגן אמפריזה מ17,,,,,,['Subaru'],,Subaru: Impreza,,,,,,,,Filter,,,,AC Filter,,,2017,
פ.מזגן אסטרה מ15 + אינסנגייה מ17 + קאדילק מ13,,,,,,['Opel'],"['פ.מזגן אסטרה מ15', 'אינסנגייה מ17', 'קאדילק מ13']","Opel: Astra, Opel: Insignia",,,,,,,,Filter,,,,AC Filter,,,2015,
פ.מזגן אפלנדר + שבורלט קבטיבה,,,,,,['Chevrolet'],"['פ.מזגן אפלנדר', 'שבורלט קבטיבה']","Chevrolet: Captiva, Chevrolet: Uplander",,,,,,,,Filter,,,,AC Filter,,,,
פ.מזגן אקורד מ03 + סיויק מ06,,,,,,['Honda'],"['פ.מזגן אקורד מ03', 'סיויק מ06']","Honda: Civic, Honda: Accord",,,,,,,,Filter,,,,AC Filter,,,2003,
פ.מזגן אקספלורר מ11,,,,,,['Ford'],,Ford: Explorer,,,,,,,,Filter,,,,AC Filter,,,2011,
פ.מזגן בוקסר מ06 + דוקטו מ06,,,,,,"['Peugeot', 'Fiat']","['פ.מזגן בוקסר מ06', 'דוקטו מ06']","Fiat: Ducato, Peugeot: Boxer",,,,,,,,Filter,,,,AC Filter,,,2006,
פ.מזגן ברלינגו מ08,,,,,,['Citroen'],,Citroen: Berlingo,,,,,,,,Filter,,,,AC Filter,,,2008,
פ.מזגן ג.ויטרה מ06,,,,,,['Suzuki'],,"Suzuki: Vitara, Suzuki: Grand Vitara",,,,,,,,Filter,,,,AC Filter,,,2006,
פ.מזגן גאז מ08,,,,,,[],,,,,,,,,,Filter,,,,AC Filter,,,2008,
פ.מזגן גוק מ10 + פלואנס מ09,,,,,,"['Renault', 'Nissan']","['פ.מזגן גוק מ10', 'פלואנס מ09']","Nissan: Juke, Renault: Fluence",,,,,,,,Filter,,,,AC Filter,,,2010,
פ.מזגן גטס,,,,,,['Hyundai'],,Hyundai: Getz,,,,,,,,Filter,,,,AC Filter,,,,
פ.מזגן גיואמטרי מ22,,,,,,['Geometry'],,Geometry: C,,,,,,,,Filter,,,,AC Filter,,,2022,
פ.מזגן גמפי מ07,,,,,,['Citroen'],,Citroen: Jumpy,,,,,,,,Filter,,,,AC Filter,,,2007,
פ.מזגן גרנד שירוקי מ10,,,,,,['Jeep'],,Jeep: Grand Cherokee,,,,,,,,Filter,,,,AC Filter,,,2010,
פ.מזגן דודג ראם ספארק מ10,,,,,,"['Dodge', 'Chevrolet']",,"Chevrolet: Spark, Dodge: Ram",,,,,,,,Filter,,,,AC Filter,,,2010,
פ.מזגן דימקס עד 11,,,,,,['Isuzu'],,Isuzu: D-Max,,,,,,,,Filter,,,,AC Filter,,,,2011
פ.מזגן דציה קפצור + קליאו מ13,,,,,,['Renault'],"['פ.מזגן דציה קפצור', 'קליאו מ13']","Renault: Clio, Renault: Captur",,,,,,,,Filter,,,,AC Filter,,,2013,
פ.מזגן זוג קנגו מ08,,,,,,['Renault'],,Renault: Kangoo,,,,,,,,Filter,,,,AC Filter,,,2008,
פ.מזגן טוסון ספורטאג מ22,,,,,,"['Kia', 'Hyundai']",,"Hyundai: Tucson, Kia: Sportage",,,,,,,,Filter,,,,AC Filter,,,2022,
פ.מזגן טידה מ08,,,,,,['Nissan'],,Nissan: Tiida,,,,,,,,Filter,,,,AC Filter,,,2008,
פ.מזגן טסלה מ18,,,,,,['Tesla'],,Tesla: Tesla,,,,,,,,Filter,,,,AC Filter,,,2018,
פ.מזגן לנד קרוזר מ03,,,,,,['Land Rover'],,,,,,,,,,Filter,,,,AC Filter,,,2003,
פ.מזגן לנסר מ04,,,,,,['Mitsubishi'],,Mitsubishi: Lancer,,,,,,,,Filter,,,,AC Filter,,,2004,
פ.מזגן לנסר מ08,,,,,,['Mitsubishi'],,Mitsubishi: Lancer,,,,,,,,Filter,,,,AC Filter,,,2008,
פ.מזגן מ07 307 + 308,,,,,,['Peugeot'],"['פ.מזגן מ07 307', '308']","Peugeot: 307, Peugeot: 308",,,,,,,,Filter,,,,AC Filter,,,2007,
פ.מזגן מ08 Q5 + A4,,,,,,['Audi'],"['פ.מזגן מ08 Q5', 'A4']","Audi: A4, Audi: Q5",,,,,,,,Filter,,,,AC Filter,,,2008,
פ.מזגן מזדה 2 מ15 + מזדה 3 מ19 2.0,,,,,,['Mazda'],"['פ.מזגן מזדה 2 מ15', 'מזדה 3 מ19 2.0']","Mazda: Mazda2, Mazda: Mazda3",,,,,,2.0 L,,Filter,,,,AC Filter,,,2015,
פ.מזגן מזדה 2 עד 08 + מזדה 6 עד12,,,,,,['Mazda'],"['פ.מזגן מזדה 2 עד 08', 'מזדה 6 עד12']","Mazda: Mazda2, Mazda: Mazda6",,,,,,,,Filter,,,,AC Filter,,,,2008
פ.מזגן מזדה 3 + 5 עד 08,,,,,,['Mazda'],"['פ.מזגן מזדה 3', '5 עד 08']",Mazda: Mazda3,,,,,,,,Filter,,,,AC Filter,,,,2008
פ.מזגן מזדה 3 מ09 זוג,,,,,,['Mazda'],,Mazda: Mazda3,,,,,,,,Filter,,,,AC Filter,,,2009,
פ.מזגן מזדה 6 עד 12,,,,,,['Mazda'],,Mazda: Mazda6,,,,,,,,Filter,,,,AC Filter,,,,2012
פ.מזגן מיקרה מ11,,,,,,['Nissan'],,Nissan: Micra,,,,,,,,Filter,,,,AC Filter,,,2011,
פ.מזגן מרצדס CLA מ13,,,,,,['Mercedes'],,Mercedes: CLA,,,,,,,,Filter,,,,AC Filter,,,2013,
פ.מזגן מרצדס מ13,,,,,,['Mercedes'],,,,,,,,,,Filter,,,,AC Filter,,,2013,
פ.מזגן מרצדס מ18,,,,,,['Mercedes'],,,,,,,,,,Filter,,,,AC Filter,,,2018,
פ.מזגן סדרה 1 + 2 + 3 + 4 מ12,,,,,,['BMW'],"['פ.מזגן סדרה 1', '2', '3', '4 מ12']",BMW: 1 Series,,,,,,,,Filter,,,,AC Filter,,,2012,
פ.מזגן סדרה 2 מ14,,,,,,['BMW'],,BMW: 2 Series,,,,,,,,Filter,,,,AC Filter,,,2014,
פ.מזגן סדרה 3 מ19 + סדרה 2 מ21,,,,,,['BMW'],"['פ.מזגן סדרה 3 מ19', 'סדרה 2 מ21']","BMW: 2 Series, BMW: 3 Series",,,,,,,,Filter,,,,AC Filter,,,2019,
פ.מזגן סדרה 5 מ19 ( זוג ),,,,,,['BMW'],,BMW: 5 Series,,,,,,,,Filter,,,,AC Filter,,,2019,
פ.מזגן סדרה 7 מ08 + סדרה 5 מ10,,,,,,['BMW'],"['פ.מזגן סדרה 7 מ08', 'סדרה 5 מ10']","BMW: 5 Series, BMW: 7 Series",,,,,,,,Filter,,,,AC Filter,,,2008,
פ.מזגן סורנטו מ09 + קרניבאל מ06,,,,,,['Kia'],"['פ.מזגן סורנטו מ09', 'קרניבאל מ06']","Kia: Carnival, Kia: Sorento",,,,,,,,Filter,,,,AC Filter,,,2009,
פ.מזגן סורנטו מ15 + סנפה פה מ10,,,,,,['Kia'],"['פ.מזגן סורנטו מ15', 'סנפה פה מ10']",Kia: Sorento,,,,,,,,Filter,,,,AC Filter,,,2015,
פ.מזגן סורנטו מ15,,,,,,['Kia'],,Kia: Sorento,,,,,,,,Filter,,,,AC Filter,,,2015,
פ.מזגן סילברדו מ15,,,,,,['Chevrolet'],,Chevrolet: Silverado,,,,,,,,Filter,,,,AC Filter,,,2015,
פ.מזגן סינטרה מ16,,,,,,['Nissan'],,Nissan: Sentra,,,,,,,,Filter,,,,AC Filter,,,2016,
פ.מזגן סנטה פה מ07,,,,,,['Hyundai'],,Hyundai: Santa Fe,,,,,,,,Filter,,,,AC Filter,,,2007,
פ.מזגן סנטה פה מ12 + אופטימה מ12,,,,,,"['Kia', 'Hyundai']","['פ.מזגן סנטה פה מ12', 'אופטימה מ12']","Hyundai: Santa Fe, Kia: Optima",,,,,,,,Filter,,,,AC Filter,,,2012,
פ.מזגן סניק מ09 + טראפיק מ14,,,,,,['Renault'],"['פ.מזגן סניק מ09', 'טראפיק מ14']",Renault: Trafic,,,,,,,,Filter,,,,AC Filter,,,2009,
פ.מזגן ספורטאג + טוסון מ15,,,,,,"['Kia', 'Hyundai']","['פ.מזגן ספורטאג', 'טוסון מ15']","Hyundai: Tucson, Kia: Sportage",,,,,,,,Filter,,,,AC Filter,,,2015,
פ.מזגן ספלאש מ09,,,,,,['Suzuki'],,Suzuki: Splash,,,,,,,,Filter,,,,AC Filter,,,2009,
פ.מזגן ספרינטר מ18,,,,,,['Mercedes'],,Mercedes: Sprinter,,,,,,,,Filter,,,,AC Filter,,,2018,
פ.מזגן עם פחם אוקטביה מ13,,,,,,['Skoda'],,Skoda: Octavia,,,,,,,,Filter,,,,AC Filter,,,2013,
פ.מזגן פביה + רומסטר,,,,,,['Skoda'],"['פ.מזגן פביה', 'רומסטר']","Skoda: Roomster, Skoda: Fabia",,,,,,,,Filter,,,,AC Filter,,,,
פ.מזגן פוקוס מ06,,,,,,['Ford'],,Ford: Focus,,,,,,,,Filter,,,,AC Filter,,,2006,
פ.מזגן פוקוס מ11,,,,,,['Ford'],,Ford: Focus,,,,,,,,Filter,,,,AC Filter,,,2011,
פ.מזגן פורש + טווארג מ10,,,,,,['Volkswagen'],"['פ.מזגן פורש', 'טווארג מ10']",Volkswagen: Touareg,,,,,,,,Filter,,,,AC Filter,,,2010,
פ.מזגן פיקנטו מ16,,,,,,['Kia'],,Kia: Picanto,,,,,,,,Filter,,,,AC Filter,,,2016,
פ.מזגן צירי נפח 1.6 מ21,,,,,,[],,,,,,,,1.6 L,,Filter,,,,AC Filter,,,2021,
פ.מזגן קורולה 03-07,,,,,,['Toyota'],,Toyota: Corolla,,,,,,,,Filter,,,,AC Filter,,,2003,2007
פ.מזגן קורולה מ08 לנד קרוזר מ10,,,,,,['Toyota'],,Toyota: Corolla,,,,,,,,Filter,,,,AC Filter,,,2008,
פ.מזגן קורולה מ19 ויגו מ15 + CHR מ16,,,,,,['Toyota'],"['פ.מזגן קורולה מ19 ויגו מ15', 'CHR מ16']","Toyota: Corolla, Toyota: Hilux Vigo, Toyota: C-HR",,,,,,,,Filter,,,,AC Filter,,,2019,
פ.מזגן קורסה מ06 + דובלו מ10 + פונטו מ06,,,,,,"['Opel', 'Fiat']","['פ.מזגן קורסה מ06', 'דובלו מ10', 'פונטו מ06']","Fiat: Punto, Fiat: Doblo, Opel: Corsa",,,,,,,,Filter,,,,AC Filter,,,2006,
פ.מזגן קינג,,,,,,['Mazda'],,Mazda: Kingcab,,,,,,,,Filter,,,,AC Filter,,,,
פ.מזגן קרוז + לה קרוז מ10,,,,,,['Chevrolet'],"['פ.מזגן קרוז', 'לה קרוז מ10']","Chevrolet: Cruze, Chevrolet: LaCrosse",,,,,,,,Filter,,,,AC Filter,,,2010,
פ.מזגן קרפטר מ07 + ספרינטר מ07,,,,,,"['Mercedes', 'Volkswagen']","['פ.מזגן קרפטר מ07', 'ספרינטר מ07']","Mercedes: Sprinter, Volkswagen: Crafter",,,,,,,,Filter,,,,AC Filter,,,2007,
פ.מזגן קשקאי מ08,,,,,,['Nissan'],,Nissan: Qashqai,,,,,,,,Filter,,,,AC Filter,,,2008,
פ.מזגן קשקאי מ14 גרנד קופה מ16,,,,,,"['Renault', 'Nissan']",,"Nissan: Qashqai, Renault: Grand Coupe",,,,,,,,Filter,,,,AC Filter,,,2014,
פ.מזגן רינגלר מ18,,,,,,['Jeep'],,Jeep: Wrangler,,,,,,,,Filter,,,,AC Filter,,,2018,
פ.סולר אוקטביה מ05,,,,,,['Skoda'],,Skoda: Octavia,,,,,,,Diesel,Filter,,,,Fuel Filter (Diesel),,,2005,
פ.סולר אוקטביה מ13,,,,,,['Skoda'],,Skoda: Octavia,,,,,,,Diesel,Filter,,,,Fuel Filter (Diesel),,,2013,
פ.סולר בוקסר + דוקטו מ06,,,,,,"['Peugeot', 'Fiat']","['פ.סולר בוקסר', 'דוקטו מ06']","Fiat: Ducato, Peugeot: Boxer",,,,,,,Diesel,Filter,,,,Fuel Filter (Diesel),,,2006,
פ.סולר ברלינגו 06-09,,,,,,['Citroen'],,Citroen: Berlingo,,,,,,,Diesel,Filter,,,,Fuel Filter (Diesel),,,2006,2009
פ.סולר ברלינגו מ11,,,,,,['Citroen'],,Citroen: Berlingo,,,,,,,Diesel,Filter,,,,Fuel Filter (Diesel),,,2011,
פ.סולר ברלינגו מ16,,,,,,['Citroen'],,Citroen: Berlingo,,,,,,,Diesel,Filter,,,,Fuel Filter (Diesel),,,2016,
פ.סולר ברלינגו מ19,,,,,,['Citroen'],,Citroen: Berlingo,,,,,,,Diesel,Filter,,,,Fuel Filter (Diesel),,,2019,
פ.סולר דודג ראם,,,,,,['Dodge'],,Dodge: Ram,,,,,,,Diesel,Filter,,,,Fuel Filter (Diesel),,,,
פ.סולר דיזל פסאט מ11,,,,,,['Volkswagen'],,Volkswagen: Passat,,,,,,,Diesel,Filter,,,,Fuel Filter (Diesel),,,2011,
פ.סולר דימקס מ12,,,,,,['Isuzu'],,Isuzu: D-Max,,,,,,,Diesel,Filter,,,,Fuel Filter (Diesel),,,2012,
פ.סולר היילוקס,,,,,,[],,,,,,,,,Diesel,Filter,,,,Fuel Filter (Diesel),,,,
פ.סולר היילקס ויגו מ06,,,,,,['Toyota'],,"Toyota: Hilux, Toyota: Hilux Vigo",,,,,,,Diesel,Filter,,,,Fuel Filter (Diesel),,,2006,
פ.סולר היילקס עד 05,,,,,,['Toyota'],,Toyota: Hilux,,,,,,,Diesel,Filter,,,,Fuel Filter (Diesel),,,,2005
פ.סולר הנטר מ07,,,,,,['Mitsubishi'],,Mitsubishi: Hunter,,,,,,,Diesel,Filter,,,,Fuel Filter (Diesel),,,2007,
פ.סולר ויגו מ16,,,,,,['Toyota'],,Toyota: Hilux Vigo,,,,,,,Diesel,Filter,,,,Fuel Filter (Diesel),,,2016,
פ.סולר ויטו מ19 + ספרינטר מ21 נפח 2.0,,,,,,['Mercedes'],"['פ.סולר ויטו מ19', 'ספרינטר מ21 נפח 2.0']","Mercedes: Sprinter, Mercedes: Vito",,,,,,2.0 L,Diesel,Filter,,,,Fuel Filter (Diesel),,,2019,
פ.סולר טווארג Q7 מ03,,,,,,"['Audi', 'Volkswagen']",,"Audi: Q7, Volkswagen: Touareg",,,,,,,Diesel,Filter,,,,Fuel Filter (Diesel),,,2003,
פ.סולר טוסון + ספורטאג 2.0 מ08,,,,,,"['Kia', 'Hyundai']","['פ.סולר טוסון', 'ספורטאג 2.0 מ08']","Hyundai: Tucson, Kia: Sportage",,,,,,2.0 L,Diesel,Filter,,,,Fuel Filter (Diesel),,,2008,
פ.סולר טוסון מ05 + I30 מ08 דיזל,,,,,,['Hyundai'],"['פ.סולר טוסון מ05', 'I30 מ08 דיזל']","Hyundai: i30, Hyundai: Tucson",,,,,,,Diesel,Filter,,,,Fuel Filter (Diesel),,,2005,
פ.סולר טרייטון מ15,,,,,,['Mitsubishi'],,Mitsubishi: Triton,,,,,,,Diesel,Filter,,,,Fuel Filter (Diesel),,,2015,
פ.סולר טרנזיט מ07,,,,,,['Ford'],,Ford: Transit,,,,,,,Diesel,Filter,,,,Fuel Filter (Diesel),,,2007,
פ.סולר טרנזיט מ13,,,,,,['Ford'],,Ford: Transit,,,,,,,Diesel,Filter,,,,Fuel Filter (Diesel),,,2013,
פ.סולר לנד קרוזר,,,,,,['Land Rover'],,,,,,,,,Diesel,Filter,,,,Fuel Filter (Diesel),,,,
פ.סולר מגנום,,,,,,['Dodge'],,Dodge: Magnum,,,,,,,Diesel,Filter,,,,Fuel Filter (Diesel),,,,
פ.סולר נבארה מ06,,,,,,['Nissan'],,Nissan: Navara,,,,,,,Diesel,Filter,,,,Fuel Filter (Diesel),,,2006,
פ.סולר סיד + ספורטאג,,,,,,['Kia'],"['פ.סולר סיד', 'ספורטאג']","Kia: Sportage, Kia: Ceed",,,,,,,Diesel,Filter,,,,Fuel Filter (Diesel),,,,
פ.סולר סילברדו מ17 נפח 6.6,,,,,,['Chevrolet'],,Chevrolet: Silverado,,,,,,6.6 L,Diesel,Filter,,,,Fuel Filter (Diesel),,,2017,
פ.סולר סנטה פה + טוסון מ05,,,,,,['Hyundai'],"['פ.סולר סנטה פה', 'טוסון מ05']","Hyundai: Tucson, Hyundai: Santa Fe",,,,,,,Diesel,Filter,,,,Fuel Filter (Diesel),,,2005,
פ.סולר עם חיישן ספרינטר מ09 519,,,,,,['Mercedes'],,Mercedes: Sprinter,,,,,,,Diesel,Filter,,,,Fuel Filter (Diesel),,,2009,
פ.סולר פביה + איביזה,,,,,,"['Seat', 'Skoda']","['פ.סולר פביה', 'איביזה']","Skoda: Fabia, Seat: Ibiza",,,,,,,Diesel,Filter,,,,Fuel Filter (Diesel),,,,
פ.סולר פביה + רומסטר,,,,,,['Skoda'],"['פ.סולר פביה', 'רומסטר']","Skoda: Roomster, Skoda: Fabia",,,,,,,Diesel,Filter,,,,Fuel Filter (Diesel),,,,
פ.סולר פלואנס מ09,,,,,,['Renault'],,Renault: Fluence,,,,,,,Diesel,Filter,,,,Fuel Filter (Diesel),,,2009,
פ.סולר קבטיבה מ12 + גרנד שירוקי מ12,,,,,,"['Jeep', 'Chevrolet']","['פ.סולר קבטיבה מ12', 'גרנד שירוקי מ12']","Chevrolet: Captiva, Jeep: Grand Cherokee",,,,,,,Diesel,Filter,,,,Fuel Filter (Diesel),,,2012,
פ.סולר קליאו מ13 1.5 + דאציה + קפצור מ13 1.5,,,,,,['Renault'],"['פ.סולר קליאו מ13 1.5', 'דאציה', 'קפצור מ13 1.5']","Renault: Clio, Renault: Captur",,,,,,1.5 L,Diesel,Filter,,,,Fuel Filter (Diesel),,,2013,
פ.סולר קנגו 1.5 מ14 מושלם,,,,,,['Renault'],,Renault: Kangoo,,,,,,1.5 L,Diesel,Filter,,,,Fuel Filter (Diesel),,,2014,
פ.סולר קשקאי מ14 אקסטרייל מ15,,,,,,['Nissan'],,"Nissan: Qashqai, Nissan: X-Trail",,,,,,,Diesel,Filter,,,,Fuel Filter (Diesel),,,2014,
פ.שמן  ספרינטר מ07,,,,,,['Mercedes'],,Mercedes: Sprinter,,,,,,,,Filter,,,,Oil Filter,,,2007,
פ.שמן A6 מ04 נפח 2.4,,,,,,['Audi'],,Audi: A6,,,,,,2.4 L,,Filter,,,,Oil Filter,,,2004,
פ.שמן אאוטלנדר מ21,,,,,,['Mitsubishi'],,Mitsubishi: Outlander,,,,,,,,Filter,,,,Oil Filter,,,2021,
פ.שמן אדג מ07,,,,,,['Ford'],,Ford: Edge,,,,,,,,Filter,,,,Oil Filter,,,2007,
פ.שמן אוקטביה 1.8 CDA,,,,,,['Skoda'],,Skoda: Octavia,,,,,CDA,1.8 L,,Filter,,,,Oil Filter,,,,
פ.שמן אוקטביה מ13 1.6 דיזל,,,,,,['Skoda'],,Skoda: Octavia,,,,,,1.6 L,Diesel,Filter,,,,Oil Filter,,,2013,
פ.שמן ב.מ.וו מ17 X2 + X1,,,,,,['BMW'],"['פ.שמן ב.מ.וו מ17 X2', 'X1']","BMW: X1, BMW: X2",,,,,,,,Filter,,,,Oil Filter,,,2017,
פ.שמן ב.מ.וו סדרה 2 מ14,,,,,,['BMW'],,BMW: 2 Series,,,,,,,,Filter,,,,Oil Filter,,,2014,
פ.שמן בראבו + פונטו + קובו,,,,,,['Fiat'],"['פ.שמן בראבו', 'פונטו', 'קובו']","Fiat: Punto, Fiat: Qubo, Fiat: Bravo",,,,,,,,Filter,,,,Oil Filter,,,,
פ.שמן ברלינגו 1.5 מ19,,,,,,['Citroen'],,Citroen: Berlingo,,,,,,1.5 L,,Filter,,,,Oil Filter,,,2019,
פ.שמן ברלינגו מ10,,,,,,['Citroen'],,Citroen: Berlingo,,,,,,,,Filter,,,,Oil Filter,,,2010,
פ.שמן ברלינגו נפח 1.6 15-18,,,,,,['Citroen'],,Citroen: Berlingo,,,,,,1.6 L,,Filter,,,,Oil Filter,,,2015,2018
פ.שמן ג.פונטו + פיאט 500,,,,,,['Fiat'],"['פ.שמן ג.פונטו', 'פיאט 500']","Fiat: Punto, Fiat: Grande Punto, Fiat: 500",,,,,,,,Filter,,,,Oil Filter,,,,
פ.שמן ג.צירוקי מ11,,,,,,['Jeep'],,Jeep: Grand Cherokee,,,,,,,,Filter,,,,Oil Filter,,,2011,
פ.שמן ג.שירוקי מ13 נפח 3.6,,,,,,[],,,,,,,,3.6 L,,Filter,,,,Oil Filter,,,2013,
פ.שמן גרנד קופה מ18 דיזל 1.5,,,,,,['Renault'],,Renault: Grand Coupe,,,,,,1.5 L,Diesel,Filter,,,,Oil Filter,,,2018,
פ.שמן דודג ראם,,,,,,['Dodge'],,Dodge: Ram,,,,,,,,Filter,,,,Oil Filter,,,,
פ.שמן דוקטו הרקולס 2.3 מ06,,,,,,['Fiat'],,"Fiat: Ducato, Fiat: Ducato",,,,,,2.3 L,,Filter,,,,Oil Filter,,,2006,
פ.שמן דימקס 1.9 מ17,,,,,,['Isuzu'],,Isuzu: D-Max,,,,,,1.9 L,,Filter,,,,Oil Filter,,,2017,
פ.שמן דימקס מ07,,,,,,['Isuzu'],,Isuzu: D-Max,,,,,,,,Filter,,,,Oil Filter,,,2007,
פ.שמן דימקס נפח 2.5 מ12,,,,,,['Isuzu'],,Isuzu: D-Max,,,,,,2.5 L,,Filter,,,,Oil Filter,,,2012,
פ.שמן היילוקס + לנדקרוזר גדול,,,,,,['Toyota'],"['פ.שמן היילוקס', 'לנדקרוזר גדול']",Toyota: Land Cruiser,,,,,,,,Filter,,,,Oil Filter,,,,
פ.שמן הנטר,,,,,,['Mitsubishi'],,Mitsubishi: Hunter,,,,,,,,Filter,,,,Oil Filter,,,,
פ.שמן וולו מ15 S60 + S80 + XC60,,,,,,['Volvo'],"['פ.שמן וולו מ15 S60', 'S80', 'XC60']","Volvo: S60, Volvo: S80, Volvo: XC60",,,,,,,,Filter,,,,Oil Filter,,,2015,
פ.שמן חיצוני קרוז  + ספארק,,,,,,['Chevrolet'],"['פ.שמן חיצוני קרוז', 'ספארק']","Chevrolet: Cruze, Chevrolet: Spark",,,,,,,,Filter,,,External,Oil Filter,,,,
פ.שמן טווארג מ10,,,,,,['Volkswagen'],,Volkswagen: Touareg,,,,,,,,Filter,,,,Oil Filter,,,2010,
פ.שמן טרייטון מ15,,,,,,['Mitsubishi'],,Mitsubishi: Triton,,,,,,,,Filter,,,,Oil Filter,,,2015,
פ.שמן טרנזיט מ13 נפח 2.2,,,,,,['Ford'],,Ford: Transit,,,,,,2.2 L,,Filter,,,,Oil Filter,,,2013,
פ.שמן טרקס + מוקה,,,,,,"['Opel', 'Chevrolet']","['פ.שמן טרקס', 'מוקה']","Opel: Mokka, Chevrolet: Trax",,,,,,,,Filter,,,,Oil Filter,,,,
פ.שמן מונדיו + מזדה 6 פנימי,,,,,,['Mazda'],"['פ.שמן מונדיו', 'מזדה 6 פנימי']",Mazda: Mazda6,,,,,,,,Filter,,,Internal,Oil Filter,,,,
פ.שמן מזדה 5 + מונדיו חיצוני 2.0,,,,,,['Mazda'],"['פ.שמן מזדה 5', 'מונדיו חיצוני 2.0']",Mazda: Mazda5,,,,,,2.0 L,,Filter,,,External,Oil Filter,,,,
פ.שמן מסטר מ10 + קשקאי מ14,,,,,,"['Renault', 'Nissan']","['פ.שמן מסטר מ10', 'קשקאי מ14']","Nissan: Qashqai, Renault: Master",,,,,,,,Filter,,,,Oil Filter,,,2010,
פ.שמן מרצדס מ19,,,,,,['Mercedes'],,,,,,,,,,Filter,,,,Oil Filter,,,2019,
פ.שמן נפח 6.6 סילברדו מ20,,,,,,['Chevrolet'],,Chevrolet: Silverado,,,,,,6.6 L,,Filter,,,,Oil Filter,,,2020,
פ.שמן סבנה + סילברדו 6.6 מ06,,,,,,['Chevrolet'],"['פ.שמן סבנה', 'סילברדו 6.6 מ06']","Chevrolet: Silverado, Chevrolet: Savana",,,,,,6.6 L,,Filter,,,,Oil Filter,,,2006,
פ.שמן סדרה 3 מ15,,,,,,['BMW'],,BMW: 3 Series,,,,,,,,Filter,,,,Oil Filter,,,2015,
פ.שמן סובארו + דימקס,,,,,,['Isuzu'],"['פ.שמן סובארו', 'דימקס']",Isuzu: D-Max,,,,,,,,Filter,,,,Oil Filter,,,,
פ.שמן סונטה מ20 נפח 2.0 היבריד,,,,,,['Hyundai'],,Hyundai: Sonata,,,,,,2.0 L,Hybrid,Filter,,,,Oil Filter,,,2020,
פ.שמן סורנטו מ21 + קרניבאל מ21,,,,,,['Kia'],"['פ.שמן סורנטו מ21', 'קרניבאל מ21']","Kia: Carnival, Kia: Sorento",,,,,,,,Filter,,,,Oil Filter,,,2021,
פ.שמן סלביראדו,,,,,,[],,,,,,,,,,Filter,,,,Oil Filter,,,,
פ.שמן ספארק,,,,,,['Chevrolet'],,Chevrolet: Spark,,,,,,,,Filter,,,,Oil Filter,,,,
פ.שמן ספרינטר 516,,,,,,['Mercedes'],,Mercedes: Sprinter,,,,,,,,Filter,,,,Oil Filter,,,,
פ.שמן פביה + רומסטר,,,,,,['Skoda'],"['פ.שמן פביה', 'רומסטר']","Skoda: Roomster, Skoda: Fabia",,,,,,,,Filter,,,,Oil Filter,,,,
פ.שמן פוקוס מ06,,,,,,['Ford'],,Ford: Focus,,,,,,,,Filter,,,,Oil Filter,,,2006,
פ.שמן קאמרי היבריד מ18 + לקסוס,,,,,,['Toyota'],"['פ.שמן קאמרי היבריד מ18', 'לקסוס']",Toyota: Camry,,,,,,,Hybrid,Filter,,,,Oil Filter,,,2018,
פ.שמן קאמרי מ06,,,,,,['Toyota'],,Toyota: Camry,,,,,,,,Filter,,,,Oil Filter,,,2006,
פ.שמן קינג,,,,,,['Mazda'],,Mazda: Kingcab,,,,,,,,Filter,,,,Oil Filter,,,,
פ.שמן קפטיבה + אורלנדו דיזל,,,,,,['Chevrolet'],"['פ.שמן קפטיבה', 'אורלנדו דיזל']","Chevrolet: Captiva, Chevrolet: Orlando",,,,,,,Diesel,Filter,,,,Oil Filter,,,,
פ.שמן קרוז + אוואו,,,,,,['Chevrolet'],"['פ.שמן קרוז', 'אוואו']","Chevrolet: Cruze, Chevrolet: Aveo",,,,,,,,Filter,,,,Oil Filter,,,,
פ.שמן קרניבאל מ18,,,,,,['Kia'],,Kia: Carnival,,,,,,,,Filter,,,,Oil Filter,,,2018,
פ.שמן קרפטר + נפח 2.0 T5,,,,,,['Volkswagen'],"['פ.שמן קרפטר', 'נפח 2.0 T5']","Volkswagen: Transporter T5, Volkswagen: Crafter",,,,,,2.0 L,,Filter,,,,Oil Filter,,,,
פולי אלטרנאטור אוקטביה מ05,,,,,,['Skoda'],,Skoda: Octavia,,,,,,,,Electrical,,,,Alternator Pulley,,,2005,
פולי אלטרנאטור פלואנס מ09 + קפצור מ13,,,,,,['Renault'],"['פולי אלטרנאטור פלואנס מ09', 'קפצור מ13']","Renault: Fluence, Renault: Captur",,,,,,,,Electrical,,,,Alternator Pulley,,,2009,
פולי אלטרנאטור קורולה 08-12,,,,,,['Toyota'],,Toyota: Corolla,,,,,,,,Electrical,,,,Alternator Pulley,,,2008,2012
פולי אלטרנאטור קרפטר + Q5 מ16,,,,,,"['Audi', 'Volkswagen']","['פולי אלטרנאטור קרפטר', 'Q5 מ16']","Audi: Q5, Volkswagen: Crafter",,,,,,,,Electrical,,,,Alternator Pulley,,,2016,
פולי אלטרנאטור קרפטר + T5,,,,,,['Volkswagen'],"['פולי אלטרנאטור קרפטר', 'T5']","Volkswagen: Transporter T5, Volkswagen: Crafter",,,,,,,,Electrical,,,,Alternator Pulley,,,,
פולי אלטרנטור ברלינגו מ08,,,,,,['Citroen'],,Citroen: Berlingo,,,,,,,,Electrical,,,,Alternator Pulley,,,2008,
פולי לאטרנאטור VW,,,,,,['Volkswagen'],,,,,,,,,,Engine,,,,Pulley,,,,
פולי מנוע מ10 IX35 + ספורטאג,,,,,,"['Kia', 'Hyundai']","['פולי מנוע מ10 IX35', 'ספורטאג']","Hyundai: ix35, Kia: Sportage",,,,,,,,Engine,,,,Engine Pulley,,,2010,
פיקנטו + I10 פ.מזגן,,,,,,"['Kia', 'Hyundai']","['פיקנטו', 'I10 פ.מזגן']","Hyundai: i10, Kia: Picanto",,,,,,,,Filter,,,,AC Filter,,,,
פלגים 206 + 307,,,,,,['Peugeot'],"['פלגים 206', '307']","Peugeot: 206, Peugeot: 307",,,,,,,,Ignition,,,,Spark Plugs,,,,
פלגים 5008 מ19 1.6 + פיגו 3008 1.6 מ21,,,,,,['Peugeot'],"['פלגים 5008 מ19 1.6', 'פיגו 3008 1.6 מ21']","Peugeot: 3008, Peugeot: 5008",,,,,,1.6 L,,Ignition,,,,Spark Plugs,,,2019,
פלגים C4 נפח 1.2 מ19,,,,,,['Citroen'],,Citroen: C4,,,,,,1.2 L,,Ignition,,,,Spark Plugs,,,2019,
פלגים CX5 מזדה 3 + 5 + 6 מ13,,,,,,['Mazda'],"['פלגים CX5 מזדה 3', '5', '6 מ13']","Mazda: Mazda3, Mazda: CX-5",,,,,,,,Ignition,,,,Spark Plugs,,,2013,
פלגים אאוטלנדר מ13,,,,,,['Mitsubishi'],,Mitsubishi: Outlander,,,,,,,,Ignition,,,,Spark Plugs,,,2013,
פלגים אופנוע ימאהה,,,,,,[],,,,,,,,,,Ignition,,,,Spark Plugs,,,,
פלגים אוקטביה מ13 1.8 + 2.0,,,,,,['Skoda'],"['פלגים אוקטביה מ13 1.8', '2.0']",Skoda: Octavia,,,,,,1.8 L,,Ignition,,,,Spark Plugs,,,2013,
פלגים אוקטביה נפח 1.5 מ17,,,,,,['Skoda'],,Skoda: Octavia,,,,,,1.5 L,,Ignition,,,,Spark Plugs,,,2017,
פלגים איוניק מ16 נירו היבריד,,,,,,"['Kia', 'Hyundai']",,"Hyundai: Ioniq, Kia: Niro",,,,,,,Hybrid,Ignition,,,,Spark Plugs,,,2016,
פלגים אנפינטי מ16 Q50 + Q60,,,,,,['Infiniti'],"['פלגים אנפינטי מ16 Q50', 'Q60']",Infiniti: Infiniti,,,,,,,,Ignition,,,,Spark Plugs,,,2016,
פלגים אסטרה 1.4 מ11,,,,,,['Opel'],,Opel: Astra,,,,,,1.4 L,,Ignition,,,,Spark Plugs,,,2011,
פלגים בלינו + איגניס מ16,,,,,,['Suzuki'],"['פלגים בלינו', 'איגניס מ16']","Suzuki: Baleno, Suzuki: Ignis",,,,,,,,Ignition,,,,Spark Plugs,,,2016,
פלגים ג.פונטו,,,,,,['Fiat'],,"Fiat: Punto, Fiat: Grande Punto",,,,,,,,Ignition,,,,Spark Plugs,,,,
פלגים ג.צירוקי 4.7,,,,,,['Jeep'],,Jeep: Grand Cherokee,,,,,,4.7 L,,Ignition,,,,Spark Plugs,,,,
פלגים גוק מ10,,,,,,['Nissan'],,Nissan: Juke,,,,,,,,Ignition,,,,Spark Plugs,,,2010,
פלגים וויגר מ01,,,,,,['Buick'],,Buick: Verano,,,,,,,,Ignition,,,,Spark Plugs,,,2001,
פלגים טוסון מ16 נפח 2.0,,,,,,['Hyundai'],,Hyundai: Tucson,,,,,,2.0 L,,Ignition,,,,Spark Plugs,,,2016,
פלגים טוסון מ21 נפח 1.6,,,,,,['Hyundai'],,Hyundai: Tucson,,,,,,1.6 L,,Ignition,,,,Spark Plugs,,,2021,
פלגים טוסון מ21 נפח 2.0,,,,,,['Hyundai'],,Hyundai: Tucson,,,,,,2.0 L,,Ignition,,,,Spark Plugs,,,2021,
פלגים טידה + קשקאי מ08,,,,,,['Nissan'],"['פלגים טידה', 'קשקאי מ08']","Nissan: Qashqai, Nissan: Tiida",,,,,,,,Ignition,,,,Spark Plugs,,,2008,
פלגים יאריס 1.5 מ13,,,,,,['Toyota'],,Toyota: Yaris,,,,,,1.5 L,,Ignition,,,,Spark Plugs,,,2013,
פלגים לה קרוז נפח 2.4 מ10,,,,,,['Chevrolet'],,"Chevrolet: Cruze, Chevrolet: LaCrosse",,,,,,2.4 L,,Ignition,,,,Spark Plugs,,,2010,
פלגים לנסר מ08,,,,,,['Mitsubishi'],,Mitsubishi: Lancer,,,,,,,,Ignition,,,,Spark Plugs,,,2008,
פלגים מ09 I20,,,,,,['Hyundai'],,Hyundai: i20,,,,,,,,Ignition,,,,Spark Plugs,,,2009,
פלגים מגאן מ04 פלואנס מ09,,,,,,['Renault'],,"Renault: Megane, Renault: Fluence",,,,,,,,Ignition,,,,Spark Plugs,,,2004,
פלגים מזדה 2 + 3 עד 12,,,,,,['Mazda'],"['פלגים מזדה 2', '3 עד 12']",Mazda: Mazda2,,,,,,,,Ignition,,,,Spark Plugs,,,,2012
פלגים מזדה 3 + 5 + 6 מ13,,,,,,['Mazda'],"['פלגים מזדה 3', '5', '6 מ13']",Mazda: Mazda3,,,,,,,,Ignition,,,,Spark Plugs,,,2013,
פלגים מזדה 5 עד 07,,,,,,['Mazda'],,Mazda: Mazda5,,,,,,,,Ignition,,,,Spark Plugs,,,,2007
פלגים מזדה 6 + 5 מ06,,,,,,['Mazda'],"['פלגים מזדה 6', '5 מ06']",Mazda: Mazda6,,,,,,,,Ignition,,,,Spark Plugs,,,2006,
פלגים מקורי I30 + I20 + I25 אירידיום,,,,,,['Hyundai'],"['פלגים מקורי I30', 'I20', 'I25 אירידיום']","Hyundai: i20, Hyundai: i25, Hyundai: i30",,,,,,,,Ignition,,,,Spark Plugs,,,,
פלגים מקורי I30 + I20 + I25,,,,,,['Hyundai'],"['פלגים מקורי I30', 'I20', 'I25']","Hyundai: i20, Hyundai: i25, Hyundai: i30",,,,,,,,Ignition,,,,Spark Plugs,,,,
פלגים מקורי מזדה 3 + 5 + 6 מ13,,,,,,['Mazda'],"['פלגים מקורי מזדה 3', '5', '6 מ13']",Mazda: Mazda3,,,,,,,,Ignition,,,,Spark Plugs,,,2013,
פלגים מקורי פוקוס 1.5 מ17,,,,,,['Ford'],,Ford: Focus,,,,,,1.5 L,,Ignition,,,,Spark Plugs,,,2017,
פלגים מקורי פיגו 107 + C1,,,,,,"['Citroen', 'Peugeot']","['פלגים מקורי פיגו 107', 'C1']","Citroen: C1, Peugeot: 107",,,,,,,,Ignition,,,,Spark Plugs,,,,
פלגים מקורי קליאו + קפצור מ13,,,,,,['Renault'],"['פלגים מקורי קליאו', 'קפצור מ13']","Renault: Clio, Renault: Captur",,,,,,,,Ignition,,,,Spark Plugs,,,2013,
פלגים מקורי ריו 1.2 מ12,,,,,,['Kia'],,Kia: Rio,,,,,,1.2 L,,Ignition,,,,Spark Plugs,,,2012,
פלגים מרצדס מ12,,,,,,['Mercedes'],,,,,,,,,,Ignition,,,,Spark Plugs,,,2012,
פלגים נפח 1.0 אוקטביה מ15,,,,,,['Skoda'],,Skoda: Octavia,,,,,,1.0 L,,Ignition,,,,Spark Plugs,,,2015,
פלגים סדרה 01-07 מ15,,,,,,[],,,,,,,,,,Ignition,,,,Spark Plugs,,,2001,2007
פלגים סדרה 3 מ12,,,,,,['BMW'],,BMW: 3 Series,,,,,,,,Ignition,,,,Spark Plugs,,,2012,
פלגים סונטה מ16 היבריד,,,,,,['Hyundai'],,Hyundai: Sonata,,,,,,,Hybrid,Ignition,,,,Spark Plugs,,,2016,
פלגים סורנטו מ15,,,,,,['Kia'],,Kia: Sorento,,,,,,,,Ignition,,,,Spark Plugs,,,2015,
פלגים סיאט 1.4 עד 14,,,,,,[],,,,,,,,1.4 L,,Ignition,,,,Spark Plugs,,,,2014
פלגים סיויק 1.8 06-12 אקורד 2.0 מ09,,,,,,['Honda'],,"Honda: Civic, Honda: Accord",,,,,,1.8 L,,Ignition,,,,Spark Plugs,,,2006,2012
פלגים סיריון מ08,,,,,,['Daihatsu'],,Daihatsu: Sirion,,,,,,,,Ignition,,,,Spark Plugs,,,2008,
פלגים סנטה פה מ12 + סונטה 2.4 מ10,,,,,,['Hyundai'],"['פלגים סנטה פה מ12', 'סונטה 2.4 מ10']","Hyundai: Sonata, Hyundai: Santa Fe",,,,,,2.4 L,,Ignition,,,,Spark Plugs,,,2012,
פלגים ספורטאג 1.6 + טוסון מ16 1.6 טורבו,,,,,,"['Kia', 'Hyundai']","['פלגים ספורטאג 1.6', 'טוסון מ16 1.6 טורבו']","Hyundai: Tucson, Kia: Sportage",,,,,,1.6 L,,Ignition,,,,Spark Plugs,,,2016,
פלגים ספורטאג מ16,,,,,,['Kia'],,Kia: Sportage,,,,,,,,Ignition,,,,Spark Plugs,,,2016,
פלגים ספלאש + אלטו מ09,,,,,,['Suzuki'],"['פלגים ספלאש', 'אלטו מ09']","Suzuki: Splash, Suzuki: Alto",,,,,,,,Ignition,,,,Spark Plugs,,,2009,
פלגים פולו + רומסטר,,,,,,"['Volkswagen', 'Skoda']","['פלגים פולו', 'רומסטר']","Volkswagen: Polo, Skoda: Roomster",,,,,,,,Ignition,,,,Spark Plugs,,,,
פלגים פוקוס 1.6,,,,,,['Ford'],,Ford: Focus,,,,,,1.6 L,,Ignition,,,,Spark Plugs,,,,
פלגים פוקוס מקורי,,,,,,['Ford'],,Ford: Focus,,,,,,,,Ignition,,,,Spark Plugs,,,,
פלגים פיגו 208 + 301 + 308 מ12,,,,,,['Peugeot'],"['פלגים פיגו 208', '301', '308 מ12']","Peugeot: 208, Peugeot: 301, Peugeot: 308",,,,,,,,Ignition,,,,Spark Plugs,,,2012,
פלגים פיקנטו מ15 1.2 + 1.0,,,,,,['Kia'],"['פלגים פיקנטו מ15 1.2', '1.0']",Kia: Picanto,,,,,,1.2 L,,Ignition,,,,Spark Plugs,,,2015,
פלגים פיקנטו מ15,,,,,,['Kia'],,Kia: Picanto,,,,,,,,Ignition,,,,Spark Plugs,,,2015,
פלגים קאדילק + מאליבו 2.0 מ13,,,,,,['Cadillac'],"['פלגים קאדילק', 'מאליבו 2.0 מ13']",,,,,,,2.0 L,,Ignition,,,,Spark Plugs,,,2013,
פלגים קאמרי 3.5 מ07,,,,,,['Toyota'],,Toyota: Camry,,,,,,3.5 L,,Ignition,,,,Spark Plugs,,,2007,
פלגים קאמרי מ18 + ראב 4 2.5 מ19 היבריד,,,,,,['Toyota'],"['פלגים קאמרי מ18', 'ראב 4 2.5 מ19 היבריד']","Toyota: RAV4, Toyota: Camry",,,,,,2.5 L,Hybrid,Ignition,,,,Spark Plugs,,,2018,
פלגים קורולה מ08 מקורי,,,,,,['Toyota'],,Toyota: Corolla,,,,,,,,Ignition,,,,Spark Plugs,,,2008,
פלגים קורולה מ19 היבריד + CHR מ16,,,,,,['Toyota'],"['פלגים קורולה מ19 היבריד', 'CHR מ16']","Toyota: Corolla, Toyota: C-HR",,,,,,,Hybrid,Ignition,,,,Spark Plugs,,,2019,
פלגים קיה קרניבל מ06,,,,,,['Kia'],,Kia: Carnival,,,,,,,,Ignition,,,,Spark Plugs,,,2006,
פלגים קרוז + אסטרה 1.4,,,,,,"['Opel', 'Chevrolet']","['פלגים קרוז', 'אסטרה 1.4']","Opel: Astra, Chevrolet: Cruze",,,,,,1.4 L,,Ignition,,,,Spark Plugs,,,,
פלגים ראב 4 מ15 היבריד נפח 2.5,,,,,,['Toyota'],,Toyota: RAV4,,,,,,2.5 L,Hybrid,Ignition,,,,Spark Plugs,,,2015,
פלגים ראב 4 עד 08,,,,,,['Toyota'],,Toyota: RAV4,,,,,,,,Ignition,,,,Spark Plugs,,,,2008
פלגים רגיל,,,,,,[],,,,,,Manual,,,,Ignition,,,,Spark Plugs,Manual,,,
פלגים ריו + סטוניק מ21,,,,,,['Kia'],"['פלגים ריו', 'סטוניק מ21']","Kia: Rio, Kia: Stonic",,,,,,,,Ignition,,,,Spark Plugs,,,2021,
פלואנס מ09 + סט טיימינג קנגו 1.5 עד 14,,,,,,['Renault'],"['פלואנס מ09', 'סט טיימינג קנגו 1.5 עד 14']","Renault: Fluence, Renault: Kangoo",,,,,,1.5 L,,Engine,,,,Timing Belt Kit,,,2009,2014
פלנץ + טרמוסטט יאריס 1.3 מ07,,,,,,['Toyota'],"['פלנץ', 'טרמוסטט יאריס 1.3 מ07']",Toyota: Yaris,,,,,,1.3 L,,Cooling,,,,Thermostat,,,2007,
פלנץ + טרמוסטט מזדה 3 + 5 נפח 2.0,,,,,,['Mazda'],"['פלנץ', 'טרמוסטט מזדה 3', '5 נפח 2.0']",Mazda: Mazda3,,,,,,2.0 L,,Cooling,,,,Thermostat,,,,
פלנץ + טרמוסטט מזדה 6 עד 12,,,,,,['Mazda'],"['פלנץ', 'טרמוסטט מזדה 6 עד 12']",Mazda: Mazda6,,,,,,,,Cooling,,,,Thermostat,,,,2012
פלנץ זווית סוניק + טרקס,,,,,,['Chevrolet'],"['פלנץ זווית סוניק', 'טרקס']","Chevrolet: Sonic, Chevrolet: Trax",,,,,,,,Cooling,,,,Angle Flange,,,,
פלנץ זוית קורולה מ03,,,,,,['Toyota'],,Toyota: Corolla,,,,,,,,Engine,,,,Flange,,,2003,
פלנץ טרמוסטט 1.2 CBZ,,,,,,[],,,,,,,CBZ,1.2 L,,Cooling,,,,Thermostat Housing,,,,
פלנץ טרמוסטט FIAT 500 + פנדה + גרנד פונטו,,,,,,['Fiat'],"['פלנץ טרמוסטט FIAT 500', 'פנדה', 'גרנד פונטו']","Fiat: Panda, Fiat: Punto, Fiat: 500",,,,,,,,Cooling,,,,Thermostat Housing,,,,
פלנץ טרמוסטט I20 + I30 3 ברגים,,,,,,['Hyundai'],"['פלנץ טרמוסטט I20', 'I30 3 ברגים']","Hyundai: i20, Hyundai: i30",,,,,,,,Cooling,,,,Thermostat Housing,,,,
פלנץ טרמוסטט אוקטביה מ05,,,,,,['Skoda'],,Skoda: Octavia,,,,,,,,Cooling,,,,Thermostat Housing,,,2005,
פלנץ טרמוסטט אוקטביה מ13 1.6 דיזל,,,,,,['Skoda'],,Skoda: Octavia,,,,,,1.6 L,Diesel,Cooling,,,,Thermostat Housing,,,2013,
פלנץ טרמוסטט גטס + אקסנט מ07,,,,,,['Hyundai'],"['פלנץ טרמוסטט גטס', 'אקסנט מ07']","Hyundai: Accent, Hyundai: Getz",,,,,,,,Cooling,,,,Thermostat Housing,,,2007,
פלנץ טרמוסטט מ16 Q8 + Q7 + Q5,,,,,,['Audi'],"['פלנץ טרמוסטט מ16 Q8', 'Q7', 'Q5']","Audi: Q5, Audi: Q7, Audi: Q8",,,,,,,,Cooling,,,,Thermostat Housing,,,2016,
פלנץ טרמוסטט סוניק + קרוז 1.4 מ11,,,,,,['Chevrolet'],"['פלנץ טרמוסטט סוניק', 'קרוז 1.4 מ11']","Chevrolet: Cruze, Chevrolet: Sonic",,,,,,1.4 L,,Cooling,,,,Thermostat Housing,,,2011,
פלנץ טרמוסטט עם יוניט מ08 I20 + I30,,,,,,['Hyundai'],"['פלנץ טרמוסטט עם יוניט מ08 I20', 'I30']","Hyundai: i20, Hyundai: i30",,,,,,,,Cooling,,,,Thermostat Housing,,,2008,
פלנץ טרמוסטט פונטו + פנדה + FIAT500 נפח 1.3,,,,,,['Fiat'],"['פלנץ טרמוסטט פונטו', 'פנדה', 'FIAT500 נפח 1.3']","Fiat: Panda, Fiat: Punto",,,,,,1.3 L,,Cooling,,,,Thermostat Housing,,,,
פלנץ טרמוסטט קאדי + אוקטביה מ10 1.6 דיזל,,,,,,"['Skoda', 'Volkswagen']","['פלנץ טרמוסטט קאדי', 'אוקטביה מ10 1.6 דיזל']","Skoda: Octavia, Volkswagen: Caddy",,,,,,1.6 L,Diesel,Cooling,,,,Thermostat Housing,,,2010,
פלנץ טרמוסטט קדגאר 1.5 מ15,,,,,,['Renault'],,Renault: Kadjar,,,,,,1.5 L,,Cooling,,,,Thermostat Housing,,,2015,
פלנץ טרמוסטט קליאו + קפצור מ13,,,,,,['Renault'],"['פלנץ טרמוסטט קליאו', 'קפצור מ13']","Renault: Clio, Renault: Captur",,,,,,,,Cooling,,,,Thermostat Housing,,,2013,
פלנץ טרמוסטט קרוז 1.6 + 1.8 מ11,,,,,,['Chevrolet'],"['פלנץ טרמוסטט קרוז 1.6', '1.8 מ11']",Chevrolet: Cruze,,,,,,1.6 L,,Cooling,,,,Thermostat Housing,,,2011,
פלנץ ישר קרוז + סוניק,,,,,,['Chevrolet'],"['פלנץ ישר קרוז', 'סוניק']","Chevrolet: Cruze, Chevrolet: Sonic",,,,,,,,Engine,,,,Flange,,,,
פלנץ לצינור עליון טוסון מ15,,,,,,['Hyundai'],,Hyundai: Tucson,,,,,,,,Cooling,,,Upper,Upper Radiator Hose,,,2015,
פלנץ מים  לנסר מ04,,,,,,['Mitsubishi'],,Mitsubishi: Lancer,,,,,,,,Cooling,,,,Water Flange,,,2004,
פלנץ מים 1.8 CDA,,,,,,[],,,,,,,CDA,1.8 L,,Cooling,,,,Water Flange,,,,
פלנץ מים I20 + מ10 IX35 + ספורטאג,,,,,,"['Kia', 'Hyundai']","['פלנץ מים I20', 'מ10 IX35', 'ספורטאג']","Hyundai: i20, Hyundai: ix35, Kia: Sportage",,,,,,,,Cooling,,,,Water Flange,,,2010,
פלנץ מים אוקטביה 1.2 CJZ מ13,,,,,,['Skoda'],,Skoda: Octavia,,,,,CJZ,1.2 L,,Cooling,,,,Water Flange,,,2013,
פלנץ מים אוקטביה BSE נפח 1.6,,,,,,['Skoda'],,Skoda: Octavia,,,,,BSE,1.6 L,,Cooling,,,,Water Flange,,,,
פלנץ מים אוקטביה CJS מ13 1.8 + 2.0,,,,,,['Skoda'],"['פלנץ מים אוקטביה CJS מ13 1.8', '2.0']",Skoda: Octavia,,,,,CJS,1.8 L,,Cooling,,,,Water Flange,,,2013,
פלנץ מים כולל אטם A5 + Q5,,,,,,['Audi'],"['פלנץ מים כולל אטם A5', 'Q5']","Audi: A5, Audi: Q5",,,,,,,,Cooling,,,,Water Flange,,,,
פלנץ מים לנסר מ04,,,,,,['Mitsubishi'],,Mitsubishi: Lancer,,,,,,,,Cooling,,,,Water Flange,,,2004,
פלנץ מים מ12 I35 + I25,,,,,,['Hyundai'],"['פלנץ מים מ12 I35', 'I25']","Hyundai: i25, Hyundai: i35",,,,,,,,Cooling,,,,Water Flange,,,2012,
פלנץ מים מושלם סנטה פה 2.4 מ09,,,,,,['Hyundai'],,Hyundai: Santa Fe,,,,,,2.4 L,,Cooling,,,,Water Flange,,,2009,
פלנץ מים מתחת לכוהל פוקוס 1.4 עד 12,,,,,,['Ford'],,Ford: Focus,,,,,,1.4 L,,Cooling,,,,Water Flange,,,,2012
פלנץ מים קאדי מ04,,,,,,['Volkswagen'],,Volkswagen: Caddy,,,,,,,,Cooling,,,,Water Flange,,,2004,
פלנץ מים רומסטר 1.4 BTS,,,,,,['Skoda'],,Skoda: Roomster,,,,,BTS,1.6 L,,Cooling,,,,Water Flange,,,,
פלנץ מפצל צינורות מים  I20 + I25 + I35,,,,,,['Hyundai'],"['פלנץ מפצל צינורות מים  I20', 'I25', 'I35']","Hyundai: i20, Hyundai: i25, Hyundai: i35",,,,,,,,Cooling,,,,Splitter Flange,,,,
פלנץ עם חיישן מונדיאו נפח 2.0,,,,,,['Ford'],,Ford: Mondeo,,,,,,2.0 L,,Cooling,,,,Flange with Sensor,,,,
פלנץ פוקוס מ06 עמודים 2,,,,,,['Ford'],,Ford: Focus,,,,,,,,Engine,,,,Flange,,,2006,
פעמון T5 מ03 נפח 1.9,,,,,,['Volkswagen'],,Volkswagen: Transporter T5,,,,,,1.9 L,,Drivetrain,,,,CV Joint Boot,,,2003,
פעמון אוקטביה מ05 קטן,,,,,,['Skoda'],,Skoda: Octavia,,,,,,,,Drivetrain,,,,CV Joint Boot,,,2005,
פעמון אוקטביה מ05,,,,,,['Skoda'],,Skoda: Octavia,,,,,,,,Drivetrain,,,,CV Joint Boot,,,2005,
פעמון איביזה + רומסטר,,,,,,"['Seat', 'Skoda']","['פעמון איביזה', 'רומסטר']","Skoda: Roomster, Seat: Ibiza",,,,,,,,Drivetrain,,,,CV Joint Boot,,,,
פעמון אקסנט + גטס,,,,,,['Hyundai'],"['פעמון אקסנט', 'גטס']","Hyundai: Accent, Hyundai: Getz",,,,,,,,Drivetrain,,,,CV Joint Boot,,,,
פעמון גטס  ABS אקסנט מ07 עם,,,With ABS,,,['Hyundai'],,"Hyundai: Accent, Hyundai: Getz",,,,,,,,Drivetrain,,,,CV Joint Boot,,,2007,
פעמון מגנום,,,,,,['Dodge'],,Dodge: Magnum,,,,,,,,Drivetrain,,,,CV Joint Boot,,,,
פעמון פוקוס 1.5 מ15,,,,,,['Ford'],,Ford: Focus,,,,,,1.5 L,,Drivetrain,,,,CV Joint Boot,,,2015,
פעמון פיאסטה מ09 אוטומט,,,,,,['Ford'],,Ford: Fiesta,,,,Automatic,,,,Drivetrain,,,,CV Joint Boot,Automatic,,2009,
פעמון ציריה אוקטביה מ10,,,,,,['Skoda'],,Skoda: Octavia,,,,,,,,Drivetrain,,,,CV Joint Boot,,,2010,
פעמון ציריה מ08 A4 + מ10 A6,,,,,,['Audi'],"['פעמון ציריה מ08 A4', 'מ10 A6']","Audi: A4, Audi: A6",,,,,,,,Drivetrain,,,,CV Joint Boot,,,2008,
פעמון קאדי,,,,,,['Volkswagen'],,Volkswagen: Caddy,,,,,,,,Drivetrain,,,,CV Joint Boot,,,,
פקק קרטר מרצדס פלסטיק,,,,,,['Mercedes'],,,,,,,,,,Engine,Plastic,,,Oil Drain Plug,,,,
צ.בלם קדמי סיויק מ06 ימין,,,,,,['Honda'],,Honda: Civic,,,,,,,,Brake,,,"Front, Right",Brake Line,,,2006,
צ.חימום ברלינגו מ11,,,,,,['Citroen'],,Citroen: Berlingo,,,,,,,,HVAC,,,,Heater Hose,,,2011,
צ.חימום פוקוס מ12,,,,,,['Ford'],,Ford: Focus,,,,,,,,HVAC,,,,Heater Hose,,,2012,
צ.טורבו אקסטרייל מ14,,,,,,['Nissan'],,Nissan: X-Trail,,,,,,,,Engine,,,,Turbo Pipe,,,2014,
צ.טורבו הנטר מ10,,,,,,['Mitsubishi'],,Mitsubishi: Hunter,,,,,,,,Engine,,,,Turbo Pipe,,,2010,
צ.טורבו חיבור מהיר T5,,,,,,['Volkswagen'],,Volkswagen: Transporter T5,,,,,,,,Engine,,,,Turbo Pipe,,,,
צ.טורבו ספרינטר מ07,,,,,,['Mercedes'],,Mercedes: Sprinter,,,,,,,,Engine,,,,Turbo Pipe,,,2007,
צ.טורבו שמאל טראיטון מ15,,,,,,[],,,,,,,,,,Engine,,,Left,Turbo Pipe,,,2015,
צ.מים עליון מ13 CX5 + מזדה 3 + 6,,,,,,['Mazda'],"['צ.מים עליון מ13 CX5', 'מזדה 3', '6']","Mazda: Mazda3, Mazda: CX-5",,,,,,,,Cooling,,,Upper,Coolant Pipe,,,2013,
צ.מים עליון ספורטאג + טוסון מ15,,,,,,"['Kia', 'Hyundai']","['צ.מים עליון ספורטאג', 'טוסון מ15']","Hyundai: Tucson, Kia: Sportage",,,,,,,,Cooling,,,Upper,Coolant Pipe,,,2015,
צ.מים קרוז 1.4 מ11,,,,,,['Chevrolet'],,Chevrolet: Cruze,,,,,,1.4 L,,Cooling,,,,Coolant Pipe,,,2011,
צ.מים קשיח קורולה,,,,,,['Toyota'],,Toyota: Corolla,,,,,,,,Cooling,,,,Coolant Pipe,,,,
צ.משאבת מים אילנטרה מ01,,,,,,[],,,,,,,,,,Cooling,,,,Water Pump,,,2001,
צ.מתכת גטס + אקסנט מ07,,,,,,['Hyundai'],"['צ.מתכת גטס', 'אקסנט מ07']","Hyundai: Accent, Hyundai: Getz",,,,,,,,,Metal,,,,,,2007,
צ.נשם פוקוס מ06,,,,,,['Ford'],,Ford: Focus,,,,,,,,Engine,,,,Crankcase Vent,,,2006,
צ.עליון גטס + אקסנט מ07,,,,,,['Hyundai'],"['צ.עליון גטס', 'אקסנט מ07']","Hyundai: Accent, Hyundai: Getz",,,,,,,,Cooling,,,Upper,Upper Radiator Hose,,,2007,
צינור אויר 1.2 בנזין קליאו מ13,,,,,,['Renault'],,Renault: Clio,,,,,,1.2 L,Gasoline,Engine,,,,Air Intake Pipe,,,2013,
צינור אויר אוקטביה מ05 דיזל,,,,,,['Skoda'],,Skoda: Octavia,,,,,,,Diesel,Engine,,,,Air Intake Pipe,,,2005,
צינור אויר סיוויק מ12,,,,,,['Honda'],,Honda: Civic,,,,,,,,Engine,,,,Air Intake Pipe,,,2012,
צינור אויר קשקאי מ08,,,,,,['Nissan'],,Nissan: Qashqai,,,,,,,,Engine,,,,Air Intake Pipe,,,2008,
צינור אנטרקולר טרייטון מ15 מקורי,,,,,,['Mitsubishi'],,Mitsubishi: Triton,,,,,,,,Cooling,,,,Intercooler,,,2015,
צינור חימום I20 + I25,,,,,,['Hyundai'],"['צינור חימום I20', 'I25']","Hyundai: i20, Hyundai: i25",,,,,,,,HVAC,,,,Heater Hose,,,,
צינור חימום מתכת גולף 1.6,,,,,,['Volkswagen'],,Volkswagen: Golf,,,,,,1.6 L,,HVAC,Metal,,,Heater Hose,,,,
צינור חימום פוקוס מ06,,,,,,['Ford'],,Ford: Focus,,,,,,,,HVAC,,,,Heater Hose,,,2006,
צינור טורבו T5 מ10,,,,,,['Volkswagen'],,Volkswagen: Transporter T5,,,,,,,,Engine,,,,Turbo Pipe,,,2010,
צינור טורבו אקטרייל + קשקאי מ14,,,,,,['Nissan'],"['צינור טורבו אקטרייל', 'קשקאי מ14']",Nissan: Qashqai,,,,,,,,Engine,,,,Turbo Pipe,,,2014,
צינור טורבו ברלינגו מ08,,,,,,['Citroen'],,Citroen: Berlingo,,,,,,,,Engine,,,,Turbo Pipe,,,2008,
צינור טורבו דיזל אוקטביה מ10 1.6,,,,,,['Skoda'],,Skoda: Octavia,,,,,,1.6 L,Diesel,Engine,,,,Turbo Pipe,,,2010,
צינור טורבו הנטר מ07,,,,,,['Mitsubishi'],,Mitsubishi: Hunter,,,,,,,,Engine,,,,Turbo Pipe,,,2007,
צינור טורבו טרייטון מ15,,,,,,['Mitsubishi'],,Mitsubishi: Triton,,,,,,,,Engine,,,,Turbo Pipe,,,2015,
צינור טורבו מסטר 2.3 מ10,,,,,,['Renault'],,Renault: Master,,,,,,2.3 L,,Engine,,,,Turbo Pipe,,,2010,
צינור טורבו קליאו + קפצור 1.5 מ13,,,,,,['Renault'],"['צינור טורבו קליאו', 'קפצור 1.5 מ13']","Renault: Clio, Renault: Captur",,,,,,1.5 L,,Engine,,,,Turbo Pipe,,,2013,
צינור יניקה CBZ 1.2,,,,,,[],,,,,,,CBZ,1.2 L,,Engine,,,,Intake Pipe,,,,
צינור לבית מצערת קרוז,,,,,,['Chevrolet'],,Chevrolet: Cruze,,,,,,,,Engine,,,,Throttle Body,,,,
צינור לחץ שמן פיגו + סיטרואן,,,,,,"['Citroen', 'Peugeot']","['צינור לחץ שמן פיגו', 'סיטרואן']",,,,,,,,,Engine,,,,Oil Pressure Pipe,,,,
צינור למיכל עיבוי CNC + CJE מ13,,,,,,[],"['צינור למיכל עיבוי CNC', 'CJE מ13']",,,,,,CNC,2.0 L,,Cooling,,,,Coolant Reservoir Hose,,,2013,
צינור למיכל עיבוי מ15 A4 + A5 + Q5,,,,,,['Audi'],"['צינור למיכל עיבוי מ15 A4', 'A5', 'Q5']","Audi: A4, Audi: A5, Audi: Q5",,,,,,,,Cooling,,,,Coolant Reservoir Hose,,,2015,
צינור מ.מים 1.8 CDA,,,,,,[],,,,,,,CDA,1.8 L,,Cooling,,,,Water Pump,,,,
צינור מ.מים אקסנט מ07,,,,,,['Hyundai'],,Hyundai: Accent,,,,,,,,Cooling,,,,Water Pump,,,2007,
צינור מחבר מים קורולה מ08,,,,,,['Toyota'],,Toyota: Corolla,,,,,,,,Cooling,,,,Coolant Connector,,,2008,
צינור מיכל עיבוי מ16 CLA + GLA,,,,,,['Mercedes'],"['צינור מיכל עיבוי מ16 CLA', 'GLA']","Mercedes: GLA, Mercedes: CLA",,,,,,,,Cooling,,,,Coolant Reservoir,,,2016,
צינור מיכל עיבוי פוקוס מ11,,,,,,['Ford'],,Ford: Focus,,,,,,,,Cooling,,,,Coolant Reservoir,,,2011,
צינור מים BTS 1.6,,,,,,[],,,,,,,BTS,1.6 L,,Cooling,,,,Coolant Pipe,,,,
צינור מים איוניק + נירו,,,,,,"['Kia', 'Hyundai']","['צינור מים איוניק', 'נירו']","Hyundai: Ioniq, Kia: Niro",,,,,,,,Cooling,,,,Coolant Pipe,,,,
צינור מים מ10 A4 + A5 + Q7,,,,,,['Audi'],"['צינור מים מ10 A4', 'A5', 'Q7']","Audi: A4, Audi: A5, Audi: Q7",,,,,,,,Cooling,,,,Coolant Pipe,,,2010,
צינור מים מקורי 1.8 CJS,,,,,,[],,,,,,,CJS,1.8 L,,Cooling,,,,Coolant Pipe,,,,
צינור מים עודף אסטרה + קרוז מ11,,,,,,"['Opel', 'Chevrolet']","['צינור מים עודף אסטרה', 'קרוז מ11']","Opel: Astra, Chevrolet: Cruze",,,,,,,,Cooling,,,,Overflow Coolant Pipe,,,2011,
צינור מים פיגו מקורי,,,,,,['Peugeot'],,,,,,,,,,Cooling,,,,Coolant Pipe,,,,
צינור מים פלסטיק A6 + A7 מ11,,,,,,['Audi'],"['צינור מים פלסטיק A6', 'A7 מ11']","Audi: A6, Audi: A7",,,,,,,,Cooling,Plastic,,,Coolant Pipe,,,2011,
צינור מים תחתון אקסנט מ07,,,,,,['Hyundai'],,Hyundai: Accent,,,,,,,,Cooling,,,Lower,Coolant Pipe,,,2007,
צינור מתכת I20 + I30 + I35,,,,,,['Hyundai'],"['צינור מתכת I20', 'I30', 'I35']","Hyundai: i20, Hyundai: i30, Hyundai: i35",,,,,,,,General,Metal,,,Metal Pipe,,,,
צינור מתכת אוקטביה מ13,,,,,,['Skoda'],,Skoda: Octavia,,,,,,,,General,Metal,,,Metal Pipe,,,2013,
צינור מתכת גטס + אקסנט עד 06,,,,,,['Hyundai'],"['צינור מתכת גטס', 'אקסנט עד 06']","Hyundai: Accent, Hyundai: Getz",,,,,,,,General,Metal,,,Metal Pipe,,,,2006
צינור מתכת דיהטסו,,,,,,[],,,,,,,,,,General,Metal,,,Metal Pipe,,,,
צינור נשם BLR פסאט מ06,,,,,,['Volkswagen'],,Volkswagen: Passat,,,,,BLR,1.6 L,,Engine,,,,Breather Hose,,,2006,
צינור עודפי A5 מיכל עיבוי,,,,,,['Audi'],,Audi: A5,,,,,,,,Cooling,,,,Coolant Reservoir,,,,
צינור עליון B3 + B4 + אמפריזה,,,,,,['Subaru'],"['צינור עליון B3', 'B4', 'אמפריזה']","Subaru: Impreza, Subaru: Legacy B3, Subaru: Legacy B4",,,,,,,,Cooling,,,Upper,Upper Radiator Hose,,,,
צינור עליון I10 מ08,,,,,,['Hyundai'],,Hyundai: i10,,,,,,,,Cooling,,,Upper,Upper Radiator Hose,,,2008,
צינור עליון I35 + I20,,,,,,['Hyundai'],"['צינור עליון I35', 'I20']","Hyundai: i20, Hyundai: i35",,,,,,,,Cooling,,,Upper,Upper Radiator Hose,,,,
צינור עליון אחורי מ12 I30 + I35,,,,,,['Hyundai'],"['צינור עליון אחורי מ12 I30', 'I35']","Hyundai: i30, Hyundai: i35",,,,,,,,Cooling,,,"Rear, Upper",Upper Radiator Hose,,,2012,
צינור עליון אקסנט מ07,,,,,,['Hyundai'],,Hyundai: Accent,,,,,,,,Cooling,,,Upper,Upper Radiator Hose,,,2007,
צינור עליון אקסנט מ11,,,,,,['Hyundai'],,Hyundai: Accent,,,,,,,,Cooling,,,Upper,Upper Radiator Hose,,,2011,
צינור עליון גטס + אקסנט עד 06,,,,,,['Hyundai'],"['צינור עליון גטס', 'אקסנט עד 06']","Hyundai: Accent, Hyundai: Getz",,,,,,,,Cooling,,,Upper,Upper Radiator Hose,,,,2006
צינור עליון מ14 I10,,,,,,['Hyundai'],,Hyundai: i10,,,,,,,,Cooling,,,Upper,Upper Radiator Hose,,,2014,
צינור עליון מזדה 3 1.6 עד 12,,,,,,['Mazda'],,Mazda: Mazda3,,,,,,1.6 L,,Cooling,,,Upper,Upper Radiator Hose,,,,2012
צינור עליון מזדה 6 מ08,,,,,,['Mazda'],,Mazda: Mazda6,,,,,,,,Cooling,,,Upper,Upper Radiator Hose,,,2008,
צינור עליון מזדה 6 עד 08,,,,,,['Mazda'],,Mazda: Mazda6,,,,,,,,Cooling,,,Upper,Upper Radiator Hose,,,,2008
צינור עליון נפח 2.0 מזדה 3 + 5 עד 12,,,,,,['Mazda'],"['צינור עליון נפח 2.0 מזדה 3', '5 עד 12']",Mazda: Mazda3,,,,,,2.0 L,,Cooling,,,Upper,Upper Radiator Hose,,,,2012
צינור עליון סנטה פה מ09,,,,,,['Hyundai'],,Hyundai: Santa Fe,,,,,,,,Cooling,,,Upper,Upper Radiator Hose,,,2009,
צינור עליון פוקוס מ06,,,,,,['Ford'],,Ford: Focus,,,,,,,,Cooling,,,Upper,Upper Radiator Hose,,,2006,
צינור עליון קורולה מ03,,,,,,['Toyota'],,Toyota: Corolla,,,,,,,,Cooling,,,Upper,Upper Radiator Hose,,,2003,
צינור עליון קורולה מ08,,,,,,['Toyota'],,Toyota: Corolla,,,,,,,,Cooling,,,Upper,Upper Radiator Hose,,,2008,
צינור עליון קרוז 1.6 מ09,,,,,,['Chevrolet'],,Chevrolet: Cruze,,,,,,1.6 L,,Cooling,,,Upper,Upper Radiator Hose,,,2009,
צינור פלסטיק CDA 1.8 + 2.0,,,,,,[],"['צינור פלסטיק CDA 1.8', '2.0']",,,,,,CDA,1.8 L,,General,Plastic,,,Plastic Pipe,,,,
צינור פלסטיק CJS 1.8 + 2.0,,,,,,[],"['צינור פלסטיק CJS 1.8', '2.0']",,,,,,CJS,1.8 L,,General,Plastic,,,Plastic Pipe,,,,
צינור פלסטיק פביה + פולו,,,,,,"['Volkswagen', 'Skoda']","['צינור פלסטיק פביה', 'פולו']","Volkswagen: Polo, Skoda: Fabia",,,,,,,,General,Plastic,,,Plastic Pipe,,,,
צינור קולר ש.מנוע סנטה פה מ10 דיזל,,,,,,['Hyundai'],,Hyundai: Santa Fe,,,,,,,Diesel,Engine,,,,Engine Oil Cooler,,,2010,
צינור קירור מנוע אוקטביה,,,,,,['Skoda'],,Skoda: Octavia,,,,,,,,Cooling,,,,Engine Cooling Pipe,,,,
צינור קנסטר אוקטביה + ארונה נפח 1.0,,,,,,"['Seat', 'Skoda']","['צינור קנסטר אוקטביה', 'ארונה נפח 1.0']","Skoda: Octavia, Seat: Arona",,,,,,1.0 L,,Emissions,,,,EVAP Canister Hose,,,,
צינור קנסטר אוקטביה 1.5 מ17,,,,,,['Skoda'],,Skoda: Octavia,,,,,,1.5 L,,Emissions,,,,EVAP Canister Hose,,,2017,
צינור קנסטר איביזה נפח 1.0,,,,,,['Seat'],,Seat: Ibiza,,,,,,1.0 L,,Emissions,,,,EVAP Canister Hose,,,,
צינור תחתון סנטה פה מ09,,,,,,['Hyundai'],,Hyundai: Santa Fe,,,,,,,,Cooling,,,Lower,Lower Radiator Hose,,,2009,
צינור תחתון פוקוס מ06,,,,,,['Ford'],,Ford: Focus,,,,,,,,Cooling,,,Lower,Lower Radiator Hose,,,2006,
צינור תחתון קורולה מ03,,,,,,['Toyota'],,Toyota: Corolla,,,,,,,,Cooling,,,Lower,Lower Radiator Hose,,,2003,
ציריה XV מ12 + מ09 B4 ימין + שמאל,,,,,,['Subaru'],"['ציריה XV מ12', 'מ09 B4 ימין', 'שמאל']","Subaru: XV, Subaru: Legacy B4",,,,,,,,Drivetrain,,,"Right, Left",CV Axle,,,2012,
ציריה גטס ימין אוטומט,,,,,,['Hyundai'],,Hyundai: Getz,,,,Automatic,,,,Drivetrain,,,Right,CV Axle,Automatic,,,
ציריה גטס שמאל אוטומט,,,,,,['Hyundai'],,Hyundai: Getz,,,,Automatic,,,,Drivetrain,,,Left,CV Axle,Automatic,,,
ציריה ימין + שמאל XV מ12,,,,,,['Subaru'],"['ציריה ימין', 'שמאל XV מ12']",Subaru: XV,,,,,,,,Drivetrain,,,"Right, Left",Right CV Axle,,,2012,
ציריה ימין + שמאל אמארוק מ11,,,,,,['Volkswagen'],"['ציריה ימין', 'שמאל אמארוק מ11']",Volkswagen: Amarok,,,,,,,,Drivetrain,,,"Right, Left",Right CV Axle,,,2011,
ציריה ימין + שמאל דימקס מ12,,,,,,['Isuzu'],"['ציריה ימין', 'שמאל דימקס מ12']",Isuzu: D-Max,,,,,,,,Drivetrain,,,"Right, Left",Right CV Axle,,,2012,
ציריה ימין + שמאל ויגו מ06,,,,,,['Toyota'],"['ציריה ימין', 'שמאל ויגו מ06']",Toyota: Hilux Vigo,,,,,,,,Drivetrain,,,"Right, Left",Right CV Axle,,,2006,
ציריה ימין + שמאל לנדקרוזר מ03,,,,,,['Toyota'],"['ציריה ימין', 'שמאל לנדקרוזר מ03']",Toyota: Land Cruiser,,,,,,,,Drivetrain,,,"Right, Left",Right CV Axle,,,2003,
ציריה ימין + שמאל פורסטר מ13,,,,,,['Subaru'],"['ציריה ימין', 'שמאל פורסטר מ13']",Subaru: Forester,,,,,,,,Drivetrain,,,"Right, Left",Right CV Axle,,,2013,
ציריה ימין אוטומט T5 2.0,,,,,,['Volkswagen'],,Volkswagen: Transporter T5,,,,Automatic,,2.0 L,,Drivetrain,,,Right,Right CV Axle,Automatic,,,
ציריה ימין אופטימה מ16 דיזל,,,,,,['Kia'],,Kia: Optima,,,,,,,Diesel,Drivetrain,,,Right,Right CV Axle,,,2016,
ציריה ימין אוקטביה מ05,,,,,,['Skoda'],,Skoda: Octavia,,,,,,,,Drivetrain,,,Right,Right CV Axle,,,2005,
ציריה ימין אוקטביה מ17 1.5,,,,,,['Skoda'],,Skoda: Octavia,,,,,,1.5 L,,Drivetrain,,,Right,Right CV Axle,,,2017,
ציריה ימין איביזה + פולו מ11,,,,,,"['Seat', 'Volkswagen']","['ציריה ימין איביזה', 'פולו מ11']","Volkswagen: Polo, Seat: Ibiza",,,,,,,,Drivetrain,,,Right,Right CV Axle,,,2011,
ציריה ימין אקו מיקרה מ11,,,,,,['Nissan'],,Nissan: Micra,,,,,,,,Drivetrain,,,Right,Right CV Axle,,,2011,
ציריה ימין אקסנט מ07,,,,,,['Hyundai'],,Hyundai: Accent,,,,,,,,Drivetrain,,,Right,Right CV Axle,,,2007,
ציריה ימין ברלינגו 1.5 מ19,,,,,,['Citroen'],,Citroen: Berlingo,,,,,,1.5 L,,Drivetrain,,,Right,Right CV Axle,,,2019,
ציריה ימין ברלינגו 1.6 מ10,,,,,,['Citroen'],,Citroen: Berlingo,,,,,,1.6 L,,Drivetrain,,,Right,Right CV Axle,,,2010,
ציריה ימין גטס גיר רגיל,,,,,,['Hyundai'],,Hyundai: Getz,,,,Manual,,,,Drivetrain,,,Right,Right CV Axle,Manual,,,
ציריה ימין הנטר מ07,,,,,,['Mitsubishi'],,Mitsubishi: Hunter,,,,,,,,Drivetrain,,,Right,Right CV Axle,,,2007,
ציריה ימין טיגואן מ08,,,,,,['Volkswagen'],,Volkswagen: Tiguan,,,,,,,,Drivetrain,,,Right,Right CV Axle,,,2008,
ציריה ימין מ10 T5 גיר רגיל 2.0,,,,,,['Volkswagen'],,Volkswagen: Transporter T5,,,,Manual,,2.0 L,,Drivetrain,,,Right,Right CV Axle,Manual,,2010,
ציריה ימין מ11 I35,,,,,,['Hyundai'],,Hyundai: i35,,,,,,,,Drivetrain,,,Right,Right CV Axle,,,2011,
ציריה ימין מ12 I30,,,,,,['Hyundai'],,Hyundai: i30,,,,,,,,Drivetrain,,,Right,Right CV Axle,,,2012,
ציריה ימין מ14 I25,,,,,,['Hyundai'],,Hyundai: i25,,,,,,,,Drivetrain,,,Right,Right CV Axle,,,2014,
ציריה ימין מזדה 2 עד 14,,,,,,['Mazda'],,Mazda: Mazda2,,,,,,,,Drivetrain,,,Right,Right CV Axle,,,,2014
ציריה ימין מזדה 3 06-08 נפח 1.6,,,,,,['Mazda'],,Mazda: Mazda3,,,,,,1.6 L,,Drivetrain,,,Right,Right CV Axle,,,2006,2008
ציריה ימין מזדה 3 מ13 נפח 1.5,,,,,,['Mazda'],,Mazda: Mazda3,,,,,,1.5 L,,Drivetrain,,,Right,Right CV Axle,,,2013,
ציריה ימין מזדה 3 מ13 נפח 2.0,,,,,,['Mazda'],,Mazda: Mazda3,,,,,,2.0 L,,Drivetrain,,,Right,Right CV Axle,,,2013,
ציריה ימין מזדה 5 עד 12 נפח 2.0,,,,,,['Mazda'],,Mazda: Mazda5,,,,,,2.0 L,,Drivetrain,,,Right,Right CV Axle,,,,2012
ציריה ימין מזדה 5 עד 13 + מזדה 3 09-12 2.0,,,,,,['Mazda'],"['ציריה ימין מזדה 5 עד 13', 'מזדה 3 09-12 2.0']","Mazda: Mazda3, Mazda: Mazda5",,,,,,2.0 L,,Drivetrain,,,Right,Right CV Axle,,,2009,2012
ציריה ימין מזדה 6 + CX5 מ13 נפח 2.5,,,,,,['Mazda'],"['ציריה ימין מזדה 6', 'CX5 מ13 נפח 2.5']","Mazda: Mazda6, Mazda: CX-5",,,,,,2.5 L,,Drivetrain,,,Right,Right CV Axle,,,2013,
ציריה ימין מזדה 6 מ08,,,,,,['Mazda'],,Mazda: Mazda6,,,,,,,,Drivetrain,,,Right,Right CV Axle,,,2008,
ציריה ימין נירו + איוניק,,,,,,"['Kia', 'Hyundai']","['ציריה ימין נירו', 'איוניק']","Hyundai: Ioniq, Kia: Niro",,,,,,,,Drivetrain,,,Right,Right CV Axle,,,,
ציריה ימין נפח 2.0 מ13 CX5,,,,,,['Mazda'],,Mazda: CX-5,,,,,,2.0 L,,Drivetrain,,,Right,Right CV Axle,,,2013,
ציריה ימין סיריון 06-12,,,,,,['Daihatsu'],,Daihatsu: Sirion,,,,,,,,Drivetrain,,,Right,Right CV Axle,,,2006,2012
ציריה ימין סנטה פה 2.7 מ07,,,,,,['Hyundai'],,Hyundai: Santa Fe,,,,,,2.7 L,,Drivetrain,,,Right,Right CV Axle,,,2007,
ציריה ימין עד 11 I30,,,,,,['Hyundai'],,Hyundai: i30,,,,,,,,Drivetrain,,,Right,Right CV Axle,,,,2011
ציריה ימין פוקוס 1.6 מ11,,,,,,['Ford'],,Ford: Focus,,,,,,1.6 L,,Drivetrain,,,Right,Right CV Axle,,,2011,
ציריה ימין פוקוס מ06,,,,,,['Ford'],,Ford: Focus,,,,,,,,Drivetrain,,,Right,Right CV Axle,,,2006,
ציריה ימין קדגאר 1.5 מ15,,,,,,['Renault'],,Renault: Kadjar,,,,,,1.5 L,,Drivetrain,,,Right,Right CV Axle,,,2015,
ציריה ימין קורולה 03-07,,,,,,['Toyota'],,Toyota: Corolla,,,,,,,,Drivetrain,,,Right,Right CV Axle,,,2003,2007
ציריה ימין קורולה 08-12,,,,,,['Toyota'],,Toyota: Corolla,,,,,,,,Drivetrain,,,Right,Right CV Axle,,,2008,2012
ציריה ימין קורולה מ08,,,,,,['Toyota'],,Toyota: Corolla,,,,,,,,Drivetrain,,,Right,Right CV Axle,,,2008,
ציריה ימין קורולה מ13,,,,,,['Toyota'],,Toyota: Corolla,,,,,,,,Drivetrain,,,Right,Right CV Axle,,,2013,
ציריה ימין קורולה מ19 היבריד,,,,,,['Toyota'],,Toyota: Corolla,,,,,,,Hybrid,Drivetrain,,,Right,Right CV Axle,,,2019,
ציריה ימין קנגו מ08,,,,,,['Renault'],,Renault: Kangoo,,,,,,,,Drivetrain,,,Right,Right CV Axle,,,2008,
ציריה ימין קרניבל מ07 דיזל,,,,,,['Kia'],,Kia: Carnival,,,,,,,Diesel,Drivetrain,,,Right,Right CV Axle,,,2007,
ציריה ימין קשקאי מ08,,,,,,['Nissan'],,Nissan: Qashqai,,,,,,,,Drivetrain,,,Right,Right CV Axle,,,2008,
ציריה מזדה 3 ימין 09-12 נפח 1.6,,,,,,['Mazda'],,Mazda: Mazda3,,,,,,1.6 L,,Drivetrain,,,Right,CV Axle,,,2009,2012
ציריה שמאל  מזדה 6 + CX5 מ13,,,,,,['Mazda'],"['ציריה שמאל  מזדה 6', 'CX5 מ13']","Mazda: Mazda6, Mazda: CX-5",,,,,,,,Drivetrain,,,Left,Left CV Axle,,,2013,
ציריה שמאל T5 מ10 2.0 אוטומט,,,,,,['Volkswagen'],,Volkswagen: Transporter T5,,,,Automatic,,2.0 L,,Drivetrain,,,Left,Left CV Axle,Automatic,,2010,
ציריה שמאל אופטימה מ16 דיזל,,,,,,['Kia'],,Kia: Optima,,,,,,,Diesel,Drivetrain,,,Left,Left CV Axle,,,2016,
ציריה שמאל אוקטביה 1.8,,,,,,['Skoda'],,Skoda: Octavia,,,,,,1.8 L,,Drivetrain,,,Left,Left CV Axle,,,,
ציריה שמאל אקו מיקרה מ11,,,,,,['Nissan'],,Nissan: Micra,,,,,,,,Drivetrain,,,Left,Left CV Axle,,,2011,
ציריה שמאל אקסנט מ07,,,,,,['Hyundai'],,Hyundai: Accent,,,,,,,,Drivetrain,,,Left,Left CV Axle,,,2007,
ציריה שמאל ברלינגו 1.5 מ19,,,,,,['Citroen'],,Citroen: Berlingo,,,,,,1.5 L,,Drivetrain,,,Left,Left CV Axle,,,2019,
ציריה שמאל ברלינגו 1.6 מ10,,,,,,['Citroen'],,Citroen: Berlingo,,,,,,1.6 L,,Drivetrain,,,Left,Left CV Axle,,,2010,
ציריה שמאל גטס גיר רגיל,,,,,,['Hyundai'],,Hyundai: Getz,,,,Manual,,,,Drivetrain,,,Left,Left CV Axle,Manual,,,
ציריה שמאל גיר רגיל   2.5 04-09 T5,,,,,,['Volkswagen'],,Volkswagen: Transporter T5,,,,Manual,,2.5 L,,Drivetrain,,,Left,Left CV Axle,Manual,,2004,2009
ציריה שמאל הנטר מ07,,,,,,['Mitsubishi'],,Mitsubishi: Hunter,,,,,,,,Drivetrain,,,Left,Left CV Axle,,,2007,
ציריה שמאל טיגואן מ08,,,,,,['Volkswagen'],,Volkswagen: Tiguan,,,,,,,,Drivetrain,,,Left,Left CV Axle,,,2008,
ציריה שמאל יאריס 1.5 מ12 היבריד,,,,,,['Toyota'],,Toyota: Yaris,,,,,,1.5 L,Hybrid,Drivetrain,,,Left,Left CV Axle,,,2012,
ציריה שמאל מ11 I35,,,,,,['Hyundai'],,Hyundai: i35,,,,,,,,Drivetrain,,,Left,Left CV Axle,,,2011,
ציריה שמאל מ12 I30,,,,,,['Hyundai'],,Hyundai: i30,,,,,,,,Drivetrain,,,Left,Left CV Axle,,,2012,
ציריה שמאל מ14 I25,,,,,,['Hyundai'],,Hyundai: i25,,,,,,,,Drivetrain,,,Left,Left CV Axle,,,2014,
ציריה שמאל מזדה 3 06-12,,,,,,['Mazda'],,Mazda: Mazda3,,,,,,,,Drivetrain,,,Left,Left CV Axle,,,2006,2012
ציריה שמאל מזדה 3 מ09 2.0,,,,,,['Mazda'],,Mazda: Mazda3,,,,,,2.0 L,,Drivetrain,,,Left,Left CV Axle,,,2009,
ציריה שמאל מזדה 3 מ13 נפח 1.5,,,,,,['Mazda'],,Mazda: Mazda3,,,,,,1.5 L,,Drivetrain,,,Left,Left CV Axle,,,2013,
ציריה שמאל מזדה 3 מ13 נפח 2.0,,,,,,['Mazda'],,Mazda: Mazda3,,,,,,2.0 L,,Drivetrain,,,Left,Left CV Axle,,,2013,
ציריה שמאל מזדה 5 עד 12 נפח 2.0,,,,,,['Mazda'],,Mazda: Mazda5,,,,,,2.0 L,,Drivetrain,,,Left,Left CV Axle,,,,2012
ציריה שמאל מזדה 6 08-12,,,,,,['Mazda'],,Mazda: Mazda6,,,,,,,,Drivetrain,,,Left,Left CV Axle,,,2008,2012
ציריה שמאל נירו + איוניק,,,,,,"['Kia', 'Hyundai']","['ציריה שמאל נירו', 'איוניק']","Hyundai: Ioniq, Kia: Niro",,,,,,,,Drivetrain,,,Left,Left CV Axle,,,,
ציריה שמאל סיריון 06-12,,,,,,['Daihatsu'],,Daihatsu: Sirion,,,,,,,,Drivetrain,,,Left,Left CV Axle,,,2006,2012
ציריה שמאל עד 11 I30,,,,,,['Hyundai'],,Hyundai: i30,,,,,,,,Drivetrain,,,Left,Left CV Axle,,,,2011
ציריה שמאל עד 13 I20 + I25,,,,,,['Hyundai'],"['ציריה שמאל עד 13 I20', 'I25']","Hyundai: i20, Hyundai: i25",,,,,,,,Drivetrain,,,Left,Left CV Axle,,,,2013
ציריה שמאל פולו + איביזה מ16 נפח 1.0,,,,,,"['Seat', 'Volkswagen']","['ציריה שמאל פולו', 'איביזה מ16 נפח 1.0']","Volkswagen: Polo, Seat: Ibiza",,,,,,1.0 L,,Drivetrain,,,Left,Left CV Axle,,,2016,
ציריה שמאל פוקוס 1.6 מ11,,,,,,['Ford'],,Ford: Focus,,,,,,1.6 L,,Drivetrain,,,Left,Left CV Axle,,,2011,
ציריה שמאל פוקוס מ06,,,,,,['Ford'],,Ford: Focus,,,,,,,,Drivetrain,,,Left,Left CV Axle,,,2006,
ציריה שמאל קדגאר 1.5 מ15,,,,,,['Renault'],,Renault: Kadjar,,,,,,1.5 L,,Drivetrain,,,Left,Left CV Axle,,,2015,
ציריה שמאל קורולה 03-07,,,,,,['Toyota'],,Toyota: Corolla,,,,,,,,Drivetrain,,,Left,Left CV Axle,,,2003,2007
ציריה שמאל קורולה 08-12,,,,,,['Toyota'],,Toyota: Corolla,,,,,,,,Drivetrain,,,Left,Left CV Axle,,,2008,2012
ציריה שמאל קורולה מ08,,,,,,['Toyota'],,Toyota: Corolla,,,,,,,,Drivetrain,,,Left,Left CV Axle,,,2008,
ציריה שמאל קורולה מ13,,,,,,['Toyota'],,Toyota: Corolla,,,,,,,,Drivetrain,,,Left,Left CV Axle,,,2013,
ציריה שמאל קורולה מ19 היבריד,,,,,,['Toyota'],,Toyota: Corolla,,,,,,,Hybrid,Drivetrain,,,Left,Left CV Axle,,,2019,
ציריה שמאל קנגו מ08,,,,,,['Renault'],,Renault: Kangoo,,,,,,,,Drivetrain,,,Left,Left CV Axle,,,2008,
ציריה שמאל קרניבאל מ07 דיזל,,,,,,['Kia'],,Kia: Carnival,,,,,,,Diesel,Drivetrain,,,Left,Left CV Axle,,,2007,
ציריה שמאל קשקאי מ08,,,,,,['Nissan'],,Nissan: Qashqai,,,,,,,,Drivetrain,,,Left,Left CV Axle,,,2008,
ציריה שמאלקורולה 08-12,,,,,,[],,,,,,,,,,Drivetrain,,,Left,Left CV Axle,,,2008,2012
צלחות אחורי C4 + פיקסו מ13,,,,,,['Citroen'],"['צלחות אחורי C4', 'פיקסו מ13']",Citroen: C4,,,,,,,,Brake,,,Rear,Brake Discs,,,2013,
צלחות אחורי I10 מ14,,,,,,['Hyundai'],,Hyundai: i10,,,,,,,,Brake,,,Rear,Brake Discs,,,2014,
צלחות אחורי Q2 + אטקה מ17,,,,,,"['Audi', 'Seat']","['צלחות אחורי Q2', 'אטקה מ17']","Seat: Ateca, Audi: Q2",,,,,,,,Brake,,,Rear,Brake Discs,,,2017,
צלחות אחורי Q7 מ16 קוטר 350 ממ,,,,,,['Audi'],,Audi: Q7,350 mm,,,,,,,Brake,,,Rear,Brake Discs,,,2016,
צלחות אחורי TGE קרפטר מ16,,,,,,"['Volkswagen', 'MAN']",,"Volkswagen: Crafter, MAN: TGE",,,,,,,,Brake,,,Rear,Brake Discs,,,2016,
צלחות אחורי אוונסיס מ09,,,,,,['Toyota'],,Toyota: Avensis,,,,,,,,Brake,,,Rear,Brake Discs,,,2009,
צלחות אחורי אוטלנדר מ13 + אקליפס מ18 LPR,,,,,,['Mitsubishi'],"['צלחות אחורי אוטלנדר מ13', 'אקליפס מ18 LPR']","Mitsubishi: Outlander, Mitsubishi: Eclipse",,,,,,,,Brake,,,Rear,Brake Discs,,,2013,
צלחות אחורי אוקטביה מ05 קוטר 253 ממ,,,,,,['Skoda'],,Skoda: Octavia,253 mm,,,,,,,Brake,,,Rear,Brake Discs,,,2005,
צלחות אחורי אוקטביה מ05 קוטר 255 ממ,,,,,,['Skoda'],,Skoda: Octavia,255 mm,,,,,,,Brake,,,Rear,Brake Discs,,,2005,
צלחות אחורי אוקטביה מ10 קוטר 272 ממ,,,,,,['Skoda'],,Skoda: Octavia,272 mm,,,,,,,Brake,,,Rear,Brake Discs,,,2010,
צלחות אחורי אוקטביה מ17 קוטר 253 ממ,,,,,,['Skoda'],,Skoda: Octavia,253 mm,,,,,,,Brake,,,Rear,Brake Discs,,,2017,
צלחות אחורי אטקה מ17 + Q2 קוטר 272 ממ,,,,,,"['Audi', 'Seat']","['צלחות אחורי אטקה מ17', 'Q2 קוטר 272 ממ']","Seat: Ateca, Audi: Q2",272 mm,,,,,,,Brake,,,Rear,Brake Discs,,,2017,
צלחות אחורי איביזה + ארונה מ17 קוטר 232 ממ,,,,,,['Seat'],"['צלחות אחורי איביזה', 'ארונה מ17 קוטר 232 ממ']","Seat: Arona, Seat: Ibiza",232 mm,,,,,,,Brake,,,Rear,Brake Discs,,,2017,
צלחות אחורי אסקנט מ07 + I20 09-14,,,,,,['Hyundai'],"['צלחות אחורי אסקנט מ07', 'I20 09-14']",Hyundai: i20,,,,,,,,Brake,,,Rear,Brake Discs,,,2009,2014
צלחות אחורי אסקנט מ07,,,,,,[],,,,,,,,,,Brake,,,Rear,Brake Discs,,,2007,
צלחות אחורי ברלינגו מ08 עם מיסב,,,,,,['Citroen'],,Citroen: Berlingo,,,,,,,,Brake,,,Rear,Brake Discs,,,2008,
צלחות אחורי ברלינגו מ19,,,,,,['Citroen'],,Citroen: Berlingo,,,,,,,,Brake,,,Rear,Brake Discs,,,2019,
צלחות אחורי גאז מ09 1.2 + 1.4 לא היבריד,,,,,,[],"['צלחות אחורי גאז מ09 1.2', '1.4 לא היבריד']",,,,,,,1.2 L,Hybrid,Brake,,,Rear,Brake Discs,,,2009,
צלחות אחורי גמפי מ16,,,,,,['Citroen'],,Citroen: Jumpy,,,,,,,,Brake,,,Rear,Brake Discs,,,2016,
צלחות אחורי גרנד קופה מ16,,,,,,['Renault'],,Renault: Grand Coupe,,,,,,,,Brake,,,Rear,Brake Discs,,,2016,
צלחות אחורי טוסון + ספורטאג מ15,,,,,,"['Kia', 'Hyundai']","['צלחות אחורי טוסון', 'ספורטאג מ15']","Hyundai: Tucson, Kia: Sportage",,,,,,,,Brake,,,Rear,Brake Discs,,,2015,
צלחות אחורי טרנזיט מ14 קוטר 308 ממ דאבל גנט,,,,,,"['Peugeot', 'Ford']",,"Ford: Transit, Peugeot: 308",308 mm,,,,,,,Brake,,,Rear,Brake Discs,,,2014,
צלחות אחורי יאריס מ07,,,,,,['Toyota'],,Toyota: Yaris,,,,,,,,Brake,,,Rear,Brake Discs,,,2007,
צלחות אחורי לנדקרוזר מ11 קוטר 312 ממ,,,,,,['Toyota'],,Toyota: Land Cruiser,312 mm,,,,,,,Brake,,,Rear,Brake Discs,,,2011,
צלחות אחורי מ08 A4 + A5 קוטר 300 ממ,,,,,,['Audi'],"['צלחות אחורי מ08 A4', 'A5 קוטר 300 ממ']","Audi: A4, Audi: A5",300 mm,,,,,,,Brake,,,Rear,Brake Discs,,,2008,
צלחות אחורי מ08 Q5 קוטר 330 ממ,,,,,,['Audi'],,Audi: Q5,330 mm,,,,,,,Brake,,,Rear,Brake Discs,,,2008,
צלחות אחורי מ11 I25 + I20 מ15,,,,,,['Hyundai'],"['צלחות אחורי מ11 I25', 'I20 מ15']","Hyundai: i20, Hyundai: i25",,,,,,,,Brake,,,Rear,Brake Discs,,,2011,
צלחות אחורי מ12 XV,,,,,,['Subaru'],,Subaru: XV,,,,,,,,Brake,,,Rear,Brake Discs,,,2012,
צלחות אחורי מ12 קוטר 330 ממ A6,,,,,,['Audi'],,Audi: A6,330 mm,,,,,,,Brake,,,Rear,Brake Discs,,,2012,
צלחות אחורי מגאן+ פלואנס מ09  עם מיסב,,,,,,['Renault'],"['צלחות אחורי מגאן', 'פלואנס מ09  עם מיסב']","Renault: Megane, Renault: Fluence",,,,,,,,Brake,,,Rear,Brake Discs,,,2009,
צלחות אחורי מזדה 3 1.6 עד 12,,,,,,['Mazda'],,Mazda: Mazda3,,,,,,1.6 L,,Brake,,,Rear,Brake Discs,,,,2012
צלחות אחורי מזדה 3 מ13 נפח 1.5 + 2.0,,,,,,['Mazda'],"['צלחות אחורי מזדה 3 מ13 נפח 1.5', '2.0']",Mazda: Mazda3,,,,,,1.5 L,,Brake,,,Rear,Brake Discs,,,2013,
צלחות אחורי מזדה 6 08-12,,,,,,['Mazda'],,Mazda: Mazda6,,,,,,,,Brake,,,Rear,Brake Discs,,,2008,2012
צלחות אחורי מרצדס מ13,,,,,,['Mercedes'],,,,,,,,,,Brake,,,Rear,Brake Discs,,,2013,
צלחות אחורי נפח 2.0 מזדה 3 + 5 עד 12,,,,,,['Mazda'],"['צלחות אחורי נפח 2.0 מזדה 3', '5 עד 12']",Mazda: Mazda3,,,,,,2.0 L,,Brake,,,Rear,Brake Discs,,,,2012
צלחות אחורי סורנטו מ15,,,,,,['Kia'],,Kia: Sorento,,,,,,,,Brake,,,Rear,Brake Discs,,,2015,
צלחות אחורי ספרינטר מ07 3.5 טון,,,,,,['Mercedes'],,Mercedes: Sprinter,,,,,,3.5 L,,Brake,,,Rear,Brake Discs,,,2007,
צלחות אחורי עד 11 I30 + מ10 IX35,,,,,,['Hyundai'],"['צלחות אחורי עד 11 I30', 'מ10 IX35']","Hyundai: i30, Hyundai: ix35",,,,,,,,Brake,,,Rear,Brake Discs,,,2010,2011
צלחות אחורי עד 13 I10 + פיקנטו מ11,,,,,,"['Kia', 'Hyundai']","['צלחות אחורי עד 13 I10', 'פיקנטו מ11']","Hyundai: i10, Kia: Picanto",,,,,,,,Brake,,,Rear,Brake Discs,,,2011,2013
צלחות אחורי פסאט מ06 קוטר 282 ממ,,,,,,['Volkswagen'],,Volkswagen: Passat,282 mm,,,,,,,Brake,,,Rear,Brake Discs,,,2006,
צלחות אחורי קודיאק מ15 קוטר 300,,,,,,['Skoda'],,Skoda: Kodiaq,,,,,,,,Brake,,,Rear,Brake Discs,,,2015,
צלחות אחורי קופרה  +VRS + S3 קוטר 310 ממ,,,,,,"['Audi', 'Cupra']","['צלחות אחורי קופרה', 'VRS', 'S3 קוטר 310 ממ']","Cupra: Cupra, Audi: S3",310 mm,,,,VRS,2.0 L,,Brake,,,Rear,Brake Discs,,,,
צלחות אחורי קורולה 03-07,,,,,,['Toyota'],,Toyota: Corolla,,,,,,,,Brake,,,Rear,Brake Discs,,,2003,2007
צלחות אחורי קורולה מ08,,,,,,['Toyota'],,Toyota: Corolla,,,,,,,,Brake,,,Rear,Brake Discs,,,2008,
צלחות אחורי קורולה מ13,,,,,,['Toyota'],,Toyota: Corolla,,,,,,,,Brake,,,Rear,Brake Discs,,,2013,
צלחות אחורי קורולה מ19,,,,,,['Toyota'],,Toyota: Corolla,,,,,,,,Brake,,,Rear,Brake Discs,,,2019,
צלחות אחורי קרפטר + ספרינטר מ07 5 טון,,,,,,"['Mercedes', 'Volkswagen']","['צלחות אחורי קרפטר', 'ספרינטר מ07 5 טון']","Mercedes: Sprinter, Volkswagen: Crafter",,,,,,,,Brake,,,Rear,Brake Discs,,,2007,
צלחות אחורי קרפטר מ17,,,,,,['Volkswagen'],,Volkswagen: Crafter,,,,,,,,Brake,,,Rear,Brake Discs,,,2017,
צלחות אחורי קשקאי + גוק עד 13,,,,,,['Nissan'],"['צלחות אחורי קשקאי', 'גוק עד 13']","Nissan: Qashqai, Nissan: Juke",,,,,,,,Brake,,,Rear,Brake Discs,,,,2013
צלחות אחורי קשקאי מ08 + גוק מ13,,,,,,['Nissan'],"['צלחות אחורי קשקאי מ08', 'גוק מ13']","Nissan: Qashqai, Nissan: Juke",,,,,,,,Brake,,,Rear,Brake Discs,,,2008,
צלחות אחורי קשקאי מ14,,,,,,['Nissan'],,Nissan: Qashqai,,,,,,,,Brake,,,Rear,Brake Discs,,,2014,
צלחות אחורי ראב 4 מ07,,,,,,['Toyota'],,Toyota: RAV4,,,,,,,,Brake,,,Rear,Brake Discs,,,2007,
צלחות קדמי ABS גטס בלי,,,With ABS,,,['Hyundai'],,Hyundai: Getz,,,,,,,,Brake,,,Front,Brake Discs,,,,
צלחות קדמי B3 + אמפריזה,,,,,,['Subaru'],"['צלחות קדמי B3', 'אמפריזה']","Subaru: Impreza, Subaru: Legacy B3",,,,,,,,Brake,,,Front,Brake Discs,,,,
צלחות קדמי I25 מ11 + I20 מ15,,,,,,['Hyundai'],"['צלחות קדמי I25 מ11', 'I20 מ15']","Hyundai: i20, Hyundai: i25",,,,,,,,Brake,,,Front,Brake Discs,,,2011,
צלחות קדמי אאוטלנדר מ04,,,,,,['Mitsubishi'],,Mitsubishi: Outlander,,,,,,,,Brake,,,Front,Brake Discs,,,2004,
צלחות קדמי אבנסיס מ09,,,,,,[],,,,,,,,,,Brake,,,Front,Brake Discs,,,2009,
צלחות קדמי אוונסיס מ09,,,,,,['Toyota'],,Toyota: Avensis,,,,,,,,Brake,,,Front,Brake Discs,,,2009,
צלחות קדמי אוקטביה מ05 קוטר 280 ממ,,,,,,['Skoda'],,Skoda: Octavia,280 mm,,,,,,,Brake,,,Front,Brake Discs,,,2005,
צלחות קדמי אוקטביה מ05 קוטר 288 ממ,,,,,,['Skoda'],,Skoda: Octavia,288 mm,,,,,,,Brake,,,Front,Brake Discs,,,2005,
צלחות קדמי אוקטביה מ13 קוטר 276 ממ,,,,,,['Skoda'],,Skoda: Octavia,276 mm,,,,,,,Brake,,,Front,Brake Discs,,,2013,
צלחות קדמי איביזה + ארונה מ17 קוטר 276 ממ,,,,,,['Seat'],"['צלחות קדמי איביזה', 'ארונה מ17 קוטר 276 ממ']","Seat: Arona, Seat: Ibiza",276 mm,,,,,,,Brake,,,Front,Brake Discs,,,2017,
צלחות קדמי איביזה + פביה + רפיד קוטר 256 ממ,,,,,,"['Seat', 'Skoda']","['צלחות קדמי איביזה', 'פביה', 'רפיד קוטר 256 ממ']","Skoda: Rapid, Skoda: Fabia, Seat: Ibiza",256 mm,,,,,,,Brake,,,Front,Brake Discs,,,,
צלחות קדמי איגניס מ17 קוטר 231 ממ,,,,,,['Suzuki'],,Suzuki: Ignis,231 mm,,,,,,,Brake,,,Front,Brake Discs,,,2017,
צלחות קדמי איווקו מ06,,,,,,['Iveco'],,Iveco: Daily,,,,,,,,Brake,,,Front,Brake Discs,,,2006,
צלחות קדמי אלטו מ09,,,,,,['Suzuki'],,Suzuki: Alto,,,,,,,,Brake,,,Front,Brake Discs,,,2009,
צלחות קדמי אמארוק מ18 קוטר 332,,,,,,['Volkswagen'],,Volkswagen: Amarok,,,,,,,,Brake,,,Front,Brake Discs,,,2018,
צלחות קדמי אקליפס מ18+ ASX,,,,,,['Mitsubishi'],"['צלחות קדמי אקליפס מ18', 'ASX']","Mitsubishi: ASX, Mitsubishi: Eclipse",,,,,,,,Brake,,,Front,Brake Discs,,,2018,
צלחות קדמי אקסטרייל מ15 קוטר 320 ממ,,,,,,['Nissan'],,Nissan: X-Trail,320 mm,,,,,,,Brake,,,Front,Brake Discs,,,2015,
צלחות קדמי אקסטריל + קשקאי מ08,,,,,,['Nissan'],"['צלחות קדמי אקסטריל', 'קשקאי מ08']",Nissan: Qashqai,,,,,,,,Brake,,,Front,Brake Discs,,,2008,
צלחות קדמי בוקסר + דוקטו 2.3 מ07,,,,,,"['Peugeot', 'Fiat']","['צלחות קדמי בוקסר', 'דוקטו 2.3 מ07']","Fiat: Ducato, Peugeot: Boxer",,,,,,2.3 L,,Brake,,,Front,Brake Discs,,,2007,
צלחות קדמי ברלינגו מ01,,,,,,['Citroen'],,Citroen: Berlingo,,,,,,,,Brake,,,Front,Brake Discs,,,2001,
צלחות קדמי ברלינגו מ08,,,,,,['Citroen'],,Citroen: Berlingo,,,,,,,,Brake,,,Front,Brake Discs,,,2008,
צלחות קדמי ברלינגו מ19 קוטר 304 ממ,,,,,,['Citroen'],,Citroen: Berlingo,304 mm,,,,,,,Brake,,,Front,Brake Discs,,,2019,
צלחות קדמי גוק מ10,,,,,,['Nissan'],,Nissan: Juke,,,,,,,,Brake,,,Front,Brake Discs,,,2010,
צלחות קדמי גמפי מ16,,,,,,['Citroen'],,Citroen: Jumpy,,,,,,,,Brake,,,Front,Brake Discs,,,2016,
צלחות קדמי גרנדיס,,,,,,['Mitsubishi'],,Mitsubishi: Grandis,,,,,,,,Brake,,,Front,Brake Discs,,,,
צלחות קדמי דימקס מ21,,,,,,['Isuzu'],,Isuzu: D-Max,,,,,,,,Brake,,,Front,Brake Discs,,,2021,
צלחות קדמי דימקס עד 11,,,,,,['Isuzu'],,Isuzu: D-Max,,,,,,,,Brake,,,Front,Brake Discs,,,,2011
צלחות קדמי הנטר מ07 + טרייטון מ15,,,,,,['Mitsubishi'],"['צלחות קדמי הנטר מ07', 'טרייטון מ15']","Mitsubishi: Triton, Mitsubishi: Hunter",,,,,,,,Brake,,,Front,Brake Discs,,,2007,
צלחות קדמי ויגו מ10,,,,,,['Toyota'],,Toyota: Hilux Vigo,,,,,,,,Brake,,,Front,Brake Discs,,,2010,
צלחות קדמי טוסון + ספורטאג מ21,,,,,,"['Kia', 'Hyundai']","['צלחות קדמי טוסון', 'ספורטאג מ21']","Hyundai: Tucson, Kia: Sportage",,,,,,,,Brake,,,Front,Brake Discs,,,2021,
צלחות קדמי טידה מ08,,,,,,['Nissan'],,Nissan: Tiida,,,,,,,,Brake,,,Front,Brake Discs,,,2008,
צלחות קדמי טרנזיט מ13,,,,,,['Ford'],,Ford: Transit,,,,,,,,Brake,,,Front,Brake Discs,,,2013,
צלחות קדמי יאריס 1.3 מ06,,,,,,['Toyota'],,Toyota: Yaris,,,,,,1.3 L,,Brake,,,Front,Brake Discs,,,2006,
צלחות קדמי יאריס 1.5 מ12 היבריד,,,,,,['Toyota'],,Toyota: Yaris,,,,,,1.5 L,Hybrid,Brake,,,Front,Brake Discs,,,2012,
צלחות קדמי לה קרוס מ10 + מליבו 3.6 מ09,,,,,,['Chevrolet'],"['צלחות קדמי לה קרוס מ10', 'מליבו 3.6 מ09']","Chevrolet: Malibu, Chevrolet: LaCrosse",,,,,,3.6 L,,Brake,,,Front,Brake Discs,,,2010,
צלחות קדמי לנד קרוזר מ10,,,,,,['Land Rover'],,,,,,,,,,Brake,,,Front,Brake Discs,,,2010,
צלחות קדמי לנטיס 1.8 מ99 + לנטיס 1.6 מ02,,,,,,['Mazda'],"['צלחות קדמי לנטיס 1.8 מ99', 'לנטיס 1.6 מ02']",Mazda: Lantis,,,,,,1.8 L,,Brake,,,Front,Brake Discs,,,2099,
צלחות קדמי לנסר מ04,,,,,,['Mitsubishi'],,Mitsubishi: Lancer,,,,,,,,Brake,,,Front,Brake Discs,,,2004,
צלחות קדמי לנסר מ08,,,,,,['Mitsubishi'],,Mitsubishi: Lancer,,,,,,,,Brake,,,Front,Brake Discs,,,2008,
צלחות קדמי מ08 A4 + A5 קוטר 314,,,,,,['Audi'],"['צלחות קדמי מ08 A4', 'A5 קוטר 314']","Audi: A4, Audi: A5",,,,,,,,Brake,,,Front,Brake Discs,,,2008,
צלחות קדמי מ10 A6 + A7  קוטר 356,,,,,,['Audi'],"['צלחות קדמי מ10 A6', 'A7  קוטר 356']","Audi: A6, Audi: A7",,,,,,,,Brake,,,Front,Brake Discs,,,2010,
צלחות קדמי מ12 CLA + GLA,,,,,,['Mercedes'],"['צלחות קדמי מ12 CLA', 'GLA']","Mercedes: GLA, Mercedes: CLA",,,,,,,,Brake,,,Front,Brake Discs,,,2012,
צלחות קדמי מ12 I30 + I35,,,,,,['Hyundai'],"['צלחות קדמי מ12 I30', 'I35']","Hyundai: i30, Hyundai: i35",,,,,,,,Brake,,,Front,Brake Discs,,,2012,
צלחות קדמי מ12 XV + פורסטר מ07,,,,,,['Subaru'],"['צלחות קדמי מ12 XV', 'פורסטר מ07']","Subaru: XV, Subaru: Forester",,,,,,,,Brake,,,Front,Brake Discs,,,2012,
צלחות קדמי מ13 CX5 + מזדה 6,,,,,,['Mazda'],"['צלחות קדמי מ13 CX5', 'מזדה 6']","Mazda: Mazda6, Mazda: CX-5",,,,,,,,Brake,,,Front,Brake Discs,,,2013,
צלחות קדמי מ13 SX4 + ג.ויטרה מ15,,,,,,['Suzuki'],"['צלחות קדמי מ13 SX4', 'ג.ויטרה מ15']","Suzuki: Vitara, Suzuki: Grand Vitara, Suzuki: SX4",,,,,,,,Brake,,,Front,Brake Discs,,,2013,
צלחות קדמי מ14 I10,,,,,,['Hyundai'],,Hyundai: i10,,,,,,,,Brake,,,Front,Brake Discs,,,2014,
צלחות קדמי מ15 קוטר 375 ממ Q7,,,,,,['Audi'],,Audi: Q7,375 mm,,,,,,,Brake,,,Front,Brake Discs,,,2015,
צלחות קדמי מ16 CHR,,,,,,['Toyota'],,Toyota: C-HR,,,,,,,,Brake,,,Front,Brake Discs,,,2016,
צלחות קדמי מ16 Q8 + Q7,,,,,,['Audi'],"['צלחות קדמי מ16 Q8', 'Q7']","Audi: Q7, Audi: Q8",,,,,,,,Brake,,,Front,Brake Discs,,,2016,
צלחות קדמי מ17 RS3 קוטר 374.4,,,,,,[],,,,,,,,4.4 L,,Brake,,,Front,Brake Discs,,,2017,
צלחות קדמי מ19 I20,,,,,,['Hyundai'],,Hyundai: i20,,,,,,,,Brake,,,Front,Brake Discs,,,2019,
צלחות קדמי מ20 CX-30 קוטר 295,,,,,,['Mazda'],,Mazda: CX-30,,,,,,,,Brake,,,Front,Brake Discs,,,2020,
צלחות קדמי מ21 formentor קופרה נפח 1.5,,,,,,['Cupra'],,"Cupra: Cupra, Cupra: Formentor",,,,,,1.5 L,,Brake,,,Front,Brake Discs,,,2021,
צלחות קדמי מוקה + טראקס מ12,,,,,,['Opel'],"['צלחות קדמי מוקה', 'טראקס מ12']",Opel: Mokka,,,,,,,,Brake,,,Front,Brake Discs,,,2012,
צלחות קדמי מזדה 2 מ08,,,,,,['Mazda'],,Mazda: Mazda2,,,,,,,,Brake,,,Front,Brake Discs,,,2008,
צלחות קדמי מזדה 2 מ15,,,,,,['Mazda'],,Mazda: Mazda2,,,,,,,,Brake,,,Front,Brake Discs,,,2015,
צלחות קדמי מזדה 3 + 5 עד 12 1.6,,,,,,['Mazda'],"['צלחות קדמי מזדה 3', '5 עד 12 1.6']",Mazda: Mazda3,,,,,,1.6 L,,Brake,,,Front,Brake Discs,,,,2012
צלחות קדמי מזדה 3 מ13 נפח 1.5,,,,,,['Mazda'],,Mazda: Mazda3,,,,,,1.5 L,,Brake,,,Front,Brake Discs,,,2013,
צלחות קדמי מזדה 3 מ13 נפח 2.0,,,,,,['Mazda'],,Mazda: Mazda3,,,,,,2.0 L,,Brake,,,Front,Brake Discs,,,2013,
צלחות קדמי מזדה 3 מ19 נפח 2.0,,,,,,['Mazda'],,Mazda: Mazda3,,,,,,2.0 L,,Brake,,,Front,Brake Discs,,,2019,
צלחות קדמי מזדה 6 עד 08,,,,,,['Mazda'],,Mazda: Mazda6,,,,,,,,Brake,,,Front,Brake Discs,,,,2008
צלחות קדמי מזדה 6 עד 12,,,,,,['Mazda'],,Mazda: Mazda6,,,,,,,,Brake,,,Front,Brake Discs,,,,2012
צלחות קדמי מסטר מ10,,,,,,['Renault'],,Renault: Master,,,,,,,,Brake,,,Front,Brake Discs,,,2010,
צלחות קדמי מקורי לאנד קרוזר מ10,,,,,,[],,,,,,,,,,Brake,,,Front,Brake Discs,,,2010,
צלחות קדמי מרצדס מ13,,,,,,['Mercedes'],,,,,,,,,,Brake,,,Front,Brake Discs,,,2013,
צלחות קדמי נירו + איוניק מ16,,,,,,"['Kia', 'Hyundai']","['צלחות קדמי נירו', 'איוניק מ16']","Hyundai: Ioniq, Kia: Niro",,,,,,,,Brake,,,Front,Brake Discs,,,2016,
צלחות קדמי נפח 2.0 מזדה 3 עד 12,,,,,,['Mazda'],,Mazda: Mazda3,,,,,,2.0 L,,Brake,,,Front,Brake Discs,,,,2012
צלחות קדמי סדרה 3 קוטר 330 ממ,,,,,,['BMW'],,BMW: 3 Series,330 mm,,,,,,,Brake,,,Front,Brake Discs,,,,
צלחות קדמי סוויפט מ11 1.2,,,,,,['Suzuki'],,Suzuki: Swift,,,,,,1.2 L,,Brake,,,Front,Brake Discs,,,2011,
צלחות קדמי סונטה מ21,,,,,,['Hyundai'],,Hyundai: Sonata,,,,,,,,Brake,,,Front,Brake Discs,,,2021,
צלחות קדמי סיוויק מ12 ( 5 דלתות ),,,,,,['Honda'],,Honda: Civic,,,,5 door,,,,Brake,,,Front,Brake Discs,,,2012,
צלחות קדמי סיויק עד 06 + אנסייט + גאז מ09,,,,,,['Honda'],"['צלחות קדמי סיויק עד 06', 'אנסייט', 'גאז מ09']",Honda: Civic,,,,,,,,Brake,,,Front,Brake Discs,,,2009,2006
צלחות קדמי סיריון מ08,,,,,,['Daihatsu'],,Daihatsu: Sirion,,,,,,,,Brake,,,Front,Brake Discs,,,2008,
צלחות קדמי סנטה פה מ07 + סורנטו מ10 קוטר 320 ממ,,,,,,"['Kia', 'Hyundai']","['צלחות קדמי סנטה פה מ07', 'סורנטו מ10 קוטר 320 ממ']","Hyundai: Santa Fe, Kia: Sorento",320 mm,,,,,,,Brake,,,Front,Brake Discs,,,2007,
צלחות קדמי ספארק 1.2 מ11,,,,,,['Chevrolet'],,Chevrolet: Spark,,,,,,1.2 L,,Brake,,,Front,Brake Discs,,,2011,
צלחות קדמי ספורטאג + טוסון מ16,,,,,,"['Kia', 'Hyundai']","['צלחות קדמי ספורטאג', 'טוסון מ16']","Hyundai: Tucson, Kia: Sportage",,,,,,,,Brake,,,Front,Brake Discs,,,2016,
צלחות קדמי ספייס סטאר + אטראג,,,,,,['Mitsubishi'],"['צלחות קדמי ספייס סטאר', 'אטראג']","Mitsubishi: Attrage, Mitsubishi: Space Star",,,,,,,,Brake,,,Front,Brake Discs,,,,
צלחות קדמי ספלאש + סוויפט מ06,,,,,,['Suzuki'],"['צלחות קדמי ספלאש', 'סוויפט מ06']","Suzuki: Swift, Suzuki: Splash",,,,,,,,Brake,,,Front,Brake Discs,,,2006,
צלחות קדמי עד 11 I30 + טוסון מ05,,,,,,['Hyundai'],"['צלחות קדמי עד 11 I30', 'טוסון מ05']","Hyundai: i30, Hyundai: Tucson",,,,,,,,Brake,,,Front,Brake Discs,,,2005,2011
צלחות קדמי עד 13+ פיקנטו מ11 I10,,,,,,"['Kia', 'Hyundai']","['צלחות קדמי עד 13', 'פיקנטו מ11 I10']","Hyundai: i10, Kia: Picanto",,,,,,,,Brake,,,Front,Brake Discs,,,2011,2013
צלחות קדמי פביה + רומסטר קוטר 256 ממ,,,,,,['Skoda'],"['צלחות קדמי פביה', 'רומסטר קוטר 256 ממ']","Skoda: Roomster, Skoda: Fabia",256 mm,,,,,,,Brake,,,Front,Brake Discs,,,,
צלחות קדמי פגירו מ07 קוטר 332 ממ LPR,,,,,,['Mitsubishi'],,Mitsubishi: Pajero,332 mm,,,,,,,Brake,,,Front,Brake Discs,,,2007,
צלחות קדמי פוקוס מ06,,,,,,['Ford'],,Ford: Focus,,,,,,,,Brake,,,Front,Brake Discs,,,2006,
צלחות קדמי פיאסטה מ10,,,,,,['Ford'],,Ford: Fiesta,,,,,,,,Brake,,,Front,Brake Discs,,,2010,
צלחות קדמי פיקנטו מ17,,,,,,['Kia'],,Kia: Picanto,,,,,,,,Brake,,,Front,Brake Discs,,,2017,
צלחות קדמי פלואנס מ09 + גרנד קופה מ16,,,,,,['Renault'],"['צלחות קדמי פלואנס מ09', 'גרנד קופה מ16']","Renault: Fluence, Renault: Grand Coupe",,,,,,,,Brake,,,Front,Brake Discs,,,2009,
צלחות קדמי פסאט מ06 קוטר 312,,,,,,['Volkswagen'],,Volkswagen: Passat,,,,,,,,Brake,,,Front,Brake Discs,,,2006,
צלחות קדמי קאמרי + ראב 4 מ07,,,,,,['Toyota'],"['צלחות קדמי קאמרי', 'ראב 4 מ07']","Toyota: RAV4, Toyota: Camry",,,,,,,,Brake,,,Front,Brake Discs,,,2007,
צלחות קדמי קודיאק + טיגואן מ16 קוטר 314 ממ,,,,,,"['Skoda', 'Volkswagen']","['צלחות קדמי קודיאק', 'טיגואן מ16 קוטר 314 ממ']","Skoda: Kodiaq, Volkswagen: Tiguan",314 mm,,,,,,,Brake,,,Front,Brake Discs,,,2016,
צלחות קדמי קוטר 257 ממ NV200,,,,,,['Nissan'],,Nissan: NV200,257 mm,,,,,,,Brake,,,Front,Brake Discs,,,,
צלחות קדמי קוטר 305ממ מ08 Q5 + A4,,,,,,['Audi'],"['צלחות קדמי קוטר 305ממ מ08 Q5', 'A4']","Audi: A4, Audi: Q5",,,,,,,,Brake,,,Front,Brake Discs,,,2008,
צלחות קדמי קוטר 312 ממ אוקטביה + סופרב,,,,,,['Skoda'],"['צלחות קדמי קוטר 312 ממ אוקטביה', 'סופרב']","Skoda: Octavia, Skoda: Superb",312 mm,,,,,,,Brake,,,Front,Brake Discs,,,,
צלחות קדמי קופרה  +VRS + S3 קוטר 340 ממ מחורר,,,,,,"['Audi', 'Cupra']","['צלחות קדמי קופרה', 'VRS', 'S3 קוטר 340 ממ מחורר']","Cupra: Cupra, Audi: S3",340 mm,,,,VRS,2.0 L,,Brake,,,Front,Brake Discs,,,,
צלחות קדמי קופרה מ21 קוטר 304 ממ,,,,,,['Cupra'],,Cupra: Cupra,304 mm,,,,,,,Brake,,,Front,Brake Discs,,,2021,
צלחות קדמי קורולה 03-07,,,,,,['Toyota'],,Toyota: Corolla,,,,,,,,Brake,,,Front,Brake Discs,,,2003,2007
צלחות קדמי קורולה מ08,,,,,,['Toyota'],,Toyota: Corolla,,,,,,,,Brake,,,Front,Brake Discs,,,2008,
צלחות קדמי קורולה מ13,,,,,,['Toyota'],,Toyota: Corolla,,,,,,,,Brake,,,Front,Brake Discs,,,2013,
צלחות קדמי קורולה מ19,,,,,,['Toyota'],,Toyota: Corolla,,,,,,,,Brake,,,Front,Brake Discs,,,2019,
צלחות קדמי קינג מ01,,,,,,['Mazda'],,Mazda: Kingcab,,,,,,,,Brake,,,Front,Brake Discs,,,2001,
צלחות קדמי קליאו + דציה מ13,,,,,,['Renault'],"['צלחות קדמי קליאו', 'דציה מ13']",Renault: Clio,,,,,,,,Brake,,,Front,Brake Discs,,,2013,
צלחות קדמי קליאו מ06 + מיקרה,,,,,,"['Renault', 'Nissan']","['צלחות קדמי קליאו מ06', 'מיקרה']","Nissan: Micra, Renault: Clio",,,,,,,,Brake,,,Front,Brake Discs,,,2006,
צלחות קדמי קרפטר + ספרינטר מ07 5 + 3.5 טון,,,,,,"['Mercedes', 'Volkswagen']","['צלחות קדמי קרפטר', 'ספרינטר מ07 5', '3.5 טון']","Mercedes: Sprinter, Volkswagen: Crafter",,,,,,3.5 L,,Brake,,,Front,Brake Discs,,,2007,
צלחות קדמי קרפטר מ17 קוטר 303 ממ,,,,,,['Volkswagen'],,Volkswagen: Crafter,303 mm,,,,,,,Brake,,,Front,Brake Discs,,,2017,
צלחות קדמי קשקאי + אקסטרייל מ14,,,,,,['Nissan'],"['צלחות קדמי קשקאי', 'אקסטרייל מ14']","Nissan: Qashqai, Nissan: X-Trail",,,,,,,,Brake,,,Front,Brake Discs,,,2014,
צלחות קדמי רומסטר + רפיד קוטר 288 ממ,,,,,,['Skoda'],"['צלחות קדמי רומסטר', 'רפיד קוטר 288 ממ']","Skoda: Roomster, Skoda: Rapid",288 mm,,,,,,,Brake,,,Front,Brake Discs,,,,
קארדן אוקטביה + פולו,,,,,,"['Volkswagen', 'Skoda']","['קארדן אוקטביה', 'פולו']","Volkswagen: Polo, Skoda: Octavia",,,,,,,,Drivetrain,,,,Driveshaft,,,,
קדמי + אחורי נאבה T5,,,,,,['Volkswagen'],"['קדמי', 'אחורי נאבה T5']",Volkswagen: Transporter T5,,,,,,,,Wheel,,,"Front, Rear",Wheel Hub,,,,
קדמי 3.5 טון + דסקיות אחורי קרפטר מ18 5 טון,,,,,,['Volkswagen'],"['קדמי 3.5 טון', 'דסקיות אחורי קרפטר מ18 5 טון']",Volkswagen: Crafter,,,,,,3.5 L,,Brake,,,"Front, Rear",Brake Discs,,,2018,
קדמי אוטלאנדר מ22,,,,,,[],,,,,,,,,,,,,Front,,,,2022,
קדמי אוקטביה מ13 TRW,,,,,,['Skoda'],,Skoda: Octavia,,,,,,,,,,,Front,,,,2013,
קדמי גטס אקסנט עד 06,,,,,,['Hyundai'],,"Hyundai: Accent, Hyundai: Getz",,,,,,,,,,,Front,,,,,2006
קדמי דימקס 02-07,,,,,,['Isuzu'],,Isuzu: D-Max,,,,,,,,,,,Front,,,,2002,2007
קדמי,,,,,,[],,,,,,,,,,,,,Front,,,,,
קודיאק מ15 + ת.גיר שמאל אוקטביה מ13,,,,,,['Skoda'],"['קודיאק מ15', 'ת.גיר שמאל אוקטביה מ13']","Skoda: Octavia, Skoda: Kodiaq",,,,,,,,Transmission,,,Left,Transmission Mount,,,2015,
קוטר 300 ממ צלחות אחורי מ16 Q5 + A5 + A4,,,,,,['Audi'],"['קוטר 300 ממ צלחות אחורי מ16 Q5', 'A5', 'A4']","Audi: A4, Audi: A5, Audi: Q5",300 mm,,,,,,,Brake,,,Rear,Brake Discs,,,2016,
קוטר 320 ממ צלחות קדמי מ08 A4 + A5 + Q5,,,,,,['Audi'],"['קוטר 320 ממ צלחות קדמי מ08 A4', 'A5', 'Q5']","Audi: A4, Audi: A5, Audi: Q5",320 mm,,,,,,,Brake,,,Front,Brake Discs,,,2008,
קולר גיר מזדה 3 1.6 עד 12,,,,,,['Mazda'],,Mazda: Mazda3,,,,,,1.6 L,,Transmission,,,,Transmission Oil Cooler,,,,2012
קולר סעפת CBZ 1.2,,,,,,[],,,,,,,CBZ,1.2 L,,Engine,,,,Intake Manifold Oil Cooler,,,,
קולר ש.מנוע גמפי 1.6,,,,,,['Citroen'],,Citroen: Jumpy,,,,,,1.6 L,,Engine,,,,Engine Oil Cooler,,,,
קולר שמן איוניק מ16,,,,,,['Hyundai'],,Hyundai: Ioniq,,,,,,,,Engine,,,,Oil Cooler,,,2016,
קולר שמן גיר CJS אוקטביה מ13 1.8,,,,,,['Skoda'],,Skoda: Octavia,,,,,CJS,1.8 L,,Engine,,,,Oil Cooler,,,2013,
קולר שמן מ15 A5 + A6 + Q7,,,,,,['Audi'],"['קולר שמן מ15 A5', 'A6', 'Q7']","Audi: A5, Audi: A6, Audi: Q7",,,,,,,,Engine,,,,Oil Cooler,,,2015,
קולר שמן מנוע 1.8 CDA,,,,,,[],,,,,,,CDA,1.8 L,,Engine,,,,Engine Oil Cooler,,,,
קולר שמן מנוע BLR אוקטביה מ05,,,,,,['Skoda'],,Skoda: Octavia,,,,,BLR,1.6 L,,Engine,,,,Engine Oil Cooler,,,2005,
קולר שמן מנוע CAX 1.4 + BTS 1.6,,,,,,[],"['קולר שמן מנוע CAX 1.4', 'BTS 1.6']",,,,,,CAX,1.4 L,,Engine,,,,Engine Oil Cooler,,,,
קולר שמן מנוע CJS 1.8 + 2.0,,,,,,[],"['קולר שמן מנוע CJS 1.8', '2.0']",,,,,,CJS,1.8 L,,Engine,,,,Engine Oil Cooler,,,,
קולר שמן מנוע CJZ 1.2 מ13,,,,,,[],,,,,,,CJZ,1.2 L,,Engine,,,,Engine Oil Cooler,,,2013,
קולר שמן מנוע ברלינגו 1.6 עד 10,,,,,,['Citroen'],,Citroen: Berlingo,,,,,,1.6 L,,Engine,,,,Engine Oil Cooler,,,,2010
קולר שמן מנוע ברלינגו מ15,,,,,,['Citroen'],,Citroen: Berlingo,,,,,,,,Engine,,,,Engine Oil Cooler,,,2015,
קולר שמן מנוע גרנד קופה מ16 + קנגו עד 14,,,,,,['Renault'],"['קולר שמן מנוע גרנד קופה מ16', 'קנגו עד 14']","Renault: Kangoo, Renault: Grand Coupe",,,,,,,,Engine,,,,Engine Oil Cooler,,,2016,2014
קולר שמן מנוע מ11 נפח 3.2 Q5 אוודי,,,,,,['Audi'],,Audi: Q5,,,,,,3.2 L,,Engine,,,,Engine Oil Cooler,,,2011,
קולר שמן מנוע מזדה 6 עד 12,,,,,,['Mazda'],,Mazda: Mazda6,,,,,,,,Engine,,,,Engine Oil Cooler,,,,2012
קולר שמן מנוע סנטה פה 2.4,,,,,,['Hyundai'],,Hyundai: Santa Fe,,,,,,2.4 L,,Engine,,,,Engine Oil Cooler,,,,
קולר שמן מנוע קורסה + קרוז 1.4,,,,,,"['Opel', 'Chevrolet']","['קולר שמן מנוע קורסה', 'קרוז 1.4']","Opel: Corsa, Chevrolet: Cruze",,,,,,1.4 L,,Engine,,,,Engine Oil Cooler,,,,
קולר שמן מנוע קליאו  1.2 מ13 כולל אטם,,,,,,['Renault'],,Renault: Clio,,,,,,1.2 L,,Engine,,,,Engine Oil Cooler,,,2013,
קורולה מ19 פ.סוללה טיוטה,,,,,,['Toyota'],,Toyota: Corolla,,,,,,,,Filter,,,,Battery Filter,,,2019,
קיט אטמים ב.פשמן C4 + 308,,,,,,"['Citroen', 'Peugeot']","['קיט אטמים ב.פשמן C4', '308']","Citroen: C4, Peugeot: 308",,,,,,,,Engine,,,,Gasket Kit,,,,
קיט ג.מייצב קדמי אוקטביה מ05 עם פחית,,,,,,['Skoda'],,Skoda: Octavia,,,,,,,,Suspension,,,Front,Front Stabilizer Bar,,,2005,
קיט גומיות לאינגקטור 1.2 + 1.4 CJZ,,,,,,[],"['קיט גומיות לאינגקטור 1.2', '1.4 CJZ']",,,,,,CJZ,1.2 L,,Fuel,Rubber,,,Injector Seal Kit,,,,
קיט גומיות לאינגקטור 1.8 CDA,,,,,,[],,,,,,,CDA,1.8 L,,Fuel,Rubber,,,Injector Seal Kit,,,,
קיט טיימינג מקורי 1.2 CBZ,,,,,,[],,,,,,,CBZ,1.2 L,,General,,,,Kit,,,,
קיט מזרק CAY 1.6,,,,,,[],,,,,,,CAY,1.6 L,,Fuel,,,,Injector Kit,,,,
קיט מיסב אחורי ויגו מ15,,,,,,['Toyota'],,Toyota: Hilux Vigo,,,,,,,,Bearing,,,Rear,Rear Wheel Bearing,,,2015,
קיט מיסב קדמי קורולה 03-07,,,,,,['Toyota'],,Toyota: Corolla,,,,,,,,Bearing,,,Front,Front Wheel Bearing,,,2003,2007
קיט קמשפטים מקורי ברלינגו מ19 1.5,,,,,,['Citroen'],,Citroen: Berlingo,,,,,,1.5 L,,Engine,,,,Camshaft Kit,,,2019,
קיט שרשרת טימיינג 1.6 BTS + 1.4 CAX,,,,,,[],"['קיט שרשרת טימיינג 1.6 BTS', '1.4 CAX']",,,,,,CAX,1.4 L,,General,,,,Kit,,,,
קצה הגה גטס ימין + שמאל,,,,,,['Hyundai'],"['קצה הגה גטס ימין', 'שמאל']",Hyundai: Getz,,,,,,,,Steering,,,"Right, Left",Tie Rod End,,,,
קצה הגה דימקס מ02 ימין + שמאל,,,,,,['Isuzu'],"['קצה הגה דימקס מ02 ימין', 'שמאל']",Isuzu: D-Max,,,,,,,,Steering,,,"Right, Left",Tie Rod End,,,2002,
קצה הגה הייס ימין + שמאל,,,,,,['Toyota'],"['קצה הגה הייס ימין', 'שמאל']",Toyota: Hiace,,,,,,,,Steering,,,"Right, Left",Tie Rod End,,,,
קצה הגה ויגו מ15,,,,,,['Toyota'],,Toyota: Hilux Vigo,,,,,,,,Steering,,,,Tie Rod End,,,2015,
קצה הגה חיצוני טרנו ימין,,,,,,['Nissan'],,Nissan: Terrano,,,,,,,,Steering,,,"Right, External",Tie Rod End,,,,
קצה הגה חיצוני טרנו שמאל,,,,,,['Nissan'],,Nissan: Terrano,,,,,,,,Steering,,,"Left, External",Tie Rod End,,,,
קצה הגה ימין + שמאל 4x4 ויגו מ06,,,,,,['Toyota'],"['קצה הגה ימין', 'שמאל 4x4 ויגו מ06']",Toyota: Hilux Vigo,,,,Four-wheel drive,,,,Steering,,,"Right, Left",Tie Rod End,,,2006,
קצה הגה ימין + שמאל לנדקרוזר מ10,,,,,,['Toyota'],"['קצה הגה ימין', 'שמאל לנדקרוזר מ10']",Toyota: Land Cruiser,,,,,,,,Steering,,,"Right, Left",Tie Rod End,,,2010,
קצה הגה ימין + שמאל לנטיס מ99,,,,,,['Mazda'],"['קצה הגה ימין', 'שמאל לנטיס מ99']",Mazda: Lantis,,,,,,,,Steering,,,"Right, Left",Tie Rod End,,,2099,
קצה הגה ימין + שמאל לנסר מ04,,,,,,['Mitsubishi'],"['קצה הגה ימין', 'שמאל לנסר מ04']",Mitsubishi: Lancer,,,,,,,,Steering,,,"Right, Left",Tie Rod End,,,2004,
קצה הגה ימין I30 + סיד עד 11,,,,,,"['Kia', 'Hyundai']","['קצה הגה ימין I30', 'סיד עד 11']","Hyundai: i30, Kia: Ceed",,,,,,,,Steering,,,Right,Tie Rod End,,,,2011
קצה הגה ימין IX35 + ספורטאג מ10,,,,,,"['Kia', 'Hyundai']","['קצה הגה ימין IX35', 'ספורטאג מ10']","Hyundai: ix35, Kia: Sportage",,,,,,,,Steering,,,Right,Tie Rod End,,,2010,
קצה הגה ימין T5 טרנספורטר,,,,,,['Volkswagen'],,Volkswagen: Transporter T5,,,,,,,,Steering,,,Right,Tie Rod End,,,,
קצה הגה ימין אופטימה מ16,,,,,,['Kia'],,Kia: Optima,,,,,,,,Steering,,,Right,Tie Rod End,,,2016,
קצה הגה ימין אוקביה מ05,,,,,,[],,,,,,,,,,Steering,,,Right,Tie Rod End,,,2005,
קצה הגה ימין אוקטביה מ05,,,,,,['Skoda'],,Skoda: Octavia,,,,,,,,Steering,,,Right,Tie Rod End,,,2005,
קצה הגה ימין אקסנט מ07,,,,,,['Hyundai'],,Hyundai: Accent,,,,,,,,Steering,,,Right,Tie Rod End,,,2007,
קצה הגה ימין ברלינגו מ08,,,,,,['Citroen'],,Citroen: Berlingo,,,,,,,,Steering,,,Right,Tie Rod End,,,2008,
קצה הגה ימין ברלינגו מ19,,,,,,['Citroen'],,Citroen: Berlingo,,,,,,,,Steering,,,Right,Tie Rod End,,,2019,
קצה הגה ימין גוק מ10,,,,,,['Nissan'],,Nissan: Juke,,,,,,,,Steering,,,Right,Tie Rod End,,,2010,
קצה הגה ימין גימיני,,,,,,['Suzuki'],,Suzuki: Jimny,,,,,,,,Steering,,,Right,Tie Rod End,,,,
קצה הגה ימין גרנד קופה מ16,,,,,,['Renault'],,Renault: Grand Coupe,,,,,,,,Steering,,,Right,Tie Rod End,,,2016,
קצה הגה ימין הנטר מ07,,,,,,['Mitsubishi'],,Mitsubishi: Hunter,,,,,,,,Steering,,,Right,Tie Rod End,,,2007,
קצה הגה ימין מ08 A4 + A5 + Q5,,,,,,['Audi'],"['קצה הגה ימין מ08 A4', 'A5', 'Q5']","Audi: A4, Audi: A5, Audi: Q5",,,,,,,,Steering,,,Right,Tie Rod End,,,2008,
קצה הגה ימין מ11 I25,,,,,,['Hyundai'],,Hyundai: i25,,,,,,,,Steering,,,Right,Tie Rod End,,,2011,
קצה הגה ימין מ12 I30 + I35,,,,,,['Hyundai'],"['קצה הגה ימין מ12 I30', 'I35']","Hyundai: i30, Hyundai: i35",,,,,,,,Steering,,,Right,Tie Rod End,,,2012,
קצה הגה ימין מזדה 3 + 6 מ13,,,,,,['Mazda'],"['קצה הגה ימין מזדה 3', '6 מ13']",Mazda: Mazda3,,,,,,,,Steering,,,Right,Tie Rod End,,,2013,
קצה הגה ימין מזדה 3 עד 12,,,,,,['Mazda'],,Mazda: Mazda3,,,,,,,,Steering,,,Right,Tie Rod End,,,,2012
קצה הגה ימין מזדה 6 מ08,,,,,,['Mazda'],,Mazda: Mazda6,,,,,,,,Steering,,,Right,Tie Rod End,,,2008,
קצה הגה ימין מזדה 6 מ13,,,,,,['Mazda'],,Mazda: Mazda6,,,,,,,,Steering,,,Right,Tie Rod End,,,2013,
קצה הגה ימין סיויק מ06 ( 4 דלתות ),,,,,,['Honda'],,Honda: Civic,,,,4 door,,,,Steering,,,Right,Tie Rod End,,,2006,
קצה הגה ימין סיויק מ06 ( 5 דלתות ),,,,,,['Honda'],,Honda: Civic,,,,5 door,,,,Steering,,,Right,Tie Rod End,,,2006,
קצה הגה ימין סנטה פה מ07,,,,,,['Hyundai'],,Hyundai: Santa Fe,,,,,,,,Steering,,,Right,Tie Rod End,,,2007,
קצה הגה ימין סנטה פה מ13,,,,,,['Hyundai'],,Hyundai: Santa Fe,,,,,,,,Steering,,,Right,Tie Rod End,,,2013,
קצה הגה ימין סנטה פה מ19,,,,,,['Hyundai'],,Hyundai: Santa Fe,,,,,,,,Steering,,,Right,Tie Rod End,,,2019,
קצה הגה ימין ספורטאג + טוסון מ16,,,,,,"['Kia', 'Hyundai']","['קצה הגה ימין ספורטאג', 'טוסון מ16']","Hyundai: Tucson, Kia: Sportage",,,,,,,,Steering,,,Right,Tie Rod End,,,2016,
קצה הגה ימין ספרינטר מ18,,,,,,['Mercedes'],,Mercedes: Sprinter,,,,,,,,Steering,,,Right,Tie Rod End,,,2018,
קצה הגה ימין עד 14 I20,,,,,,['Hyundai'],,Hyundai: i20,,,,,,,,Steering,,,Right,Tie Rod End,,,,2014
קצה הגה ימין פוקוס מ06,,,,,,['Ford'],,Ford: Focus,,,,,,,,Steering,,,Right,Tie Rod End,,,2006,
קצה הגה ימין פיקנטו מ17,,,,,,['Kia'],,Kia: Picanto,,,,,,,,Steering,,,Right,Tie Rod End,,,2017,
קצה הגה ימין פלואנס מ09,,,,,,['Renault'],,Renault: Fluence,,,,,,,,Steering,,,Right,Tie Rod End,,,2009,
קצה הגה ימין קורולה 03-07,,,,,,['Toyota'],,Toyota: Corolla,,,,,,,,Steering,,,Right,Tie Rod End,,,2003,2007
קצה הגה ימין קורולה מ08,,,,,,['Toyota'],,Toyota: Corolla,,,,,,,,Steering,,,Right,Tie Rod End,,,2008,
קצה הגה ימין קינג מ08,,,,,,['Mazda'],,Mazda: Kingcab,,,,,,,,Steering,,,Right,Tie Rod End,,,2008,
קצה הגה ימין קרניבאל מ07,,,,,,['Kia'],,Kia: Carnival,,,,,,,,Steering,,,Right,Tie Rod End,,,2007,
קצה הגה ימין קשקאי מ08,,,,,,['Nissan'],,Nissan: Qashqai,,,,,,,,Steering,,,Right,Tie Rod End,,,2008,
קצה הגה ימין קשקאי מ14,,,,,,['Nissan'],,Nissan: Qashqai,,,,,,,,Steering,,,Right,Tie Rod End,,,2014,
קצה הגה ימין ראב 4 מ07,,,,,,['Toyota'],,Toyota: RAV4,,,,,,,,Steering,,,Right,Tie Rod End,,,2007,
קצה הגה ימין רומסטר + פולו,,,,,,"['Volkswagen', 'Skoda']","['קצה הגה ימין רומסטר', 'פולו']","Volkswagen: Polo, Skoda: Roomster",,,,,,,,Steering,,,Right,Tie Rod End,,,,
קצה הגה לנדקרוזר מ03 ימין + שמאל,,,,,,['Toyota'],"['קצה הגה לנדקרוזר מ03 ימין', 'שמאל']",Toyota: Land Cruiser,,,,,,,,Steering,,,"Right, Left",Tie Rod End,,,2003,
קצה הגה לנסר מ09 אוטלנדר מ07 ימין + שמאל,,,,,,['Mitsubishi'],"['קצה הגה לנסר מ09 אוטלנדר מ07 ימין', 'שמאל']","Mitsubishi: Lancer, Mitsubishi: Outlander",,,,,,,,Steering,,,"Right, Left",Tie Rod End,,,2009,
קצה הגה פנימי 4x4 היילקס מ98,,,,,,['Toyota'],,Toyota: Hilux,,,,Four-wheel drive,,,,Steering,,,Internal,Tie Rod End,,,2098,
קצה הגה קפביטה מ11,,,,,,[],,,,,,,,,,Steering,,,,Tie Rod End,,,2011,
קצה הגה קרפטר + ספרינטר ימין + שמאל מ07,,,,,,"['Mercedes', 'Volkswagen']","['קצה הגה קרפטר', 'ספרינטר ימין', 'שמאל מ07']","Mercedes: Sprinter, Volkswagen: Crafter",,,,,,,,Steering,,,"Right, Left",Tie Rod End,,,2007,
קצה הגה שמאל T5 טרנספורטר,,,,,,['Volkswagen'],,Volkswagen: Transporter T5,,,,,,,,Steering,,,Left,Tie Rod End,,,,
קצה הגה שמאל אופטימה מ16,,,,,,['Kia'],,Kia: Optima,,,,,,,,Steering,,,Left,Tie Rod End,,,2016,
קצה הגה שמאל אוקטביה מ05,,,,,,['Skoda'],,Skoda: Octavia,,,,,,,,Steering,,,Left,Tie Rod End,,,2005,
קצה הגה שמאל אקסטרייל מ15,,,,,,['Nissan'],,Nissan: X-Trail,,,,,,,,Steering,,,Left,Tie Rod End,,,2015,
קצה הגה שמאל אקסנט מ07,,,,,,['Hyundai'],,Hyundai: Accent,,,,,,,,Steering,,,Left,Tie Rod End,,,2007,
קצה הגה שמאל ברלינגו מ08,,,,,,['Citroen'],,Citroen: Berlingo,,,,,,,,Steering,,,Left,Tie Rod End,,,2008,
קצה הגה שמאל ברלינגו מ19,,,,,,['Citroen'],,Citroen: Berlingo,,,,,,,,Steering,,,Left,Tie Rod End,,,2019,
קצה הגה שמאל גוק מ10,,,,,,['Nissan'],,Nissan: Juke,,,,,,,,Steering,,,Left,Tie Rod End,,,2010,
קצה הגה שמאל גימיני,,,,,,['Suzuki'],,Suzuki: Jimny,,,,,,,,Steering,,,Left,Tie Rod End,,,,
קצה הגה שמאל גרנד קופה מ16,,,,,,['Renault'],,Renault: Grand Coupe,,,,,,,,Steering,,,Left,Tie Rod End,,,2016,
קצה הגה שמאל דוקטו מ06,,,,,,['Fiat'],,Fiat: Ducato,,,,,,,,Steering,,,Left,Tie Rod End,,,2006,
קצה הגה שמאל הנטר מ07,,,,,,['Mitsubishi'],,Mitsubishi: Hunter,,,,,,,,Steering,,,Left,Tie Rod End,,,2007,
קצה הגה שמאל מ08 A4 + A5 + Q5,,,,,,['Audi'],"['קצה הגה שמאל מ08 A4', 'A5', 'Q5']","Audi: A4, Audi: A5, Audi: Q5",,,,,,,,Steering,,,Left,Tie Rod End,,,2008,
קצה הגה שמאל מ10 IX35 + ספורטאג,,,,,,"['Kia', 'Hyundai']","['קצה הגה שמאל מ10 IX35', 'ספורטאג']","Hyundai: ix35, Kia: Sportage",,,,,,,,Steering,,,Left,Tie Rod End,,,2010,
קצה הגה שמאל מ11 I25,,,,,,['Hyundai'],,Hyundai: i25,,,,,,,,Steering,,,Left,Tie Rod End,,,2011,
קצה הגה שמאל מ12 I30 + I35,,,,,,['Hyundai'],"['קצה הגה שמאל מ12 I30', 'I35']","Hyundai: i30, Hyundai: i35",,,,,,,,Steering,,,Left,Tie Rod End,,,2012,
קצה הגה שמאל מזדה 3 + 6 מ13,,,,,,['Mazda'],"['קצה הגה שמאל מזדה 3', '6 מ13']",Mazda: Mazda3,,,,,,,,Steering,,,Left,Tie Rod End,,,2013,
קצה הגה שמאל מזדה 3 עד 12,,,,,,['Mazda'],,Mazda: Mazda3,,,,,,,,Steering,,,Left,Tie Rod End,,,,2012
קצה הגה שמאל מזדה 6 מ08,,,,,,['Mazda'],,Mazda: Mazda6,,,,,,,,Steering,,,Left,Tie Rod End,,,2008,
קצה הגה שמאל מזדה 6 מ13,,,,,,['Mazda'],,Mazda: Mazda6,,,,,,,,Steering,,,Left,Tie Rod End,,,2013,
קצה הגה שמאל סיויק מ06 ( 4 דלתות ),,,,,,['Honda'],,Honda: Civic,,,,4 door,,,,Steering,,,Left,Tie Rod End,,,2006,
קצה הגה שמאל סיויק מ06 ( 5 דלתות ),,,,,,['Honda'],,Honda: Civic,,,,5 door,,,,Steering,,,Left,Tie Rod End,,,2006,
קצה הגה שמאל סנטה פה מ07,,,,,,['Hyundai'],,Hyundai: Santa Fe,,,,,,,,Steering,,,Left,Tie Rod End,,,2007,
קצה הגה שמאל סנטה פה מ13,,,,,,['Hyundai'],,Hyundai: Santa Fe,,,,,,,,Steering,,,Left,Tie Rod End,,,2013,
קצה הגה שמאל סנטה פה מ19,,,,,,['Hyundai'],,Hyundai: Santa Fe,,,,,,,,Steering,,,Left,Tie Rod End,,,2019,
קצה הגה שמאל ספורטאג + טוסון מ16,,,,,,"['Kia', 'Hyundai']","['קצה הגה שמאל ספורטאג', 'טוסון מ16']","Hyundai: Tucson, Kia: Sportage",,,,,,,,Steering,,,Left,Tie Rod End,,,2016,
קצה הגה שמאל ספרינטר מ18,,,,,,['Mercedes'],,Mercedes: Sprinter,,,,,,,,Steering,,,Left,Tie Rod End,,,2018,
קצה הגה שמאל עד 11 I30,,,,,,['Hyundai'],,Hyundai: i30,,,,,,,,Steering,,,Left,Tie Rod End,,,,2011
קצה הגה שמאל עד 14 I20,,,,,,['Hyundai'],,Hyundai: i20,,,,,,,,Steering,,,Left,Tie Rod End,,,,2014
קצה הגה שמאל פוקוס מ06,,,,,,['Ford'],,Ford: Focus,,,,,,,,Steering,,,Left,Tie Rod End,,,2006,
קצה הגה שמאל פורטה + סיד עד 11,,,,,,['Kia'],"['קצה הגה שמאל פורטה', 'סיד עד 11']","Kia: Ceed, Kia: Forte",,,,,,,,Steering,,,Left,Tie Rod End,,,,2011
קצה הגה שמאל פיקנטו מ17,,,,,,['Kia'],,Kia: Picanto,,,,,,,,Steering,,,Left,Tie Rod End,,,2017,
קצה הגה שמאל פלואנס מ09,,,,,,['Renault'],,Renault: Fluence,,,,,,,,Steering,,,Left,Tie Rod End,,,2009,
קצה הגה שמאל קורולה 03-07,,,,,,['Toyota'],,Toyota: Corolla,,,,,,,,Steering,,,Left,Tie Rod End,,,2003,2007
קצה הגה שמאל קורולה מ08,,,,,,['Toyota'],,Toyota: Corolla,,,,,,,,Steering,,,Left,Tie Rod End,,,2008,
קצה הגה שמאל קינג מ08,,,,,,['Mazda'],,Mazda: Kingcab,,,,,,,,Steering,,,Left,Tie Rod End,,,2008,
קצה הגה שמאל קנגו מ08,,,,,,['Renault'],,Renault: Kangoo,,,,,,,,Steering,,,Left,Tie Rod End,,,2008,
קצה הגה שמאל קשקאי מ08,,,,,,['Nissan'],,Nissan: Qashqai,,,,,,,,Steering,,,Left,Tie Rod End,,,2008,
קצה הגה שמאל קשקאי מ14,,,,,,['Nissan'],,Nissan: Qashqai,,,,,,,,Steering,,,Left,Tie Rod End,,,2014,
קצה הגה שמאל ראב 4 מ07,,,,,,['Toyota'],,Toyota: RAV4,,,,,,,,Steering,,,Left,Tie Rod End,,,2007,
קצה הגה שמאל רומסטר + פולו,,,,,,"['Volkswagen', 'Skoda']","['קצה הגה שמאל רומסטר', 'פולו']","Volkswagen: Polo, Skoda: Roomster",,,,,,,,Steering,,,Left,Tie Rod End,,,,
קרטר אוקטביה מ13 1.2 CJZ,,,,,,['Skoda'],,Skoda: Octavia,,,,,CJZ,1.2 L,,,,,,,,,2013,
קרטר אוקטביה מ13 CRM דיזל,,,,,,['Skoda'],,Skoda: Octavia,,,,,CRM,2.0 L,Diesel,,,,,,,,2013,
קרטר נפח 1.0 אוקטביה מ13,,,,,,['Skoda'],,Skoda: Octavia,,,,,,1.0 L,,,,,,,,,2013,
קרטר פלסטיק CJS 1.8 מ13,,,,,,[],,,,,,,CJS,1.8 L,,,Plastic,,,,,,2013,
ראב 4  היבריד מ19 2.5,,,,,,['Toyota'],,Toyota: RAV4,,,,,,2.5 L,Hybrid,,,,,,,,2019,
ראב 4 מ19 פ.סוללה ארוך,,,,,,['Toyota'],,Toyota: RAV4,,,,,,,,Filter,,,,Battery Filter,,,2019,
ראלי מאורר מנוע רפיד מ13,,,,,,['Skoda'],,Skoda: Rapid,,,,,,,,Cooling,,,,Radiator Fan,,,2013,
ראלי משאבת דלק VW,,,,,,['Volkswagen'],,,,,,,,,,Fuel,,,,Fuel Pump,,,,
רדיאטור I20 מ09,,,,,,['Hyundai'],,Hyundai: i20,,,,,,,,Cooling,,,,Radiator,,,2009,
רדיאטור I35 מ11,,,,,,['Hyundai'],,Hyundai: i35,,,,,,,,Cooling,,,,Radiator,,,2011,
רדיאטור אאוטלנדר + לנסר מ08,,,,,,['Mitsubishi'],"['רדיאטור אאוטלנדר', 'לנסר מ08']","Mitsubishi: Lancer, Mitsubishi: Outlander",,,,,,,,Cooling,,,,Radiator,,,2008,
רדיאטור אאוטלנדר מ13,,,,,,['Mitsubishi'],,Mitsubishi: Outlander,,,,,,,,Cooling,,,,Radiator,,,2013,
רדיאטור אוקטביה 1.5 מ17,,,,,,['Skoda'],,Skoda: Octavia,,,,,,1.5 L,,Cooling,,,,Radiator,,,2017,
רדיאטור אוקטביה מ05,,,,,,['Skoda'],,Skoda: Octavia,,,,,,,,Cooling,,,,Radiator,,,2005,
רדיאטור אוקטביה מ13 1.8 CJS,,,,,,['Skoda'],,Skoda: Octavia,,,,,CJS,1.8 L,,Cooling,,,,Radiator,,,2013,
רדיאטור איוניק מ16,,,,,,['Hyundai'],,Hyundai: Ioniq,,,,,,,,Cooling,,,,Radiator,,,2016,
רדיאטור אקסנט מ07,,,,,,['Hyundai'],,Hyundai: Accent,,,,,,,,Cooling,,,,Radiator,,,2007,
רדיאטור ברלינגו מ06,,,,,,['Citroen'],,Citroen: Berlingo,,,,,,,,Cooling,,,,Radiator,,,2006,
רדיאטור גטס מ03 אוטומט,,,,,,['Hyundai'],,Hyundai: Getz,,,,Automatic,,,,Cooling,,,,Radiator,Automatic,,2003,
רדיאטור דיזל I30 + סיד מ12,,,,,,"['Kia', 'Hyundai']","['רדיאטור דיזל I30', 'סיד מ12']","Hyundai: i30, Kia: Ceed",,,,,,,Diesel,Cooling,,,,Radiator,,,2012,
רדיאטור דימקס מ12,,,,,,['Isuzu'],,Isuzu: D-Max,,,,,,,,Cooling,,,,Radiator,,,2012,
רדיאטור דימקס עד 11,,,,,,['Isuzu'],,Isuzu: D-Max,,,,,,,,Cooling,,,,Radiator,,,,2011
רדיאטור לנסר מ04,,,,,,['Mitsubishi'],,Mitsubishi: Lancer,,,,,,,,Cooling,,,,Radiator,,,2004,
רדיאטור מ13 I20,,,,,,['Hyundai'],,Hyundai: i20,,,,,,,,Cooling,,,,Radiator,,,2013,
רדיאטור מ14 I35,,,,,,['Hyundai'],,Hyundai: i35,,,,,,,,Cooling,,,,Radiator,,,2014,
רדיאטור מזדה 3 מ09 1.6,,,,,,['Mazda'],,Mazda: Mazda3,,,,,,1.6 L,,Cooling,,,,Radiator,,,2009,
רדיאטור מזדה 5 מ06,,,,,,['Mazda'],,Mazda: Mazda5,,,,,,,,Cooling,,,,Radiator,,,2006,
רדיאטור מזדה 6 מ08,,,,,,['Mazda'],,Mazda: Mazda6,,,,,,,,Cooling,,,,Radiator,,,2008,
רדיאטור מזדה 6 מ13,,,,,,['Mazda'],,Mazda: Mazda6,,,,,,,,Cooling,,,,Radiator,,,2013,
רדיאטור נפח 2.0 A4 + Q5,,,,,,['Audi'],"['רדיאטור נפח 2.0 A4', 'Q5']","Audi: A4, Audi: Q5",,,,,,2.0 L,,Cooling,,,,Radiator,,,,
רדיאטור סופרב מ13 1.4,,,,,,['Skoda'],,Skoda: Superb,,,,,,1.4 L,,Cooling,,,,Radiator,,,2013,
רדיאטור סיויק מ06,,,,,,['Honda'],,Honda: Civic,,,,,,,,Cooling,,,,Radiator,,,2006,
רדיאטור סיריון מ05,,,,,,['Daihatsu'],,Daihatsu: Sirion,,,,,,,,Cooling,,,,Radiator,,,2005,
רדיאטור סנטה פה מ07,,,,,,['Hyundai'],,Hyundai: Santa Fe,,,,,,,,Cooling,,,,Radiator,,,2007,
רדיאטור ספרינטר מ07,,,,,,['Mercedes'],,Mercedes: Sprinter,,,,,,,,Cooling,,,,Radiator,,,2007,
רדיאטור עד 11 I20,,,,,,['Hyundai'],,Hyundai: i20,,,,,,,,Cooling,,,,Radiator,,,,2011
רדיאטור עזר אוקטביה מ13,,,,,,['Skoda'],,Skoda: Octavia,,,,,,,,Cooling,,,,Radiator,,,2013,
רדיאטור פביה עד 08,,,,,,['Skoda'],,Skoda: Fabia,,,,,,,,Cooling,,,,Radiator,,,,2008
רדיאטור פוקוס מ06 מזדה 3 עד 08,,,,,,"['Mazda', 'Ford']",,"Mazda: Mazda3, Ford: Focus",,,,,,,,Cooling,,,,Radiator,,,2006,2008
רדיאטור פוקוס מ11,,,,,,['Ford'],,Ford: Focus,,,,,,,,Cooling,,,,Radiator,,,2011,
רדיאטור פסאט מ06 + קאדי TDI,,,,,,['Volkswagen'],"['רדיאטור פסאט מ06', 'קאדי TDI']","Volkswagen: Passat, Volkswagen: Caddy",,,,,TDI,2.0 L,,Cooling,,,,Radiator,,,2006,
רדיאטור קאדי מ16,,,,,,['Volkswagen'],,Volkswagen: Caddy,,,,,,,,Cooling,,,,Radiator,,,2016,
רדיאטור קורולה 03-07,,,,,,['Toyota'],,Toyota: Corolla,,,,,,,,Cooling,,,,Radiator,,,2003,2007
רדיאטור קורולה מ08,,,,,,['Toyota'],,Toyota: Corolla,,,,,,,,Cooling,,,,Radiator,,,2008,
רדיאטור קליאו מ13,,,,,,['Renault'],,Renault: Clio,,,,,,,,Cooling,,,,Radiator,,,2013,
רדיאטור ריו + מ11 I25,,,,,,"['Kia', 'Hyundai']","['רדיאטור ריו', 'מ11 I25']","Hyundai: i25, Kia: Rio",,,,,,,,Cooling,,,,Radiator,,,2011,
רילי למשאבת דלק VW,,,,,,['Volkswagen'],,,,,,,,,,Fuel,,,,Fuel Pump,,,,
רינג מנוע 1.2 CJZ,,,,,,[],,,,,,,CJZ,1.2 L,,Engine,,,,Piston Rings,,,,
רפידות אחורי HRV  מ15,,,,,,['Honda'],,Honda: HR-V,,,,,,,,Brake,,,Rear,Rear Brake Pads,,,2015,
רפידות אחורי מזדה 3 מ14,,,,,,['Mazda'],,Mazda: Mazda3,,,,,,,,Brake,,,Rear,Rear Brake Pads,,,2014,
רפידות אחורי מרצדס A+B CLASS מ12,,,,,,['Mercedes'],"['רפידות אחורי מרצדס A', 'B CLASS מ12']",,,,,,,,,Brake,,,Rear,Rear Brake Pads,,,2012,
רפידות קדמי  טרנו,,,,,,['Nissan'],,Nissan: Terrano,,,,,,,,Brake,,,Front,Front Brake Pads,,,,
רפידות קדמי HRV אקורד + מ15,,,,,,['Honda'],"['רפידות קדמי HRV אקורד', 'מ15']","Honda: Accord, Honda: HR-V",,,,,,,,Brake,,,Front,Front Brake Pads,,,2015,
רפידות קדמי אקליפס קרוס מ18,,,,,,['Mitsubishi'],,"Mitsubishi: Eclipse, Mitsubishi: Eclipse Cross",,,,,,,,Brake,,,Front,Front Brake Pads,,,2018,
רפידות קדמי טרנזיט מ07,,,,,,['Ford'],,Ford: Transit,,,,,,,,Brake,,,Front,Front Brake Pads,,,2007,
רפידות קדמי מזדה 6 מ13,,,,,,['Mazda'],,Mazda: Mazda6,,,,,,,,Brake,,,Front,Front Brake Pads,,,2013,
רפידות קדמי סנטה פה  + סורנטו מ21,,,,,,"['Kia', 'Hyundai']","['רפידות קדמי סנטה פה', 'סורנטו מ21']","Hyundai: Santa Fe, Kia: Sorento",,,,,,,,Brake,,,Front,Front Brake Pads,,,2021,
רצועה מזדה 3 עד 08 1.6,,,,,,['Mazda'],,Mazda: Mazda3,,,,,,1.6 L,,Engine,,,,Belt,,,,2008
רצועה מזדה 6 נפח 2.5 מ13,,,,,,['Mazda'],,Mazda: Mazda6,,,,,,2.5 L,,Engine,,,,Belt,,,2013,
רצועה סיריון 1.3 מ08,,,,,,['Daihatsu'],,Daihatsu: Sirion,,,,,,1.3 L,,Engine,,,,Belt,,,2008,
רצועה ספורטאג 2.0 16-20,,,,,,['Kia'],,Kia: Sportage,,,,,,2.0 L,,Engine,,,,Belt,,,2016,2020
רצועה ספרינטר + קרפטר,,,,,,"['Mercedes', 'Volkswagen']","['רצועה ספרינטר', 'קרפטר']","Mercedes: Sprinter, Volkswagen: Crafter",,,,,,,,Engine,,,,Belt,,,,
רצועה פוקוס מ06,,,,,,['Ford'],,Ford: Focus,,,,,,,,Engine,,,,Belt,,,2006,
רצועה קורולה מ08,,,,,,['Toyota'],,Toyota: Corolla,,,,,,,,Engine,,,,Belt,,,2008,
רצועה קרוז 1.6,,,,,,['Chevrolet'],,Chevrolet: Cruze,,,,,,1.6 L,,Engine,,,,Belt,,,,
רצועת טיימינג CJZ למ.מים 1.2,,,,,,[],,,,,,,CJZ,1.2 L,,Engine,,,,Timing Belt,,,,
רצועת טיימינג למשאבת מים אוקטביה 1.2,,,,,,['Skoda'],,Skoda: Octavia,,,,,,1.2 L,,Engine,,,,Timing Belt,,,,
רצועת טיימינג לנדקרוזר מ01,,,,,,['Toyota'],,Toyota: Land Cruiser,,,,,,,,Engine,,,,Timing Belt,,,2001,
רצועת טימיינג CDA למשאבת מים 1.8,,,,,,[],,,,,,,CDA,1.8 L,,Cooling,,,,Water Pump,,,,
שיבה לפקק  מילוי שמן,,,,,,[],,,,,,,,,,,,,,,,,,
שייבה לאינגקטור CRM,,,,,,[],,,,,,,CRM,2.0 L,,Fuel,,,,Injector Washer,,,,
שייבה פקק טיוטה,,,,,,[],,,,,,,,,,Engine,,,,Plug Washer,,,,
שייבה רנו 110265505R,,,,,,['Renault'],,,,,,,,,,Engine,,110265505R,,Renault Washer,,,,
שמן גיר צהוב,,,,,,[],,,,,,,,,,Fluid,,,,Transmission Fluid,,,,
שמפו + ווקס מקצועי,,,,,,[],"['שמפו', 'ווקס מקצועי']",,,,,,,,,Cleaning,,,,Shampoo + Wax,,,,
שסטום בקרת לחץ עד 11 I20 + I30,,,,,,['Hyundai'],"['שסטום בקרת לחץ עד 11 I20', 'I30']","Hyundai: i20, Hyundai: i30",,,,,,,,Engine,,,,Valve,,,,2011
שסטום קמשפט 1.8 CDA,,,,,,[],,,,,,,CDA,1.8 L,,Engine,,,,Camshaft Timing Control Valve,,,,
שסטום קמשפט I30 מ11,,,,,,['Hyundai'],,Hyundai: i30,,,,,,,,Engine,,,,Camshaft Timing Control Valve,,,2011,
שסטום קמשפט IX35,,,,,,['Hyundai'],,Hyundai: ix35,,,,,,,,Engine,,,,Camshaft Timing Control Valve,,,,
שסטום קמשפט VVT פליטה I25,,,,,,['Hyundai'],,Hyundai: i25,,,,,,,,Engine,,,,Camshaft Timing Control Valve,,,,
שתי מגעים כתום ללא בסיס,,,,,,[],,,,,,,,,,General,,,,Base,,,,
שתי מגעים כתום עם בסיס לא ישר,,,,,,[],,,,,,,,,,General,,,,Base,,,,
שתי מגעים ללא בסיס,,,,,,[],,,,,,,,,,General,,,,Base,,,,
שתי מגעים עם בסיס ישר,,,,,,[],,,,,,,,,,General,,,,Base,,,,
שתי מגעים עם בסיס לא ישר,,,,,,[],,,,,,,,,,General,,,,Base,,,,
שתי מגעים עם בסיס,,,,,,[],,,,,,,,,,General,,,,Base,,,,
ת.בולם I20 + I25 מ12,,,,,,['Hyundai'],"['ת.בולם I20', 'I25 מ12']","Hyundai: i20, Hyundai: i25",,,,,,,,Suspension,,,,Shock Absorber Bushing,,,2012,
ת.בולם אוקטביה מ05 עם מיסב,,,,,,['Skoda'],,Skoda: Octavia,,,,,,,,Suspension,,,,Shock Absorber Bushing,,,2005,
ת.בולם אוקטביה מ13 1.2 + 1.4 CJZ,,,,,,['Skoda'],"['ת.בולם אוקטביה מ13 1.2', '1.4 CJZ']",Skoda: Octavia,,,,,CJZ,1.2 L,,Suspension,,,,Shock Absorber Bushing,,,2013,
ת.בולם אקסנט + גטס,,,,,,['Hyundai'],"['ת.בולם אקסנט', 'גטס']","Hyundai: Accent, Hyundai: Getz",,,,,,,,Suspension,,,,Shock Absorber Bushing,,,,
ת.בולם אקסנט מ07 ימין,,,,,,['Hyundai'],,Hyundai: Accent,,,,,,,,Suspension,,,Right,Shock Absorber Bushing,,,2007,
ת.בולם אקסנט מ07 שמאל,,,,,,['Hyundai'],,Hyundai: Accent,,,,,,,,Suspension,,,Left,Shock Absorber Bushing,,,2007,
ת.בולם ברלינגו מ08 + פרטנר ימין + שמאל,,,,,,"['Citroen', 'Peugeot']","['ת.בולם ברלינגו מ08', 'פרטנר ימין', 'שמאל']","Citroen: Berlingo, Peugeot: Partner",,,,,,,,Suspension,,,"Right, Left",Shock Absorber Bushing,,,2008,
ת.בולם גוק ימין + שמאל,,,,,,['Nissan'],"['ת.בולם גוק ימין', 'שמאל']",Nissan: Juke,,,,,,,,Suspension,,,"Right, Left",Shock Absorber Bushing,,,,
ת.בולם יאריס מ07,,,,,,['Toyota'],,Toyota: Yaris,,,,,,,,Suspension,,,,Shock Absorber Bushing,,,2007,
ת.בולם ימין + שמאל סיריון מ05,,,,,,['Daihatsu'],"['ת.בולם ימין', 'שמאל סיריון מ05']",Daihatsu: Sirion,,,,,,,,Suspension,,,"Right, Left",Shock Absorber Bushing,,,2005,
ת.בולם ימין + שמאל קורולה 01-07,,,,,,['Toyota'],"['ת.בולם ימין', 'שמאל קורולה 01-07']",Toyota: Corolla,,,,,,,,Suspension,,,"Right, Left",Shock Absorber Bushing,,,2001,2007
ת.בולם סוניק + ספארק  ( עם מיסב ),,,,,,['Chevrolet'],"['ת.בולם סוניק', 'ספארק  ( עם מיסב )']","Chevrolet: Spark, Chevrolet: Sonic",,,,,,,,Suspension,,,,Shock Absorber Bushing,,,,
ת.בולם סיויק מ06 ימין + שמאל  4 דלתות,,,,,,['Honda'],"['ת.בולם סיויק מ06 ימין', 'שמאל  4 דלתות']",Honda: Civic,,,,4 door,,,,Suspension,,,"Right, Left",Shock Absorber Bushing,,,2006,
ת.בולם עם מיסב פיאט דובלו + קובו,,,,,,['Fiat'],"['ת.בולם עם מיסב פיאט דובלו', 'קובו']","Fiat: Doblo, Fiat: Qubo",,,,,,,,Suspension,,,,Shock Absorber Bushing,,,,
ת.בולם עם מיסב קנגו מ08,,,,,,['Renault'],,Renault: Kangoo,,,,,,,,Suspension,,,,Shock Absorber Bushing,,,2008,
ת.בולם פיאט 500 ספייס + פנדה,,,,,,['Fiat'],"['ת.בולם פיאט 500 ספייס', 'פנדה']","Fiat: Panda, Fiat: 500",,,,,,,,Suspension,,,,Shock Absorber Bushing,,,,
ת.בולם קדמי גרנד קופה מ16 עם מיסב,,,,,,['Renault'],,Renault: Grand Coupe,,,,,,,,Suspension,,,Front,Front Shock Absorber,,,2016,
ת.בולם קדמי טוסון מ16,,,,,,['Hyundai'],,Hyundai: Tucson,,,,,,,,Suspension,,,Front,Front Shock Absorber,,,2016,
ת.בולם קדמי מזדה 3 + 6 + CX5 מ13,,,,,,['Mazda'],"['ת.בולם קדמי מזדה 3', '6', 'CX5 מ13']","Mazda: Mazda3, Mazda: CX-5",,,,,,,,Suspension,,,Front,Front Shock Absorber,,,2013,
ת.בולם קדמי מזדה 3 עד 12 + פוקוס מ06,,,,,,"['Mazda', 'Ford']","['ת.בולם קדמי מזדה 3 עד 12', 'פוקוס מ06']","Mazda: Mazda3, Ford: Focus",,,,,,,,Suspension,,,Front,Front Shock Absorber,,,2006,2012
ת.בולם קדמי סוויפט 06-10 ימין + שמאל,,,,,,['Suzuki'],"['ת.בולם קדמי סוויפט 06-10 ימין', 'שמאל']",Suzuki: Swift,,,,,,,,Suspension,,,"Front, Right, Left",Front Shock Absorber,,,2006,2010
ת.בולם קדמי קרפטר + ספרינטר מ07,,,,,,"['Mercedes', 'Volkswagen']","['ת.בולם קדמי קרפטר', 'ספרינטר מ07']","Mercedes: Sprinter, Volkswagen: Crafter",,,,,,,,Suspension,,,Front,Front Shock Absorber,,,2007,
ת.בולם קונה איוניק מ16,,,,,,['Hyundai'],,"Hyundai: Ioniq, Hyundai: Kona",,,,,,,,Suspension,,,,Shock Absorber Bushing,,,2016,
ת.בולם קורולה מ08,,,,,,['Toyota'],,Toyota: Corolla,,,,,,,,Suspension,,,,Shock Absorber Bushing,,,2008,
ת.בולם ראב 4 מ07,,,,,,['Toyota'],,Toyota: RAV4,,,,,,,,Suspension,,,,Shock Absorber Bushing,,,2007,
ת.גיר אחורי אוקטביה מ05,,,,,,['Skoda'],,Skoda: Octavia,,,,,,,,Transmission,,,Rear,Rear Transmission Mount,,,2005,
ת.גיר אחורי טריוס,,,,,,['Daihatsu'],,Daihatsu: Terios,,,,,,,,Transmission,,,Rear,Rear Transmission Mount,,,,
ת.גיר אחורי מ03 T5 + T6,,,,,,['Volkswagen'],"['ת.גיר אחורי מ03 T5', 'T6']","Volkswagen: Transporter T5, Volkswagen: Transporter T6",,,,,,,,Transmission,,,Rear,Rear Transmission Mount,,,2003,
ת.גיר אחורי פורסטר B4 + XV מ12,,,,,,['Subaru'],"['ת.גיר אחורי פורסטר B4', 'XV מ12']","Subaru: XV, Subaru: Forester, Subaru: Legacy B4",,,,,,,,Transmission,,,Rear,Rear Transmission Mount,,,2012,
ת.גיר ברלינגו מ01,,,,,,['Citroen'],,Citroen: Berlingo,,,,,,,,Transmission,,,,Transmission Mount,,,2001,
ת.גיר מ08 Q5 + A5 + A4,,,,,,['Audi'],"['ת.גיר מ08 Q5', 'A5', 'A4']","Audi: A4, Audi: A5, Audi: Q5",,,,,,,,Transmission,,,,Transmission Mount,,,2008,
ת.גיר שמאל I10 מ08,,,,,,['Hyundai'],,Hyundai: i10,,,,,,,,Transmission,,,Left,Transmission Mount,,,2008,
ת.גיר שמאל אופל אנסנגניה,,,,,,['Opel'],,,,,,,,,,Transmission,,,Left,Transmission Mount,,,,
ת.גיר שמאל אוקטביה מ05,,,,,,['Skoda'],,Skoda: Octavia,,,,,,,,Transmission,,,Left,Transmission Mount,,,2005,
ת.גיר שמאל אוקטביה מ13,,,,,,['Skoda'],,Skoda: Octavia,,,,,,,,Transmission,,,Left,Transmission Mount,,,2013,
ת.גיר שמאל גטס,,,,,,['Hyundai'],,Hyundai: Getz,,,,,,,,Transmission,,,Left,Transmission Mount,,,,
ת.גיר שמאל מ13 CJZ 1.2,,,,,,[],,,,,,,CJZ,1.2 L,,Transmission,,,Left,Transmission Mount,,,2013,
ת.גיר שמאל מזדה 2 מ08,,,,,,['Mazda'],,Mazda: Mazda2,,,,,,,,Transmission,,,Left,Transmission Mount,,,2008,
ת.גיר שמאל מזדה 3 + 5 עד 08,,,,,,['Mazda'],"['ת.גיר שמאל מזדה 3', '5 עד 08']",Mazda: Mazda3,,,,,,,,Transmission,,,Left,Transmission Mount,,,,2008
ת.גיר שמאל מזדה 3 + 6 + CX5 מ13,,,,,,['Mazda'],"['ת.גיר שמאל מזדה 3', '6', 'CX5 מ13']","Mazda: Mazda3, Mazda: CX-5",,,,,,,,Transmission,,,Left,Transmission Mount,,,2013,
ת.גיר שמאל מזדה 3 09-13,,,,,,['Mazda'],,Mazda: Mazda3,,,,,,,,Transmission,,,Left,Transmission Mount,,,2009,2013
ת.גיר שמאל מזדה 3 מ09,,,,,,['Mazda'],,Mazda: Mazda3,,,,,,,,Transmission,,,Left,Transmission Mount,,,2009,
ת.גיר שמאל מזדה 6 מ08,,,,,,['Mazda'],,Mazda: Mazda6,,,,,,,,Transmission,,,Left,Transmission Mount,,,2008,
ת.גיר שמאל מיקרה + גוק + קשקאי מ08,,,,,,['Nissan'],"['ת.גיר שמאל מיקרה', 'גוק', 'קשקאי מ08']","Nissan: Qashqai, Nissan: Juke, Nissan: Micra",,,,,,,,Transmission,,,Left,Transmission Mount,,,2008,
ת.גיר שמאל עד 11 I30,,,,,,['Hyundai'],,Hyundai: i30,,,,,,,,Transmission,,,Left,Transmission Mount,,,,2011
ת.גיר שמאל קורולה מ08,,,,,,['Toyota'],,Toyota: Corolla,,,,,,,,Transmission,,,Left,Transmission Mount,,,2008,
ת.גיר שמאל תידה + מיקרה + גוק מ07,,,,,,['Nissan'],"['ת.גיר שמאל תידה', 'מיקרה', 'גוק מ07']","Nissan: Juke, Nissan: Micra",,,,,,,,Transmission,,,Left,Transmission Mount,,,2007,
ת.גשר אחורי קורולה מ08,,,,,,['Toyota'],,Toyota: Corolla,,,,,,,,Suspension,,,Rear,Rear Subframe Mount,,,2008,
ת.דריישפט הנטר + טרייטון מ15,,,,,,['Mitsubishi'],"['ת.דריישפט הנטר', 'טרייטון מ15']","Mitsubishi: Triton, Mitsubishi: Hunter",,,,,,,,Drivetrain,,,,Driveshaft Support,,,2015,
ת.מנוע אחורי אוקטביה מ13,,,,,,['Skoda'],,Skoda: Octavia,,,,,,,,Engine,,,Rear,Rear Engine Mount,,,2013,
ת.מנוע אחורי גטס על 06 משקפיים,,,,,,['Hyundai'],,Hyundai: Getz,,,,,,,,Engine,,,Rear,Rear Engine Mount,,,,
ת.מנוע אחורי לנסר מ08,,,,,,['Mitsubishi'],,Mitsubishi: Lancer,,,,,,,,Engine,,,Rear,Rear Engine Mount,,,2008,
ת.מנוע אחורי מ11 I35 + I30 + I25,,,,,,['Hyundai'],"['ת.מנוע אחורי מ11 I35', 'I30', 'I25']","Hyundai: i25, Hyundai: i30, Hyundai: i35",,,,,,,,Engine,,,Rear,Rear Engine Mount,,,2011,
ת.מנוע אחורי מזדה 3 + 5 + פוקוס מ06,,,,,,"['Mazda', 'Ford']","['ת.מנוע אחורי מזדה 3', '5', 'פוקוס מ06']","Mazda: Mazda3, Ford: Focus",,,,,,,,Engine,,,Rear,Rear Engine Mount,,,2006,
ת.מנוע אחורי פביה + רומסטר,,,,,,['Skoda'],"['ת.מנוע אחורי פביה', 'רומסטר']","Skoda: Roomster, Skoda: Fabia",,,,,,,,Engine,,,Rear,Rear Engine Mount,,,,
ת.מנוע ימין + שמאל A7 עם חשמל,,,,,,['Audi'],"['ת.מנוע ימין', 'שמאל A7 עם חשמל']",Audi: A7,,,,,,,,Engine,,,"Right, Left",Right Engine Mount,,,,
ת.מנוע ימין + שמאל ספרינטר + קרפטר מ07,,,,,,"['Mercedes', 'Volkswagen']","['ת.מנוע ימין', 'שמאל ספרינטר', 'קרפטר מ07']","Mercedes: Sprinter, Volkswagen: Crafter",,,,,,,,Engine,,,"Right, Left",Right Engine Mount,,,2007,
ת.מנוע ימין I25 מ11,,,,,,['Hyundai'],,Hyundai: i25,,,,,,,,Engine,,,Right,Right Engine Mount,,,2011,
ת.מנוע ימין I35 מ11,,,,,,['Hyundai'],,Hyundai: i35,,,,,,,,Engine,,,Right,Right Engine Mount,,,2011,
ת.מנוע ימין T5 מ04,,,,,,['Volkswagen'],,Volkswagen: Transporter T5,,,,,,,,Engine,,,Right,Right Engine Mount,,,2004,
ת.מנוע ימין אוקטביה מ05,,,,,,['Skoda'],,Skoda: Octavia,,,,,,,,Engine,,,Right,Right Engine Mount,,,2005,
ת.מנוע ימין אוקטביה מ13 5Q0 199 262 BH,,,,,,['Skoda'],,Skoda: Octavia,,,,,,,,Engine,,5Q0,Right,Right Engine Mount,,,2013,
ת.מנוע ימין אקסנט מ07,,,,,,['Hyundai'],,Hyundai: Accent,,,,,,,,Engine,,,Right,Right Engine Mount,,,2007,
ת.מנוע ימין בלי בסיס פביה + רומסטר,,,,,,['Skoda'],"['ת.מנוע ימין בלי בסיס פביה', 'רומסטר']","Skoda: Roomster, Skoda: Fabia",,,,,,,,Engine,,,Right,Right Engine Mount,,,,
ת.מנוע ימין ברלינגו מ08,,,,,,['Citroen'],,Citroen: Berlingo,,,,,,,,Engine,,,Right,Right Engine Mount,,,2008,
ת.מנוע ימין גטס,,,,,,['Hyundai'],,Hyundai: Getz,,,,,,,,Engine,,,Right,Right Engine Mount,,,,
ת.מנוע ימין מ15 A4 + Q7 + Q8,,,,,,['Audi'],"['ת.מנוע ימין מ15 A4', 'Q7', 'Q8']","Audi: A4, Audi: Q7, Audi: Q8",,,,,,,,Engine,,,Right,Right Engine Mount,,,2015,
ת.מנוע ימין מזדה 3 + 5  2.0 עד 12,,,,,,['Mazda'],"['ת.מנוע ימין מזדה 3', '5  2.0 עד 12']",Mazda: Mazda3,,,,,,2.0 L,,Engine,,,Right,Right Engine Mount,,,,2012
ת.מנוע ימין מזדה 3 1.6 עד 08,,,,,,['Mazda'],,Mazda: Mazda3,,,,,,1.6 L,,Engine,,,Right,Right Engine Mount,,,,2008
ת.מנוע ימין מזדה 3 מ13 נפח 1.5,,,,,,['Mazda'],,Mazda: Mazda3,,,,,,1.5 L,,Engine,,,Right,Right Engine Mount,,,2013,
ת.מנוע ימין מזדה 3 מ19 נפח 2.0,,,,,,['Mazda'],,Mazda: Mazda3,,,,,,2.0 L,,Engine,,,Right,Right Engine Mount,,,2019,
ת.מנוע ימין מזדה 6 + CX5 מ13 נפח 2.0,,,,,,['Mazda'],"['ת.מנוע ימין מזדה 6', 'CX5 מ13 נפח 2.0']","Mazda: Mazda6, Mazda: CX-5",,,,,,2.0 L,,Engine,,,Right,Right Engine Mount,,,2013,
ת.מנוע ימין מזדה 6 מ08,,,,,,['Mazda'],,Mazda: Mazda6,,,,,,,,Engine,,,Right,Right Engine Mount,,,2008,
ת.מנוע ימין מזדה 6 מ13 נפח 2.5,,,,,,['Mazda'],,Mazda: Mazda6,,,,,,2.5 L,,Engine,,,Right,Right Engine Mount,,,2013,
ת.מנוע ימין סיויק מ06,,,,,,['Honda'],,Honda: Civic,,,,,,,,Engine,,,Right,Right Engine Mount,,,2006,
ת.מנוע ימין סיריון מ05,,,,,,['Daihatsu'],,Daihatsu: Sirion,,,,,,,,Engine,,,Right,Right Engine Mount,,,2005,
ת.מנוע ימין ספייס סטאר + אטראג,,,,,,['Mitsubishi'],"['ת.מנוע ימין ספייס סטאר', 'אטראג']","Mitsubishi: Attrage, Mitsubishi: Space Star",,,,,,,,Engine,,,Right,Right Engine Mount,,,,
ת.מנוע ימין עד 11 I30,,,,,,['Hyundai'],,Hyundai: i30,,,,,,,,Engine,,,Right,Right Engine Mount,,,,2011
ת.מנוע ימין פביה + רומסטר + פולו,,,,,,"['Volkswagen', 'Skoda']","['ת.מנוע ימין פביה', 'רומסטר', 'פולו']","Volkswagen: Polo, Skoda: Roomster, Skoda: Fabia",,,,,,,,Engine,,,Right,Right Engine Mount,,,,
ת.מנוע ימין פוקוס מ06,,,,,,['Ford'],,Ford: Focus,,,,,,,,Engine,,,Right,Right Engine Mount,,,2006,
ת.מנוע ימין קודיאק + ארונה 1.0 מ17,,,,,,"['Seat', 'Skoda']","['ת.מנוע ימין קודיאק', 'ארונה 1.0 מ17']","Skoda: Kodiaq, Seat: Arona",,,,,,1.0 L,,Engine,,,Right,Right Engine Mount,,,2017,
ת.מנוע ימין קודיאק + קארוק מ17,,,,,,['Skoda'],"['ת.מנוע ימין קודיאק', 'קארוק מ17']","Skoda: Kodiaq, Skoda: Karoq",,,,,,,,Engine,,,Right,Right Engine Mount,,,2017,
ת.מנוע ימין קורולה מ08,,,,,,['Toyota'],,Toyota: Corolla,,,,,,,,Engine,,,Right,Right Engine Mount,,,2008,
ת.מנוע ימין קורולה מ13,,,,,,['Toyota'],,Toyota: Corolla,,,,,,,,Engine,,,Right,Right Engine Mount,,,2013,
ת.מנוע ימין קליאו מ13 נפח 1.4 + 1.5 +1.6,,,,,,['Renault'],"['ת.מנוע ימין קליאו מ13 נפח 1.4', '1.5', '1.6']",Renault: Clio,,,,,,1.4 L,,Engine,,,Right,Right Engine Mount,,,2013,
ת.מנוע ימין קנגו מ08,,,,,,['Renault'],,Renault: Kangoo,,,,,,,,Engine,,,Right,Right Engine Mount,,,2008,
ת.מנוע מקורי לנדקרוזר מ03,,,,,,['Toyota'],,Toyota: Land Cruiser,,,,,,,,Engine,,,,Engine Mount,,,2003,
ת.מנוע משקפיים מזדה 6 עד 12,,,,,,['Mazda'],,Mazda: Mazda6,,,,,,,,Engine,,,,Engine Mount Bracket,,,,2012
ת.מנוע עגול ברלינגו מ08,,,,,,['Citroen'],,Citroen: Berlingo,,,,,,,,Engine,,,,Engine Mount,,,2008,
ת.מנוע שמאל מ15 A4 + Q7 + Q8,,,,,,['Audi'],"['ת.מנוע שמאל מ15 A4', 'Q7', 'Q8']","Audi: A4, Audi: Q7, Audi: Q8",,,,,,,,Engine,,,Left,Left Engine Mount,,,2015,
ת.משולש ( הברגה ) I30 עד 11,,,,,,['Hyundai'],,Hyundai: i30,,,,,,,,Suspension,,,,Control Arm Bushing,,,,2011
ת.משולש אוקטביה ימין מ05,,,,,,['Skoda'],,Skoda: Octavia,,,,,,,,Suspension,,,Right,Control Arm Bushing,,,2005,
ת.משולש בוקסר + דוקטו מ07,,,,,,"['Peugeot', 'Fiat']","['ת.משולש בוקסר', 'דוקטו מ07']","Fiat: Ducato, Peugeot: Boxer",,,,,,,,Suspension,,,,Control Arm Bushing,,,2007,
ת.משולש ברלינגו מ08,,,,,,['Citroen'],,Citroen: Berlingo,,,,,,,,Suspension,,,,Control Arm Bushing,,,2008,
ת.משולש הייס,,,,,,['Toyota'],,Toyota: Hiace,,,,,,,,Suspension,,,,Control Arm Bushing,,,,
ת.משולש ימין + שמאל טרנו מ97,,,,,,['Nissan'],"['ת.משולש ימין', 'שמאל טרנו מ97']",Nissan: Terrano,,,,,,,,Suspension,,,"Right, Left",Right Control Arm,,,2097,
ת.משולש ימין + שמאל קורולה 03-07,,,,,,['Toyota'],"['ת.משולש ימין', 'שמאל קורולה 03-07']",Toyota: Corolla,,,,,,,,Suspension,,,"Right, Left",Right Control Arm,,,2003,2007
ת.משולש ימין + שמאל קורולה מ08,,,,,,['Toyota'],"['ת.משולש ימין', 'שמאל קורולה מ08']",Toyota: Corolla,,,,,,,,Suspension,,,"Right, Left",Right Control Arm,,,2008,
ת.משולש ימין סיוויק מ06,,,,,,['Honda'],,Honda: Civic,,,,,,,,Suspension,,,Right,Right Control Arm,,,2006,
ת.משולש ימין פביה + רומסטר + רפיד,,,,,,['Skoda'],"['ת.משולש ימין פביה', 'רומסטר', 'רפיד']","Skoda: Roomster, Skoda: Rapid, Skoda: Fabia",,,,,,,,Suspension,,,Right,Right Control Arm,,,,
ת.משולש מ10 IX35 + ספורטאג,,,,,,"['Kia', 'Hyundai']","['ת.משולש מ10 IX35', 'ספורטאג']","Hyundai: ix35, Kia: Sportage",,,,,,,,Suspension,,,,Control Arm Bushing,,,2010,
ת.משולש עד 11 I30,,,,,,['Hyundai'],,Hyundai: i30,,,,,,,,Suspension,,,,Control Arm Bushing,,,,2011
ת.משולש עליון הנטר + קינג,,,,,,"['Mazda', 'Mitsubishi']","['ת.משולש עליון הנטר', 'קינג']","Mazda: Kingcab, Mitsubishi: Hunter",,,,,,,,Suspension,,,Upper,Upper Control Arm,,,,
ת.משולש עליון לנד קרוזר מ03,,,,,,['Land Rover'],,,,,,,,,,Suspension,,,Upper,Upper Control Arm,,,2003,
ת.משולש פולו 03-08 ימין,,,,,,['Volkswagen'],,Volkswagen: Polo,,,,,,,,Suspension,,,Right,Control Arm Bushing,,,2003,2008
ת.משולש פולו 03-08 שמאל,,,,,,['Volkswagen'],,Volkswagen: Polo,,,,,,,,Suspension,,,Left,Control Arm Bushing,,,2003,2008
ת.משולש קרפטר + ספרינטר מ07,,,,,,"['Mercedes', 'Volkswagen']","['ת.משולש קרפטר', 'ספרינטר מ07']","Mercedes: Sprinter, Volkswagen: Crafter",,,,,,,,Suspension,,,,Control Arm Bushing,,,2007,
ת.משולש שמאל אוקטביה מ05,,,,,,['Skoda'],,Skoda: Octavia,,,,,,,,Suspension,,,Left,Left Control Arm,,,2005,
ת.משולש שמאל סיוויק מ06,,,,,,['Honda'],,Honda: Civic,,,,,,,,Suspension,,,Left,Left Control Arm,,,2006,
ת.משולש שמאל סיויק מ06,,,,,,['Honda'],,Honda: Civic,,,,,,,,Suspension,,,Left,Left Control Arm,,,2006,
ת.משולש שמאל פביה + רומסטר + רפיד,,,,,,['Skoda'],"['ת.משולש שמאל פביה', 'רומסטר', 'רפיד']","Skoda: Roomster, Skoda: Rapid, Skoda: Fabia",,,,,,,,Suspension,,,Left,Left Control Arm,,,,
ת.משולש תחתון 4x4 היילקס עד 05,,,,,,['Toyota'],,Toyota: Hilux,,,,Four-wheel drive,,,,Suspension,,,Lower,Lower Control Arm,,,,2005
ת.משולש תחתון הנטר + קינג,,,,,,"['Mazda', 'Mitsubishi']","['ת.משולש תחתון הנטר', 'קינג']","Mazda: Kingcab, Mitsubishi: Hunter",,,,,,,,Suspension,,,Lower,Lower Control Arm,,,,
ת.משולש תחתון לנד קרוזר מ10,,,,,,['Land Rover'],,,,,,,,,,Suspension,,,Lower,Lower Control Arm,,,2010,
ת.משולש תחתון מ08 A4 + A5 + Q5,,,,,,['Audi'],"['ת.משולש תחתון מ08 A4', 'A5', 'Q5']","Audi: A4, Audi: A5, Audi: Q5",,,,,,,,Suspension,,,Lower,Lower Control Arm,,,2008,
תושבות מנוע גימני ימין + שמאל,,,,,,['Suzuki'],"['תושבות מנוע גימני ימין', 'שמאל']",Suzuki: Jimny,,,,,,,,Engine,,,"Right, Left",Engine Mounts,,,,
תושבת גיר שמאל פביה + רומסטר + פולו,,,,,,"['Volkswagen', 'Skoda']","['תושבת גיר שמאל פביה', 'רומסטר', 'פולו']","Volkswagen: Polo, Skoda: Roomster, Skoda: Fabia",,,,,,,,Transmission,,,Left,Transmission Mount,,,,
תושבת מנוע ימין קורולה 03-07,,,,,,['Toyota'],,Toyota: Corolla,,,,,,,,Engine,,,Right,Engine Mount,,,2003,2007
