2025-04-07 18:33:38,411 - themes.core - WARNING - Color key 'gauge_bg' not found in any theme. Using fallback.
2025-04-07 18:33:38,442 - themes.core - WARNING - Color key 'stock_bar_bg' not found in any theme. Using fallback.
2025-04-07 18:33:38,454 - themes.core - WARNING - Color key 'text_secondary' not found in any theme. Using fallback.
2025-04-07 18:33:38,460 - themes.core - WARNING - Color key 'text_secondary' not found in any theme. Using fallback.
2025-04-07 18:33:38,470 - themes.core - WARNING - Color key 'gauge_bg' not found in any theme. Using fallback.
2025-04-07 18:33:38,482 - themes.core - WARNING - Color key 'stock_bar_bg' not found in any theme. Using fallback.
2025-04-07 18:33:38,490 - themes.core - WARNING - Color key 'text_secondary' not found in any theme. Using fallback.
2025-04-07 18:33:38,498 - themes.core - WARNING - Color key 'text_secondary' not found in any theme. Using fallback.
2025-04-07 18:33:38,694 - themes.core - WARNING - Color key 'gauge_bg' not found in any theme. Using fallback.
2025-04-07 18:33:38,710 - themes.core - WARNING - Color key 'stock_bar_bg' not found in any theme. Using fallback.
2025-04-07 18:33:38,710 - themes.core - WARNING - Color key 'text_secondary' not found in any theme. Using fallback.
2025-04-07 18:33:38,720 - themes.core - WARNING - Color key 'text_secondary' not found in any theme. Using fallback.
2025-04-07 18:33:38,730 - themes.core - WARNING - Color key 'gauge_bg' not found in any theme. Using fallback.
2025-04-07 18:33:38,742 - themes.core - WARNING - Color key 'stock_bar_bg' not found in any theme. Using fallback.
2025-04-07 18:33:38,742 - themes.core - WARNING - Color key 'text_secondary' not found in any theme. Using fallback.
2025-04-07 18:33:38,751 - themes.core - WARNING - Color key 'stock_bar_bg' not found in any theme. Using fallback.
2025-04-07 18:33:38,751 - themes.core - WARNING - Color key 'stock_bar_bg' not found in any theme. Using fallback.
2025-04-07 18:33:39,096 - themes.core - WARNING - Color key 'stock_bar_bg' not found in any theme. Using fallback.
2025-04-07 18:33:39,104 - themes.core - WARNING - Color key 'stock_bar_bg' not found in any theme. Using fallback.
2025-04-07 18:33:39,113 - themes.core - WARNING - Color key 'stock_bar_bg' not found in any theme. Using fallback.
2025-04-07 18:33:39,575 - themes.core - WARNING - Color key 'text_secondary' not found in any theme. Using fallback.
2025-04-07 18:33:39,810 - themes.core - WARNING - Color key 'text_secondary' not found in any theme. Using fallback.
2025-04-07 18:33:39,958 - themes.core - WARNING - Color key 'text_secondary' not found in any theme. Using fallback.
2025-04-07 18:33:43,701 - translations - WARNING - Missing translation for 'showing_all_products' in 'he'
2025-04-07 18:33:43,702 - themes.core - WARNING - Color key 'success_text' not found in any theme. Using fallback.
2025-04-07 18:33:43,702 - themes.core - WARNING - Color key 'success_bg' not found in any theme. Using fallback.
2025-04-07 18:33:43,702 - themes.core - WARNING - Color key 'success_border' not found in any theme. Using fallback.
2025-04-07 18:33:43,711 - themes.core - WARNING - Color key 'gauge_bg' not found in any theme. Using fallback.
2025-04-07 18:33:43,725 - themes.core - WARNING - Color key 'stock_bar_bg' not found in any theme. Using fallback.
2025-04-07 18:33:43,737 - themes.core - WARNING - Color key 'stock_bar_bg' not found in any theme. Using fallback.
2025-04-07 18:33:46,949 - themes.core - WARNING - Color key 'gauge_bg' not found in any theme. Using fallback.
2025-04-07 18:33:46,965 - themes.core - WARNING - Color key 'stock_bar_bg' not found in any theme. Using fallback.
2025-04-07 18:33:46,979 - themes.core - WARNING - Color key 'gauge_bg' not found in any theme. Using fallback.
2025-04-07 18:33:46,995 - themes.core - WARNING - Color key 'stock_bar_bg' not found in any theme. Using fallback.
2025-04-07 18:33:47,005 - themes.core - WARNING - Color key 'text_secondary' not found in any theme. Using fallback.
2025-04-07 18:33:47,016 - themes.core - WARNING - Color key 'gauge_bg' not found in any theme. Using fallback.
2025-04-07 18:33:47,033 - themes.core - WARNING - Color key 'stock_bar_bg' not found in any theme. Using fallback.
2025-04-07 18:33:47,045 - themes.core - WARNING - Color key 'text_secondary' not found in any theme. Using fallback.
2025-04-07 18:33:47,071 - themes.core - WARNING - Color key 'gauge_bg' not found in any theme. Using fallback.
2025-04-07 18:33:47,085 - themes.core - WARNING - Color key 'stock_bar_bg' not found in any theme. Using fallback.
2025-04-07 18:33:47,097 - themes.core - WARNING - Color key 'text_secondary' not found in any theme. Using fallback.
2025-04-07 18:33:47,116 - themes.core - WARNING - Color key 'gauge_bg' not found in any theme. Using fallback.
2025-04-07 18:33:47,132 - themes.core - WARNING - Color key 'stock_bar_bg' not found in any theme. Using fallback.
2025-04-07 18:33:47,146 - themes.core - WARNING - Color key 'text_secondary' not found in any theme. Using fallback.
2025-04-07 18:33:47,159 - themes.core - WARNING - Color key 'gauge_bg' not found in any theme. Using fallback.
2025-04-07 18:33:47,176 - themes.core - WARNING - Color key 'stock_bar_bg' not found in any theme. Using fallback.
2025-04-07 18:33:47,186 - themes.core - WARNING - Color key 'text_secondary' not found in any theme. Using fallback.
2025-04-07 18:33:47,195 - themes.core - WARNING - Color key 'gauge_bg' not found in any theme. Using fallback.
2025-04-07 18:33:47,212 - themes.core - WARNING - Color key 'stock_bar_bg' not found in any theme. Using fallback.
2025-04-07 18:33:47,225 - themes.core - WARNING - Color key 'text_secondary' not found in any theme. Using fallback.
2025-04-07 18:33:47,460 - themes.core - WARNING - Color key 'gauge_bg' not found in any theme. Using fallback.
2025-04-07 18:33:47,475 - themes.core - WARNING - Color key 'stock_bar_bg' not found in any theme. Using fallback.
2025-04-07 18:33:47,486 - themes.core - WARNING - Color key 'text_secondary' not found in any theme. Using fallback.
2025-04-07 18:33:47,496 - themes.core - WARNING - Color key 'gauge_bg' not found in any theme. Using fallback.
2025-04-07 18:33:47,510 - themes.core - WARNING - Color key 'stock_bar_bg' not found in any theme. Using fallback.
2025-04-07 18:33:47,520 - themes.core - WARNING - Color key 'gauge_bg' not found in any theme. Using fallback.
2025-04-07 18:33:47,536 - themes.core - WARNING - Color key 'stock_bar_bg' not found in any theme. Using fallback.
2025-04-07 18:33:48,708 - themes.core - WARNING - Color key 'gauge_bg' not found in any theme. Using fallback.
2025-04-07 18:33:48,723 - themes.core - WARNING - Color key 'stock_bar_bg' not found in any theme. Using fallback.
2025-04-07 18:33:48,734 - themes.core - WARNING - Color key 'text_secondary' not found in any theme. Using fallback.
2025-04-07 18:33:50,167 - themes.core - WARNING - Color key 'gauge_bg' not found in any theme. Using fallback.
2025-04-07 18:33:50,181 - themes.core - WARNING - Color key 'stock_bar_bg' not found in any theme. Using fallback.
2025-04-07 18:33:50,189 - themes.core - WARNING - Color key 'text_secondary' not found in any theme. Using fallback.
2025-04-07 18:33:50,387 - statistics - INFO - Refreshing statistics data
2025-04-07 18:33:50,389 - themes.core - WARNING - Color key 'info_bg' not found in any theme. Using fallback.
2025-04-07 18:33:50,389 - themes.core - WARNING - Color key 'info_border' not found in any theme. Using fallback.
2025-04-07 18:33:50,543 - database.car_parts_db - INFO - Thread 12616: New database connection established
2025-04-07 18:33:50,689 - themes.core - WARNING - Color key 'gauge_bg' not found in any theme. Using fallback.
2025-04-07 18:33:50,704 - themes.core - WARNING - Color key 'stock_bar_bg' not found in any theme. Using fallback.
2025-04-07 18:33:50,711 - statistics - INFO - Loaded 2845 parts from database
2025-04-07 18:33:50,744 - themes.core - WARNING - Color key 'success_text' not found in any theme. Using fallback.
2025-04-07 18:33:50,744 - themes.core - WARNING - Color key 'success_bg' not found in any theme. Using fallback.
2025-04-07 18:33:50,744 - themes.core - WARNING - Color key 'success_border' not found in any theme. Using fallback.
2025-04-07 18:33:50,748 - themes.core - WARNING - Color key 'stock_bar_bg' not found in any theme. Using fallback.
2025-04-07 18:33:50,758 - themes.core - WARNING - Color key 'stock_bar_bg' not found in any theme. Using fallback.
2025-04-07 18:33:54,595 - statistics - INFO - Refreshing statistics data
2025-04-07 18:33:54,595 - themes.core - WARNING - Color key 'info_bg' not found in any theme. Using fallback.
2025-04-07 18:33:54,595 - themes.core - WARNING - Color key 'info_border' not found in any theme. Using fallback.
2025-04-07 18:33:54,624 - database.car_parts_db - INFO - Thread 12616: New database connection established
2025-04-07 18:33:54,627 - themes.core - WARNING - Color key 'gauge_bg' not found in any theme. Using fallback.
2025-04-07 18:33:54,640 - themes.core - WARNING - Color key 'stock_bar_bg' not found in any theme. Using fallback.
2025-04-07 18:33:54,998 - statistics - INFO - Loaded 2845 parts from database
2025-04-07 18:33:55,012 - themes.core - WARNING - Color key 'success_text' not found in any theme. Using fallback.
2025-04-07 18:33:55,012 - themes.core - WARNING - Color key 'success_bg' not found in any theme. Using fallback.
2025-04-07 18:33:55,016 - themes.core - WARNING - Color key 'success_border' not found in any theme. Using fallback.
2025-04-07 18:33:55,016 - themes.core - WARNING - Color key 'stock_bar_bg' not found in any theme. Using fallback.
2025-04-07 18:33:55,027 - themes.core - WARNING - Color key 'stock_bar_bg' not found in any theme. Using fallback.
2025-04-07 18:33:55,551 - themes.core - WARNING - Color key 'gauge_bg' not found in any theme. Using fallback.
2025-04-07 18:33:55,563 - themes.core - WARNING - Color key 'stock_bar_bg' not found in any theme. Using fallback.
2025-04-07 18:33:55,574 - themes.core - WARNING - Color key 'gauge_bg' not found in any theme. Using fallback.
2025-04-07 18:33:55,588 - themes.core - WARNING - Color key 'stock_bar_bg' not found in any theme. Using fallback.
2025-04-07 18:33:55,597 - themes.core - WARNING - Color key 'text_secondary' not found in any theme. Using fallback.
2025-04-07 18:33:55,605 - themes.core - WARNING - Color key 'gauge_bg' not found in any theme. Using fallback.
2025-04-07 18:33:55,617 - themes.core - WARNING - Color key 'stock_bar_bg' not found in any theme. Using fallback.
2025-04-07 18:33:55,625 - themes.core - WARNING - Color key 'text_secondary' not found in any theme. Using fallback.
2025-04-07 18:33:55,632 - themes.core - WARNING - Color key 'gauge_bg' not found in any theme. Using fallback.
2025-04-07 18:33:55,643 - themes.core - WARNING - Color key 'stock_bar_bg' not found in any theme. Using fallback.
2025-04-07 18:33:55,650 - themes.core - WARNING - Color key 'text_secondary' not found in any theme. Using fallback.
2025-04-07 18:33:55,657 - themes.core - WARNING - Color key 'gauge_bg' not found in any theme. Using fallback.
2025-04-07 18:33:55,669 - themes.core - WARNING - Color key 'stock_bar_bg' not found in any theme. Using fallback.
2025-04-07 18:33:55,677 - themes.core - WARNING - Color key 'text_secondary' not found in any theme. Using fallback.
2025-04-07 18:33:55,685 - themes.core - WARNING - Color key 'gauge_bg' not found in any theme. Using fallback.
2025-04-07 18:33:55,696 - themes.core - WARNING - Color key 'stock_bar_bg' not found in any theme. Using fallback.
2025-04-07 18:33:55,704 - themes.core - WARNING - Color key 'text_secondary' not found in any theme. Using fallback.
2025-04-07 18:33:55,712 - themes.core - WARNING - Color key 'gauge_bg' not found in any theme. Using fallback.
2025-04-07 18:33:55,720 - themes.core - WARNING - Color key 'stock_bar_bg' not found in any theme. Using fallback.
2025-04-07 18:33:55,728 - themes.core - WARNING - Color key 'text_secondary' not found in any theme. Using fallback.
2025-04-07 18:33:55,735 - themes.core - WARNING - Color key 'gauge_bg' not found in any theme. Using fallback.
2025-04-07 18:33:55,744 - themes.core - WARNING - Color key 'stock_bar_bg' not found in any theme. Using fallback.
2025-04-07 18:33:55,752 - themes.core - WARNING - Color key 'text_secondary' not found in any theme. Using fallback.
2025-04-07 18:33:55,759 - themes.core - WARNING - Color key 'gauge_bg' not found in any theme. Using fallback.
2025-04-07 18:33:55,769 - themes.core - WARNING - Color key 'stock_bar_bg' not found in any theme. Using fallback.
2025-04-07 18:33:55,777 - themes.core - WARNING - Color key 'text_secondary' not found in any theme. Using fallback.
2025-04-07 18:33:55,784 - themes.core - WARNING - Color key 'gauge_bg' not found in any theme. Using fallback.
2025-04-07 18:33:55,795 - themes.core - WARNING - Color key 'stock_bar_bg' not found in any theme. Using fallback.
2025-04-07 18:33:55,802 - themes.core - WARNING - Color key 'text_secondary' not found in any theme. Using fallback.
2025-04-07 18:33:55,976 - themes.core - WARNING - Color key 'gauge_bg' not found in any theme. Using fallback.
2025-04-07 18:33:55,987 - themes.core - WARNING - Color key 'stock_bar_bg' not found in any theme. Using fallback.
2025-04-07 18:33:55,995 - themes.core - WARNING - Color key 'text_secondary' not found in any theme. Using fallback.
2025-04-07 18:33:56,005 - themes.core - WARNING - Color key 'gauge_bg' not found in any theme. Using fallback.
2025-04-07 18:33:56,016 - themes.core - WARNING - Color key 'stock_bar_bg' not found in any theme. Using fallback.
2025-04-07 18:33:56,022 - themes.core - WARNING - Color key 'text_secondary' not found in any theme. Using fallback.
2025-04-07 18:33:56,038 - themes.core - WARNING - Color key 'gauge_bg' not found in any theme. Using fallback.
2025-04-07 18:33:56,047 - themes.core - WARNING - Color key 'stock_bar_bg' not found in any theme. Using fallback.
2025-04-07 18:33:56,062 - themes.core - WARNING - Color key 'text_secondary' not found in any theme. Using fallback.
2025-04-07 18:33:56,072 - themes.core - WARNING - Color key 'gauge_bg' not found in any theme. Using fallback.
2025-04-07 18:33:56,079 - themes.core - WARNING - Color key 'stock_bar_bg' not found in any theme. Using fallback.
2025-04-07 18:33:56,089 - themes.core - WARNING - Color key 'text_secondary' not found in any theme. Using fallback.
2025-04-07 18:33:56,096 - themes.core - WARNING - Color key 'gauge_bg' not found in any theme. Using fallback.
2025-04-07 18:33:56,104 - themes.core - WARNING - Color key 'stock_bar_bg' not found in any theme. Using fallback.
2025-04-07 18:33:56,112 - themes.core - WARNING - Color key 'text_secondary' not found in any theme. Using fallback.
2025-04-07 18:33:56,124 - themes.core - WARNING - Color key 'stock_bar_bg' not found in any theme. Using fallback.
2025-04-07 18:33:56,128 - themes.core - WARNING - Color key 'stock_bar_bg' not found in any theme. Using fallback.
2025-04-07 18:33:56,145 - themes.core - WARNING - Color key 'stock_bar_bg' not found in any theme. Using fallback.
2025-04-07 18:33:56,145 - themes.core - WARNING - Color key 'stock_bar_bg' not found in any theme. Using fallback.
2025-04-07 18:33:56,153 - themes.core - WARNING - Color key 'stock_bar_bg' not found in any theme. Using fallback.
2025-04-07 18:33:56,153 - themes.core - WARNING - Color key 'stock_bar_bg' not found in any theme. Using fallback.
2025-04-07 18:33:56,170 - themes.core - WARNING - Color key 'gauge_bg' not found in any theme. Using fallback.
2025-04-07 18:33:56,182 - themes.core - WARNING - Color key 'stock_bar_bg' not found in any theme. Using fallback.
2025-04-07 18:33:56,187 - themes.core - WARNING - Color key 'text_secondary' not found in any theme. Using fallback.
2025-04-07 18:33:56,195 - themes.core - WARNING - Color key 'gauge_bg' not found in any theme. Using fallback.
2025-04-07 18:33:56,203 - themes.core - WARNING - Color key 'stock_bar_bg' not found in any theme. Using fallback.
2025-04-07 18:33:56,215 - themes.core - WARNING - Color key 'text_secondary' not found in any theme. Using fallback.
2025-04-07 18:33:56,218 - themes.core - WARNING - Color key 'gauge_bg' not found in any theme. Using fallback.
2025-04-07 18:33:56,231 - themes.core - WARNING - Color key 'stock_bar_bg' not found in any theme. Using fallback.
2025-04-07 18:33:56,235 - themes.core - WARNING - Color key 'text_secondary' not found in any theme. Using fallback.
2025-04-07 18:33:56,243 - themes.core - WARNING - Color key 'gauge_bg' not found in any theme. Using fallback.
2025-04-07 18:33:56,251 - themes.core - WARNING - Color key 'stock_bar_bg' not found in any theme. Using fallback.
2025-04-07 18:33:56,265 - themes.core - WARNING - Color key 'text_secondary' not found in any theme. Using fallback.
2025-04-07 18:33:56,268 - themes.core - WARNING - Color key 'gauge_bg' not found in any theme. Using fallback.
2025-04-07 18:33:56,276 - themes.core - WARNING - Color key 'stock_bar_bg' not found in any theme. Using fallback.
2025-04-07 18:33:56,285 - themes.core - WARNING - Color key 'text_secondary' not found in any theme. Using fallback.
2025-04-07 18:33:56,455 - themes.core - WARNING - Color key 'gauge_bg' not found in any theme. Using fallback.
2025-04-07 18:33:56,465 - themes.core - WARNING - Color key 'stock_bar_bg' not found in any theme. Using fallback.
2025-04-07 18:33:56,471 - themes.core - WARNING - Color key 'text_secondary' not found in any theme. Using fallback.
2025-04-07 18:33:57,069 - themes.core - WARNING - Color key 'stock_bar_bg' not found in any theme. Using fallback.
2025-04-07 18:33:57,107 - themes.core - WARNING - Color key 'stock_bar_bg' not found in any theme. Using fallback.
2025-04-07 18:33:57,349 - themes.core - WARNING - Color key 'stock_bar_bg' not found in any theme. Using fallback.
2025-04-07 18:33:57,355 - themes.core - WARNING - Color key 'stock_bar_bg' not found in any theme. Using fallback.
2025-04-07 18:33:57,376 - themes.core - WARNING - Color key 'stock_bar_bg' not found in any theme. Using fallback.
2025-04-07 18:34:04,472 - parts_navigation.components.tiles_grid - INFO - Populating grid with 8 items using 4 columns
2025-04-07 18:34:04,508 - parts_navigation.components.tiles_grid - INFO - Grid has 4 active columns configured
2025-04-07 18:34:04,508 - parts_navigation.components.tiles_grid - INFO - Total tiles: 8
2025-04-07 18:34:04,508 - parts_navigation.components.tiles_grid - INFO - Visible tiles: 0
2025-04-07 18:34:04,509 - parts_navigation.container - INFO - Navigated to step 0
2025-04-07 18:34:04,586 - parts_navigation.components.tiles_grid - INFO - Adjusting columns from 4 to 9
2025-04-07 18:34:04,586 - parts_navigation.components.tiles_grid - INFO - Setting grid to 9 columns
2025-04-07 18:34:04,702 - parts_navigation.container - INFO - All navigation steps created successfully
2025-04-07 18:34:04,703 - parts_navigation.container - INFO - Starting delayed brand preloading
2025-04-07 18:34:04,703 - parts_navigation.steps.brand - INFO - Starting to preload brands data
2025-04-07 18:34:04,752 - parts_navigation.components.tiles_grid - INFO - Adjusting columns from 4 to 5
2025-04-07 18:34:04,752 - parts_navigation.components.tiles_grid - INFO - Setting grid to 5 columns
2025-04-07 18:34:04,753 - parts_navigation.components.tiles_grid - INFO - Adjusting columns from 3 to 5
2025-04-07 18:34:04,753 - parts_navigation.components.tiles_grid - INFO - Setting grid to 5 columns
2025-04-07 18:34:04,754 - parts_navigation.components.tiles_grid - INFO - Adjusting columns from 4 to 5
2025-04-07 18:34:04,754 - parts_navigation.components.tiles_grid - INFO - Setting grid to 5 columns
2025-04-07 18:34:04,874 - parts_navigation.steps.brand - INFO - Preloaded 43 brands
2025-04-07 18:34:04,874 - parts_navigation.logo_manager - INFO - Preloading logos for 43 brands
2025-04-07 18:34:04,927 - parts_navigation.steps.brand - INFO - Loaded 43 unique brands
2025-04-07 18:34:04,928 - parts_navigation.components.tiles_grid - INFO - Populating grid with 43 items using 9 columns
2025-04-07 18:34:05,097 - parts_navigation.container - INFO - All navigation steps created successfully
2025-04-07 18:34:05,902 - parts_navigation.components.tiles_grid - INFO - Grid has 9 active columns configured
2025-04-07 18:34:05,902 - parts_navigation.components.tiles_grid - INFO - Total tiles: 43
2025-04-07 18:34:05,902 - parts_navigation.components.tiles_grid - INFO - Visible tiles: 43
2025-04-07 18:34:05,959 - parts_navigation.logo_manager - INFO - Found 31 already cached logos out of 43
2025-04-07 18:34:05,959 - parts_navigation.steps.brand - INFO - Started preloading 43 brand logos
2025-04-07 18:34:06,780 - parts_navigation.components.tiles_grid - INFO - Adjusting columns from 3 to 5
2025-04-07 18:34:06,780 - parts_navigation.components.tiles_grid - INFO - Setting grid to 5 columns
2025-04-07 18:34:06,783 - parts_navigation.components.tiles_grid - INFO - Adjusting columns from 4 to 5
2025-04-07 18:34:06,783 - parts_navigation.components.tiles_grid - INFO - Setting grid to 5 columns
2025-04-07 18:36:02,188 - statistics - INFO - Refreshing statistics data
2025-04-07 18:36:02,188 - themes.core - WARNING - Color key 'info_bg' not found in any theme. Using fallback.
2025-04-07 18:36:02,188 - themes.core - WARNING - Color key 'info_border' not found in any theme. Using fallback.
2025-04-07 18:36:02,204 - database.car_parts_db - INFO - Thread 12616: New database connection established
2025-04-07 18:36:02,208 - themes.core - WARNING - Color key 'gauge_bg' not found in any theme. Using fallback.
2025-04-07 18:36:02,233 - themes.core - WARNING - Color key 'stock_bar_bg' not found in any theme. Using fallback.
2025-04-07 18:36:02,278 - themes.core - WARNING - Color key 'text_secondary' not found in any theme. Using fallback.
2025-04-07 18:36:02,376 - statistics - INFO - Loaded 2845 parts from database
2025-04-07 18:36:02,390 - themes.core - WARNING - Color key 'success_text' not found in any theme. Using fallback.
2025-04-07 18:36:02,390 - themes.core - WARNING - Color key 'success_bg' not found in any theme. Using fallback.
2025-04-07 18:36:02,390 - themes.core - WARNING - Color key 'success_border' not found in any theme. Using fallback.
2025-04-07 18:36:02,393 - themes.core - WARNING - Color key 'stock_bar_bg' not found in any theme. Using fallback.
2025-04-07 18:36:02,401 - themes.core - WARNING - Color key 'text_secondary' not found in any theme. Using fallback.
2025-04-07 18:36:02,411 - themes.core - WARNING - Color key 'stock_bar_bg' not found in any theme. Using fallback.
2025-04-07 18:36:04,101 - themes.core - WARNING - Color key 'gauge_bg' not found in any theme. Using fallback.
2025-04-07 18:36:04,109 - themes.core - WARNING - Color key 'stock_bar_bg' not found in any theme. Using fallback.
2025-04-07 18:36:04,118 - themes.core - WARNING - Color key 'text_secondary' not found in any theme. Using fallback.
2025-04-07 18:36:04,127 - themes.core - WARNING - Color key 'stock_bar_bg' not found in any theme. Using fallback.
2025-04-07 18:36:04,134 - themes.core - WARNING - Color key 'text_secondary' not found in any theme. Using fallback.
2025-04-07 18:36:04,142 - themes.core - WARNING - Color key 'stock_bar_bg' not found in any theme. Using fallback.
2025-04-07 18:36:04,150 - themes.core - WARNING - Color key 'text_secondary' not found in any theme. Using fallback.
2025-04-07 18:36:04,159 - themes.core - WARNING - Color key 'stock_bar_bg' not found in any theme. Using fallback.
2025-04-07 18:36:04,168 - themes.core - WARNING - Color key 'text_secondary' not found in any theme. Using fallback.
2025-04-07 18:36:04,178 - themes.core - WARNING - Color key 'stock_bar_bg' not found in any theme. Using fallback.
2025-04-07 18:36:04,183 - themes.core - WARNING - Color key 'text_secondary' not found in any theme. Using fallback.
2025-04-07 18:36:04,194 - themes.core - WARNING - Color key 'stock_bar_bg' not found in any theme. Using fallback.
2025-04-07 18:36:04,200 - themes.core - WARNING - Color key 'text_secondary' not found in any theme. Using fallback.
2025-04-07 18:36:04,218 - themes.core - WARNING - Color key 'stock_bar_bg' not found in any theme. Using fallback.
2025-04-07 18:36:04,228 - themes.core - WARNING - Color key 'text_secondary' not found in any theme. Using fallback.
2025-04-07 18:36:04,234 - themes.core - WARNING - Color key 'stock_bar_bg' not found in any theme. Using fallback.
2025-04-07 18:36:04,244 - themes.core - WARNING - Color key 'text_secondary' not found in any theme. Using fallback.
2025-04-07 18:36:04,258 - themes.core - WARNING - Color key 'stock_bar_bg' not found in any theme. Using fallback.
2025-04-07 18:36:04,265 - themes.core - WARNING - Color key 'text_secondary' not found in any theme. Using fallback.
2025-04-07 18:36:04,273 - themes.core - WARNING - Color key 'stock_bar_bg' not found in any theme. Using fallback.
2025-04-07 18:36:04,281 - themes.core - WARNING - Color key 'text_secondary' not found in any theme. Using fallback.
2025-04-07 18:36:04,290 - themes.core - WARNING - Color key 'stock_bar_bg' not found in any theme. Using fallback.
2025-04-07 18:36:04,290 - themes.core - WARNING - Color key 'text_secondary' not found in any theme. Using fallback.
2025-04-07 18:36:04,663 - themes.core - WARNING - Color key 'stock_bar_bg' not found in any theme. Using fallback.
2025-04-07 18:36:04,673 - themes.core - WARNING - Color key 'text_secondary' not found in any theme. Using fallback.
2025-04-07 18:36:04,683 - themes.core - WARNING - Color key 'stock_bar_bg' not found in any theme. Using fallback.
2025-04-07 18:36:04,688 - themes.core - WARNING - Color key 'text_secondary' not found in any theme. Using fallback.
2025-04-07 18:36:04,697 - themes.core - WARNING - Color key 'gauge_bg' not found in any theme. Using fallback.
2025-04-07 18:36:04,712 - themes.core - WARNING - Color key 'stock_bar_bg' not found in any theme. Using fallback.
2025-04-07 18:36:04,718 - themes.core - WARNING - Color key 'text_secondary' not found in any theme. Using fallback.
2025-04-07 18:36:04,728 - themes.core - WARNING - Color key 'gauge_bg' not found in any theme. Using fallback.
2025-04-07 18:36:04,738 - themes.core - WARNING - Color key 'stock_bar_bg' not found in any theme. Using fallback.
2025-04-07 18:36:04,744 - themes.core - WARNING - Color key 'text_secondary' not found in any theme. Using fallback.
2025-04-07 18:36:04,748 - themes.core - WARNING - Color key 'gauge_bg' not found in any theme. Using fallback.
2025-04-07 18:36:04,760 - themes.core - WARNING - Color key 'stock_bar_bg' not found in any theme. Using fallback.
2025-04-07 18:36:04,767 - themes.core - WARNING - Color key 'text_secondary' not found in any theme. Using fallback.
2025-04-07 18:36:04,778 - themes.core - WARNING - Color key 'gauge_bg' not found in any theme. Using fallback.
2025-04-07 18:36:04,788 - themes.core - WARNING - Color key 'stock_bar_bg' not found in any theme. Using fallback.
2025-04-07 18:36:04,790 - themes.core - WARNING - Color key 'text_secondary' not found in any theme. Using fallback.
2025-04-07 18:36:04,802 - themes.core - WARNING - Color key 'gauge_bg' not found in any theme. Using fallback.
2025-04-07 18:36:04,808 - themes.core - WARNING - Color key 'stock_bar_bg' not found in any theme. Using fallback.
2025-04-07 18:36:04,818 - themes.core - WARNING - Color key 'text_secondary' not found in any theme. Using fallback.
2025-04-07 18:36:05,092 - themes.core - WARNING - Color key 'gauge_bg' not found in any theme. Using fallback.
2025-04-07 18:36:05,105 - themes.core - WARNING - Color key 'stock_bar_bg' not found in any theme. Using fallback.
2025-04-07 18:36:05,112 - themes.core - WARNING - Color key 'text_secondary' not found in any theme. Using fallback.
2025-04-07 18:36:05,119 - themes.core - WARNING - Color key 'gauge_bg' not found in any theme. Using fallback.
2025-04-07 18:36:05,131 - themes.core - WARNING - Color key 'stock_bar_bg' not found in any theme. Using fallback.
2025-04-07 18:36:05,137 - themes.core - WARNING - Color key 'text_secondary' not found in any theme. Using fallback.
2025-04-07 18:36:05,148 - themes.core - WARNING - Color key 'gauge_bg' not found in any theme. Using fallback.
2025-04-07 18:36:05,151 - themes.core - WARNING - Color key 'stock_bar_bg' not found in any theme. Using fallback.
2025-04-07 18:36:05,160 - themes.core - WARNING - Color key 'text_secondary' not found in any theme. Using fallback.
2025-04-07 18:36:05,168 - themes.core - WARNING - Color key 'gauge_bg' not found in any theme. Using fallback.
2025-04-07 18:36:05,180 - themes.core - WARNING - Color key 'stock_bar_bg' not found in any theme. Using fallback.
2025-04-07 18:36:05,193 - themes.core - WARNING - Color key 'text_secondary' not found in any theme. Using fallback.
2025-04-07 18:36:05,201 - themes.core - WARNING - Color key 'gauge_bg' not found in any theme. Using fallback.
2025-04-07 18:36:05,209 - themes.core - WARNING - Color key 'stock_bar_bg' not found in any theme. Using fallback.
2025-04-07 18:36:05,218 - themes.core - WARNING - Color key 'text_secondary' not found in any theme. Using fallback.
2025-04-07 18:36:05,228 - themes.core - WARNING - Color key 'gauge_bg' not found in any theme. Using fallback.
2025-04-07 18:36:05,235 - themes.core - WARNING - Color key 'stock_bar_bg' not found in any theme. Using fallback.
2025-04-07 18:36:05,244 - themes.core - WARNING - Color key 'text_secondary' not found in any theme. Using fallback.
2025-04-07 18:36:05,598 - themes.core - WARNING - Color key 'gauge_bg' not found in any theme. Using fallback.
2025-04-07 18:36:05,608 - themes.core - WARNING - Color key 'stock_bar_bg' not found in any theme. Using fallback.
2025-04-07 18:36:05,615 - themes.core - WARNING - Color key 'text_secondary' not found in any theme. Using fallback.
2025-04-07 18:36:05,623 - themes.core - WARNING - Color key 'gauge_bg' not found in any theme. Using fallback.
2025-04-07 18:36:05,637 - themes.core - WARNING - Color key 'stock_bar_bg' not found in any theme. Using fallback.
2025-04-07 18:36:05,645 - themes.core - WARNING - Color key 'text_secondary' not found in any theme. Using fallback.
2025-04-07 18:36:05,648 - themes.core - WARNING - Color key 'gauge_bg' not found in any theme. Using fallback.
2025-04-07 18:36:05,662 - themes.core - WARNING - Color key 'stock_bar_bg' not found in any theme. Using fallback.
2025-04-07 18:36:05,668 - themes.core - WARNING - Color key 'text_secondary' not found in any theme. Using fallback.
2025-04-07 18:36:05,677 - themes.core - WARNING - Color key 'gauge_bg' not found in any theme. Using fallback.
2025-04-07 18:36:05,681 - themes.core - WARNING - Color key 'stock_bar_bg' not found in any theme. Using fallback.
2025-04-07 18:36:05,690 - themes.core - WARNING - Color key 'text_secondary' not found in any theme. Using fallback.
2025-04-07 18:36:05,989 - themes.core - WARNING - Color key 'gauge_bg' not found in any theme. Using fallback.
2025-04-07 18:36:06,008 - themes.core - WARNING - Color key 'stock_bar_bg' not found in any theme. Using fallback.
2025-04-07 18:36:06,013 - themes.core - WARNING - Color key 'text_secondary' not found in any theme. Using fallback.
2025-04-07 18:36:06,030 - themes.core - WARNING - Color key 'gauge_bg' not found in any theme. Using fallback.
2025-04-07 18:36:06,040 - themes.core - WARNING - Color key 'stock_bar_bg' not found in any theme. Using fallback.
2025-04-07 18:36:06,048 - themes.core - WARNING - Color key 'gauge_bg' not found in any theme. Using fallback.
2025-04-07 18:36:06,058 - themes.core - WARNING - Color key 'stock_bar_bg' not found in any theme. Using fallback.
2025-04-07 18:36:06,071 - themes.core - WARNING - Color key 'gauge_bg' not found in any theme. Using fallback.
2025-04-07 18:36:06,080 - themes.core - WARNING - Color key 'stock_bar_bg' not found in any theme. Using fallback.
2025-04-07 18:36:06,096 - themes.core - WARNING - Color key 'gauge_bg' not found in any theme. Using fallback.
2025-04-07 18:36:06,108 - themes.core - WARNING - Color key 'stock_bar_bg' not found in any theme. Using fallback.
2025-04-07 18:36:06,114 - themes.core - WARNING - Color key 'gauge_bg' not found in any theme. Using fallback.
2025-04-07 18:36:06,124 - themes.core - WARNING - Color key 'stock_bar_bg' not found in any theme. Using fallback.
2025-04-07 18:36:06,138 - themes.core - WARNING - Color key 'gauge_bg' not found in any theme. Using fallback.
2025-04-07 18:36:06,154 - themes.core - WARNING - Color key 'stock_bar_bg' not found in any theme. Using fallback.
2025-04-07 18:36:06,161 - themes.core - WARNING - Color key 'gauge_bg' not found in any theme. Using fallback.
2025-04-07 18:36:06,186 - themes.core - WARNING - Color key 'stock_bar_bg' not found in any theme. Using fallback.
2025-04-07 18:36:07,369 - themes.core - WARNING - Color key 'gauge_bg' not found in any theme. Using fallback.
2025-04-07 18:36:07,386 - themes.core - WARNING - Color key 'stock_bar_bg' not found in any theme. Using fallback.
2025-04-07 18:36:07,391 - themes.core - WARNING - Color key 'gauge_bg' not found in any theme. Using fallback.
2025-04-07 18:36:07,403 - themes.core - WARNING - Color key 'stock_bar_bg' not found in any theme. Using fallback.
2025-04-07 18:36:07,408 - themes.core - WARNING - Color key 'text_secondary' not found in any theme. Using fallback.
2025-04-07 18:36:08,348 - themes.core - WARNING - Color key 'gauge_bg' not found in any theme. Using fallback.
2025-04-07 18:36:08,357 - themes.core - WARNING - Color key 'stock_bar_bg' not found in any theme. Using fallback.
2025-04-07 18:36:08,365 - themes.core - WARNING - Color key 'text_secondary' not found in any theme. Using fallback.
2025-04-07 18:36:16,082 - parts_navigation.components.tiles_grid - INFO - Populating grid with 8 items using 4 columns
2025-04-07 18:36:16,098 - parts_navigation.components.tiles_grid - INFO - Grid has 4 active columns configured
2025-04-07 18:36:16,098 - parts_navigation.components.tiles_grid - INFO - Total tiles: 8
2025-04-07 18:36:16,099 - parts_navigation.components.tiles_grid - INFO - Visible tiles: 0
2025-04-07 18:36:16,099 - parts_navigation.container - INFO - Navigated to step 0
2025-04-07 18:36:16,140 - parts_navigation.components.tiles_grid - INFO - Adjusting columns from 4 to 9
2025-04-07 18:36:16,140 - parts_navigation.components.tiles_grid - INFO - Setting grid to 9 columns
2025-04-07 18:36:16,234 - parts_navigation.container - INFO - All navigation steps created successfully
2025-04-07 18:36:16,235 - parts_navigation.container - INFO - Starting delayed brand preloading
2025-04-07 18:36:16,235 - parts_navigation.steps.brand - INFO - Starting to preload brands data
2025-04-07 18:36:16,252 - parts_navigation.components.tiles_grid - INFO - Adjusting columns from 4 to 5
2025-04-07 18:36:16,252 - parts_navigation.components.tiles_grid - INFO - Setting grid to 5 columns
2025-04-07 18:36:16,252 - parts_navigation.components.tiles_grid - INFO - Adjusting columns from 3 to 5
2025-04-07 18:36:16,253 - parts_navigation.components.tiles_grid - INFO - Setting grid to 5 columns
2025-04-07 18:36:16,253 - parts_navigation.components.tiles_grid - INFO - Adjusting columns from 4 to 5
2025-04-07 18:36:16,253 - parts_navigation.components.tiles_grid - INFO - Setting grid to 5 columns
2025-04-07 18:36:16,302 - parts_navigation.steps.brand - INFO - Preloaded 43 brands
2025-04-07 18:36:16,302 - parts_navigation.logo_manager - INFO - Preloading logos for 43 brands
2025-04-07 18:36:16,321 - parts_navigation.components.tiles_grid - INFO - Adjusting columns from 3 to 5
2025-04-07 18:36:16,321 - parts_navigation.components.tiles_grid - INFO - Setting grid to 5 columns
2025-04-07 18:36:16,323 - parts_navigation.components.tiles_grid - INFO - Adjusting columns from 4 to 5
2025-04-07 18:36:16,323 - parts_navigation.components.tiles_grid - INFO - Setting grid to 5 columns
2025-04-07 18:36:16,327 - parts_navigation.steps.brand - INFO - Loaded 43 unique brands
2025-04-07 18:36:16,328 - parts_navigation.components.tiles_grid - INFO - Populating grid with 43 items using 9 columns
2025-04-07 18:36:16,445 - parts_navigation.container - INFO - All navigation steps created successfully
2025-04-07 18:36:16,937 - parts_navigation.components.tiles_grid - INFO - Grid has 9 active columns configured
2025-04-07 18:36:16,937 - parts_navigation.components.tiles_grid - INFO - Total tiles: 43
2025-04-07 18:36:16,937 - parts_navigation.components.tiles_grid - INFO - Visible tiles: 43
2025-04-07 18:36:16,998 - parts_navigation.logo_manager - INFO - Found 31 already cached logos out of 43
2025-04-07 18:36:16,998 - parts_navigation.steps.brand - INFO - Started preloading 43 brand logos
2025-04-07 18:41:34,376 - parts_navigation.components.tiles_grid - INFO - Populating grid with 8 items using 4 columns
2025-04-07 18:41:34,394 - parts_navigation.components.tiles_grid - INFO - Grid has 4 active columns configured
2025-04-07 18:41:34,394 - parts_navigation.components.tiles_grid - INFO - Total tiles: 8
2025-04-07 18:41:34,394 - parts_navigation.components.tiles_grid - INFO - Visible tiles: 0
2025-04-07 18:41:34,394 - parts_navigation.container - INFO - Navigated to step 0
2025-04-07 18:41:34,439 - parts_navigation.components.tiles_grid - INFO - Adjusting columns from 4 to 9
2025-04-07 18:41:34,439 - parts_navigation.components.tiles_grid - INFO - Setting grid to 9 columns
2025-04-07 18:41:34,500 - parts_navigation.container - INFO - All navigation steps created successfully
2025-04-07 18:41:34,500 - parts_navigation.container - INFO - Starting delayed brand preloading
2025-04-07 18:41:34,500 - parts_navigation.steps.brand - INFO - Starting to preload brands data
2025-04-07 18:41:34,520 - parts_navigation.components.tiles_grid - INFO - Adjusting columns from 4 to 5
2025-04-07 18:41:34,520 - parts_navigation.components.tiles_grid - INFO - Setting grid to 5 columns
2025-04-07 18:41:34,520 - parts_navigation.components.tiles_grid - INFO - Adjusting columns from 3 to 5
2025-04-07 18:41:34,520 - parts_navigation.components.tiles_grid - INFO - Setting grid to 5 columns
2025-04-07 18:41:34,520 - parts_navigation.components.tiles_grid - INFO - Adjusting columns from 4 to 5
2025-04-07 18:41:34,520 - parts_navigation.components.tiles_grid - INFO - Setting grid to 5 columns
2025-04-07 18:41:34,566 - parts_navigation.steps.brand - INFO - Preloaded 43 brands
2025-04-07 18:41:34,566 - parts_navigation.logo_manager - INFO - Preloading logos for 43 brands
2025-04-07 18:41:34,594 - parts_navigation.components.tiles_grid - INFO - Adjusting columns from 3 to 5
2025-04-07 18:41:34,594 - parts_navigation.components.tiles_grid - INFO - Setting grid to 5 columns
2025-04-07 18:41:34,596 - parts_navigation.components.tiles_grid - INFO - Adjusting columns from 4 to 5
2025-04-07 18:41:34,596 - parts_navigation.components.tiles_grid - INFO - Setting grid to 5 columns
2025-04-07 18:41:34,615 - parts_navigation.steps.brand - INFO - Loaded 43 unique brands
2025-04-07 18:41:34,615 - parts_navigation.components.tiles_grid - INFO - Populating grid with 43 items using 9 columns
2025-04-07 18:41:34,768 - parts_navigation.container - INFO - All navigation steps created successfully
2025-04-07 18:41:35,318 - parts_navigation.components.tiles_grid - INFO - Grid has 9 active columns configured
2025-04-07 18:41:35,318 - parts_navigation.components.tiles_grid - INFO - Total tiles: 43
2025-04-07 18:41:35,318 - parts_navigation.components.tiles_grid - INFO - Visible tiles: 43
2025-04-07 18:41:35,391 - parts_navigation.logo_manager - INFO - Found 31 already cached logos out of 43
2025-04-07 18:41:35,391 - parts_navigation.steps.brand - INFO - Started preloading 43 brand logos
2025-04-07 18:41:42,689 - statistics - INFO - Refreshing statistics data
2025-04-07 18:41:42,690 - themes.core - WARNING - Color key 'info_bg' not found in any theme. Using fallback.
2025-04-07 18:41:42,690 - themes.core - WARNING - Color key 'info_border' not found in any theme. Using fallback.
2025-04-07 18:41:42,736 - database.car_parts_db - INFO - Thread 12616: New database connection established
2025-04-07 18:41:42,742 - themes.core - WARNING - Color key 'gauge_bg' not found in any theme. Using fallback.
2025-04-07 18:41:42,755 - themes.core - WARNING - Color key 'stock_bar_bg' not found in any theme. Using fallback.
2025-04-07 18:41:42,810 - database.car_parts_db - WARNING - Error closing cursor: Unread result found
2025-04-07 18:41:42,810 - database.car_parts_db - WARNING - Error closing connection: Unread result found
2025-04-07 18:41:42,824 - statistics - INFO - Loaded 2845 parts from database
2025-04-07 18:41:42,839 - themes.core - WARNING - Color key 'success_text' not found in any theme. Using fallback.
2025-04-07 18:41:42,840 - themes.core - WARNING - Color key 'success_bg' not found in any theme. Using fallback.
2025-04-07 18:41:42,840 - themes.core - WARNING - Color key 'success_border' not found in any theme. Using fallback.
2025-04-07 18:41:42,840 - themes.core - WARNING - Color key 'stock_bar_bg' not found in any theme. Using fallback.
2025-04-07 18:41:42,849 - themes.core - WARNING - Color key 'stock_bar_bg' not found in any theme. Using fallback.
2025-04-07 18:41:50,368 - parts_navigation.components.tiles_grid - INFO - Populating grid with 8 items using 4 columns
2025-04-07 18:41:50,393 - parts_navigation.components.tiles_grid - INFO - Grid has 4 active columns configured
2025-04-07 18:41:50,393 - parts_navigation.components.tiles_grid - INFO - Total tiles: 8
2025-04-07 18:41:50,393 - parts_navigation.components.tiles_grid - INFO - Visible tiles: 0
2025-04-07 18:41:50,394 - parts_navigation.container - INFO - Navigated to step 0
2025-04-07 18:41:50,442 - parts_navigation.components.tiles_grid - INFO - Adjusting columns from 4 to 9
2025-04-07 18:41:50,442 - parts_navigation.components.tiles_grid - INFO - Setting grid to 9 columns
2025-04-07 18:41:50,505 - parts_navigation.container - INFO - All navigation steps created successfully
2025-04-07 18:41:50,505 - parts_navigation.container - INFO - Starting delayed brand preloading
2025-04-07 18:41:50,506 - parts_navigation.steps.brand - INFO - Starting to preload brands data
2025-04-07 18:41:50,557 - database.car_parts_db - INFO - Thread 12616: New database connection established
2025-04-07 18:41:50,581 - parts_navigation.components.tiles_grid - INFO - Adjusting columns from 4 to 5
2025-04-07 18:41:50,583 - parts_navigation.components.tiles_grid - INFO - Setting grid to 5 columns
2025-04-07 18:41:50,584 - parts_navigation.components.tiles_grid - INFO - Adjusting columns from 3 to 5
2025-04-07 18:41:50,584 - parts_navigation.components.tiles_grid - INFO - Setting grid to 5 columns
2025-04-07 18:41:50,585 - parts_navigation.components.tiles_grid - INFO - Adjusting columns from 4 to 5
2025-04-07 18:41:50,586 - parts_navigation.components.tiles_grid - INFO - Setting grid to 5 columns
2025-04-07 18:41:50,645 - parts_navigation.steps.brand - INFO - Preloaded 43 brands
2025-04-07 18:41:50,645 - parts_navigation.logo_manager - INFO - Preloading logos for 43 brands
2025-04-07 18:41:50,661 - parts_navigation.components.tiles_grid - INFO - Adjusting columns from 3 to 5
2025-04-07 18:41:50,661 - parts_navigation.components.tiles_grid - INFO - Setting grid to 5 columns
2025-04-07 18:41:50,663 - parts_navigation.components.tiles_grid - INFO - Adjusting columns from 4 to 5
2025-04-07 18:41:50,663 - parts_navigation.components.tiles_grid - INFO - Setting grid to 5 columns
2025-04-07 18:41:50,669 - parts_navigation.steps.brand - INFO - Loaded 43 unique brands
2025-04-07 18:41:50,669 - parts_navigation.components.tiles_grid - INFO - Populating grid with 43 items using 9 columns
2025-04-07 18:41:50,798 - parts_navigation.container - INFO - All navigation steps created successfully
2025-04-07 18:41:51,370 - parts_navigation.components.tiles_grid - INFO - Grid has 9 active columns configured
2025-04-07 18:41:51,370 - parts_navigation.components.tiles_grid - INFO - Total tiles: 43
2025-04-07 18:41:51,370 - parts_navigation.components.tiles_grid - INFO - Visible tiles: 43
2025-04-07 18:41:51,432 - parts_navigation.logo_manager - INFO - Found 31 already cached logos out of 43
2025-04-07 18:41:51,432 - parts_navigation.steps.brand - INFO - Started preloading 43 brand logos
2025-04-07 18:42:29,204 - gui.event_handlers - INFO - Closing database connection...
2025-04-07 18:42:29,252 - __main__ - INFO - Cleaning up application resources...
2025-04-07 18:42:29,253 - __main__ - INFO - Closing database connection...
2025-04-07 18:42:29,253 - __main__ - INFO - Cleaning up parts navigation resources...
2025-04-07 18:42:29,293 - database.car_parts_db - INFO - Thread 12616: New database connection established
2025-04-07 18:42:29,302 - __main__ - INFO - Application shutdown complete
2025-04-07 18:58:29,927 - root - INFO - Logging system initialized (level: INFO)
2025-04-07 18:58:29,928 - root - INFO - Log files directory: C:\Users\97253\Desktop\BeastMode-CSIntro-Excercises\CousinTestProject\logs
2025-04-07 18:58:30,378 - config - INFO - Determined application root: C:\Users\97253\Desktop\BeastMode-CSIntro-Excercises\CousinTestProject
2025-04-07 18:58:45,589 - __main__ - INFO - Application starting at: 2025-04-07 18:58:45
2025-04-07 18:58:45,589 - __main__ - INFO - Current user: BaselAM
2025-04-07 18:58:45,779 - __main__ - INFO - Initializing database connection...
2025-04-07 18:58:46,369 - database.car_parts_db - INFO - Thread 15536: Database connection established
2025-04-07 18:58:46,369 - database.car_parts_db - INFO - Initialized database connection to localhost
2025-04-07 18:58:46,410 - __main__ - INFO - Connected to database. Found 2845 parts.
2025-04-07 18:58:46,410 - translations - INFO - Loading translation files from C:\Users\97253\Desktop\BeastMode-CSIntro-Excercises\CousinTestProject\translations\data
2025-04-07 18:58:46,412 - translations - INFO - Loaded translations for namespace 'car_parts' from C:\Users\97253\Desktop\BeastMode-CSIntro-Excercises\CousinTestProject\translations\data\car_parts.json
2025-04-07 18:58:46,413 - translations - INFO - Loaded translations for namespace 'errors' from C:\Users\97253\Desktop\BeastMode-CSIntro-Excercises\CousinTestProject\translations\data\errors.json
2025-04-07 18:58:46,414 - translations - INFO - Loaded translations for namespace 'filters' from C:\Users\97253\Desktop\BeastMode-CSIntro-Excercises\CousinTestProject\translations\data\filters.json
2025-04-07 18:58:46,414 - translations - INFO - Loaded translations for namespace 'help' from C:\Users\97253\Desktop\BeastMode-CSIntro-Excercises\CousinTestProject\translations\data\help.json
2025-04-07 18:58:46,415 - translations - INFO - Loaded translations for namespace 'login' from C:\Users\97253\Desktop\BeastMode-CSIntro-Excercises\CousinTestProject\translations\data\login.json
2025-04-07 18:58:46,416 - translations - INFO - Loaded translations for namespace 'navigation' from C:\Users\97253\Desktop\BeastMode-CSIntro-Excercises\CousinTestProject\translations\data\navigation.json
2025-04-07 18:58:46,418 - translations - INFO - Loaded translations for namespace 'notifications' from C:\Users\97253\Desktop\BeastMode-CSIntro-Excercises\CousinTestProject\translations\data\notifications.json
2025-04-07 18:58:46,419 - translations - INFO - Loaded translations for namespace 'parts_nav_translations' from C:\Users\97253\Desktop\BeastMode-CSIntro-Excercises\CousinTestProject\translations\data\parts_nav_translations.json
2025-04-07 18:58:46,420 - translations - INFO - Loaded translations for namespace 'products' from C:\Users\97253\Desktop\BeastMode-CSIntro-Excercises\CousinTestProject\translations\data\products.json
2025-04-07 18:58:46,421 - translations - INFO - Loaded translations for namespace 'settings' from C:\Users\97253\Desktop\BeastMode-CSIntro-Excercises\CousinTestProject\translations\data\settings.json
2025-04-07 18:58:46,422 - translations - INFO - Loaded translations for namespace 'ui' from C:\Users\97253\Desktop\BeastMode-CSIntro-Excercises\CousinTestProject\translations\data\ui.json
2025-04-07 18:58:46,422 - translations - INFO - Loaded translations for namespace 'validations' from C:\Users\97253\Desktop\BeastMode-CSIntro-Excercises\CousinTestProject\translations\data\validations.json
2025-04-07 18:58:46,422 - translations - INFO - Loaded 12 translation files from C:\Users\97253\Desktop\BeastMode-CSIntro-Excercises\CousinTestProject\translations\data
2025-04-07 18:58:46,423 - translations - INFO - Loaded 12 translation files
2025-04-07 18:58:46,776 - UsersDB - INFO - Connected to user database at C:\Users\97253\Desktop\BeastMode-CSIntro-Excercises\CousinTestProject\database\users.db
2025-04-07 18:58:46,777 - UsersDB - INFO - Database tables created successfully
2025-04-07 18:58:47,903 - widgets.header.chatbot.api_key_manager - INFO - API key loaded successfully
2025-04-07 18:58:48,037 - widgets.header.chatbot.openai_client - INFO - OpenAI client initialized successfully
2025-04-07 18:58:48,238 - statistics - INFO - Initializing PremiumStatisticsWidget
2025-04-07 18:59:15,972 - root - INFO - Logging system initialized (level: INFO)
2025-04-07 18:59:15,972 - root - INFO - Log files directory: C:\Users\97253\Desktop\BeastMode-CSIntro-Excercises\CousinTestProject\logs
2025-04-07 18:59:16,076 - config - INFO - Determined application root: C:\Users\97253\Desktop\BeastMode-CSIntro-Excercises\CousinTestProject
2025-04-07 18:59:21,588 - __main__ - INFO - Application starting at: 2025-04-07 18:59:21
2025-04-07 18:59:21,588 - __main__ - INFO - Current user: BaselAM
2025-04-07 18:59:21,630 - __main__ - INFO - Initializing database connection...
2025-04-07 18:59:21,758 - database.car_parts_db - INFO - Thread 3564: Database connection established
2025-04-07 18:59:21,759 - database.car_parts_db - INFO - Initialized database connection to localhost
2025-04-07 18:59:21,784 - __main__ - INFO - Connected to database. Found 2845 parts.
2025-04-07 18:59:21,784 - translations - INFO - Loading translation files from C:\Users\97253\Desktop\BeastMode-CSIntro-Excercises\CousinTestProject\translations\data
2025-04-07 18:59:21,786 - translations - INFO - Loaded translations for namespace 'car_parts' from C:\Users\97253\Desktop\BeastMode-CSIntro-Excercises\CousinTestProject\translations\data\car_parts.json
2025-04-07 18:59:21,786 - translations - INFO - Loaded translations for namespace 'errors' from C:\Users\97253\Desktop\BeastMode-CSIntro-Excercises\CousinTestProject\translations\data\errors.json
2025-04-07 18:59:21,787 - translations - INFO - Loaded translations for namespace 'filters' from C:\Users\97253\Desktop\BeastMode-CSIntro-Excercises\CousinTestProject\translations\data\filters.json
2025-04-07 18:59:21,788 - translations - INFO - Loaded translations for namespace 'help' from C:\Users\97253\Desktop\BeastMode-CSIntro-Excercises\CousinTestProject\translations\data\help.json
2025-04-07 18:59:21,788 - translations - INFO - Loaded translations for namespace 'login' from C:\Users\97253\Desktop\BeastMode-CSIntro-Excercises\CousinTestProject\translations\data\login.json
2025-04-07 18:59:21,789 - translations - INFO - Loaded translations for namespace 'navigation' from C:\Users\97253\Desktop\BeastMode-CSIntro-Excercises\CousinTestProject\translations\data\navigation.json
2025-04-07 18:59:21,789 - translations - INFO - Loaded translations for namespace 'notifications' from C:\Users\97253\Desktop\BeastMode-CSIntro-Excercises\CousinTestProject\translations\data\notifications.json
2025-04-07 18:59:21,790 - translations - INFO - Loaded translations for namespace 'parts_nav_translations' from C:\Users\97253\Desktop\BeastMode-CSIntro-Excercises\CousinTestProject\translations\data\parts_nav_translations.json
2025-04-07 18:59:21,790 - translations - INFO - Loaded translations for namespace 'products' from C:\Users\97253\Desktop\BeastMode-CSIntro-Excercises\CousinTestProject\translations\data\products.json
2025-04-07 18:59:21,791 - translations - INFO - Loaded translations for namespace 'settings' from C:\Users\97253\Desktop\BeastMode-CSIntro-Excercises\CousinTestProject\translations\data\settings.json
2025-04-07 18:59:21,792 - translations - INFO - Loaded translations for namespace 'ui' from C:\Users\97253\Desktop\BeastMode-CSIntro-Excercises\CousinTestProject\translations\data\ui.json
2025-04-07 18:59:21,792 - translations - INFO - Loaded translations for namespace 'validations' from C:\Users\97253\Desktop\BeastMode-CSIntro-Excercises\CousinTestProject\translations\data\validations.json
2025-04-07 18:59:21,792 - translations - INFO - Loaded 12 translation files from C:\Users\97253\Desktop\BeastMode-CSIntro-Excercises\CousinTestProject\translations\data
2025-04-07 18:59:21,792 - translations - INFO - Loaded 12 translation files
2025-04-07 18:59:21,942 - UsersDB - INFO - Connected to user database at C:\Users\97253\Desktop\BeastMode-CSIntro-Excercises\CousinTestProject\database\users.db
2025-04-07 18:59:21,944 - UsersDB - INFO - Database tables created successfully
2025-04-07 18:59:22,638 - widgets.header.chatbot.api_key_manager - INFO - API key loaded successfully
2025-04-07 18:59:22,741 - widgets.header.chatbot.openai_client - INFO - OpenAI client initialized successfully
2025-04-07 18:59:22,891 - statistics - INFO - Initializing PremiumStatisticsWidget
2025-04-08 06:37:33,370 - root - INFO - Logging system initialized (level: INFO)
2025-04-08 06:37:33,371 - root - INFO - Log files directory: C:\Users\97253\Desktop\BeastMode-CSIntro-Excercises\CousinTestProject\logs
2025-04-08 06:37:38,574 - config - INFO - Determined application root: C:\Users\97253\Desktop\BeastMode-CSIntro-Excercises\CousinTestProject
2025-04-08 06:38:07,978 - root - INFO - Logging system initialized (level: INFO)
2025-04-08 06:38:07,978 - root - INFO - Log files directory: C:\Users\97253\Desktop\BeastMode-CSIntro-Excercises\CousinTestProject\logs
2025-04-08 06:38:08,170 - config - INFO - Determined application root: C:\Users\97253\Desktop\BeastMode-CSIntro-Excercises\CousinTestProject
2025-04-08 06:38:13,357 - __main__ - INFO - Application starting at: 2025-04-08 06:38:13
2025-04-08 06:38:13,357 - __main__ - INFO - Current user: BaselAM
2025-04-08 06:38:13,449 - __main__ - INFO - Initializing database connection...
2025-04-08 06:38:13,961 - database.car_parts_db - INFO - Thread 3996: Database connection established
2025-04-08 06:38:13,961 - database.car_parts_db - INFO - Initialized database connection to localhost
2025-04-08 06:38:13,994 - __main__ - INFO - Connected to database. Found 2845 parts.
2025-04-08 06:38:13,994 - translations - INFO - Loading translation files from C:\Users\97253\Desktop\BeastMode-CSIntro-Excercises\CousinTestProject\translations\data
2025-04-08 06:38:14,007 - translations - INFO - Loaded translations for namespace 'car_parts' from C:\Users\97253\Desktop\BeastMode-CSIntro-Excercises\CousinTestProject\translations\data\car_parts.json
2025-04-08 06:38:14,021 - translations - INFO - Loaded translations for namespace 'errors' from C:\Users\97253\Desktop\BeastMode-CSIntro-Excercises\CousinTestProject\translations\data\errors.json
2025-04-08 06:38:14,034 - translations - INFO - Loaded translations for namespace 'filters' from C:\Users\97253\Desktop\BeastMode-CSIntro-Excercises\CousinTestProject\translations\data\filters.json
2025-04-08 06:38:14,046 - translations - INFO - Loaded translations for namespace 'help' from C:\Users\97253\Desktop\BeastMode-CSIntro-Excercises\CousinTestProject\translations\data\help.json
2025-04-08 06:38:14,066 - translations - INFO - Loaded translations for namespace 'login' from C:\Users\97253\Desktop\BeastMode-CSIntro-Excercises\CousinTestProject\translations\data\login.json
2025-04-08 06:38:14,077 - translations - INFO - Loaded translations for namespace 'navigation' from C:\Users\97253\Desktop\BeastMode-CSIntro-Excercises\CousinTestProject\translations\data\navigation.json
2025-04-08 06:38:14,087 - translations - INFO - Loaded translations for namespace 'notifications' from C:\Users\97253\Desktop\BeastMode-CSIntro-Excercises\CousinTestProject\translations\data\notifications.json
2025-04-08 06:38:14,099 - translations - INFO - Loaded translations for namespace 'parts_nav_translations' from C:\Users\97253\Desktop\BeastMode-CSIntro-Excercises\CousinTestProject\translations\data\parts_nav_translations.json
2025-04-08 06:38:14,111 - translations - INFO - Loaded translations for namespace 'products' from C:\Users\97253\Desktop\BeastMode-CSIntro-Excercises\CousinTestProject\translations\data\products.json
2025-04-08 06:38:14,126 - translations - INFO - Loaded translations for namespace 'settings' from C:\Users\97253\Desktop\BeastMode-CSIntro-Excercises\CousinTestProject\translations\data\settings.json
2025-04-08 06:38:14,140 - translations - INFO - Loaded translations for namespace 'ui' from C:\Users\97253\Desktop\BeastMode-CSIntro-Excercises\CousinTestProject\translations\data\ui.json
2025-04-08 06:38:14,150 - translations - INFO - Loaded translations for namespace 'validations' from C:\Users\97253\Desktop\BeastMode-CSIntro-Excercises\CousinTestProject\translations\data\validations.json
2025-04-08 06:38:14,151 - translations - INFO - Loaded 12 translation files from C:\Users\97253\Desktop\BeastMode-CSIntro-Excercises\CousinTestProject\translations\data
2025-04-08 06:38:14,151 - translations - INFO - Loaded 12 translation files
2025-04-08 06:38:14,527 - UsersDB - INFO - Connected to user database at C:\Users\97253\Desktop\BeastMode-CSIntro-Excercises\CousinTestProject\database\users.db
2025-04-08 06:38:14,528 - UsersDB - INFO - Database tables created successfully
2025-04-08 06:38:16,125 - widgets.header.chatbot.api_key_manager - INFO - API key loaded successfully
2025-04-08 06:38:16,307 - widgets.header.chatbot.openai_client - INFO - OpenAI client initialized successfully
2025-04-08 06:38:16,614 - translations - WARNING - Missing translation for 'statistics_dashboard' in 'he'
2025-04-08 06:38:16,615 - translations - WARNING - Missing translation for 'view_detailed_report' in 'he'
2025-04-08 06:38:16,615 - translations - WARNING - Missing translation for 'total_parts' in 'he'
2025-04-08 06:38:16,615 - translations - WARNING - Missing translation for 'total_value' in 'he'
2025-04-08 06:38:16,615 - translations - WARNING - Missing translation for 'categories' in 'he'
2025-04-08 06:38:16,615 - translations - WARNING - Missing translation for 'car_brands' in 'he'
2025-04-08 06:38:16,615 - translations - WARNING - Missing translation for 'overview' in 'he'
2025-04-08 06:38:16,615 - translations - WARNING - Missing translation for 'inventory' in 'he'
2025-04-08 06:38:16,616 - translations - WARNING - Missing translation for 'parts_by_category' in 'he'
2025-04-08 06:38:16,616 - translations - WARNING - Missing translation for 'parts_by_brand' in 'he'
2025-04-08 06:38:16,616 - translations - WARNING - Missing translation for 'price_distribution' in 'he'
2025-04-08 06:38:16,616 - translations - WARNING - Missing translation for 'inventory_health' in 'he'
2025-04-08 06:38:16,616 - translations - WARNING - Missing translation for 'stock_coverage' in 'he'
2025-04-08 06:38:16,616 - translations - WARNING - Missing translation for 'current_stock' in 'he'
2025-04-08 06:38:16,616 - translations - WARNING - Missing translation for 'min_required' in 'he'
2025-04-08 06:38:16,620 - translations - WARNING - Missing translation for 'last_updated' in 'he'
2025-04-08 06:38:16,620 - translations - WARNING - Missing translation for 'all_time' in 'he'
2025-04-08 06:38:16,620 - translations - WARNING - Missing translation for 'this_month' in 'he'
2025-04-08 06:38:16,620 - translations - WARNING - Missing translation for 'this_year' in 'he'
2025-04-08 06:40:48,112 - root - INFO - Logging system initialized (level: INFO)
2025-04-08 06:40:48,113 - root - INFO - Log files directory: C:\Users\97253\Desktop\BeastMode-CSIntro-Excercises\CousinTestProject\logs
2025-04-08 06:40:48,324 - config - INFO - Determined application root: C:\Users\97253\Desktop\BeastMode-CSIntro-Excercises\CousinTestProject
2025-04-08 06:40:50,714 - __main__ - INFO - Application starting at: 2025-04-08 06:40:50
2025-04-08 06:40:50,714 - __main__ - INFO - Current user: BaselAM
2025-04-08 06:40:50,811 - __main__ - INFO - Initializing database connection...
2025-04-08 06:40:51,706 - database.car_parts_db - INFO - Thread 17152: Database connection established
2025-04-08 06:40:51,706 - database.car_parts_db - INFO - Initialized database connection to localhost
2025-04-08 06:40:51,768 - __main__ - INFO - Connected to database. Found 2845 parts.
2025-04-08 06:40:51,769 - translations - INFO - Loading translation files from C:\Users\97253\Desktop\BeastMode-CSIntro-Excercises\CousinTestProject\translations\data
2025-04-08 06:40:51,770 - translations - INFO - Loaded translations for namespace 'car_parts' from C:\Users\97253\Desktop\BeastMode-CSIntro-Excercises\CousinTestProject\translations\data\car_parts.json
2025-04-08 06:40:51,771 - translations - INFO - Loaded translations for namespace 'errors' from C:\Users\97253\Desktop\BeastMode-CSIntro-Excercises\CousinTestProject\translations\data\errors.json
2025-04-08 06:40:51,772 - translations - INFO - Loaded translations for namespace 'filters' from C:\Users\97253\Desktop\BeastMode-CSIntro-Excercises\CousinTestProject\translations\data\filters.json
2025-04-08 06:40:51,773 - translations - INFO - Loaded translations for namespace 'help' from C:\Users\97253\Desktop\BeastMode-CSIntro-Excercises\CousinTestProject\translations\data\help.json
2025-04-08 06:40:51,774 - translations - INFO - Loaded translations for namespace 'login' from C:\Users\97253\Desktop\BeastMode-CSIntro-Excercises\CousinTestProject\translations\data\login.json
2025-04-08 06:40:51,775 - translations - INFO - Loaded translations for namespace 'navigation' from C:\Users\97253\Desktop\BeastMode-CSIntro-Excercises\CousinTestProject\translations\data\navigation.json
2025-04-08 06:40:51,776 - translations - INFO - Loaded translations for namespace 'notifications' from C:\Users\97253\Desktop\BeastMode-CSIntro-Excercises\CousinTestProject\translations\data\notifications.json
2025-04-08 06:40:51,777 - translations - INFO - Loaded translations for namespace 'parts_nav_translations' from C:\Users\97253\Desktop\BeastMode-CSIntro-Excercises\CousinTestProject\translations\data\parts_nav_translations.json
2025-04-08 06:40:51,777 - translations - INFO - Loaded translations for namespace 'products' from C:\Users\97253\Desktop\BeastMode-CSIntro-Excercises\CousinTestProject\translations\data\products.json
2025-04-08 06:40:51,777 - translations - INFO - Loaded translations for namespace 'settings' from C:\Users\97253\Desktop\BeastMode-CSIntro-Excercises\CousinTestProject\translations\data\settings.json
2025-04-08 06:40:51,778 - translations - INFO - Loaded translations for namespace 'ui' from C:\Users\97253\Desktop\BeastMode-CSIntro-Excercises\CousinTestProject\translations\data\ui.json
2025-04-08 06:40:51,778 - translations - INFO - Loaded translations for namespace 'validations' from C:\Users\97253\Desktop\BeastMode-CSIntro-Excercises\CousinTestProject\translations\data\validations.json
2025-04-08 06:40:51,778 - translations - INFO - Loaded 12 translation files from C:\Users\97253\Desktop\BeastMode-CSIntro-Excercises\CousinTestProject\translations\data
2025-04-08 06:40:51,778 - translations - INFO - Loaded 12 translation files
2025-04-08 06:40:52,000 - UsersDB - INFO - Connected to user database at C:\Users\97253\Desktop\BeastMode-CSIntro-Excercises\CousinTestProject\database\users.db
2025-04-08 06:40:52,001 - UsersDB - INFO - Database tables created successfully
2025-04-08 06:40:52,762 - widgets.header.chatbot.api_key_manager - INFO - API key loaded successfully
2025-04-08 06:40:52,862 - widgets.header.chatbot.openai_client - INFO - OpenAI client initialized successfully
2025-04-08 06:40:53,024 - translations - WARNING - Missing translation for 'last_updated' in 'he'
2025-04-08 06:40:53,248 - parts_navigation.components.tiles_grid - INFO - Populating grid with 8 items using 4 columns
2025-04-08 06:40:53,345 - parts_navigation.container - INFO - All navigation steps created successfully
2025-04-08 06:40:53,346 - parts_navigation.components.tiles_grid - INFO - Grid has 4 active columns configured
2025-04-08 06:40:53,346 - parts_navigation.components.tiles_grid - INFO - Total tiles: 8
2025-04-08 06:40:53,346 - parts_navigation.components.tiles_grid - INFO - Visible tiles: 0
2025-04-08 06:40:53,346 - parts_navigation.container - INFO - Navigated to step 0
2025-04-08 06:40:53,756 - parts_navigation.container - INFO - Starting delayed brand preloading
2025-04-08 06:40:53,756 - parts_navigation.steps.brand - INFO - Starting to preload brands data
2025-04-08 06:40:53,973 - translations - WARNING - Missing translation for 'Internet: Connected' in 'he'
2025-04-08 06:40:54,035 - database.car_parts_db - INFO - Found 43 unique car brands in database
2025-04-08 06:40:54,035 - database.car_parts_db - INFO - Processed 43 unique car brands
2025-04-08 06:40:54,350 - parts_navigation.container - INFO - All navigation steps created successfully
2025-04-08 06:40:54,350 - parts_navigation.steps.brand - INFO - Preloaded 43 brands
2025-04-08 06:40:54,350 - parts_navigation.logo_manager - INFO - Preloading logos for 43 brands
2025-04-08 06:40:55,329 - parts_navigation.steps.brand - INFO - Loaded 43 unique brands
2025-04-08 06:40:55,330 - parts_navigation.components.tiles_grid - INFO - Populating grid with 43 items using 4 columns
2025-04-08 06:40:56,858 - parts_navigation.components.tiles_grid - INFO - Grid has 4 active columns configured
2025-04-08 06:40:56,860 - parts_navigation.components.tiles_grid - INFO - Total tiles: 43
2025-04-08 06:40:56,860 - parts_navigation.components.tiles_grid - INFO - Visible tiles: 0
2025-04-08 06:40:56,911 - parts_navigation.logo_manager - INFO - Found 31 already cached logos out of 43
2025-04-08 06:40:56,911 - parts_navigation.steps.brand - INFO - Started preloading 43 brand logos
2025-04-08 06:40:58,453 - UsersDB - INFO - User fahed authenticated successfully
2025-04-08 06:40:58,465 - __main__ - INFO - User logged in: {'id': 2, 'username': 'fahed', 'full_name': 'Fahed Abu Mukh', 'role': 'manager', 'settings': {'theme': 'classic', 'language': 'en', 'rtl': False}}
2025-04-08 06:41:42,002 - gui.event_handlers - INFO - Closing database connection...
2025-04-08 06:41:42,022 - __main__ - INFO - Cleaning up application resources...
2025-04-08 06:41:42,023 - __main__ - INFO - Closing database connection...
2025-04-08 06:41:42,023 - __main__ - INFO - Cleaning up parts navigation resources...
2025-04-08 06:41:42,035 - database.car_parts_db - INFO - Thread 17152: New database connection established
2025-04-08 06:41:42,038 - __main__ - INFO - Application shutdown complete
2025-04-08 07:01:46,420 - root - INFO - Logging system initialized (level: INFO)
2025-04-08 07:01:46,421 - root - INFO - Log files directory: C:\Users\97253\Desktop\BeastMode-CSIntro-Excercises\CousinTestProject\logs
2025-04-08 07:01:46,921 - config - INFO - Determined application root: C:\Users\97253\Desktop\BeastMode-CSIntro-Excercises\CousinTestProject
2025-04-08 07:04:21,894 - root - INFO - Logging system initialized (level: INFO)
2025-04-08 07:04:21,895 - root - INFO - Log files directory: C:\Users\97253\Desktop\BeastMode-CSIntro-Excercises\CousinTestProject\logs
2025-04-08 07:04:22,046 - config - INFO - Determined application root: C:\Users\97253\Desktop\BeastMode-CSIntro-Excercises\CousinTestProject
2025-04-08 07:04:24,313 - __main__ - INFO - Application starting at: 2025-04-08 07:04:24
2025-04-08 07:04:24,313 - __main__ - INFO - Current user: BaselAM
2025-04-08 07:04:24,407 - __main__ - INFO - Initializing database connection...
2025-04-08 07:04:25,049 - database.car_parts_db - INFO - Thread 21148: Database connection established
2025-04-08 07:04:25,049 - database.car_parts_db - INFO - Initialized database connection to localhost
2025-04-08 07:04:25,103 - __main__ - INFO - Connected to database. Found 2845 parts.
2025-04-08 07:04:25,103 - translations - INFO - Loading translation files from C:\Users\97253\Desktop\BeastMode-CSIntro-Excercises\CousinTestProject\translations\data
2025-04-08 07:04:25,106 - translations - INFO - Loaded translations for namespace 'car_parts' from C:\Users\97253\Desktop\BeastMode-CSIntro-Excercises\CousinTestProject\translations\data\car_parts.json
2025-04-08 07:04:25,108 - translations - INFO - Loaded translations for namespace 'errors' from C:\Users\97253\Desktop\BeastMode-CSIntro-Excercises\CousinTestProject\translations\data\errors.json
2025-04-08 07:04:25,111 - translations - INFO - Loaded translations for namespace 'filters' from C:\Users\97253\Desktop\BeastMode-CSIntro-Excercises\CousinTestProject\translations\data\filters.json
2025-04-08 07:04:25,111 - translations - INFO - Loaded translations for namespace 'help' from C:\Users\97253\Desktop\BeastMode-CSIntro-Excercises\CousinTestProject\translations\data\help.json
2025-04-08 07:04:25,113 - translations - INFO - Loaded translations for namespace 'login' from C:\Users\97253\Desktop\BeastMode-CSIntro-Excercises\CousinTestProject\translations\data\login.json
2025-04-08 07:04:25,114 - translations - INFO - Loaded translations for namespace 'navigation' from C:\Users\97253\Desktop\BeastMode-CSIntro-Excercises\CousinTestProject\translations\data\navigation.json
2025-04-08 07:04:25,118 - translations - INFO - Loaded translations for namespace 'notifications' from C:\Users\97253\Desktop\BeastMode-CSIntro-Excercises\CousinTestProject\translations\data\notifications.json
2025-04-08 07:04:25,131 - translations - INFO - Loaded translations for namespace 'parts_nav_translations' from C:\Users\97253\Desktop\BeastMode-CSIntro-Excercises\CousinTestProject\translations\data\parts_nav_translations.json
2025-04-08 07:04:25,136 - translations - INFO - Loaded translations for namespace 'products' from C:\Users\97253\Desktop\BeastMode-CSIntro-Excercises\CousinTestProject\translations\data\products.json
2025-04-08 07:04:25,138 - translations - INFO - Loaded translations for namespace 'settings' from C:\Users\97253\Desktop\BeastMode-CSIntro-Excercises\CousinTestProject\translations\data\settings.json
2025-04-08 07:04:25,138 - translations - INFO - Loaded translations for namespace 'ui' from C:\Users\97253\Desktop\BeastMode-CSIntro-Excercises\CousinTestProject\translations\data\ui.json
2025-04-08 07:04:25,139 - translations - INFO - Loaded translations for namespace 'validations' from C:\Users\97253\Desktop\BeastMode-CSIntro-Excercises\CousinTestProject\translations\data\validations.json
2025-04-08 07:04:25,139 - translations - INFO - Loaded 12 translation files from C:\Users\97253\Desktop\BeastMode-CSIntro-Excercises\CousinTestProject\translations\data
2025-04-08 07:04:25,139 - translations - INFO - Loaded 12 translation files
2025-04-08 07:04:25,469 - UsersDB - INFO - Connected to user database at C:\Users\97253\Desktop\BeastMode-CSIntro-Excercises\CousinTestProject\database\users.db
2025-04-08 07:04:25,471 - UsersDB - INFO - Database tables created successfully
2025-04-08 07:04:26,855 - widgets.header.chatbot.api_key_manager - INFO - API key loaded successfully
2025-04-08 07:04:26,987 - widgets.header.chatbot.openai_client - INFO - OpenAI client initialized successfully
2025-04-08 07:37:56,489 - root - INFO - Logging system initialized (level: INFO)
2025-04-08 07:37:56,490 - root - INFO - Log files directory: C:\Users\97253\Desktop\BeastMode-CSIntro-Excercises\CousinTestProject\logs
2025-04-08 07:37:59,858 - config - INFO - Determined application root: C:\Users\97253\Desktop\BeastMode-CSIntro-Excercises\CousinTestProject
2025-04-08 07:38:05,915 - __main__ - INFO - Application starting at: 2025-04-08 07:38:05
2025-04-08 07:38:05,917 - __main__ - INFO - Current user: BaselAM
2025-04-08 07:38:06,011 - __main__ - INFO - Initializing database connection...
2025-04-08 07:38:06,476 - database.car_parts_db - INFO - Thread 19840: Database connection established
2025-04-08 07:38:06,476 - database.car_parts_db - INFO - Initialized database connection to localhost
2025-04-08 07:38:06,513 - __main__ - INFO - Connected to database. Found 2845 parts.
2025-04-08 07:38:06,514 - translations - INFO - Loading translation files from C:\Users\97253\Desktop\BeastMode-CSIntro-Excercises\CousinTestProject\translations\data
2025-04-08 07:38:06,523 - translations - INFO - Loaded translations for namespace 'car_parts' from C:\Users\97253\Desktop\BeastMode-CSIntro-Excercises\CousinTestProject\translations\data\car_parts.json
2025-04-08 07:38:06,534 - translations - INFO - Loaded translations for namespace 'errors' from C:\Users\97253\Desktop\BeastMode-CSIntro-Excercises\CousinTestProject\translations\data\errors.json
2025-04-08 07:38:06,542 - translations - INFO - Loaded translations for namespace 'filters' from C:\Users\97253\Desktop\BeastMode-CSIntro-Excercises\CousinTestProject\translations\data\filters.json
2025-04-08 07:38:06,552 - translations - INFO - Loaded translations for namespace 'help' from C:\Users\97253\Desktop\BeastMode-CSIntro-Excercises\CousinTestProject\translations\data\help.json
2025-04-08 07:38:06,563 - translations - INFO - Loaded translations for namespace 'login' from C:\Users\97253\Desktop\BeastMode-CSIntro-Excercises\CousinTestProject\translations\data\login.json
2025-04-08 07:38:06,575 - translations - INFO - Loaded translations for namespace 'navigation' from C:\Users\97253\Desktop\BeastMode-CSIntro-Excercises\CousinTestProject\translations\data\navigation.json
2025-04-08 07:38:06,584 - translations - INFO - Loaded translations for namespace 'notifications' from C:\Users\97253\Desktop\BeastMode-CSIntro-Excercises\CousinTestProject\translations\data\notifications.json
2025-04-08 07:38:06,594 - translations - INFO - Loaded translations for namespace 'parts_nav_translations' from C:\Users\97253\Desktop\BeastMode-CSIntro-Excercises\CousinTestProject\translations\data\parts_nav_translations.json
2025-04-08 07:38:06,606 - translations - INFO - Loaded translations for namespace 'products' from C:\Users\97253\Desktop\BeastMode-CSIntro-Excercises\CousinTestProject\translations\data\products.json
2025-04-08 07:38:06,618 - translations - INFO - Loaded translations for namespace 'settings' from C:\Users\97253\Desktop\BeastMode-CSIntro-Excercises\CousinTestProject\translations\data\settings.json
2025-04-08 07:38:06,629 - translations - INFO - Loaded translations for namespace 'ui' from C:\Users\97253\Desktop\BeastMode-CSIntro-Excercises\CousinTestProject\translations\data\ui.json
2025-04-08 07:38:06,644 - translations - INFO - Loaded translations for namespace 'validations' from C:\Users\97253\Desktop\BeastMode-CSIntro-Excercises\CousinTestProject\translations\data\validations.json
2025-04-08 07:38:06,644 - translations - INFO - Loaded 12 translation files from C:\Users\97253\Desktop\BeastMode-CSIntro-Excercises\CousinTestProject\translations\data
2025-04-08 07:38:06,644 - translations - INFO - Loaded 12 translation files
2025-04-08 07:38:06,944 - UsersDB - INFO - Connected to user database at C:\Users\97253\Desktop\BeastMode-CSIntro-Excercises\CousinTestProject\database\users.db
2025-04-08 07:38:06,945 - UsersDB - INFO - Database tables created successfully
2025-04-08 07:38:08,394 - widgets.header.chatbot.api_key_manager - INFO - API key loaded successfully
2025-04-08 07:38:08,542 - widgets.header.chatbot.openai_client - INFO - OpenAI client initialized successfully
2025-04-08 07:46:38,744 - root - INFO - Logging system initialized (level: INFO)
2025-04-08 07:46:38,762 - root - INFO - Log files directory: C:\Users\97253\Desktop\BeastMode-CSIntro-Excercises\CousinTestProject\logs
2025-04-08 07:46:39,373 - config - INFO - Determined application root: C:\Users\97253\Desktop\BeastMode-CSIntro-Excercises\CousinTestProject
2025-04-08 07:46:44,393 - __main__ - INFO - Application starting at: 2025-04-08 07:46:44
2025-04-08 07:46:44,394 - __main__ - INFO - Current user: BaselAM
2025-04-08 07:46:44,492 - __main__ - INFO - Initializing database connection...
2025-04-08 07:46:44,972 - database.car_parts_db - INFO - Thread 14288: Database connection established
2025-04-08 07:46:44,972 - database.car_parts_db - INFO - Initialized database connection to localhost
2025-04-08 07:46:45,003 - __main__ - INFO - Connected to database. Found 2845 parts.
2025-04-08 07:46:45,003 - translations - INFO - Loading translation files from C:\Users\97253\Desktop\BeastMode-CSIntro-Excercises\CousinTestProject\translations\data
2025-04-08 07:46:45,007 - translations - INFO - Loaded translations for namespace 'car_parts' from C:\Users\97253\Desktop\BeastMode-CSIntro-Excercises\CousinTestProject\translations\data\car_parts.json
2025-04-08 07:46:45,008 - translations - INFO - Loaded translations for namespace 'errors' from C:\Users\97253\Desktop\BeastMode-CSIntro-Excercises\CousinTestProject\translations\data\errors.json
2025-04-08 07:46:45,009 - translations - INFO - Loaded translations for namespace 'filters' from C:\Users\97253\Desktop\BeastMode-CSIntro-Excercises\CousinTestProject\translations\data\filters.json
2025-04-08 07:46:45,010 - translations - INFO - Loaded translations for namespace 'help' from C:\Users\97253\Desktop\BeastMode-CSIntro-Excercises\CousinTestProject\translations\data\help.json
2025-04-08 07:46:45,012 - translations - INFO - Loaded translations for namespace 'login' from C:\Users\97253\Desktop\BeastMode-CSIntro-Excercises\CousinTestProject\translations\data\login.json
2025-04-08 07:46:45,013 - translations - INFO - Loaded translations for namespace 'navigation' from C:\Users\97253\Desktop\BeastMode-CSIntro-Excercises\CousinTestProject\translations\data\navigation.json
2025-04-08 07:46:45,015 - translations - INFO - Loaded translations for namespace 'notifications' from C:\Users\97253\Desktop\BeastMode-CSIntro-Excercises\CousinTestProject\translations\data\notifications.json
2025-04-08 07:46:45,016 - translations - INFO - Loaded translations for namespace 'parts_nav_translations' from C:\Users\97253\Desktop\BeastMode-CSIntro-Excercises\CousinTestProject\translations\data\parts_nav_translations.json
2025-04-08 07:46:45,018 - translations - INFO - Loaded translations for namespace 'products' from C:\Users\97253\Desktop\BeastMode-CSIntro-Excercises\CousinTestProject\translations\data\products.json
2025-04-08 07:46:45,019 - translations - INFO - Loaded translations for namespace 'settings' from C:\Users\97253\Desktop\BeastMode-CSIntro-Excercises\CousinTestProject\translations\data\settings.json
2025-04-08 07:46:45,019 - translations - INFO - Loaded translations for namespace 'ui' from C:\Users\97253\Desktop\BeastMode-CSIntro-Excercises\CousinTestProject\translations\data\ui.json
2025-04-08 07:46:45,020 - translations - INFO - Loaded translations for namespace 'validations' from C:\Users\97253\Desktop\BeastMode-CSIntro-Excercises\CousinTestProject\translations\data\validations.json
2025-04-08 07:46:45,020 - translations - INFO - Loaded 12 translation files from C:\Users\97253\Desktop\BeastMode-CSIntro-Excercises\CousinTestProject\translations\data
2025-04-08 07:46:45,021 - translations - INFO - Loaded 12 translation files
2025-04-08 07:46:45,360 - UsersDB - INFO - Connected to user database at C:\Users\97253\Desktop\BeastMode-CSIntro-Excercises\CousinTestProject\database\users.db
2025-04-08 07:46:45,360 - UsersDB - INFO - Database tables created successfully
2025-04-08 07:46:47,078 - widgets.header.chatbot.api_key_manager - INFO - API key loaded successfully
2025-04-08 07:46:47,274 - widgets.header.chatbot.openai_client - INFO - OpenAI client initialized successfully
2025-04-08 07:47:06,930 - root - INFO - Logging system initialized (level: INFO)
2025-04-08 07:47:06,930 - root - INFO - Log files directory: C:\Users\97253\Desktop\BeastMode-CSIntro-Excercises\CousinTestProject\logs
2025-04-08 07:47:08,020 - config - INFO - Determined application root: C:\Users\97253\Desktop\BeastMode-CSIntro-Excercises\CousinTestProject
2025-04-08 07:47:12,820 - __main__ - INFO - Application starting at: 2025-04-08 07:47:12
2025-04-08 07:47:12,820 - __main__ - INFO - Current user: BaselAM
2025-04-08 07:47:12,911 - __main__ - INFO - Initializing database connection...
2025-04-08 07:47:13,434 - database.car_parts_db - INFO - Thread 11676: Database connection established
2025-04-08 07:47:13,434 - database.car_parts_db - INFO - Initialized database connection to localhost
2025-04-08 07:47:13,496 - __main__ - INFO - Connected to database. Found 2845 parts.
2025-04-08 07:47:13,496 - translations - INFO - Loading translation files from C:\Users\97253\Desktop\BeastMode-CSIntro-Excercises\CousinTestProject\translations\data
2025-04-08 07:47:13,498 - translations - INFO - Loaded translations for namespace 'car_parts' from C:\Users\97253\Desktop\BeastMode-CSIntro-Excercises\CousinTestProject\translations\data\car_parts.json
2025-04-08 07:47:13,499 - translations - INFO - Loaded translations for namespace 'errors' from C:\Users\97253\Desktop\BeastMode-CSIntro-Excercises\CousinTestProject\translations\data\errors.json
2025-04-08 07:47:13,500 - translations - INFO - Loaded translations for namespace 'filters' from C:\Users\97253\Desktop\BeastMode-CSIntro-Excercises\CousinTestProject\translations\data\filters.json
2025-04-08 07:47:13,503 - translations - INFO - Loaded translations for namespace 'help' from C:\Users\97253\Desktop\BeastMode-CSIntro-Excercises\CousinTestProject\translations\data\help.json
2025-04-08 07:47:13,504 - translations - INFO - Loaded translations for namespace 'login' from C:\Users\97253\Desktop\BeastMode-CSIntro-Excercises\CousinTestProject\translations\data\login.json
2025-04-08 07:47:13,506 - translations - INFO - Loaded translations for namespace 'navigation' from C:\Users\97253\Desktop\BeastMode-CSIntro-Excercises\CousinTestProject\translations\data\navigation.json
2025-04-08 07:47:13,509 - translations - INFO - Loaded translations for namespace 'notifications' from C:\Users\97253\Desktop\BeastMode-CSIntro-Excercises\CousinTestProject\translations\data\notifications.json
2025-04-08 07:47:13,510 - translations - INFO - Loaded translations for namespace 'parts_nav_translations' from C:\Users\97253\Desktop\BeastMode-CSIntro-Excercises\CousinTestProject\translations\data\parts_nav_translations.json
2025-04-08 07:47:13,511 - translations - INFO - Loaded translations for namespace 'products' from C:\Users\97253\Desktop\BeastMode-CSIntro-Excercises\CousinTestProject\translations\data\products.json
2025-04-08 07:47:13,512 - translations - INFO - Loaded translations for namespace 'settings' from C:\Users\97253\Desktop\BeastMode-CSIntro-Excercises\CousinTestProject\translations\data\settings.json
2025-04-08 07:47:13,513 - translations - INFO - Loaded translations for namespace 'ui' from C:\Users\97253\Desktop\BeastMode-CSIntro-Excercises\CousinTestProject\translations\data\ui.json
2025-04-08 07:47:13,514 - translations - INFO - Loaded translations for namespace 'validations' from C:\Users\97253\Desktop\BeastMode-CSIntro-Excercises\CousinTestProject\translations\data\validations.json
2025-04-08 07:47:13,514 - translations - INFO - Loaded 12 translation files from C:\Users\97253\Desktop\BeastMode-CSIntro-Excercises\CousinTestProject\translations\data
2025-04-08 07:47:13,515 - translations - INFO - Loaded 12 translation files
2025-04-08 07:47:13,860 - UsersDB - INFO - Connected to user database at C:\Users\97253\Desktop\BeastMode-CSIntro-Excercises\CousinTestProject\database\users.db
2025-04-08 07:47:13,861 - UsersDB - INFO - Database tables created successfully
2025-04-08 07:47:14,838 - widgets.header.chatbot.api_key_manager - INFO - API key loaded successfully
2025-04-08 07:47:14,994 - widgets.header.chatbot.openai_client - INFO - OpenAI client initialized successfully
2025-04-08 07:54:50,246 - root - INFO - Logging system initialized (level: INFO)
2025-04-08 07:54:50,247 - root - INFO - Log files directory: C:\Users\97253\Desktop\BeastMode-CSIntro-Excercises\CousinTestProject\logs
2025-04-08 07:54:50,471 - config - INFO - Determined application root: C:\Users\97253\Desktop\BeastMode-CSIntro-Excercises\CousinTestProject
2025-04-08 07:54:52,908 - __main__ - INFO - Application starting at: 2025-04-08 07:54:52
2025-04-08 07:54:52,908 - __main__ - INFO - Current user: BaselAM
2025-04-08 07:54:52,971 - __main__ - INFO - Initializing database connection...
2025-04-08 07:54:53,385 - database.car_parts_db - INFO - Thread 18108: Database connection established
2025-04-08 07:54:53,385 - database.car_parts_db - INFO - Initialized database connection to localhost
2025-04-08 07:54:53,424 - __main__ - INFO - Connected to database. Found 2845 parts.
2025-04-08 07:54:53,425 - translations - INFO - Loading translation files from C:\Users\97253\Desktop\BeastMode-CSIntro-Excercises\CousinTestProject\translations\data
2025-04-08 07:54:53,426 - translations - INFO - Loaded translations for namespace 'car_parts' from C:\Users\97253\Desktop\BeastMode-CSIntro-Excercises\CousinTestProject\translations\data\car_parts.json
2025-04-08 07:54:53,426 - translations - INFO - Loaded translations for namespace 'errors' from C:\Users\97253\Desktop\BeastMode-CSIntro-Excercises\CousinTestProject\translations\data\errors.json
2025-04-08 07:54:53,427 - translations - INFO - Loaded translations for namespace 'filters' from C:\Users\97253\Desktop\BeastMode-CSIntro-Excercises\CousinTestProject\translations\data\filters.json
2025-04-08 07:54:53,427 - translations - INFO - Loaded translations for namespace 'help' from C:\Users\97253\Desktop\BeastMode-CSIntro-Excercises\CousinTestProject\translations\data\help.json
2025-04-08 07:54:53,428 - translations - INFO - Loaded translations for namespace 'login' from C:\Users\97253\Desktop\BeastMode-CSIntro-Excercises\CousinTestProject\translations\data\login.json
2025-04-08 07:54:53,428 - translations - INFO - Loaded translations for namespace 'navigation' from C:\Users\97253\Desktop\BeastMode-CSIntro-Excercises\CousinTestProject\translations\data\navigation.json
2025-04-08 07:54:53,428 - translations - INFO - Loaded translations for namespace 'notifications' from C:\Users\97253\Desktop\BeastMode-CSIntro-Excercises\CousinTestProject\translations\data\notifications.json
2025-04-08 07:54:53,429 - translations - INFO - Loaded translations for namespace 'parts_nav_translations' from C:\Users\97253\Desktop\BeastMode-CSIntro-Excercises\CousinTestProject\translations\data\parts_nav_translations.json
2025-04-08 07:54:53,431 - translations - INFO - Loaded translations for namespace 'products' from C:\Users\97253\Desktop\BeastMode-CSIntro-Excercises\CousinTestProject\translations\data\products.json
2025-04-08 07:54:53,431 - translations - INFO - Loaded translations for namespace 'settings' from C:\Users\97253\Desktop\BeastMode-CSIntro-Excercises\CousinTestProject\translations\data\settings.json
2025-04-08 07:54:53,432 - translations - INFO - Loaded translations for namespace 'ui' from C:\Users\97253\Desktop\BeastMode-CSIntro-Excercises\CousinTestProject\translations\data\ui.json
2025-04-08 07:54:53,432 - translations - INFO - Loaded translations for namespace 'validations' from C:\Users\97253\Desktop\BeastMode-CSIntro-Excercises\CousinTestProject\translations\data\validations.json
2025-04-08 07:54:53,433 - translations - INFO - Loaded 12 translation files from C:\Users\97253\Desktop\BeastMode-CSIntro-Excercises\CousinTestProject\translations\data
2025-04-08 07:54:53,433 - translations - INFO - Loaded 12 translation files
2025-04-08 07:54:53,694 - UsersDB - INFO - Connected to user database at C:\Users\97253\Desktop\BeastMode-CSIntro-Excercises\CousinTestProject\database\users.db
2025-04-08 07:54:53,695 - UsersDB - INFO - Database tables created successfully
2025-04-08 07:54:54,658 - widgets.header.chatbot.api_key_manager - INFO - API key loaded successfully
2025-04-08 07:54:54,754 - widgets.header.chatbot.openai_client - INFO - OpenAI client initialized successfully
2025-04-08 07:58:37,281 - root - INFO - Logging system initialized (level: INFO)
2025-04-08 07:58:37,282 - root - INFO - Log files directory: C:\Users\97253\Desktop\BeastMode-CSIntro-Excercises\CousinTestProject\logs
2025-04-08 07:58:37,539 - config - INFO - Determined application root: C:\Users\97253\Desktop\BeastMode-CSIntro-Excercises\CousinTestProject
2025-04-08 07:58:40,005 - __main__ - INFO - Application starting at: 2025-04-08 07:58:40
2025-04-08 07:58:40,005 - __main__ - INFO - Current user: BaselAM
2025-04-08 07:58:40,092 - __main__ - INFO - Initializing database connection...
2025-04-08 07:58:40,505 - database.car_parts_db - INFO - Thread 16564: Database connection established
2025-04-08 07:58:40,505 - database.car_parts_db - INFO - Initialized database connection to localhost
2025-04-08 07:58:40,547 - __main__ - INFO - Connected to database. Found 2845 parts.
2025-04-08 07:58:40,547 - translations - INFO - Loading translation files from C:\Users\97253\Desktop\BeastMode-CSIntro-Excercises\CousinTestProject\translations\data
2025-04-08 07:58:40,549 - translations - INFO - Loaded translations for namespace 'car_parts' from C:\Users\97253\Desktop\BeastMode-CSIntro-Excercises\CousinTestProject\translations\data\car_parts.json
2025-04-08 07:58:40,549 - translations - INFO - Loaded translations for namespace 'errors' from C:\Users\97253\Desktop\BeastMode-CSIntro-Excercises\CousinTestProject\translations\data\errors.json
2025-04-08 07:58:40,550 - translations - INFO - Loaded translations for namespace 'filters' from C:\Users\97253\Desktop\BeastMode-CSIntro-Excercises\CousinTestProject\translations\data\filters.json
2025-04-08 07:58:40,552 - translations - INFO - Loaded translations for namespace 'help' from C:\Users\97253\Desktop\BeastMode-CSIntro-Excercises\CousinTestProject\translations\data\help.json
2025-04-08 07:58:40,552 - translations - INFO - Loaded translations for namespace 'login' from C:\Users\97253\Desktop\BeastMode-CSIntro-Excercises\CousinTestProject\translations\data\login.json
2025-04-08 07:58:40,553 - translations - INFO - Loaded translations for namespace 'navigation' from C:\Users\97253\Desktop\BeastMode-CSIntro-Excercises\CousinTestProject\translations\data\navigation.json
2025-04-08 07:58:40,553 - translations - INFO - Loaded translations for namespace 'notifications' from C:\Users\97253\Desktop\BeastMode-CSIntro-Excercises\CousinTestProject\translations\data\notifications.json
2025-04-08 07:58:40,554 - translations - INFO - Loaded translations for namespace 'parts_nav_translations' from C:\Users\97253\Desktop\BeastMode-CSIntro-Excercises\CousinTestProject\translations\data\parts_nav_translations.json
2025-04-08 07:58:40,555 - translations - INFO - Loaded translations for namespace 'products' from C:\Users\97253\Desktop\BeastMode-CSIntro-Excercises\CousinTestProject\translations\data\products.json
2025-04-08 07:58:40,555 - translations - INFO - Loaded translations for namespace 'settings' from C:\Users\97253\Desktop\BeastMode-CSIntro-Excercises\CousinTestProject\translations\data\settings.json
2025-04-08 07:58:40,557 - translations - INFO - Loaded translations for namespace 'ui' from C:\Users\97253\Desktop\BeastMode-CSIntro-Excercises\CousinTestProject\translations\data\ui.json
2025-04-08 07:58:40,557 - translations - INFO - Loaded translations for namespace 'validations' from C:\Users\97253\Desktop\BeastMode-CSIntro-Excercises\CousinTestProject\translations\data\validations.json
2025-04-08 07:58:40,557 - translations - INFO - Loaded 12 translation files from C:\Users\97253\Desktop\BeastMode-CSIntro-Excercises\CousinTestProject\translations\data
2025-04-08 07:58:40,557 - translations - INFO - Loaded 12 translation files
2025-04-08 07:58:40,845 - UsersDB - INFO - Connected to user database at C:\Users\97253\Desktop\BeastMode-CSIntro-Excercises\CousinTestProject\database\users.db
2025-04-08 07:58:40,847 - UsersDB - INFO - Database tables created successfully
2025-04-08 07:58:41,771 - widgets.header.chatbot.api_key_manager - INFO - API key loaded successfully
2025-04-08 07:58:41,880 - widgets.header.chatbot.openai_client - INFO - OpenAI client initialized successfully
2025-04-08 08:01:21,107 - root - INFO - Logging system initialized (level: INFO)
2025-04-08 08:01:21,108 - root - INFO - Log files directory: C:\Users\97253\Desktop\BeastMode-CSIntro-Excercises\CousinTestProject\logs
2025-04-08 08:01:21,240 - config - INFO - Determined application root: C:\Users\97253\Desktop\BeastMode-CSIntro-Excercises\CousinTestProject
2025-04-08 08:01:23,952 - __main__ - INFO - Application starting at: 2025-04-08 08:01:23
2025-04-08 08:01:23,952 - __main__ - INFO - Current user: BaselAM
2025-04-08 08:01:24,014 - __main__ - INFO - Initializing database connection...
2025-04-08 08:01:24,367 - database.car_parts_db - INFO - Thread 6620: Database connection established
2025-04-08 08:01:24,368 - database.car_parts_db - INFO - Initialized database connection to localhost
2025-04-08 08:01:24,409 - __main__ - INFO - Connected to database. Found 2845 parts.
2025-04-08 08:01:24,409 - translations - INFO - Loading translation files from C:\Users\97253\Desktop\BeastMode-CSIntro-Excercises\CousinTestProject\translations\data
2025-04-08 08:01:24,410 - translations - INFO - Loaded translations for namespace 'car_parts' from C:\Users\97253\Desktop\BeastMode-CSIntro-Excercises\CousinTestProject\translations\data\car_parts.json
2025-04-08 08:01:24,411 - translations - INFO - Loaded translations for namespace 'errors' from C:\Users\97253\Desktop\BeastMode-CSIntro-Excercises\CousinTestProject\translations\data\errors.json
2025-04-08 08:01:24,412 - translations - INFO - Loaded translations for namespace 'filters' from C:\Users\97253\Desktop\BeastMode-CSIntro-Excercises\CousinTestProject\translations\data\filters.json
2025-04-08 08:01:24,412 - translations - INFO - Loaded translations for namespace 'help' from C:\Users\97253\Desktop\BeastMode-CSIntro-Excercises\CousinTestProject\translations\data\help.json
2025-04-08 08:01:24,413 - translations - INFO - Loaded translations for namespace 'login' from C:\Users\97253\Desktop\BeastMode-CSIntro-Excercises\CousinTestProject\translations\data\login.json
2025-04-08 08:01:24,414 - translations - INFO - Loaded translations for namespace 'navigation' from C:\Users\97253\Desktop\BeastMode-CSIntro-Excercises\CousinTestProject\translations\data\navigation.json
2025-04-08 08:01:24,414 - translations - INFO - Loaded translations for namespace 'notifications' from C:\Users\97253\Desktop\BeastMode-CSIntro-Excercises\CousinTestProject\translations\data\notifications.json
2025-04-08 08:01:24,415 - translations - INFO - Loaded translations for namespace 'parts_nav_translations' from C:\Users\97253\Desktop\BeastMode-CSIntro-Excercises\CousinTestProject\translations\data\parts_nav_translations.json
2025-04-08 08:01:24,416 - translations - INFO - Loaded translations for namespace 'products' from C:\Users\97253\Desktop\BeastMode-CSIntro-Excercises\CousinTestProject\translations\data\products.json
2025-04-08 08:01:24,416 - translations - INFO - Loaded translations for namespace 'settings' from C:\Users\97253\Desktop\BeastMode-CSIntro-Excercises\CousinTestProject\translations\data\settings.json
2025-04-08 08:01:24,418 - translations - INFO - Loaded translations for namespace 'ui' from C:\Users\97253\Desktop\BeastMode-CSIntro-Excercises\CousinTestProject\translations\data\ui.json
2025-04-08 08:01:24,419 - translations - INFO - Loaded translations for namespace 'validations' from C:\Users\97253\Desktop\BeastMode-CSIntro-Excercises\CousinTestProject\translations\data\validations.json
2025-04-08 08:01:24,419 - translations - INFO - Loaded 12 translation files from C:\Users\97253\Desktop\BeastMode-CSIntro-Excercises\CousinTestProject\translations\data
2025-04-08 08:01:24,419 - translations - INFO - Loaded 12 translation files
2025-04-08 08:01:24,651 - UsersDB - INFO - Connected to user database at C:\Users\97253\Desktop\BeastMode-CSIntro-Excercises\CousinTestProject\database\users.db
2025-04-08 08:01:24,652 - UsersDB - INFO - Database tables created successfully
2025-04-08 08:01:25,400 - widgets.header.chatbot.api_key_manager - INFO - API key loaded successfully
2025-04-08 08:01:25,507 - widgets.header.chatbot.openai_client - INFO - OpenAI client initialized successfully
2025-04-08 08:01:25,808 - parts_navigation.components.tiles_grid - INFO - Populating grid with 8 items using 4 columns
2025-04-08 08:01:25,910 - parts_navigation.container - INFO - All navigation steps created successfully
2025-04-08 08:01:25,912 - parts_navigation.components.tiles_grid - INFO - Grid has 4 active columns configured
2025-04-08 08:01:25,912 - parts_navigation.components.tiles_grid - INFO - Total tiles: 8
2025-04-08 08:01:25,912 - parts_navigation.components.tiles_grid - INFO - Visible tiles: 0
2025-04-08 08:01:25,913 - parts_navigation.container - INFO - Navigated to step 0
2025-04-08 08:01:26,096 - parts_navigation.container - INFO - Starting delayed brand preloading
2025-04-08 08:01:26,096 - parts_navigation.steps.brand - INFO - Starting to preload brands data
2025-04-08 08:01:26,289 - translations - WARNING - Missing translation for 'Internet: Connected' in 'he'
2025-04-08 08:01:26,351 - database.car_parts_db - INFO - Found 43 unique car brands in database
2025-04-08 08:01:26,351 - database.car_parts_db - INFO - Processed 43 unique car brands
2025-04-08 08:01:26,527 - parts_navigation.container - INFO - All navigation steps created successfully
2025-04-08 08:01:26,527 - parts_navigation.steps.brand - INFO - Preloaded 43 brands
2025-04-08 08:01:26,527 - parts_navigation.logo_manager - INFO - Preloading logos for 43 brands
2025-04-08 08:01:27,466 - parts_navigation.steps.brand - INFO - Loaded 43 unique brands
2025-04-08 08:01:27,466 - parts_navigation.components.tiles_grid - INFO - Populating grid with 43 items using 4 columns
2025-04-08 08:01:28,606 - parts_navigation.components.tiles_grid - INFO - Grid has 4 active columns configured
2025-04-08 08:01:28,606 - parts_navigation.components.tiles_grid - INFO - Total tiles: 43
2025-04-08 08:01:28,606 - parts_navigation.components.tiles_grid - INFO - Visible tiles: 0
2025-04-08 08:01:28,654 - parts_navigation.logo_manager - INFO - Found 31 already cached logos out of 43
2025-04-08 08:01:28,655 - parts_navigation.steps.brand - INFO - Started preloading 43 brand logos
2025-04-08 08:01:32,016 - UsersDB - INFO - User fahed authenticated successfully
2025-04-08 08:01:32,024 - __main__ - INFO - User logged in: {'id': 2, 'username': 'fahed', 'full_name': 'Fahed Abu Mukh', 'role': 'manager', 'settings': {'theme': 'classic', 'language': 'en', 'rtl': False}}
2025-04-08 08:01:44,201 - gui.event_handlers - INFO - Closing database connection...
2025-04-08 08:01:44,217 - __main__ - INFO - Cleaning up application resources...
2025-04-08 08:01:44,217 - __main__ - INFO - Closing database connection...
2025-04-08 08:01:44,217 - __main__ - INFO - Cleaning up parts navigation resources...
2025-04-08 08:01:44,228 - database.car_parts_db - INFO - Thread 6620: New database connection established
2025-04-08 08:01:44,230 - __main__ - INFO - Application shutdown complete
2025-04-08 08:15:14,365 - root - INFO - Logging system initialized (level: INFO)
2025-04-08 08:15:14,367 - root - INFO - Log files directory: C:\Users\97253\Desktop\BeastMode-CSIntro-Excercises\CousinTestProject\logs
2025-04-08 08:15:14,742 - config - INFO - Determined application root: C:\Users\97253\Desktop\BeastMode-CSIntro-Excercises\CousinTestProject
2025-04-08 08:15:24,991 - __main__ - INFO - Application starting at: 2025-04-08 08:15:24
2025-04-08 08:15:24,991 - __main__ - INFO - Current user: BaselAM
2025-04-08 08:15:25,094 - __main__ - INFO - Initializing database connection...
2025-04-08 08:15:25,959 - database.car_parts_db - INFO - Thread 20148: Database connection established
2025-04-08 08:15:25,959 - database.car_parts_db - INFO - Initialized database connection to localhost
2025-04-08 08:15:26,049 - __main__ - INFO - Connected to database. Found 2845 parts.
2025-04-08 08:15:26,050 - translations - INFO - Loading translation files from C:\Users\97253\Desktop\BeastMode-CSIntro-Excercises\CousinTestProject\translations\data
2025-04-08 08:15:26,052 - translations - INFO - Loaded translations for namespace 'car_parts' from C:\Users\97253\Desktop\BeastMode-CSIntro-Excercises\CousinTestProject\translations\data\car_parts.json
2025-04-08 08:15:26,052 - translations - INFO - Loaded translations for namespace 'errors' from C:\Users\97253\Desktop\BeastMode-CSIntro-Excercises\CousinTestProject\translations\data\errors.json
2025-04-08 08:15:26,054 - translations - INFO - Loaded translations for namespace 'filters' from C:\Users\97253\Desktop\BeastMode-CSIntro-Excercises\CousinTestProject\translations\data\filters.json
2025-04-08 08:15:26,056 - translations - INFO - Loaded translations for namespace 'help' from C:\Users\97253\Desktop\BeastMode-CSIntro-Excercises\CousinTestProject\translations\data\help.json
2025-04-08 08:15:26,057 - translations - INFO - Loaded translations for namespace 'login' from C:\Users\97253\Desktop\BeastMode-CSIntro-Excercises\CousinTestProject\translations\data\login.json
2025-04-08 08:15:26,058 - translations - INFO - Loaded translations for namespace 'navigation' from C:\Users\97253\Desktop\BeastMode-CSIntro-Excercises\CousinTestProject\translations\data\navigation.json
2025-04-08 08:15:26,058 - translations - INFO - Loaded translations for namespace 'notifications' from C:\Users\97253\Desktop\BeastMode-CSIntro-Excercises\CousinTestProject\translations\data\notifications.json
2025-04-08 08:15:26,059 - translations - INFO - Loaded translations for namespace 'parts_nav_translations' from C:\Users\97253\Desktop\BeastMode-CSIntro-Excercises\CousinTestProject\translations\data\parts_nav_translations.json
2025-04-08 08:15:26,060 - translations - INFO - Loaded translations for namespace 'products' from C:\Users\97253\Desktop\BeastMode-CSIntro-Excercises\CousinTestProject\translations\data\products.json
2025-04-08 08:15:26,061 - translations - INFO - Loaded translations for namespace 'settings' from C:\Users\97253\Desktop\BeastMode-CSIntro-Excercises\CousinTestProject\translations\data\settings.json
2025-04-08 08:15:26,064 - translations - INFO - Loaded translations for namespace 'ui' from C:\Users\97253\Desktop\BeastMode-CSIntro-Excercises\CousinTestProject\translations\data\ui.json
2025-04-08 08:15:26,064 - translations - INFO - Loaded translations for namespace 'validations' from C:\Users\97253\Desktop\BeastMode-CSIntro-Excercises\CousinTestProject\translations\data\validations.json
2025-04-08 08:15:26,065 - translations - INFO - Loaded 12 translation files from C:\Users\97253\Desktop\BeastMode-CSIntro-Excercises\CousinTestProject\translations\data
2025-04-08 08:15:26,065 - translations - INFO - Loaded 12 translation files
2025-04-08 08:15:26,460 - UsersDB - INFO - Connected to user database at C:\Users\97253\Desktop\BeastMode-CSIntro-Excercises\CousinTestProject\database\users.db
2025-04-08 08:15:26,461 - UsersDB - INFO - Database tables created successfully
2025-04-08 08:15:27,907 - widgets.header.chatbot.api_key_manager - INFO - API key loaded successfully
2025-04-08 08:15:28,043 - widgets.header.chatbot.openai_client - INFO - OpenAI client initialized successfully
2025-04-08 08:15:28,225 - translations - WARNING - Missing translation for 'time_range' in 'he'
2025-04-08 08:15:28,226 - translations - WARNING - Missing translation for 'overview' in 'he'
2025-04-08 08:15:28,226 - translations - WARNING - Missing translation for 'categories' in 'he'
2025-04-08 08:15:28,226 - translations - WARNING - Missing translation for 'brands' in 'he'
2025-04-08 08:15:28,226 - translations - WARNING - Missing translation for 'inventory' in 'he'
2025-04-08 08:15:28,226 - translations - WARNING - Missing translation for 'total_parts' in 'he'
2025-04-08 08:15:28,226 - translations - WARNING - Missing translation for 'total_value' in 'he'
2025-04-08 08:15:28,226 - translations - WARNING - Missing translation for 'low_stock_items' in 'he'
2025-04-08 08:15:28,228 - database.car_parts_db - INFO - Thread 4924: New database connection established
2025-04-08 08:15:28,401 - parts_navigation.components.tiles_grid - INFO - Populating grid with 8 items using 4 columns
2025-04-08 08:15:28,560 - parts_navigation.container - INFO - All navigation steps created successfully
2025-04-08 08:15:28,560 - parts_navigation.container - INFO - Starting delayed brand preloading
2025-04-08 08:15:28,560 - parts_navigation.steps.brand - INFO - Starting to preload brands data
2025-04-08 08:15:28,562 - parts_navigation.components.tiles_grid - INFO - Grid has 4 active columns configured
2025-04-08 08:15:28,563 - parts_navigation.components.tiles_grid - INFO - Total tiles: 8
2025-04-08 08:15:28,563 - parts_navigation.components.tiles_grid - INFO - Visible tiles: 0
2025-04-08 08:15:28,563 - parts_navigation.container - INFO - Navigated to step 0
2025-04-08 08:15:29,375 - database.car_parts_db - INFO - Found 43 unique car brands in database
2025-04-08 08:15:29,375 - database.car_parts_db - INFO - Processed 43 unique car brands
2025-04-08 08:15:29,383 - translations - WARNING - Missing translation for 'Internet: Connected' in 'he'
2025-04-08 08:15:29,670 - parts_navigation.container - INFO - All navigation steps created successfully
2025-04-08 08:15:29,671 - parts_navigation.steps.brand - INFO - Preloaded 43 brands
2025-04-08 08:15:29,671 - parts_navigation.logo_manager - INFO - Preloading logos for 43 brands
2025-04-08 08:15:30,954 - parts_navigation.steps.brand - INFO - Loaded 43 unique brands
2025-04-08 08:15:30,954 - parts_navigation.components.tiles_grid - INFO - Populating grid with 43 items using 4 columns
2025-04-08 08:15:31,978 - parts_navigation.components.tiles_grid - INFO - Grid has 4 active columns configured
2025-04-08 08:15:31,979 - parts_navigation.components.tiles_grid - INFO - Total tiles: 43
2025-04-08 08:15:31,979 - parts_navigation.components.tiles_grid - INFO - Visible tiles: 0
2025-04-08 08:15:32,013 - parts_navigation.logo_manager - INFO - Found 31 already cached logos out of 43
2025-04-08 08:15:32,013 - parts_navigation.steps.brand - INFO - Started preloading 43 brand logos
2025-04-08 08:15:37,039 - UsersDB - INFO - User fahed authenticated successfully
2025-04-08 08:15:37,058 - __main__ - INFO - User logged in: {'id': 2, 'username': 'fahed', 'full_name': 'Fahed Abu Mukh', 'role': 'manager', 'settings': {'theme': 'classic', 'language': 'en', 'rtl': False}}
2025-04-08 08:15:38,333 - database.car_parts_db - INFO - Thread 15692: New database connection established
2025-04-08 08:15:46,347 - database.car_parts_db - INFO - Thread 16932: New database connection established
2025-04-08 08:16:18,488 - widgets.settings.settings_widget - INFO - Changing theme to dark
2025-04-08 08:16:19,043 - gui.gui_main - INFO - Theme update completed synchronously
2025-04-08 08:19:56,199 - widgets.settings.settings_widget - INFO - Settings saved successfully
2025-04-08 08:20:02,314 - widgets.settings.settings_widget - INFO - Changing theme to dark
2025-04-08 08:20:02,806 - gui.gui_main - INFO - Theme update completed synchronously
2025-04-08 08:20:03,737 - widgets.settings.settings_widget - INFO - Settings saved successfully
2025-04-08 08:20:28,226 - database.car_parts_db - INFO - Thread 8728: New database connection established
2025-04-08 08:20:32,719 - database.car_parts_db - INFO - Thread 16924: New database connection established
2025-04-08 08:21:55,782 - parts_navigation.components.tiles_grid - INFO - Populating grid with 8 items using 4 columns
2025-04-08 08:21:55,797 - parts_navigation.components.tiles_grid - INFO - Grid has 4 active columns configured
2025-04-08 08:21:55,797 - parts_navigation.components.tiles_grid - INFO - Total tiles: 8
2025-04-08 08:21:55,797 - parts_navigation.components.tiles_grid - INFO - Visible tiles: 0
2025-04-08 08:21:55,797 - parts_navigation.container - INFO - Navigated to step 0
2025-04-08 08:21:55,833 - parts_navigation.components.tiles_grid - INFO - Adjusting columns from 4 to 9
2025-04-08 08:21:55,833 - parts_navigation.components.tiles_grid - INFO - Setting grid to 9 columns
2025-04-08 08:21:55,878 - parts_navigation.container - INFO - All navigation steps created successfully
2025-04-08 08:21:55,888 - parts_navigation.container - INFO - Starting delayed brand preloading
2025-04-08 08:21:55,888 - parts_navigation.steps.brand - INFO - Starting to preload brands data
2025-04-08 08:21:55,905 - parts_navigation.components.tiles_grid - INFO - Adjusting columns from 4 to 5
2025-04-08 08:21:55,905 - parts_navigation.components.tiles_grid - INFO - Setting grid to 5 columns
2025-04-08 08:21:55,905 - parts_navigation.components.tiles_grid - INFO - Adjusting columns from 3 to 5
2025-04-08 08:21:55,905 - parts_navigation.components.tiles_grid - INFO - Setting grid to 5 columns
2025-04-08 08:21:55,906 - parts_navigation.components.tiles_grid - INFO - Adjusting columns from 4 to 5
2025-04-08 08:21:55,906 - parts_navigation.components.tiles_grid - INFO - Setting grid to 5 columns
2025-04-08 08:21:55,961 - parts_navigation.steps.brand - INFO - Preloaded 43 brands
2025-04-08 08:21:55,961 - parts_navigation.logo_manager - INFO - Preloading logos for 43 brands
2025-04-08 08:21:55,986 - parts_navigation.components.tiles_grid - INFO - Adjusting columns from 3 to 5
2025-04-08 08:21:55,986 - parts_navigation.components.tiles_grid - INFO - Setting grid to 5 columns
2025-04-08 08:21:55,987 - parts_navigation.components.tiles_grid - INFO - Adjusting columns from 4 to 5
2025-04-08 08:21:55,987 - parts_navigation.components.tiles_grid - INFO - Setting grid to 5 columns
2025-04-08 08:21:56,005 - parts_navigation.steps.brand - INFO - Loaded 43 unique brands
2025-04-08 08:21:56,005 - parts_navigation.components.tiles_grid - INFO - Populating grid with 43 items using 9 columns
2025-04-08 08:21:56,089 - parts_navigation.container - INFO - All navigation steps created successfully
2025-04-08 08:21:56,462 - parts_navigation.components.tiles_grid - INFO - Grid has 9 active columns configured
2025-04-08 08:21:56,462 - parts_navigation.components.tiles_grid - INFO - Total tiles: 43
2025-04-08 08:21:56,462 - parts_navigation.components.tiles_grid - INFO - Visible tiles: 43
2025-04-08 08:21:56,486 - parts_navigation.logo_manager - INFO - Found 31 already cached logos out of 43
2025-04-08 08:21:56,486 - parts_navigation.steps.brand - INFO - Started preloading 43 brand logos
2025-04-08 08:22:00,252 - widgets.settings.settings_widget - INFO - Changing theme to light
2025-04-08 08:22:00,755 - gui.gui_main - INFO - Theme update completed synchronously
2025-04-08 08:22:02,270 - widgets.settings.settings_widget - INFO - Settings saved successfully
2025-04-08 08:24:55,487 - database.car_parts_db - INFO - Thread 20580: New database connection established
2025-04-08 08:25:08,064 - widgets.settings.settings_widget - INFO - Changing theme to dark
2025-04-08 08:25:08,565 - gui.gui_main - INFO - Theme update completed synchronously
2025-04-08 08:25:09,351 - widgets.settings.settings_widget - INFO - Settings saved successfully
2025-04-08 08:25:22,190 - translations - WARNING - Missing translation for 'print_settings' in 'he'
2025-04-08 08:25:22,190 - translations - WARNING - Missing translation for 'print_setup_description' in 'he'
2025-04-08 08:25:22,191 - translations - WARNING - Missing translation for 'print_scope' in 'he'
2025-04-08 08:25:22,192 - translations - WARNING - Missing translation for 'print_all_products' in 'he'
2025-04-08 08:25:22,194 - translations - WARNING - Missing translation for 'print_selected_products' in 'he'
2025-04-08 08:25:22,194 - translations - WARNING - Missing translation for 'print_filtered_products' in 'he'
2025-04-08 08:25:22,195 - translations - WARNING - Missing translation for 'print_all_tooltip' in 'he'
2025-04-08 08:25:22,195 - translations - WARNING - Missing translation for 'print_selected_tooltip' in 'he'
2025-04-08 08:25:22,195 - translations - WARNING - Missing translation for 'print_filtered_tooltip' in 'he'
2025-04-08 08:25:22,196 - translations - WARNING - Missing translation for 'print_options' in 'he'
2025-04-08 08:25:22,196 - translations - WARNING - Missing translation for 'paper_size' in 'he'
2025-04-08 08:25:22,196 - translations - WARNING - Missing translation for 'paper_size_tooltip' in 'he'
2025-04-08 08:25:22,202 - translations - WARNING - Missing translation for 'orientation' in 'he'
2025-04-08 08:25:22,202 - translations - WARNING - Missing translation for 'orientation_tooltip' in 'he'
2025-04-08 08:25:22,203 - translations - WARNING - Missing translation for 'portrait' in 'he'
2025-04-08 08:25:22,203 - translations - WARNING - Missing translation for 'landscape' in 'he'
2025-04-08 08:25:22,204 - translations - WARNING - Missing translation for 'print_header' in 'he'
2025-04-08 08:25:22,204 - translations - WARNING - Missing translation for 'print_header_tooltip' in 'he'
2025-04-08 08:25:22,204 - translations - WARNING - Missing translation for 'print_date' in 'he'
2025-04-08 08:25:22,204 - translations - WARNING - Missing translation for 'print_date_tooltip' in 'he'
2025-04-08 08:25:22,205 - translations - WARNING - Missing translation for 'rtl_mode' in 'he'
2025-04-08 08:25:22,205 - translations - WARNING - Missing translation for 'rtl_mode_tooltip' in 'he'
2025-04-08 08:25:22,213 - translations - WARNING - Missing translation for 'preview_and_print' in 'he'
2025-04-08 08:25:28,224 - database.car_parts_db - INFO - Thread 19360: New database connection established
2025-04-08 08:25:53,289 - translations - WARNING - Missing translation for 'products_report' in 'he'
2025-04-08 08:25:55,696 - translations - WARNING - Missing translation for 'print_success' in 'he'
2025-04-08 08:26:05,193 - database.car_parts_db - INFO - Thread 13908: New database connection established
2025-04-08 08:26:39,895 - database.car_parts_db - INFO - Thread 11648: New database connection established
2025-04-08 08:26:50,338 - widgets.header.top_bar - INFO - TopBarWidget received chat message: im kiki how are you
2025-04-08 08:26:52,617 - httpx - INFO - HTTP Request: POST https://api.openai.com/v1/chat/completions "HTTP/1.1 200 OK"
2025-04-08 08:27:32,649 - database.car_parts_db - INFO - Thread 15916: New database connection established
2025-04-08 08:27:35,437 - parts_navigation.components.tiles_grid - INFO - Populating grid with 8 items using 4 columns
2025-04-08 08:27:35,449 - parts_navigation.components.tiles_grid - INFO - Grid has 4 active columns configured
2025-04-08 08:27:35,449 - parts_navigation.components.tiles_grid - INFO - Total tiles: 8
2025-04-08 08:27:35,449 - parts_navigation.components.tiles_grid - INFO - Visible tiles: 0
2025-04-08 08:27:35,449 - parts_navigation.container - INFO - Navigated to step 0
2025-04-08 08:27:35,481 - parts_navigation.components.tiles_grid - INFO - Adjusting columns from 4 to 9
2025-04-08 08:27:35,481 - parts_navigation.components.tiles_grid - INFO - Setting grid to 9 columns
2025-04-08 08:27:35,525 - parts_navigation.container - INFO - All navigation steps created successfully
2025-04-08 08:27:35,525 - parts_navigation.container - INFO - Starting delayed brand preloading
2025-04-08 08:27:35,525 - parts_navigation.steps.brand - INFO - Starting to preload brands data
2025-04-08 08:27:35,526 - database.car_parts_db - WARNING - Pool get_connection failed: Failed getting connection; pool exhausted, falling back to direct connect
2025-04-08 08:27:35,627 - database.car_parts_db - INFO - Thread 20148: Direct database connection established
2025-04-08 08:27:35,637 - parts_navigation.components.tiles_grid - INFO - Adjusting columns from 4 to 5
2025-04-08 08:27:35,637 - parts_navigation.components.tiles_grid - INFO - Setting grid to 5 columns
2025-04-08 08:27:35,638 - parts_navigation.components.tiles_grid - INFO - Adjusting columns from 3 to 5
2025-04-08 08:27:35,638 - parts_navigation.components.tiles_grid - INFO - Setting grid to 5 columns
2025-04-08 08:27:35,638 - parts_navigation.components.tiles_grid - INFO - Adjusting columns from 4 to 5
2025-04-08 08:27:35,638 - parts_navigation.components.tiles_grid - INFO - Setting grid to 5 columns
2025-04-08 08:27:35,684 - parts_navigation.steps.brand - INFO - Preloaded 43 brands
2025-04-08 08:27:35,684 - parts_navigation.logo_manager - INFO - Preloading logos for 43 brands
2025-04-08 08:27:35,701 - parts_navigation.components.tiles_grid - INFO - Adjusting columns from 3 to 5
2025-04-08 08:27:35,701 - parts_navigation.components.tiles_grid - INFO - Setting grid to 5 columns
2025-04-08 08:27:35,702 - parts_navigation.components.tiles_grid - INFO - Adjusting columns from 4 to 5
2025-04-08 08:27:35,703 - parts_navigation.components.tiles_grid - INFO - Setting grid to 5 columns
2025-04-08 08:27:35,707 - parts_navigation.steps.brand - INFO - Loaded 43 unique brands
2025-04-08 08:27:35,708 - parts_navigation.components.tiles_grid - INFO - Populating grid with 43 items using 9 columns
2025-04-08 08:27:35,793 - parts_navigation.container - INFO - All navigation steps created successfully
2025-04-08 08:27:36,185 - parts_navigation.components.tiles_grid - INFO - Grid has 9 active columns configured
2025-04-08 08:27:36,186 - parts_navigation.components.tiles_grid - INFO - Total tiles: 43
2025-04-08 08:27:36,186 - parts_navigation.components.tiles_grid - INFO - Visible tiles: 43
2025-04-08 08:27:36,219 - parts_navigation.logo_manager - INFO - Found 31 already cached logos out of 43
2025-04-08 08:27:36,219 - parts_navigation.steps.brand - INFO - Started preloading 43 brand logos
2025-04-08 08:27:50,192 - parts_navigation.steps.brand - INFO - Brand selected: {'brand': 'Nissan'}
2025-04-08 08:27:50,192 - parts_navigation.container - INFO - Brand selected: {'brand': 'Nissan'}
2025-04-08 08:27:50,197 - database.car_parts_db - WARNING - Pool get_connection failed: Failed getting connection; pool exhausted, falling back to direct connect
2025-04-08 08:27:50,218 - database.car_parts_db - INFO - Thread 20148: Direct database connection established
2025-04-08 08:27:50,261 - parts_navigation.container - INFO - Navigated to step 1
2025-04-08 08:27:50,307 - database.car_parts_db - INFO - Found 43 unique car brands in database
2025-04-08 08:27:50,307 - database.car_parts_db - INFO - Processed 43 unique car brands
2025-04-08 08:27:50,314 - parts_navigation.steps.model - INFO - Loaded 1 models for Nissan
2025-04-08 08:27:50,314 - parts_navigation.components.tiles_grid - INFO - Populating grid with 1 items using 5 columns
2025-04-08 08:27:50,316 - parts_navigation.components.tiles_grid - INFO - Grid has 5 active columns configured
2025-04-08 08:27:50,316 - parts_navigation.components.tiles_grid - INFO - Total tiles: 1
2025-04-08 08:27:50,316 - parts_navigation.components.tiles_grid - INFO - Visible tiles: 0
2025-04-08 08:27:50,625 - parts_navigation.components.tiles_grid - INFO - Adjusting columns from 5 to 9
2025-04-08 08:27:50,625 - parts_navigation.components.tiles_grid - INFO - Setting grid to 9 columns
2025-04-08 08:28:03,684 - parts_navigation.components.tiles_grid - INFO - Populating grid with 8 items using 9 columns
2025-04-08 08:28:03,696 - parts_navigation.components.tiles_grid - INFO - Grid has 9 active columns configured
2025-04-08 08:28:03,696 - parts_navigation.components.tiles_grid - INFO - Total tiles: 8
2025-04-08 08:28:03,697 - parts_navigation.components.tiles_grid - INFO - Visible tiles: 0
2025-04-08 08:28:03,709 - parts_navigation.container - INFO - Navigated to step 0
2025-04-08 08:28:03,747 - parts_navigation.components.tiles_grid - INFO - Populating grid with 43 items using 9 columns
2025-04-08 08:28:04,119 - parts_navigation.components.tiles_grid - INFO - Grid has 9 active columns configured
2025-04-08 08:28:04,119 - parts_navigation.components.tiles_grid - INFO - Total tiles: 43
2025-04-08 08:28:04,119 - parts_navigation.components.tiles_grid - INFO - Visible tiles: 43
2025-04-08 08:29:01,202 - database.car_parts_db - WARNING - Pool get_connection failed: Failed getting connection; pool exhausted, falling back to direct connect
2025-04-08 08:29:01,229 - database.car_parts_db - INFO - Thread 2748: Direct database connection established
2025-04-08 08:30:28,228 - database.car_parts_db - WARNING - Pool get_connection failed: Failed getting connection; pool exhausted, falling back to direct connect
2025-04-08 08:30:28,288 - database.car_parts_db - INFO - Thread 7064: Direct database connection established
2025-04-08 08:35:28,218 - database.car_parts_db - WARNING - Pool get_connection failed: Failed getting connection; pool exhausted, falling back to direct connect
2025-04-08 08:35:28,247 - database.car_parts_db - INFO - Thread 17244: Direct database connection established
2025-04-08 08:38:09,863 - parts_navigation.components.tiles_grid - INFO - Populating grid with 8 items using 4 columns
2025-04-08 08:38:09,874 - parts_navigation.components.tiles_grid - INFO - Grid has 4 active columns configured
2025-04-08 08:38:09,875 - parts_navigation.components.tiles_grid - INFO - Total tiles: 8
2025-04-08 08:38:09,875 - parts_navigation.components.tiles_grid - INFO - Visible tiles: 0
2025-04-08 08:38:09,875 - parts_navigation.container - INFO - Navigated to step 0
2025-04-08 08:38:09,907 - parts_navigation.components.tiles_grid - INFO - Adjusting columns from 4 to 9
2025-04-08 08:38:09,907 - parts_navigation.components.tiles_grid - INFO - Setting grid to 9 columns
2025-04-08 08:38:09,949 - parts_navigation.container - INFO - All navigation steps created successfully
2025-04-08 08:38:09,949 - parts_navigation.container - INFO - Starting delayed brand preloading
2025-04-08 08:38:09,949 - parts_navigation.steps.brand - INFO - Starting to preload brands data
2025-04-08 08:38:09,961 - parts_navigation.components.tiles_grid - INFO - Adjusting columns from 4 to 5
2025-04-08 08:38:09,961 - parts_navigation.components.tiles_grid - INFO - Setting grid to 5 columns
2025-04-08 08:38:09,961 - parts_navigation.components.tiles_grid - INFO - Adjusting columns from 3 to 5
2025-04-08 08:38:09,961 - parts_navigation.components.tiles_grid - INFO - Setting grid to 5 columns
2025-04-08 08:38:09,962 - parts_navigation.components.tiles_grid - INFO - Adjusting columns from 4 to 5
2025-04-08 08:38:09,962 - parts_navigation.components.tiles_grid - INFO - Setting grid to 5 columns
2025-04-08 08:38:09,973 - parts_navigation.steps.brand - INFO - Preloaded 43 brands
2025-04-08 08:38:09,973 - parts_navigation.logo_manager - INFO - Preloading logos for 43 brands
2025-04-08 08:38:10,004 - parts_navigation.steps.brand - INFO - Loaded 43 unique brands
2025-04-08 08:38:10,004 - parts_navigation.components.tiles_grid - INFO - Populating grid with 43 items using 9 columns
2025-04-08 08:38:10,084 - parts_navigation.components.tiles_grid - INFO - Adjusting columns from 3 to 5
2025-04-08 08:38:10,084 - parts_navigation.components.tiles_grid - INFO - Setting grid to 5 columns
2025-04-08 08:38:10,087 - parts_navigation.components.tiles_grid - INFO - Adjusting columns from 4 to 5
2025-04-08 08:38:10,087 - parts_navigation.components.tiles_grid - INFO - Setting grid to 5 columns
2025-04-08 08:38:10,275 - parts_navigation.container - INFO - All navigation steps created successfully
2025-04-08 08:38:10,457 - parts_navigation.components.tiles_grid - INFO - Grid has 9 active columns configured
2025-04-08 08:38:10,457 - parts_navigation.components.tiles_grid - INFO - Total tiles: 43
2025-04-08 08:38:10,457 - parts_navigation.components.tiles_grid - INFO - Visible tiles: 43
2025-04-08 08:38:10,477 - parts_navigation.logo_manager - INFO - Found 31 already cached logos out of 43
2025-04-08 08:38:10,478 - parts_navigation.steps.brand - INFO - Started preloading 43 brand logos
2025-04-08 08:38:30,053 - database.car_parts_db - WARNING - Pool get_connection failed: Failed getting connection; pool exhausted, falling back to direct connect
2025-04-08 08:38:30,070 - database.car_parts_db - INFO - Thread 15332: Direct database connection established
2025-04-08 08:38:39,803 - database.car_parts_db - WARNING - Pool get_connection failed: Failed getting connection; pool exhausted, falling back to direct connect
2025-04-08 08:38:39,854 - database.car_parts_db - INFO - Thread 20428: Direct database connection established
2025-04-08 08:38:42,451 - gui.event_handlers - INFO - Closing database connection...
2025-04-08 08:38:42,463 - __main__ - INFO - Cleaning up application resources...
2025-04-08 08:38:42,463 - __main__ - INFO - Closing database connection...
2025-04-08 08:38:42,463 - __main__ - INFO - Cleaning up parts navigation resources...
2025-04-08 08:38:42,477 - database.car_parts_db - WARNING - Pool get_connection failed: Failed getting connection; pool exhausted, falling back to direct connect
2025-04-08 08:38:42,492 - database.car_parts_db - INFO - Thread 20148: Direct database connection established
2025-04-08 08:38:42,492 - __main__ - INFO - Application shutdown complete
2025-04-08 08:47:10,141 - root - INFO - Logging system initialized (level: INFO)
2025-04-08 08:47:10,142 - root - INFO - Log files directory: C:\Users\97253\Desktop\BeastMode-CSIntro-Excercises\CousinTestProject\logs
2025-04-08 08:47:10,305 - config - INFO - Determined application root: C:\Users\97253\Desktop\BeastMode-CSIntro-Excercises\CousinTestProject
2025-04-08 08:47:12,706 - __main__ - INFO - Application starting at: 2025-04-08 08:47:12
2025-04-08 08:47:12,706 - __main__ - INFO - Current user: BaselAM
2025-04-08 08:47:12,767 - __main__ - INFO - Initializing database connection...
2025-04-08 08:47:13,079 - database.car_parts_db - INFO - Thread 16580: Database connection established
2025-04-08 08:47:13,081 - database.car_parts_db - INFO - Initialized database connection to localhost
2025-04-08 08:47:13,110 - __main__ - INFO - Connected to database. Found 2845 parts.
2025-04-08 08:47:13,111 - translations - INFO - Loading translation files from C:\Users\97253\Desktop\BeastMode-CSIntro-Excercises\CousinTestProject\translations\data
2025-04-08 08:47:13,113 - translations - INFO - Loaded translations for namespace 'car_parts' from C:\Users\97253\Desktop\BeastMode-CSIntro-Excercises\CousinTestProject\translations\data\car_parts.json
2025-04-08 08:47:13,114 - translations - INFO - Loaded translations for namespace 'errors' from C:\Users\97253\Desktop\BeastMode-CSIntro-Excercises\CousinTestProject\translations\data\errors.json
2025-04-08 08:47:13,115 - translations - INFO - Loaded translations for namespace 'filters' from C:\Users\97253\Desktop\BeastMode-CSIntro-Excercises\CousinTestProject\translations\data\filters.json
2025-04-08 08:47:13,115 - translations - INFO - Loaded translations for namespace 'help' from C:\Users\97253\Desktop\BeastMode-CSIntro-Excercises\CousinTestProject\translations\data\help.json
2025-04-08 08:47:13,116 - translations - INFO - Loaded translations for namespace 'login' from C:\Users\97253\Desktop\BeastMode-CSIntro-Excercises\CousinTestProject\translations\data\login.json
2025-04-08 08:47:13,117 - translations - INFO - Loaded translations for namespace 'navigation' from C:\Users\97253\Desktop\BeastMode-CSIntro-Excercises\CousinTestProject\translations\data\navigation.json
2025-04-08 08:47:13,118 - translations - INFO - Loaded translations for namespace 'notifications' from C:\Users\97253\Desktop\BeastMode-CSIntro-Excercises\CousinTestProject\translations\data\notifications.json
2025-04-08 08:47:13,119 - translations - INFO - Loaded translations for namespace 'parts_nav_translations' from C:\Users\97253\Desktop\BeastMode-CSIntro-Excercises\CousinTestProject\translations\data\parts_nav_translations.json
2025-04-08 08:47:13,120 - translations - INFO - Loaded translations for namespace 'products' from C:\Users\97253\Desktop\BeastMode-CSIntro-Excercises\CousinTestProject\translations\data\products.json
2025-04-08 08:47:13,120 - translations - INFO - Loaded translations for namespace 'settings' from C:\Users\97253\Desktop\BeastMode-CSIntro-Excercises\CousinTestProject\translations\data\settings.json
2025-04-08 08:47:13,121 - translations - INFO - Loaded translations for namespace 'ui' from C:\Users\97253\Desktop\BeastMode-CSIntro-Excercises\CousinTestProject\translations\data\ui.json
2025-04-08 08:47:13,121 - translations - INFO - Loaded translations for namespace 'validations' from C:\Users\97253\Desktop\BeastMode-CSIntro-Excercises\CousinTestProject\translations\data\validations.json
2025-04-08 08:47:13,122 - translations - INFO - Loaded 12 translation files from C:\Users\97253\Desktop\BeastMode-CSIntro-Excercises\CousinTestProject\translations\data
2025-04-08 08:47:13,122 - translations - INFO - Loaded 12 translation files
2025-04-08 08:47:13,315 - UsersDB - INFO - Connected to user database at C:\Users\97253\Desktop\BeastMode-CSIntro-Excercises\CousinTestProject\database\users.db
2025-04-08 08:47:13,316 - UsersDB - INFO - Database tables created successfully
2025-04-08 08:47:14,093 - widgets.header.chatbot.api_key_manager - INFO - API key loaded successfully
2025-04-08 08:47:14,204 - widgets.header.chatbot.openai_client - INFO - OpenAI client initialized successfully
2025-04-08 08:47:14,362 - translations - WARNING - Missing translation for 'time_range' in 'he'
2025-04-08 08:47:14,363 - translations - WARNING - Missing translation for 'overview' in 'he'
2025-04-08 08:47:14,363 - translations - WARNING - Missing translation for 'categories' in 'he'
2025-04-08 08:47:14,363 - translations - WARNING - Missing translation for 'brands' in 'he'
2025-04-08 08:47:14,363 - translations - WARNING - Missing translation for 'inventory' in 'he'
2025-04-08 08:47:14,363 - translations - WARNING - Missing translation for 'total_parts' in 'he'
2025-04-08 08:47:14,363 - translations - WARNING - Missing translation for 'total_value' in 'he'
2025-04-08 08:47:14,363 - translations - WARNING - Missing translation for 'low_stock_items' in 'he'
2025-04-08 08:47:14,365 - database.car_parts_db - INFO - Thread 19708: New database connection established
2025-04-08 08:47:14,500 - parts_navigation.components.tiles_grid - INFO - Populating grid with 8 items using 4 columns
2025-04-08 08:47:14,561 - parts_navigation.components.tiles_grid - INFO - Grid has 4 active columns configured
2025-04-08 08:47:14,561 - parts_navigation.components.tiles_grid - INFO - Total tiles: 8
2025-04-08 08:47:14,561 - parts_navigation.components.tiles_grid - INFO - Visible tiles: 0
2025-04-08 08:47:14,562 - parts_navigation.container - INFO - Navigated to step 0
2025-04-08 08:47:14,767 - parts_navigation.container - INFO - All navigation steps created successfully
2025-04-08 08:47:14,767 - parts_navigation.container - INFO - Starting delayed brand preloading
2025-04-08 08:47:14,767 - parts_navigation.steps.brand - INFO - Starting to preload brands data
2025-04-08 08:47:14,927 - translations - WARNING - Missing translation for 'Internet: Connected' in 'he'
2025-04-08 08:47:14,966 - database.car_parts_db - INFO - Found 43 unique car brands in database
2025-04-08 08:47:14,967 - database.car_parts_db - INFO - Processed 43 unique car brands
2025-04-08 08:47:15,102 - parts_navigation.container - INFO - All navigation steps created successfully
2025-04-08 08:47:15,102 - parts_navigation.steps.brand - INFO - Preloaded 43 brands
2025-04-08 08:47:15,102 - parts_navigation.logo_manager - INFO - Preloading logos for 43 brands
2025-04-08 08:47:15,118 - parts_navigation.steps.brand - INFO - Loaded 43 unique brands
2025-04-08 08:47:15,119 - parts_navigation.components.tiles_grid - INFO - Populating grid with 43 items using 4 columns
2025-04-08 08:47:16,266 - parts_navigation.components.tiles_grid - INFO - Grid has 4 active columns configured
2025-04-08 08:47:16,266 - parts_navigation.components.tiles_grid - INFO - Total tiles: 43
2025-04-08 08:47:16,266 - parts_navigation.components.tiles_grid - INFO - Visible tiles: 0
2025-04-08 08:47:16,299 - parts_navigation.logo_manager - INFO - Found 31 already cached logos out of 43
2025-04-08 08:47:16,299 - parts_navigation.steps.brand - INFO - Started preloading 43 brand logos
2025-04-08 08:47:43,115 - UsersDB - INFO - User fahed authenticated successfully
2025-04-08 08:47:43,127 - __main__ - INFO - User logged in: {'id': 2, 'username': 'fahed', 'full_name': 'Fahed Abu Mukh', 'role': 'manager', 'settings': {'theme': 'classic', 'language': 'en', 'rtl': False}}
2025-04-08 08:47:49,447 - parts_navigation.components.tiles_grid - INFO - Adjusting columns from 3 to 5
2025-04-08 08:47:49,447 - parts_navigation.components.tiles_grid - INFO - Setting grid to 5 columns
2025-04-08 08:47:49,447 - parts_navigation.components.tiles_grid - INFO - Adjusting columns from 4 to 5
2025-04-08 08:47:49,447 - parts_navigation.components.tiles_grid - INFO - Setting grid to 5 columns
2025-04-08 08:47:49,448 - parts_navigation.components.tiles_grid - INFO - Adjusting columns from 4 to 5
2025-04-08 08:47:49,448 - parts_navigation.components.tiles_grid - INFO - Setting grid to 5 columns
2025-04-08 08:47:49,449 - parts_navigation.components.tiles_grid - INFO - Adjusting columns from 3 to 5
2025-04-08 08:47:49,449 - parts_navigation.components.tiles_grid - INFO - Setting grid to 5 columns
2025-04-08 08:47:49,449 - parts_navigation.components.tiles_grid - INFO - Adjusting columns from 4 to 5
2025-04-08 08:47:49,449 - parts_navigation.components.tiles_grid - INFO - Setting grid to 5 columns
2025-04-08 08:47:49,449 - parts_navigation.components.tiles_grid - INFO - Adjusting columns from 4 to 6
2025-04-08 08:47:49,449 - parts_navigation.components.tiles_grid - INFO - Setting grid to 6 columns
2025-04-08 08:48:08,909 - database.car_parts_db - INFO - Thread 21316: New database connection established
2025-04-08 08:52:14,379 - database.car_parts_db - INFO - Thread 20704: New database connection established
2025-04-08 08:53:23,085 - gui.event_handlers - INFO - Closing database connection...
2025-04-08 08:53:23,112 - __main__ - INFO - Cleaning up application resources...
2025-04-08 08:53:23,112 - __main__ - INFO - Closing database connection...
2025-04-08 08:53:23,112 - __main__ - INFO - Cleaning up parts navigation resources...
2025-04-08 08:53:23,265 - database.car_parts_db - INFO - Thread 16580: New database connection established
2025-04-08 08:53:23,267 - __main__ - INFO - Application shutdown complete
2025-04-08 08:53:46,935 - root - INFO - Logging system initialized (level: INFO)
2025-04-08 08:53:46,935 - root - INFO - Log files directory: C:\Users\97253\Desktop\BeastMode-CSIntro-Excercises\CousinTestProject\logs
2025-04-08 08:53:47,579 - config - INFO - Determined application root: C:\Users\97253\Desktop\BeastMode-CSIntro-Excercises\CousinTestProject
2025-04-08 08:53:51,095 - __main__ - INFO - Application starting at: 2025-04-08 08:53:51
2025-04-08 08:53:51,096 - __main__ - INFO - Current user: BaselAM
2025-04-08 08:53:51,177 - __main__ - INFO - Initializing database connection...
2025-04-08 08:53:51,637 - database.car_parts_db - INFO - Thread 7160: Database connection established
2025-04-08 08:53:51,637 - database.car_parts_db - INFO - Initialized database connection to localhost
2025-04-08 08:53:51,682 - __main__ - INFO - Connected to database. Found 2845 parts.
2025-04-08 08:53:51,682 - translations - INFO - Loading translation files from C:\Users\97253\Desktop\BeastMode-CSIntro-Excercises\CousinTestProject\translations\data
2025-04-08 08:53:51,684 - translations - INFO - Loaded translations for namespace 'car_parts' from C:\Users\97253\Desktop\BeastMode-CSIntro-Excercises\CousinTestProject\translations\data\car_parts.json
2025-04-08 08:53:51,685 - translations - INFO - Loaded translations for namespace 'errors' from C:\Users\97253\Desktop\BeastMode-CSIntro-Excercises\CousinTestProject\translations\data\errors.json
2025-04-08 08:53:51,685 - translations - INFO - Loaded translations for namespace 'filters' from C:\Users\97253\Desktop\BeastMode-CSIntro-Excercises\CousinTestProject\translations\data\filters.json
2025-04-08 08:53:51,686 - translations - INFO - Loaded translations for namespace 'help' from C:\Users\97253\Desktop\BeastMode-CSIntro-Excercises\CousinTestProject\translations\data\help.json
2025-04-08 08:53:51,686 - translations - INFO - Loaded translations for namespace 'login' from C:\Users\97253\Desktop\BeastMode-CSIntro-Excercises\CousinTestProject\translations\data\login.json
2025-04-08 08:53:51,687 - translations - INFO - Loaded translations for namespace 'navigation' from C:\Users\97253\Desktop\BeastMode-CSIntro-Excercises\CousinTestProject\translations\data\navigation.json
2025-04-08 08:53:51,687 - translations - INFO - Loaded translations for namespace 'notifications' from C:\Users\97253\Desktop\BeastMode-CSIntro-Excercises\CousinTestProject\translations\data\notifications.json
2025-04-08 08:53:51,688 - translations - INFO - Loaded translations for namespace 'parts_nav_translations' from C:\Users\97253\Desktop\BeastMode-CSIntro-Excercises\CousinTestProject\translations\data\parts_nav_translations.json
2025-04-08 08:53:51,688 - translations - INFO - Loaded translations for namespace 'products' from C:\Users\97253\Desktop\BeastMode-CSIntro-Excercises\CousinTestProject\translations\data\products.json
2025-04-08 08:53:51,689 - translations - INFO - Loaded translations for namespace 'settings' from C:\Users\97253\Desktop\BeastMode-CSIntro-Excercises\CousinTestProject\translations\data\settings.json
2025-04-08 08:53:51,689 - translations - INFO - Loaded translations for namespace 'ui' from C:\Users\97253\Desktop\BeastMode-CSIntro-Excercises\CousinTestProject\translations\data\ui.json
2025-04-08 08:53:51,690 - translations - INFO - Loaded translations for namespace 'validations' from C:\Users\97253\Desktop\BeastMode-CSIntro-Excercises\CousinTestProject\translations\data\validations.json
2025-04-08 08:53:51,690 - translations - INFO - Loaded 12 translation files from C:\Users\97253\Desktop\BeastMode-CSIntro-Excercises\CousinTestProject\translations\data
2025-04-08 08:53:51,690 - translations - INFO - Loaded 12 translation files
2025-04-08 08:53:51,977 - UsersDB - INFO - Connected to user database at C:\Users\97253\Desktop\BeastMode-CSIntro-Excercises\CousinTestProject\database\users.db
2025-04-08 08:53:51,979 - UsersDB - INFO - Database tables created successfully
2025-04-08 08:53:53,018 - widgets.header.chatbot.api_key_manager - INFO - API key loaded successfully
2025-04-08 08:53:53,125 - widgets.header.chatbot.openai_client - INFO - OpenAI client initialized successfully
2025-04-08 08:53:53,315 - translations - WARNING - Missing translation for 'time_range' in 'he'
2025-04-08 08:53:53,316 - translations - WARNING - Missing translation for 'overview' in 'he'
2025-04-08 08:53:53,316 - translations - WARNING - Missing translation for 'categories' in 'he'
2025-04-08 08:53:53,316 - translations - WARNING - Missing translation for 'brands' in 'he'
2025-04-08 08:53:53,316 - translations - WARNING - Missing translation for 'inventory' in 'he'
2025-04-08 08:53:53,316 - translations - WARNING - Missing translation for 'total_parts' in 'he'
2025-04-08 08:53:53,317 - translations - WARNING - Missing translation for 'total_value' in 'he'
2025-04-08 08:53:53,317 - translations - WARNING - Missing translation for 'low_stock_items' in 'he'
2025-04-08 08:53:53,318 - database.car_parts_db - INFO - Thread 17572: New database connection established
2025-04-08 08:53:53,508 - parts_navigation.components.tiles_grid - INFO - Populating grid with 8 items using 4 columns
2025-04-08 08:53:53,709 - parts_navigation.container - INFO - All navigation steps created successfully
2025-04-08 08:53:53,709 - parts_navigation.container - INFO - Starting delayed brand preloading
2025-04-08 08:53:53,709 - parts_navigation.steps.brand - INFO - Starting to preload brands data
2025-04-08 08:53:53,711 - parts_navigation.components.tiles_grid - INFO - Grid has 4 active columns configured
2025-04-08 08:53:53,713 - parts_navigation.components.tiles_grid - INFO - Total tiles: 8
2025-04-08 08:53:53,713 - parts_navigation.components.tiles_grid - INFO - Visible tiles: 0
2025-04-08 08:53:53,713 - parts_navigation.container - INFO - Navigated to step 0
2025-04-08 08:53:54,174 - database.car_parts_db - INFO - Found 43 unique car brands in database
2025-04-08 08:53:54,175 - database.car_parts_db - INFO - Processed 43 unique car brands
2025-04-08 08:53:54,176 - translations - WARNING - Missing translation for 'Internet: Connected' in 'he'
2025-04-08 08:53:54,468 - parts_navigation.steps.brand - INFO - Preloaded 43 brands
2025-04-08 08:53:54,468 - parts_navigation.logo_manager - INFO - Preloading logos for 43 brands
2025-04-08 08:53:54,662 - parts_navigation.container - INFO - All navigation steps created successfully
2025-04-08 08:53:55,349 - parts_navigation.steps.brand - INFO - Loaded 43 unique brands
2025-04-08 08:53:55,349 - parts_navigation.components.tiles_grid - INFO - Populating grid with 43 items using 4 columns
2025-04-08 08:53:55,867 - parts_navigation.components.tiles_grid - INFO - Grid has 4 active columns configured
2025-04-08 08:53:55,867 - parts_navigation.components.tiles_grid - INFO - Total tiles: 43
2025-04-08 08:53:55,867 - parts_navigation.components.tiles_grid - INFO - Visible tiles: 0
2025-04-08 08:53:55,892 - parts_navigation.logo_manager - INFO - Found 31 already cached logos out of 43
2025-04-08 08:53:55,892 - parts_navigation.steps.brand - INFO - Started preloading 43 brand logos
2025-04-08 08:53:57,800 - UsersDB - INFO - User fahed authenticated successfully
2025-04-08 08:53:57,813 - __main__ - INFO - User logged in: {'id': 2, 'username': 'fahed', 'full_name': 'Fahed Abu Mukh', 'role': 'manager', 'settings': {'theme': 'classic', 'language': 'en', 'rtl': False}}
2025-04-08 08:53:58,809 - database.car_parts_db - INFO - Thread 13324: New database connection established
2025-04-08 08:54:21,901 - parts_navigation.components.tiles_grid - INFO - Populating grid with 8 items using 4 columns
2025-04-08 08:54:21,914 - parts_navigation.components.tiles_grid - INFO - Grid has 4 active columns configured
2025-04-08 08:54:21,914 - parts_navigation.components.tiles_grid - INFO - Total tiles: 8
2025-04-08 08:54:21,914 - parts_navigation.components.tiles_grid - INFO - Visible tiles: 0
2025-04-08 08:54:21,914 - parts_navigation.container - INFO - Navigated to step 0
2025-04-08 08:54:21,948 - parts_navigation.components.tiles_grid - INFO - Adjusting columns from 4 to 9
2025-04-08 08:54:21,948 - parts_navigation.components.tiles_grid - INFO - Setting grid to 9 columns
2025-04-08 08:54:21,990 - parts_navigation.container - INFO - All navigation steps created successfully
2025-04-08 08:54:21,991 - parts_navigation.container - INFO - Starting delayed brand preloading
2025-04-08 08:54:21,991 - parts_navigation.steps.brand - INFO - Starting to preload brands data
2025-04-08 08:54:22,009 - parts_navigation.components.tiles_grid - INFO - Adjusting columns from 4 to 5
2025-04-08 08:54:22,010 - parts_navigation.components.tiles_grid - INFO - Setting grid to 5 columns
2025-04-08 08:54:22,010 - parts_navigation.components.tiles_grid - INFO - Adjusting columns from 3 to 5
2025-04-08 08:54:22,010 - parts_navigation.components.tiles_grid - INFO - Setting grid to 5 columns
2025-04-08 08:54:22,010 - parts_navigation.components.tiles_grid - INFO - Adjusting columns from 4 to 5
2025-04-08 08:54:22,011 - parts_navigation.components.tiles_grid - INFO - Setting grid to 5 columns
2025-04-08 08:54:22,052 - parts_navigation.steps.brand - INFO - Preloaded 43 brands
2025-04-08 08:54:22,053 - parts_navigation.logo_manager - INFO - Preloading logos for 43 brands
2025-04-08 08:54:22,080 - parts_navigation.components.tiles_grid - INFO - Adjusting columns from 3 to 5
2025-04-08 08:54:22,080 - parts_navigation.components.tiles_grid - INFO - Setting grid to 5 columns
2025-04-08 08:54:22,083 - parts_navigation.components.tiles_grid - INFO - Adjusting columns from 4 to 5
2025-04-08 08:54:22,083 - parts_navigation.components.tiles_grid - INFO - Setting grid to 5 columns
2025-04-08 08:54:22,097 - parts_navigation.steps.brand - INFO - Loaded 43 unique brands
2025-04-08 08:54:22,097 - parts_navigation.components.tiles_grid - INFO - Populating grid with 43 items using 9 columns
2025-04-08 08:54:22,184 - parts_navigation.container - INFO - All navigation steps created successfully
2025-04-08 08:54:22,552 - parts_navigation.components.tiles_grid - INFO - Grid has 9 active columns configured
2025-04-08 08:54:22,553 - parts_navigation.components.tiles_grid - INFO - Total tiles: 43
2025-04-08 08:54:22,553 - parts_navigation.components.tiles_grid - INFO - Visible tiles: 0
2025-04-08 08:54:22,579 - parts_navigation.logo_manager - INFO - Found 31 already cached logos out of 43
2025-04-08 08:54:22,579 - parts_navigation.steps.brand - INFO - Started preloading 43 brand logos
2025-04-08 08:54:24,807 - database.car_parts_db - INFO - Thread 16412: New database connection established
2025-04-08 08:54:31,659 - parts_navigation.components.tiles_grid - INFO - Populating grid with 8 items using 4 columns
2025-04-08 08:54:31,670 - parts_navigation.components.tiles_grid - INFO - Grid has 4 active columns configured
2025-04-08 08:54:31,672 - parts_navigation.components.tiles_grid - INFO - Total tiles: 8
2025-04-08 08:54:31,672 - parts_navigation.components.tiles_grid - INFO - Visible tiles: 0
2025-04-08 08:54:31,672 - parts_navigation.container - INFO - Navigated to step 0
2025-04-08 08:54:31,699 - parts_navigation.components.tiles_grid - INFO - Adjusting columns from 4 to 9
2025-04-08 08:54:31,699 - parts_navigation.components.tiles_grid - INFO - Setting grid to 9 columns
2025-04-08 08:54:31,741 - parts_navigation.container - INFO - All navigation steps created successfully
2025-04-08 08:54:31,741 - parts_navigation.container - INFO - Starting delayed brand preloading
2025-04-08 08:54:31,741 - parts_navigation.steps.brand - INFO - Starting to preload brands data
2025-04-08 08:54:31,752 - parts_navigation.components.tiles_grid - INFO - Adjusting columns from 4 to 5
2025-04-08 08:54:31,752 - parts_navigation.components.tiles_grid - INFO - Setting grid to 5 columns
2025-04-08 08:54:31,753 - parts_navigation.components.tiles_grid - INFO - Adjusting columns from 3 to 5
2025-04-08 08:54:31,753 - parts_navigation.components.tiles_grid - INFO - Setting grid to 5 columns
2025-04-08 08:54:31,753 - parts_navigation.components.tiles_grid - INFO - Adjusting columns from 4 to 5
2025-04-08 08:54:31,753 - parts_navigation.components.tiles_grid - INFO - Setting grid to 5 columns
2025-04-08 08:54:31,766 - parts_navigation.steps.brand - INFO - Preloaded 43 brands
2025-04-08 08:54:31,766 - parts_navigation.logo_manager - INFO - Preloading logos for 43 brands
2025-04-08 08:54:31,799 - parts_navigation.steps.brand - INFO - Loaded 43 unique brands
2025-04-08 08:54:31,799 - parts_navigation.components.tiles_grid - INFO - Populating grid with 43 items using 9 columns
2025-04-08 08:54:31,884 - parts_navigation.components.tiles_grid - INFO - Adjusting columns from 3 to 5
2025-04-08 08:54:31,884 - parts_navigation.components.tiles_grid - INFO - Setting grid to 5 columns
2025-04-08 08:54:31,887 - parts_navigation.components.tiles_grid - INFO - Adjusting columns from 4 to 5
2025-04-08 08:54:31,887 - parts_navigation.components.tiles_grid - INFO - Setting grid to 5 columns
2025-04-08 08:54:32,098 - parts_navigation.container - INFO - All navigation steps created successfully
2025-04-08 08:54:32,267 - parts_navigation.components.tiles_grid - INFO - Grid has 9 active columns configured
2025-04-08 08:54:32,268 - parts_navigation.components.tiles_grid - INFO - Total tiles: 43
2025-04-08 08:54:32,268 - parts_navigation.components.tiles_grid - INFO - Visible tiles: 43
2025-04-08 08:54:32,280 - parts_navigation.logo_manager - INFO - Found 31 already cached logos out of 43
2025-04-08 08:54:32,281 - parts_navigation.steps.brand - INFO - Started preloading 43 brand logos
2025-04-08 08:55:09,703 - gui.event_handlers - INFO - Closing database connection...
2025-04-08 08:55:09,719 - __main__ - INFO - Cleaning up application resources...
2025-04-08 08:55:09,719 - __main__ - INFO - Closing database connection...
2025-04-08 08:55:09,719 - __main__ - INFO - Cleaning up parts navigation resources...
2025-04-08 08:55:09,732 - database.car_parts_db - INFO - Thread 7160: New database connection established
2025-04-08 08:55:09,735 - __main__ - INFO - Application shutdown complete
2025-04-08 08:56:29,399 - root - INFO - Logging system initialized (level: INFO)
2025-04-08 08:56:29,400 - root - INFO - Log files directory: C:\Users\97253\Desktop\BeastMode-CSIntro-Excercises\CousinTestProject\logs
2025-04-08 08:56:29,583 - config - INFO - Determined application root: C:\Users\97253\Desktop\BeastMode-CSIntro-Excercises\CousinTestProject
2025-04-08 08:56:34,363 - __main__ - INFO - Application starting at: 2025-04-08 08:56:34
2025-04-08 08:56:34,363 - __main__ - INFO - Current user: BaselAM
2025-04-08 08:56:34,444 - __main__ - INFO - Initializing database connection...
2025-04-08 08:56:34,900 - database.car_parts_db - INFO - Thread 7300: Database connection established
2025-04-08 08:56:34,900 - database.car_parts_db - INFO - Initialized database connection to localhost
2025-04-08 08:56:34,936 - __main__ - INFO - Connected to database. Found 2845 parts.
2025-04-08 08:56:34,936 - translations - INFO - Loading translation files from C:\Users\97253\Desktop\BeastMode-CSIntro-Excercises\CousinTestProject\translations\data
2025-04-08 08:56:34,937 - translations - INFO - Loaded translations for namespace 'car_parts' from C:\Users\97253\Desktop\BeastMode-CSIntro-Excercises\CousinTestProject\translations\data\car_parts.json
2025-04-08 08:56:34,938 - translations - INFO - Loaded translations for namespace 'errors' from C:\Users\97253\Desktop\BeastMode-CSIntro-Excercises\CousinTestProject\translations\data\errors.json
2025-04-08 08:56:34,938 - translations - INFO - Loaded translations for namespace 'filters' from C:\Users\97253\Desktop\BeastMode-CSIntro-Excercises\CousinTestProject\translations\data\filters.json
2025-04-08 08:56:34,940 - translations - INFO - Loaded translations for namespace 'help' from C:\Users\97253\Desktop\BeastMode-CSIntro-Excercises\CousinTestProject\translations\data\help.json
2025-04-08 08:56:34,940 - translations - INFO - Loaded translations for namespace 'login' from C:\Users\97253\Desktop\BeastMode-CSIntro-Excercises\CousinTestProject\translations\data\login.json
2025-04-08 08:56:34,941 - translations - INFO - Loaded translations for namespace 'navigation' from C:\Users\97253\Desktop\BeastMode-CSIntro-Excercises\CousinTestProject\translations\data\navigation.json
2025-04-08 08:56:34,941 - translations - INFO - Loaded translations for namespace 'notifications' from C:\Users\97253\Desktop\BeastMode-CSIntro-Excercises\CousinTestProject\translations\data\notifications.json
2025-04-08 08:56:34,942 - translations - INFO - Loaded translations for namespace 'parts_nav_translations' from C:\Users\97253\Desktop\BeastMode-CSIntro-Excercises\CousinTestProject\translations\data\parts_nav_translations.json
2025-04-08 08:56:34,943 - translations - INFO - Loaded translations for namespace 'products' from C:\Users\97253\Desktop\BeastMode-CSIntro-Excercises\CousinTestProject\translations\data\products.json
2025-04-08 08:56:34,943 - translations - INFO - Loaded translations for namespace 'settings' from C:\Users\97253\Desktop\BeastMode-CSIntro-Excercises\CousinTestProject\translations\data\settings.json
2025-04-08 08:56:34,944 - translations - INFO - Loaded translations for namespace 'ui' from C:\Users\97253\Desktop\BeastMode-CSIntro-Excercises\CousinTestProject\translations\data\ui.json
2025-04-08 08:56:34,944 - translations - INFO - Loaded translations for namespace 'validations' from C:\Users\97253\Desktop\BeastMode-CSIntro-Excercises\CousinTestProject\translations\data\validations.json
2025-04-08 08:56:34,944 - translations - INFO - Loaded 12 translation files from C:\Users\97253\Desktop\BeastMode-CSIntro-Excercises\CousinTestProject\translations\data
2025-04-08 08:56:34,945 - translations - INFO - Loaded 12 translation files
2025-04-08 08:56:35,213 - UsersDB - INFO - Connected to user database at C:\Users\97253\Desktop\BeastMode-CSIntro-Excercises\CousinTestProject\database\users.db
2025-04-08 08:56:35,214 - UsersDB - INFO - Database tables created successfully
2025-04-08 08:56:36,159 - widgets.header.chatbot.api_key_manager - INFO - API key loaded successfully
2025-04-08 08:56:36,269 - widgets.header.chatbot.openai_client - INFO - OpenAI client initialized successfully
2025-04-08 08:56:36,471 - translations - WARNING - Missing translation for 'time_range' in 'he'
2025-04-08 08:56:36,471 - translations - WARNING - Missing translation for 'overview' in 'he'
2025-04-08 08:56:36,472 - translations - WARNING - Missing translation for 'categories' in 'he'
2025-04-08 08:56:36,472 - translations - WARNING - Missing translation for 'brands' in 'he'
2025-04-08 08:56:36,472 - translations - WARNING - Missing translation for 'inventory' in 'he'
2025-04-08 08:56:36,472 - translations - WARNING - Missing translation for 'total_parts' in 'he'
2025-04-08 08:56:36,472 - translations - WARNING - Missing translation for 'total_value' in 'he'
2025-04-08 08:56:36,472 - translations - WARNING - Missing translation for 'low_stock_items' in 'he'
2025-04-08 08:56:36,473 - database.car_parts_db - INFO - Thread 11696: New database connection established
2025-04-08 08:56:36,638 - parts_navigation.components.tiles_grid - INFO - Populating grid with 8 items using 4 columns
2025-04-08 08:56:36,738 - parts_navigation.container - INFO - All navigation steps created successfully
2025-04-08 08:56:36,740 - parts_navigation.components.tiles_grid - INFO - Grid has 4 active columns configured
2025-04-08 08:56:36,740 - parts_navigation.components.tiles_grid - INFO - Total tiles: 8
2025-04-08 08:56:36,741 - parts_navigation.components.tiles_grid - INFO - Visible tiles: 0
2025-04-08 08:56:36,741 - parts_navigation.container - INFO - Navigated to step 0
2025-04-08 08:56:36,956 - parts_navigation.container - INFO - Starting delayed brand preloading
2025-04-08 08:56:36,956 - parts_navigation.steps.brand - INFO - Starting to preload brands data
2025-04-08 08:56:37,132 - translations - WARNING - Missing translation for 'Internet: Connected' in 'he'
2025-04-08 08:56:37,187 - database.car_parts_db - INFO - Found 43 unique car brands in database
2025-04-08 08:56:37,187 - database.car_parts_db - INFO - Processed 43 unique car brands
2025-04-08 08:56:37,382 - parts_navigation.container - INFO - All navigation steps created successfully
2025-04-08 08:56:37,383 - parts_navigation.steps.brand - INFO - Preloaded 43 brands
2025-04-08 08:56:37,383 - parts_navigation.logo_manager - INFO - Preloading logos for 43 brands
2025-04-08 08:56:37,524 - parts_navigation.steps.brand - INFO - Loaded 43 unique brands
2025-04-08 08:56:37,524 - parts_navigation.components.tiles_grid - INFO - Populating grid with 43 items using 4 columns
2025-04-08 08:56:38,642 - parts_navigation.components.tiles_grid - INFO - Grid has 4 active columns configured
2025-04-08 08:56:38,642 - parts_navigation.components.tiles_grid - INFO - Total tiles: 43
2025-04-08 08:56:38,642 - parts_navigation.components.tiles_grid - INFO - Visible tiles: 0
2025-04-08 08:56:38,674 - parts_navigation.logo_manager - INFO - Found 31 already cached logos out of 43
2025-04-08 08:56:38,674 - parts_navigation.steps.brand - INFO - Started preloading 43 brand logos
2025-04-08 08:56:43,403 - UsersDB - INFO - User fahed authenticated successfully
2025-04-08 08:56:43,413 - __main__ - INFO - User logged in: {'id': 2, 'username': 'fahed', 'full_name': 'Fahed Abu Mukh', 'role': 'manager', 'settings': {'theme': 'classic', 'language': 'en', 'rtl': False}}
2025-04-08 08:56:46,809 - database.car_parts_db - INFO - Thread 1580: New database connection established
2025-04-08 08:57:05,620 - widgets.settings.settings_widget - INFO - Changing theme to dark
2025-04-08 08:57:06,168 - gui.gui_main - INFO - Theme update completed synchronously
2025-04-08 08:57:06,904 - widgets.settings.settings_widget - INFO - Settings saved successfully
2025-04-08 08:57:09,672 - gui.event_handlers - INFO - Closing database connection...
2025-04-08 08:57:09,684 - __main__ - INFO - Cleaning up application resources...
2025-04-08 08:57:09,684 - __main__ - INFO - Closing database connection...
2025-04-08 08:57:09,684 - __main__ - INFO - Cleaning up parts navigation resources...
2025-04-08 08:57:09,695 - database.car_parts_db - INFO - Thread 7300: New database connection established
2025-04-08 08:57:09,697 - __main__ - INFO - Application shutdown complete
2025-04-08 08:57:11,274 - root - INFO - Logging system initialized (level: INFO)
2025-04-08 08:57:11,274 - root - INFO - Log files directory: C:\Users\97253\Desktop\BeastMode-CSIntro-Excercises\CousinTestProject\logs
2025-04-08 08:57:11,323 - config - INFO - Determined application root: C:\Users\97253\Desktop\BeastMode-CSIntro-Excercises\CousinTestProject
2025-04-08 08:57:13,331 - __main__ - INFO - Application starting at: 2025-04-08 08:57:13
2025-04-08 08:57:13,331 - __main__ - INFO - Current user: BaselAM
2025-04-08 08:57:13,348 - __main__ - INFO - Initializing database connection...
2025-04-08 08:57:13,490 - database.car_parts_db - INFO - Thread 12328: Database connection established
2025-04-08 08:57:13,490 - database.car_parts_db - INFO - Initialized database connection to localhost
2025-04-08 08:57:13,512 - __main__ - INFO - Connected to database. Found 2845 parts.
2025-04-08 08:57:13,513 - translations - INFO - Loading translation files from C:\Users\97253\Desktop\BeastMode-CSIntro-Excercises\CousinTestProject\translations\data
2025-04-08 08:57:13,513 - translations - INFO - Loaded translations for namespace 'car_parts' from C:\Users\97253\Desktop\BeastMode-CSIntro-Excercises\CousinTestProject\translations\data\car_parts.json
2025-04-08 08:57:13,513 - translations - INFO - Loaded translations for namespace 'errors' from C:\Users\97253\Desktop\BeastMode-CSIntro-Excercises\CousinTestProject\translations\data\errors.json
2025-04-08 08:57:13,513 - translations - INFO - Loaded translations for namespace 'filters' from C:\Users\97253\Desktop\BeastMode-CSIntro-Excercises\CousinTestProject\translations\data\filters.json
2025-04-08 08:57:13,514 - translations - INFO - Loaded translations for namespace 'help' from C:\Users\97253\Desktop\BeastMode-CSIntro-Excercises\CousinTestProject\translations\data\help.json
2025-04-08 08:57:13,514 - translations - INFO - Loaded translations for namespace 'login' from C:\Users\97253\Desktop\BeastMode-CSIntro-Excercises\CousinTestProject\translations\data\login.json
2025-04-08 08:57:13,514 - translations - INFO - Loaded translations for namespace 'navigation' from C:\Users\97253\Desktop\BeastMode-CSIntro-Excercises\CousinTestProject\translations\data\navigation.json
2025-04-08 08:57:13,514 - translations - INFO - Loaded translations for namespace 'notifications' from C:\Users\97253\Desktop\BeastMode-CSIntro-Excercises\CousinTestProject\translations\data\notifications.json
2025-04-08 08:57:13,515 - translations - INFO - Loaded translations for namespace 'parts_nav_translations' from C:\Users\97253\Desktop\BeastMode-CSIntro-Excercises\CousinTestProject\translations\data\parts_nav_translations.json
2025-04-08 08:57:13,515 - translations - INFO - Loaded translations for namespace 'products' from C:\Users\97253\Desktop\BeastMode-CSIntro-Excercises\CousinTestProject\translations\data\products.json
2025-04-08 08:57:13,515 - translations - INFO - Loaded translations for namespace 'settings' from C:\Users\97253\Desktop\BeastMode-CSIntro-Excercises\CousinTestProject\translations\data\settings.json
2025-04-08 08:57:13,515 - translations - INFO - Loaded translations for namespace 'ui' from C:\Users\97253\Desktop\BeastMode-CSIntro-Excercises\CousinTestProject\translations\data\ui.json
2025-04-08 08:57:13,515 - translations - INFO - Loaded translations for namespace 'validations' from C:\Users\97253\Desktop\BeastMode-CSIntro-Excercises\CousinTestProject\translations\data\validations.json
2025-04-08 08:57:13,515 - translations - INFO - Loaded 12 translation files from C:\Users\97253\Desktop\BeastMode-CSIntro-Excercises\CousinTestProject\translations\data
2025-04-08 08:57:13,515 - translations - INFO - Loaded 12 translation files
2025-04-08 08:57:13,579 - UsersDB - INFO - Connected to user database at C:\Users\97253\Desktop\BeastMode-CSIntro-Excercises\CousinTestProject\database\users.db
2025-04-08 08:57:13,580 - UsersDB - INFO - Database tables created successfully
2025-04-08 08:57:13,954 - widgets.header.chatbot.api_key_manager - INFO - API key loaded successfully
2025-04-08 08:57:14,047 - widgets.header.chatbot.openai_client - INFO - OpenAI client initialized successfully
2025-04-08 08:57:14,219 - translations - WARNING - Missing translation for 'time_range' in 'he'
2025-04-08 08:57:14,219 - translations - WARNING - Missing translation for 'overview' in 'he'
2025-04-08 08:57:14,219 - translations - WARNING - Missing translation for 'categories' in 'he'
2025-04-08 08:57:14,219 - translations - WARNING - Missing translation for 'brands' in 'he'
2025-04-08 08:57:14,219 - translations - WARNING - Missing translation for 'inventory' in 'he'
2025-04-08 08:57:14,219 - translations - WARNING - Missing translation for 'total_parts' in 'he'
2025-04-08 08:57:14,220 - translations - WARNING - Missing translation for 'total_value' in 'he'
2025-04-08 08:57:14,220 - translations - WARNING - Missing translation for 'low_stock_items' in 'he'
2025-04-08 08:57:14,221 - database.car_parts_db - INFO - Thread 6180: New database connection established
2025-04-08 08:57:14,368 - parts_navigation.components.tiles_grid - INFO - Populating grid with 8 items using 4 columns
2025-04-08 08:57:14,471 - parts_navigation.container - INFO - All navigation steps created successfully
2025-04-08 08:57:14,472 - parts_navigation.components.tiles_grid - INFO - Grid has 4 active columns configured
2025-04-08 08:57:14,472 - parts_navigation.components.tiles_grid - INFO - Total tiles: 8
2025-04-08 08:57:14,472 - parts_navigation.components.tiles_grid - INFO - Visible tiles: 0
2025-04-08 08:57:14,472 - parts_navigation.container - INFO - Navigated to step 0
2025-04-08 08:57:14,687 - parts_navigation.container - INFO - Starting delayed brand preloading
2025-04-08 08:57:14,687 - parts_navigation.steps.brand - INFO - Starting to preload brands data
2025-04-08 08:57:14,882 - translations - WARNING - Missing translation for 'Internet: Connected' in 'he'
2025-04-08 08:57:14,914 - database.car_parts_db - INFO - Found 43 unique car brands in database
2025-04-08 08:57:14,914 - database.car_parts_db - INFO - Processed 43 unique car brands
2025-04-08 08:57:15,063 - parts_navigation.steps.brand - INFO - Preloaded 43 brands
2025-04-08 08:57:15,064 - parts_navigation.logo_manager - INFO - Preloading logos for 43 brands
2025-04-08 08:57:15,107 - parts_navigation.steps.brand - INFO - Loaded 43 unique brands
2025-04-08 08:57:15,107 - parts_navigation.components.tiles_grid - INFO - Populating grid with 43 items using 4 columns
2025-04-08 08:57:15,194 - parts_navigation.container - INFO - All navigation steps created successfully
2025-04-08 08:57:16,089 - parts_navigation.components.tiles_grid - INFO - Grid has 4 active columns configured
2025-04-08 08:57:16,089 - parts_navigation.components.tiles_grid - INFO - Total tiles: 43
2025-04-08 08:57:16,089 - parts_navigation.components.tiles_grid - INFO - Visible tiles: 0
2025-04-08 08:57:16,122 - parts_navigation.logo_manager - INFO - Found 31 already cached logos out of 43
2025-04-08 08:57:16,122 - parts_navigation.steps.brand - INFO - Started preloading 43 brand logos
2025-04-08 08:57:17,799 - UsersDB - INFO - User fahed authenticated successfully
2025-04-08 08:57:17,816 - __main__ - INFO - User logged in: {'id': 2, 'username': 'fahed', 'full_name': 'Fahed Abu Mukh', 'role': 'manager', 'settings': {'theme': 'classic', 'language': 'en', 'rtl': False}}
2025-04-08 08:57:24,428 - parts_navigation.components.tiles_grid - INFO - Adjusting columns from 3 to 5
2025-04-08 08:57:24,428 - parts_navigation.components.tiles_grid - INFO - Setting grid to 5 columns
2025-04-08 08:57:24,428 - parts_navigation.components.tiles_grid - INFO - Adjusting columns from 4 to 5
2025-04-08 08:57:24,428 - parts_navigation.components.tiles_grid - INFO - Setting grid to 5 columns
2025-04-08 08:57:24,430 - parts_navigation.components.tiles_grid - INFO - Adjusting columns from 4 to 5
2025-04-08 08:57:24,430 - parts_navigation.components.tiles_grid - INFO - Setting grid to 5 columns
2025-04-08 08:57:24,430 - parts_navigation.components.tiles_grid - INFO - Adjusting columns from 3 to 5
2025-04-08 08:57:24,430 - parts_navigation.components.tiles_grid - INFO - Setting grid to 5 columns
2025-04-08 08:57:24,430 - parts_navigation.components.tiles_grid - INFO - Adjusting columns from 4 to 5
2025-04-08 08:57:24,431 - parts_navigation.components.tiles_grid - INFO - Setting grid to 5 columns
2025-04-08 08:57:24,431 - parts_navigation.components.tiles_grid - INFO - Adjusting columns from 4 to 6
2025-04-08 08:57:24,431 - parts_navigation.components.tiles_grid - INFO - Setting grid to 6 columns
2025-04-08 08:57:28,165 - database.car_parts_db - INFO - Thread 264: New database connection established
2025-04-08 08:57:54,348 - parts_navigation.components.tiles_grid - INFO - Populating grid with 8 items using 4 columns
2025-04-08 08:57:54,361 - parts_navigation.components.tiles_grid - INFO - Grid has 4 active columns configured
2025-04-08 08:57:54,361 - parts_navigation.components.tiles_grid - INFO - Total tiles: 8
2025-04-08 08:57:54,361 - parts_navigation.components.tiles_grid - INFO - Visible tiles: 0
2025-04-08 08:57:54,361 - parts_navigation.container - INFO - Navigated to step 0
2025-04-08 08:57:54,393 - parts_navigation.components.tiles_grid - INFO - Adjusting columns from 4 to 9
2025-04-08 08:57:54,393 - parts_navigation.components.tiles_grid - INFO - Setting grid to 9 columns
2025-04-08 08:57:54,436 - parts_navigation.container - INFO - All navigation steps created successfully
2025-04-08 08:57:54,436 - parts_navigation.container - INFO - Starting delayed brand preloading
2025-04-08 08:57:54,436 - parts_navigation.steps.brand - INFO - Starting to preload brands data
2025-04-08 08:57:54,449 - parts_navigation.components.tiles_grid - INFO - Adjusting columns from 4 to 5
2025-04-08 08:57:54,449 - parts_navigation.components.tiles_grid - INFO - Setting grid to 5 columns
2025-04-08 08:57:54,450 - parts_navigation.components.tiles_grid - INFO - Adjusting columns from 3 to 5
2025-04-08 08:57:54,450 - parts_navigation.components.tiles_grid - INFO - Setting grid to 5 columns
2025-04-08 08:57:54,450 - parts_navigation.components.tiles_grid - INFO - Adjusting columns from 4 to 5
2025-04-08 08:57:54,450 - parts_navigation.components.tiles_grid - INFO - Setting grid to 5 columns
2025-04-08 08:57:54,486 - parts_navigation.steps.brand - INFO - Preloaded 43 brands
2025-04-08 08:57:54,486 - parts_navigation.logo_manager - INFO - Preloading logos for 43 brands
2025-04-08 08:57:54,525 - parts_navigation.steps.brand - INFO - Loaded 43 unique brands
2025-04-08 08:57:54,525 - parts_navigation.components.tiles_grid - INFO - Populating grid with 43 items using 9 columns
2025-04-08 08:57:54,613 - parts_navigation.container - INFO - All navigation steps created successfully
2025-04-08 08:57:54,623 - parts_navigation.components.tiles_grid - INFO - Adjusting columns from 3 to 5
2025-04-08 08:57:54,623 - parts_navigation.components.tiles_grid - INFO - Setting grid to 5 columns
2025-04-08 08:57:54,624 - parts_navigation.components.tiles_grid - INFO - Adjusting columns from 4 to 5
2025-04-08 08:57:54,624 - parts_navigation.components.tiles_grid - INFO - Setting grid to 5 columns
2025-04-08 08:57:54,956 - parts_navigation.components.tiles_grid - INFO - Grid has 9 active columns configured
2025-04-08 08:57:54,956 - parts_navigation.components.tiles_grid - INFO - Total tiles: 43
2025-04-08 08:57:54,956 - parts_navigation.components.tiles_grid - INFO - Visible tiles: 43
2025-04-08 08:57:54,981 - parts_navigation.logo_manager - INFO - Found 31 already cached logos out of 43
2025-04-08 08:57:54,981 - parts_navigation.steps.brand - INFO - Started preloading 43 brand logos
2025-04-08 08:57:58,399 - database.car_parts_db - INFO - Thread 17340: New database connection established
2025-04-08 08:58:09,352 - gui.event_handlers - INFO - Closing database connection...
2025-04-08 08:58:09,369 - __main__ - INFO - Cleaning up application resources...
2025-04-08 08:58:09,369 - __main__ - INFO - Closing database connection...
2025-04-08 08:58:09,369 - __main__ - INFO - Cleaning up parts navigation resources...
2025-04-08 08:58:09,384 - database.car_parts_db - INFO - Thread 12328: New database connection established
2025-04-08 08:58:09,385 - __main__ - INFO - Application shutdown complete
2025-04-08 09:02:42,736 - root - INFO - Logging system initialized (level: INFO)
2025-04-08 09:02:42,736 - root - INFO - Log files directory: C:\Users\97253\Desktop\BeastMode-CSIntro-Excercises\CousinTestProject\logs
2025-04-08 09:02:42,876 - config - INFO - Determined application root: C:\Users\97253\Desktop\BeastMode-CSIntro-Excercises\CousinTestProject
2025-04-08 09:02:44,886 - __main__ - INFO - Application starting at: 2025-04-08 09:02:44
2025-04-08 09:02:44,886 - __main__ - INFO - Current user: BaselAM
2025-04-08 09:02:44,951 - __main__ - INFO - Initializing database connection...
2025-04-08 09:02:45,264 - database.car_parts_db - INFO - Thread 12152: Database connection established
2025-04-08 09:02:45,264 - database.car_parts_db - INFO - Initialized database connection to localhost
2025-04-08 09:02:45,309 - __main__ - INFO - Connected to database. Found 2845 parts.
2025-04-08 09:02:45,309 - translations - INFO - Loading translation files from C:\Users\97253\Desktop\BeastMode-CSIntro-Excercises\CousinTestProject\translations\data
2025-04-08 09:02:45,312 - translations - INFO - Loaded translations for namespace 'car_parts' from C:\Users\97253\Desktop\BeastMode-CSIntro-Excercises\CousinTestProject\translations\data\car_parts.json
2025-04-08 09:02:45,313 - translations - INFO - Loaded translations for namespace 'errors' from C:\Users\97253\Desktop\BeastMode-CSIntro-Excercises\CousinTestProject\translations\data\errors.json
2025-04-08 09:02:45,314 - translations - INFO - Loaded translations for namespace 'filters' from C:\Users\97253\Desktop\BeastMode-CSIntro-Excercises\CousinTestProject\translations\data\filters.json
2025-04-08 09:02:45,314 - translations - INFO - Loaded translations for namespace 'help' from C:\Users\97253\Desktop\BeastMode-CSIntro-Excercises\CousinTestProject\translations\data\help.json
2025-04-08 09:02:45,315 - translations - INFO - Loaded translations for namespace 'login' from C:\Users\97253\Desktop\BeastMode-CSIntro-Excercises\CousinTestProject\translations\data\login.json
2025-04-08 09:02:45,315 - translations - INFO - Loaded translations for namespace 'navigation' from C:\Users\97253\Desktop\BeastMode-CSIntro-Excercises\CousinTestProject\translations\data\navigation.json
2025-04-08 09:02:45,316 - translations - INFO - Loaded translations for namespace 'notifications' from C:\Users\97253\Desktop\BeastMode-CSIntro-Excercises\CousinTestProject\translations\data\notifications.json
2025-04-08 09:02:45,316 - translations - INFO - Loaded translations for namespace 'parts_nav_translations' from C:\Users\97253\Desktop\BeastMode-CSIntro-Excercises\CousinTestProject\translations\data\parts_nav_translations.json
2025-04-08 09:02:45,317 - translations - INFO - Loaded translations for namespace 'products' from C:\Users\97253\Desktop\BeastMode-CSIntro-Excercises\CousinTestProject\translations\data\products.json
2025-04-08 09:02:45,317 - translations - INFO - Loaded translations for namespace 'settings' from C:\Users\97253\Desktop\BeastMode-CSIntro-Excercises\CousinTestProject\translations\data\settings.json
2025-04-08 09:02:45,317 - translations - INFO - Loaded translations for namespace 'ui' from C:\Users\97253\Desktop\BeastMode-CSIntro-Excercises\CousinTestProject\translations\data\ui.json
2025-04-08 09:02:45,318 - translations - INFO - Loaded translations for namespace 'validations' from C:\Users\97253\Desktop\BeastMode-CSIntro-Excercises\CousinTestProject\translations\data\validations.json
2025-04-08 09:02:45,318 - translations - INFO - Loaded 12 translation files from C:\Users\97253\Desktop\BeastMode-CSIntro-Excercises\CousinTestProject\translations\data
2025-04-08 09:02:45,318 - translations - INFO - Loaded 12 translation files
2025-04-08 09:02:45,532 - UsersDB - INFO - Connected to user database at C:\Users\97253\Desktop\BeastMode-CSIntro-Excercises\CousinTestProject\database\users.db
2025-04-08 09:02:45,533 - UsersDB - INFO - Database tables created successfully
2025-04-08 09:02:46,215 - widgets.header.chatbot.api_key_manager - INFO - API key loaded successfully
2025-04-08 09:02:46,300 - widgets.header.chatbot.openai_client - INFO - OpenAI client initialized successfully
2025-04-08 09:02:46,463 - translations - WARNING - Missing translation for 'time_range' in 'he'
2025-04-08 09:02:46,463 - translations - WARNING - Missing translation for 'overview' in 'he'
2025-04-08 09:02:46,463 - translations - WARNING - Missing translation for 'categories' in 'he'
2025-04-08 09:02:46,463 - translations - WARNING - Missing translation for 'brands' in 'he'
2025-04-08 09:02:46,463 - translations - WARNING - Missing translation for 'inventory' in 'he'
2025-04-08 09:02:46,463 - translations - WARNING - Missing translation for 'total_parts' in 'he'
2025-04-08 09:02:46,464 - translations - WARNING - Missing translation for 'total_value' in 'he'
2025-04-08 09:02:46,464 - translations - WARNING - Missing translation for 'low_stock_items' in 'he'
2025-04-08 09:02:46,465 - database.car_parts_db - INFO - Thread 19156: New database connection established
2025-04-08 09:02:46,596 - parts_navigation.components.tiles_grid - INFO - Populating grid with 8 items using 4 columns
2025-04-08 09:02:46,654 - parts_navigation.components.tiles_grid - INFO - Grid has 4 active columns configured
2025-04-08 09:02:46,654 - parts_navigation.components.tiles_grid - INFO - Total tiles: 8
2025-04-08 09:02:46,654 - parts_navigation.components.tiles_grid - INFO - Visible tiles: 0
2025-04-08 09:02:46,654 - parts_navigation.container - INFO - Navigated to step 0
2025-04-08 09:02:46,832 - parts_navigation.container - INFO - All navigation steps created successfully
2025-04-08 09:02:46,833 - parts_navigation.container - INFO - Starting delayed brand preloading
2025-04-08 09:02:46,833 - parts_navigation.steps.brand - INFO - Starting to preload brands data
2025-04-08 09:02:46,979 - translations - WARNING - Missing translation for 'Internet: Connected' in 'he'
2025-04-08 09:02:47,057 - database.car_parts_db - INFO - Found 43 unique car brands in database
2025-04-08 09:02:47,057 - database.car_parts_db - INFO - Processed 43 unique car brands
2025-04-08 09:02:47,200 - parts_navigation.container - INFO - All navigation steps created successfully
2025-04-08 09:02:47,200 - parts_navigation.steps.brand - INFO - Preloaded 43 brands
2025-04-08 09:02:47,200 - parts_navigation.logo_manager - INFO - Preloading logos for 43 brands
2025-04-08 09:02:47,306 - parts_navigation.steps.brand - INFO - Loaded 43 unique brands
2025-04-08 09:02:47,307 - parts_navigation.components.tiles_grid - INFO - Populating grid with 43 items using 4 columns
2025-04-08 09:02:48,369 - parts_navigation.components.tiles_grid - INFO - Grid has 4 active columns configured
2025-04-08 09:02:48,369 - parts_navigation.components.tiles_grid - INFO - Total tiles: 43
2025-04-08 09:02:48,369 - parts_navigation.components.tiles_grid - INFO - Visible tiles: 0
2025-04-08 09:02:48,411 - parts_navigation.logo_manager - INFO - Found 31 already cached logos out of 43
2025-04-08 09:02:48,412 - parts_navigation.steps.brand - INFO - Started preloading 43 brand logos
2025-04-08 09:02:49,735 - UsersDB - INFO - User fahed authenticated successfully
2025-04-08 09:02:49,750 - __main__ - INFO - User logged in: {'id': 2, 'username': 'fahed', 'full_name': 'Fahed Abu Mukh', 'role': 'manager', 'settings': {'theme': 'classic', 'language': 'en', 'rtl': False}}
2025-04-08 09:02:50,957 - parts_navigation.components.tiles_grid - INFO - Populating grid with 8 items using 4 columns
2025-04-08 09:02:50,974 - parts_navigation.components.tiles_grid - INFO - Grid has 4 active columns configured
2025-04-08 09:02:50,974 - parts_navigation.components.tiles_grid - INFO - Total tiles: 8
2025-04-08 09:02:50,974 - parts_navigation.components.tiles_grid - INFO - Visible tiles: 0
2025-04-08 09:02:50,974 - parts_navigation.container - INFO - Navigated to step 0
2025-04-08 09:02:51,010 - parts_navigation.components.tiles_grid - INFO - Adjusting columns from 4 to 9
2025-04-08 09:02:51,010 - parts_navigation.components.tiles_grid - INFO - Setting grid to 9 columns
2025-04-08 09:02:51,053 - parts_navigation.container - INFO - All navigation steps created successfully
2025-04-08 09:02:51,062 - parts_navigation.container - INFO - Starting delayed brand preloading
2025-04-08 09:02:51,062 - parts_navigation.steps.brand - INFO - Starting to preload brands data
2025-04-08 09:02:51,098 - parts_navigation.components.tiles_grid - INFO - Adjusting columns from 4 to 5
2025-04-08 09:02:51,098 - parts_navigation.components.tiles_grid - INFO - Setting grid to 5 columns
2025-04-08 09:02:51,099 - parts_navigation.components.tiles_grid - INFO - Adjusting columns from 3 to 5
2025-04-08 09:02:51,099 - parts_navigation.components.tiles_grid - INFO - Setting grid to 5 columns
2025-04-08 09:02:51,099 - parts_navigation.components.tiles_grid - INFO - Adjusting columns from 4 to 5
2025-04-08 09:02:51,100 - parts_navigation.components.tiles_grid - INFO - Setting grid to 5 columns
2025-04-08 09:02:51,205 - parts_navigation.components.tiles_grid - INFO - Adjusting columns from 3 to 5
2025-04-08 09:02:51,205 - parts_navigation.components.tiles_grid - INFO - Setting grid to 5 columns
2025-04-08 09:02:51,210 - parts_navigation.components.tiles_grid - INFO - Adjusting columns from 4 to 5
2025-04-08 09:02:51,210 - parts_navigation.components.tiles_grid - INFO - Setting grid to 5 columns
2025-04-08 09:02:51,216 - parts_navigation.steps.brand - INFO - Preloaded 43 brands
2025-04-08 09:02:51,216 - parts_navigation.logo_manager - INFO - Preloading logos for 43 brands
2025-04-08 09:02:51,255 - parts_navigation.steps.brand - INFO - Loaded 43 unique brands
2025-04-08 09:02:51,255 - parts_navigation.components.tiles_grid - INFO - Populating grid with 43 items using 9 columns
2025-04-08 09:02:51,360 - parts_navigation.container - INFO - All navigation steps created successfully
2025-04-08 09:02:51,802 - parts_navigation.components.tiles_grid - INFO - Grid has 9 active columns configured
2025-04-08 09:02:51,803 - parts_navigation.components.tiles_grid - INFO - Total tiles: 43
2025-04-08 09:02:51,803 - parts_navigation.components.tiles_grid - INFO - Visible tiles: 43
2025-04-08 09:02:51,830 - parts_navigation.logo_manager - INFO - Found 31 already cached logos out of 43
2025-04-08 09:02:51,831 - parts_navigation.steps.brand - INFO - Started preloading 43 brand logos
2025-04-08 09:02:54,628 - database.car_parts_db - INFO - Thread 3836: New database connection established
2025-04-08 09:03:26,097 - database.car_parts_db - INFO - Thread 16224: New database connection established
2025-04-08 09:07:46,607 - database.car_parts_db - INFO - Thread 20068: New database connection established
2025-04-08 09:11:19,433 - gui.event_handlers - INFO - Closing database connection...
2025-04-08 09:11:19,473 - __main__ - INFO - Cleaning up application resources...
2025-04-08 09:11:19,473 - __main__ - INFO - Closing database connection...
2025-04-08 09:11:19,473 - __main__ - INFO - Cleaning up parts navigation resources...
2025-04-08 09:11:19,501 - database.car_parts_db - INFO - Thread 12152: New database connection established
2025-04-08 09:11:19,508 - __main__ - INFO - Application shutdown complete
2025-04-08 09:15:36,246 - root - INFO - Logging system initialized (level: INFO)
2025-04-08 09:15:36,247 - root - INFO - Log files directory: C:\Users\97253\Desktop\BeastMode-CSIntro-Excercises\CousinTestProject\logs
2025-04-08 09:15:39,872 - config - INFO - Determined application root: C:\Users\97253\Desktop\BeastMode-CSIntro-Excercises\CousinTestProject
2025-04-08 09:15:45,955 - __main__ - INFO - Application starting at: 2025-04-08 09:15:45
2025-04-08 09:15:45,955 - __main__ - INFO - Current user: BaselAM
2025-04-08 09:15:46,029 - __main__ - INFO - Initializing database connection...
2025-04-08 09:15:46,513 - database.car_parts_db - INFO - Thread 13872: Database connection established
2025-04-08 09:15:46,513 - database.car_parts_db - INFO - Initialized database connection to localhost
2025-04-08 09:15:46,554 - __main__ - INFO - Connected to database. Found 2845 parts.
2025-04-08 09:15:46,555 - translations - INFO - Loading translation files from C:\Users\97253\Desktop\BeastMode-CSIntro-Excercises\CousinTestProject\translations\data
2025-04-08 09:15:46,558 - translations - INFO - Loaded translations for namespace 'car_parts' from C:\Users\97253\Desktop\BeastMode-CSIntro-Excercises\CousinTestProject\translations\data\car_parts.json
2025-04-08 09:15:46,569 - translations - INFO - Loaded translations for namespace 'errors' from C:\Users\97253\Desktop\BeastMode-CSIntro-Excercises\CousinTestProject\translations\data\errors.json
2025-04-08 09:15:46,578 - translations - INFO - Loaded translations for namespace 'filters' from C:\Users\97253\Desktop\BeastMode-CSIntro-Excercises\CousinTestProject\translations\data\filters.json
2025-04-08 09:15:46,581 - translations - INFO - Loaded translations for namespace 'help' from C:\Users\97253\Desktop\BeastMode-CSIntro-Excercises\CousinTestProject\translations\data\help.json
2025-04-08 09:15:46,582 - translations - INFO - Loaded translations for namespace 'login' from C:\Users\97253\Desktop\BeastMode-CSIntro-Excercises\CousinTestProject\translations\data\login.json
2025-04-08 09:15:46,596 - translations - INFO - Loaded translations for namespace 'navigation' from C:\Users\97253\Desktop\BeastMode-CSIntro-Excercises\CousinTestProject\translations\data\navigation.json
2025-04-08 09:15:46,607 - translations - INFO - Loaded translations for namespace 'notifications' from C:\Users\97253\Desktop\BeastMode-CSIntro-Excercises\CousinTestProject\translations\data\notifications.json
2025-04-08 09:15:46,618 - translations - INFO - Loaded translations for namespace 'parts_nav_translations' from C:\Users\97253\Desktop\BeastMode-CSIntro-Excercises\CousinTestProject\translations\data\parts_nav_translations.json
2025-04-08 09:15:46,619 - translations - INFO - Loaded translations for namespace 'products' from C:\Users\97253\Desktop\BeastMode-CSIntro-Excercises\CousinTestProject\translations\data\products.json
2025-04-08 09:15:46,630 - translations - INFO - Loaded translations for namespace 'settings' from C:\Users\97253\Desktop\BeastMode-CSIntro-Excercises\CousinTestProject\translations\data\settings.json
2025-04-08 09:15:46,646 - translations - INFO - Loaded translations for namespace 'ui' from C:\Users\97253\Desktop\BeastMode-CSIntro-Excercises\CousinTestProject\translations\data\ui.json
2025-04-08 09:15:46,655 - translations - INFO - Loaded translations for namespace 'validations' from C:\Users\97253\Desktop\BeastMode-CSIntro-Excercises\CousinTestProject\translations\data\validations.json
2025-04-08 09:15:46,655 - translations - INFO - Loaded 12 translation files from C:\Users\97253\Desktop\BeastMode-CSIntro-Excercises\CousinTestProject\translations\data
2025-04-08 09:15:46,655 - translations - INFO - Loaded 12 translation files
2025-04-08 09:15:46,963 - UsersDB - INFO - Connected to user database at C:\Users\97253\Desktop\BeastMode-CSIntro-Excercises\CousinTestProject\database\users.db
2025-04-08 09:15:46,964 - UsersDB - INFO - Database tables created successfully
2025-04-08 09:15:48,059 - widgets.header.chatbot.api_key_manager - INFO - API key loaded successfully
2025-04-08 09:15:48,187 - widgets.header.chatbot.openai_client - INFO - OpenAI client initialized successfully
2025-04-08 09:15:48,455 - translations - WARNING - Missing translation for 'time_range' in 'he'
2025-04-08 09:15:48,455 - translations - WARNING - Missing translation for 'overview' in 'he'
2025-04-08 09:15:48,456 - translations - WARNING - Missing translation for 'categories' in 'he'
2025-04-08 09:15:48,456 - translations - WARNING - Missing translation for 'brands' in 'he'
2025-04-08 09:15:48,456 - translations - WARNING - Missing translation for 'inventory' in 'he'
2025-04-08 09:15:48,456 - translations - WARNING - Missing translation for 'total_parts' in 'he'
2025-04-08 09:15:48,456 - translations - WARNING - Missing translation for 'total_value' in 'he'
2025-04-08 09:15:48,456 - translations - WARNING - Missing translation for 'low_stock_items' in 'he'
2025-04-08 09:15:48,459 - database.car_parts_db - INFO - Thread 11428: New database connection established
2025-04-08 09:15:48,617 - parts_navigation.components.tiles_grid - INFO - Populating grid with 8 items using 4 columns
2025-04-08 09:15:48,733 - parts_navigation.container - INFO - All navigation steps created successfully
2025-04-08 09:15:48,735 - parts_navigation.components.tiles_grid - INFO - Grid has 4 active columns configured
2025-04-08 09:15:48,735 - parts_navigation.components.tiles_grid - INFO - Total tiles: 8
2025-04-08 09:15:48,735 - parts_navigation.components.tiles_grid - INFO - Visible tiles: 0
2025-04-08 09:15:48,735 - parts_navigation.container - INFO - Navigated to step 0
2025-04-08 09:15:48,962 - parts_navigation.container - INFO - Starting delayed brand preloading
2025-04-08 09:15:48,963 - parts_navigation.steps.brand - INFO - Starting to preload brands data
2025-04-08 09:15:49,151 - translations - WARNING - Missing translation for 'Internet: Connected' in 'he'
2025-04-08 09:15:49,352 - database.car_parts_db - INFO - Found 43 unique car brands in database
2025-04-08 09:15:49,352 - database.car_parts_db - INFO - Processed 43 unique car brands
2025-04-08 09:15:49,596 - parts_navigation.container - INFO - All navigation steps created successfully
2025-04-08 09:15:49,602 - parts_navigation.steps.brand - INFO - Preloaded 43 brands
2025-04-08 09:15:49,602 - parts_navigation.logo_manager - INFO - Preloading logos for 43 brands
2025-04-08 09:15:50,149 - parts_navigation.steps.brand - INFO - Loaded 43 unique brands
2025-04-08 09:15:50,149 - parts_navigation.components.tiles_grid - INFO - Populating grid with 43 items using 4 columns
2025-04-08 09:15:51,329 - parts_navigation.components.tiles_grid - INFO - Grid has 4 active columns configured
2025-04-08 09:15:51,329 - parts_navigation.components.tiles_grid - INFO - Total tiles: 43
2025-04-08 09:15:51,329 - parts_navigation.components.tiles_grid - INFO - Visible tiles: 0
2025-04-08 09:15:51,366 - parts_navigation.logo_manager - INFO - Found 31 already cached logos out of 43
2025-04-08 09:15:51,366 - parts_navigation.steps.brand - INFO - Started preloading 43 brand logos
2025-04-08 09:15:53,191 - UsersDB - INFO - User fahed authenticated successfully
2025-04-08 09:15:53,206 - __main__ - INFO - User logged in: {'id': 2, 'username': 'fahed', 'full_name': 'Fahed Abu Mukh', 'role': 'manager', 'settings': {'theme': 'classic', 'language': 'en', 'rtl': False}}
2025-04-08 09:15:54,063 - database.car_parts_db - INFO - Thread 9144: New database connection established
2025-04-08 09:15:54,140 - parts_navigation.components.tiles_grid - INFO - Adjusting columns from 3 to 5
2025-04-08 09:15:54,141 - parts_navigation.components.tiles_grid - INFO - Setting grid to 5 columns
2025-04-08 09:15:54,142 - parts_navigation.components.tiles_grid - INFO - Adjusting columns from 4 to 5
2025-04-08 09:15:54,142 - parts_navigation.components.tiles_grid - INFO - Setting grid to 5 columns
2025-04-08 09:15:54,145 - parts_navigation.components.tiles_grid - INFO - Adjusting columns from 4 to 5
2025-04-08 09:15:54,145 - parts_navigation.components.tiles_grid - INFO - Setting grid to 5 columns
2025-04-08 09:15:54,147 - parts_navigation.components.tiles_grid - INFO - Adjusting columns from 3 to 5
2025-04-08 09:15:54,147 - parts_navigation.components.tiles_grid - INFO - Setting grid to 5 columns
2025-04-08 09:15:54,148 - parts_navigation.components.tiles_grid - INFO - Adjusting columns from 4 to 5
2025-04-08 09:15:54,148 - parts_navigation.components.tiles_grid - INFO - Setting grid to 5 columns
2025-04-08 09:15:54,149 - parts_navigation.components.tiles_grid - INFO - Adjusting columns from 4 to 6
2025-04-08 09:15:54,149 - parts_navigation.components.tiles_grid - INFO - Setting grid to 6 columns
2025-04-08 09:16:29,892 - gui.event_handlers - INFO - Closing database connection...
2025-04-08 09:16:29,916 - __main__ - INFO - Cleaning up application resources...
2025-04-08 09:16:29,916 - __main__ - INFO - Closing database connection...
2025-04-08 09:16:29,916 - __main__ - INFO - Cleaning up parts navigation resources...
2025-04-08 09:16:29,929 - database.car_parts_db - INFO - Thread 13872: New database connection established
2025-04-08 09:16:29,933 - __main__ - INFO - Application shutdown complete
2025-04-08 09:16:32,685 - root - INFO - Logging system initialized (level: INFO)
2025-04-08 09:16:32,685 - root - INFO - Log files directory: C:\Users\97253\Desktop\BeastMode-CSIntro-Excercises\CousinTestProject\logs
2025-04-08 09:16:32,752 - config - INFO - Determined application root: C:\Users\97253\Desktop\BeastMode-CSIntro-Excercises\CousinTestProject
2025-04-08 09:16:34,618 - __main__ - INFO - Application starting at: 2025-04-08 09:16:34
2025-04-08 09:16:34,618 - __main__ - INFO - Current user: BaselAM
2025-04-08 09:16:34,640 - __main__ - INFO - Initializing database connection...
2025-04-08 09:16:34,796 - database.car_parts_db - INFO - Thread 16908: Database connection established
2025-04-08 09:16:34,796 - database.car_parts_db - INFO - Initialized database connection to localhost
2025-04-08 09:16:34,823 - __main__ - INFO - Connected to database. Found 2845 parts.
2025-04-08 09:16:34,825 - translations - INFO - Loading translation files from C:\Users\97253\Desktop\BeastMode-CSIntro-Excercises\CousinTestProject\translations\data
2025-04-08 09:16:34,826 - translations - INFO - Loaded translations for namespace 'car_parts' from C:\Users\97253\Desktop\BeastMode-CSIntro-Excercises\CousinTestProject\translations\data\car_parts.json
2025-04-08 09:16:34,826 - translations - INFO - Loaded translations for namespace 'errors' from C:\Users\97253\Desktop\BeastMode-CSIntro-Excercises\CousinTestProject\translations\data\errors.json
2025-04-08 09:16:34,827 - translations - INFO - Loaded translations for namespace 'filters' from C:\Users\97253\Desktop\BeastMode-CSIntro-Excercises\CousinTestProject\translations\data\filters.json
2025-04-08 09:16:34,827 - translations - INFO - Loaded translations for namespace 'help' from C:\Users\97253\Desktop\BeastMode-CSIntro-Excercises\CousinTestProject\translations\data\help.json
2025-04-08 09:16:34,828 - translations - INFO - Loaded translations for namespace 'login' from C:\Users\97253\Desktop\BeastMode-CSIntro-Excercises\CousinTestProject\translations\data\login.json
2025-04-08 09:16:34,829 - translations - INFO - Loaded translations for namespace 'navigation' from C:\Users\97253\Desktop\BeastMode-CSIntro-Excercises\CousinTestProject\translations\data\navigation.json
2025-04-08 09:16:34,830 - translations - INFO - Loaded translations for namespace 'notifications' from C:\Users\97253\Desktop\BeastMode-CSIntro-Excercises\CousinTestProject\translations\data\notifications.json
2025-04-08 09:16:34,831 - translations - INFO - Loaded translations for namespace 'parts_nav_translations' from C:\Users\97253\Desktop\BeastMode-CSIntro-Excercises\CousinTestProject\translations\data\parts_nav_translations.json
2025-04-08 09:16:34,832 - translations - INFO - Loaded translations for namespace 'products' from C:\Users\97253\Desktop\BeastMode-CSIntro-Excercises\CousinTestProject\translations\data\products.json
2025-04-08 09:16:34,832 - translations - INFO - Loaded translations for namespace 'settings' from C:\Users\97253\Desktop\BeastMode-CSIntro-Excercises\CousinTestProject\translations\data\settings.json
2025-04-08 09:16:34,833 - translations - INFO - Loaded translations for namespace 'ui' from C:\Users\97253\Desktop\BeastMode-CSIntro-Excercises\CousinTestProject\translations\data\ui.json
2025-04-08 09:16:34,834 - translations - INFO - Loaded translations for namespace 'validations' from C:\Users\97253\Desktop\BeastMode-CSIntro-Excercises\CousinTestProject\translations\data\validations.json
2025-04-08 09:16:34,834 - translations - INFO - Loaded 12 translation files from C:\Users\97253\Desktop\BeastMode-CSIntro-Excercises\CousinTestProject\translations\data
2025-04-08 09:16:34,834 - translations - INFO - Loaded 12 translation files
2025-04-08 09:16:34,974 - UsersDB - INFO - Connected to user database at C:\Users\97253\Desktop\BeastMode-CSIntro-Excercises\CousinTestProject\database\users.db
2025-04-08 09:16:34,975 - UsersDB - INFO - Database tables created successfully
2025-04-08 09:16:35,630 - widgets.header.chatbot.api_key_manager - INFO - API key loaded successfully
2025-04-08 09:16:35,716 - widgets.header.chatbot.openai_client - INFO - OpenAI client initialized successfully
2025-04-08 09:16:35,863 - translations - WARNING - Missing translation for 'time_range' in 'he'
2025-04-08 09:16:35,863 - translations - WARNING - Missing translation for 'overview' in 'he'
2025-04-08 09:16:35,863 - translations - WARNING - Missing translation for 'categories' in 'he'
2025-04-08 09:16:35,863 - translations - WARNING - Missing translation for 'brands' in 'he'
2025-04-08 09:16:35,864 - translations - WARNING - Missing translation for 'inventory' in 'he'
2025-04-08 09:16:35,864 - translations - WARNING - Missing translation for 'total_parts' in 'he'
2025-04-08 09:16:35,864 - translations - WARNING - Missing translation for 'total_value' in 'he'
2025-04-08 09:16:35,864 - translations - WARNING - Missing translation for 'low_stock_items' in 'he'
2025-04-08 09:16:35,865 - database.car_parts_db - INFO - Thread 17856: New database connection established
2025-04-08 09:16:36,038 - parts_navigation.components.tiles_grid - INFO - Populating grid with 8 items using 4 columns
2025-04-08 09:16:36,165 - parts_navigation.container - INFO - All navigation steps created successfully
2025-04-08 09:16:36,166 - parts_navigation.container - INFO - Starting delayed brand preloading
2025-04-08 09:16:36,166 - parts_navigation.steps.brand - INFO - Starting to preload brands data
2025-04-08 09:16:36,167 - parts_navigation.components.tiles_grid - INFO - Grid has 4 active columns configured
2025-04-08 09:16:36,167 - parts_navigation.components.tiles_grid - INFO - Total tiles: 8
2025-04-08 09:16:36,167 - parts_navigation.components.tiles_grid - INFO - Visible tiles: 0
2025-04-08 09:16:36,168 - parts_navigation.container - INFO - Navigated to step 0
2025-04-08 09:16:36,535 - database.car_parts_db - INFO - Found 43 unique car brands in database
2025-04-08 09:16:36,535 - database.car_parts_db - INFO - Processed 43 unique car brands
2025-04-08 09:16:36,553 - translations - WARNING - Missing translation for 'Internet: Connected' in 'he'
2025-04-08 09:16:36,557 - parts_navigation.steps.brand - INFO - Preloaded 43 brands
2025-04-08 09:16:36,557 - parts_navigation.logo_manager - INFO - Preloading logos for 43 brands
2025-04-08 09:16:36,752 - parts_navigation.container - INFO - All navigation steps created successfully
2025-04-08 09:16:36,752 - parts_navigation.steps.brand - INFO - Loaded 43 unique brands
2025-04-08 09:16:36,752 - parts_navigation.components.tiles_grid - INFO - Populating grid with 43 items using 4 columns
2025-04-08 09:16:37,740 - parts_navigation.components.tiles_grid - INFO - Grid has 4 active columns configured
2025-04-08 09:16:37,740 - parts_navigation.components.tiles_grid - INFO - Total tiles: 43
2025-04-08 09:16:37,740 - parts_navigation.components.tiles_grid - INFO - Visible tiles: 0
2025-04-08 09:16:37,765 - parts_navigation.logo_manager - INFO - Found 31 already cached logos out of 43
2025-04-08 09:16:37,765 - parts_navigation.steps.brand - INFO - Started preloading 43 brand logos
2025-04-08 09:16:41,769 - UsersDB - INFO - User fahed authenticated successfully
2025-04-08 09:16:41,780 - __main__ - INFO - User logged in: {'id': 2, 'username': 'fahed', 'full_name': 'Fahed Abu Mukh', 'role': 'manager', 'settings': {'theme': 'classic', 'language': 'en', 'rtl': False}}
2025-04-08 09:16:44,125 - parts_navigation.components.tiles_grid - INFO - Adjusting columns from 3 to 5
2025-04-08 09:16:44,126 - parts_navigation.components.tiles_grid - INFO - Setting grid to 5 columns
2025-04-08 09:16:44,127 - parts_navigation.components.tiles_grid - INFO - Adjusting columns from 4 to 5
2025-04-08 09:16:44,127 - parts_navigation.components.tiles_grid - INFO - Setting grid to 5 columns
2025-04-08 09:16:44,130 - parts_navigation.components.tiles_grid - INFO - Adjusting columns from 4 to 5
2025-04-08 09:16:44,130 - parts_navigation.components.tiles_grid - INFO - Setting grid to 5 columns
2025-04-08 09:16:44,131 - parts_navigation.components.tiles_grid - INFO - Adjusting columns from 3 to 5
2025-04-08 09:16:44,131 - parts_navigation.components.tiles_grid - INFO - Setting grid to 5 columns
2025-04-08 09:16:44,132 - parts_navigation.components.tiles_grid - INFO - Adjusting columns from 4 to 5
2025-04-08 09:16:44,132 - parts_navigation.components.tiles_grid - INFO - Setting grid to 5 columns
2025-04-08 09:16:44,133 - parts_navigation.components.tiles_grid - INFO - Adjusting columns from 4 to 6
2025-04-08 09:16:44,133 - parts_navigation.components.tiles_grid - INFO - Setting grid to 6 columns
2025-04-08 09:16:46,925 - parts_navigation.components.tiles_grid - INFO - Populating grid with 8 items using 4 columns
2025-04-08 09:16:46,947 - parts_navigation.components.tiles_grid - INFO - Grid has 4 active columns configured
2025-04-08 09:16:46,947 - parts_navigation.components.tiles_grid - INFO - Total tiles: 8
2025-04-08 09:16:46,947 - parts_navigation.components.tiles_grid - INFO - Visible tiles: 0
2025-04-08 09:16:46,947 - parts_navigation.container - INFO - Navigated to step 0
2025-04-08 09:16:46,982 - parts_navigation.components.tiles_grid - INFO - Adjusting columns from 4 to 9
2025-04-08 09:16:46,983 - parts_navigation.components.tiles_grid - INFO - Setting grid to 9 columns
2025-04-08 09:16:47,014 - parts_navigation.container - INFO - All navigation steps created successfully
2025-04-08 09:16:47,015 - parts_navigation.container - INFO - Starting delayed brand preloading
2025-04-08 09:16:47,015 - parts_navigation.steps.brand - INFO - Starting to preload brands data
2025-04-08 09:16:47,037 - parts_navigation.components.tiles_grid - INFO - Adjusting columns from 4 to 5
2025-04-08 09:16:47,037 - parts_navigation.components.tiles_grid - INFO - Setting grid to 5 columns
2025-04-08 09:16:47,037 - parts_navigation.components.tiles_grid - INFO - Adjusting columns from 3 to 5
2025-04-08 09:16:47,038 - parts_navigation.components.tiles_grid - INFO - Setting grid to 5 columns
2025-04-08 09:16:47,038 - parts_navigation.components.tiles_grid - INFO - Adjusting columns from 4 to 5
2025-04-08 09:16:47,038 - parts_navigation.components.tiles_grid - INFO - Setting grid to 5 columns
2025-04-08 09:16:47,077 - parts_navigation.steps.brand - INFO - Preloaded 43 brands
2025-04-08 09:16:47,077 - parts_navigation.logo_manager - INFO - Preloading logos for 43 brands
2025-04-08 09:16:47,105 - parts_navigation.components.tiles_grid - INFO - Adjusting columns from 3 to 5
2025-04-08 09:16:47,105 - parts_navigation.components.tiles_grid - INFO - Setting grid to 5 columns
2025-04-08 09:16:47,108 - parts_navigation.components.tiles_grid - INFO - Adjusting columns from 4 to 5
2025-04-08 09:16:47,108 - parts_navigation.components.tiles_grid - INFO - Setting grid to 5 columns
2025-04-08 09:16:47,122 - parts_navigation.steps.brand - INFO - Loaded 43 unique brands
2025-04-08 09:16:47,122 - parts_navigation.components.tiles_grid - INFO - Populating grid with 43 items using 9 columns
2025-04-08 09:16:47,224 - parts_navigation.container - INFO - All navigation steps created successfully
2025-04-08 09:16:47,748 - parts_navigation.components.tiles_grid - INFO - Grid has 9 active columns configured
2025-04-08 09:16:47,748 - parts_navigation.components.tiles_grid - INFO - Total tiles: 43
2025-04-08 09:16:47,748 - parts_navigation.components.tiles_grid - INFO - Visible tiles: 43
2025-04-08 09:16:47,783 - parts_navigation.logo_manager - INFO - Found 31 already cached logos out of 43
2025-04-08 09:16:47,783 - parts_navigation.steps.brand - INFO - Started preloading 43 brand logos
2025-04-08 09:16:48,373 - gui.event_handlers - INFO - Closing database connection...
2025-04-08 09:16:48,387 - __main__ - INFO - Cleaning up application resources...
2025-04-08 09:16:48,387 - __main__ - INFO - Closing database connection...
2025-04-08 09:16:48,387 - __main__ - INFO - Cleaning up parts navigation resources...
2025-04-08 09:16:48,404 - database.car_parts_db - INFO - Thread 16908: New database connection established
2025-04-08 09:16:48,406 - __main__ - INFO - Application shutdown complete
2025-04-08 09:16:52,919 - root - INFO - Logging system initialized (level: INFO)
2025-04-08 09:16:52,920 - root - INFO - Log files directory: C:\Users\97253\Desktop\BeastMode-CSIntro-Excercises\CousinTestProject\logs
2025-04-08 09:16:52,984 - config - INFO - Determined application root: C:\Users\97253\Desktop\BeastMode-CSIntro-Excercises\CousinTestProject
2025-04-08 09:16:58,785 - __main__ - INFO - Application starting at: 2025-04-08 09:16:58
2025-04-08 09:16:58,785 - __main__ - INFO - Current user: BaselAM
2025-04-08 09:16:58,807 - __main__ - INFO - Initializing database connection...
2025-04-08 09:16:59,015 - database.car_parts_db - INFO - Thread 21308: Database connection established
2025-04-08 09:16:59,015 - database.car_parts_db - INFO - Initialized database connection to localhost
2025-04-08 09:16:59,060 - __main__ - INFO - Connected to database. Found 2845 parts.
2025-04-08 09:16:59,060 - translations - INFO - Loading translation files from C:\Users\97253\Desktop\BeastMode-CSIntro-Excercises\CousinTestProject\translations\data
2025-04-08 09:16:59,061 - translations - INFO - Loaded translations for namespace 'car_parts' from C:\Users\97253\Desktop\BeastMode-CSIntro-Excercises\CousinTestProject\translations\data\car_parts.json
2025-04-08 09:16:59,061 - translations - INFO - Loaded translations for namespace 'errors' from C:\Users\97253\Desktop\BeastMode-CSIntro-Excercises\CousinTestProject\translations\data\errors.json
2025-04-08 09:16:59,062 - translations - INFO - Loaded translations for namespace 'filters' from C:\Users\97253\Desktop\BeastMode-CSIntro-Excercises\CousinTestProject\translations\data\filters.json
2025-04-08 09:16:59,062 - translations - INFO - Loaded translations for namespace 'help' from C:\Users\97253\Desktop\BeastMode-CSIntro-Excercises\CousinTestProject\translations\data\help.json
2025-04-08 09:16:59,062 - translations - INFO - Loaded translations for namespace 'login' from C:\Users\97253\Desktop\BeastMode-CSIntro-Excercises\CousinTestProject\translations\data\login.json
2025-04-08 09:16:59,063 - translations - INFO - Loaded translations for namespace 'navigation' from C:\Users\97253\Desktop\BeastMode-CSIntro-Excercises\CousinTestProject\translations\data\navigation.json
2025-04-08 09:16:59,063 - translations - INFO - Loaded translations for namespace 'notifications' from C:\Users\97253\Desktop\BeastMode-CSIntro-Excercises\CousinTestProject\translations\data\notifications.json
2025-04-08 09:16:59,063 - translations - INFO - Loaded translations for namespace 'parts_nav_translations' from C:\Users\97253\Desktop\BeastMode-CSIntro-Excercises\CousinTestProject\translations\data\parts_nav_translations.json
2025-04-08 09:16:59,063 - translations - INFO - Loaded translations for namespace 'products' from C:\Users\97253\Desktop\BeastMode-CSIntro-Excercises\CousinTestProject\translations\data\products.json
2025-04-08 09:16:59,063 - translations - INFO - Loaded translations for namespace 'settings' from C:\Users\97253\Desktop\BeastMode-CSIntro-Excercises\CousinTestProject\translations\data\settings.json
2025-04-08 09:16:59,064 - translations - INFO - Loaded translations for namespace 'ui' from C:\Users\97253\Desktop\BeastMode-CSIntro-Excercises\CousinTestProject\translations\data\ui.json
2025-04-08 09:16:59,064 - translations - INFO - Loaded translations for namespace 'validations' from C:\Users\97253\Desktop\BeastMode-CSIntro-Excercises\CousinTestProject\translations\data\validations.json
2025-04-08 09:16:59,064 - translations - INFO - Loaded 12 translation files from C:\Users\97253\Desktop\BeastMode-CSIntro-Excercises\CousinTestProject\translations\data
2025-04-08 09:16:59,064 - translations - INFO - Loaded 12 translation files
2025-04-08 09:16:59,174 - UsersDB - INFO - Connected to user database at C:\Users\97253\Desktop\BeastMode-CSIntro-Excercises\CousinTestProject\database\users.db
2025-04-08 09:16:59,175 - UsersDB - INFO - Database tables created successfully
2025-04-08 09:16:59,737 - widgets.header.chatbot.api_key_manager - INFO - API key loaded successfully
2025-04-08 09:16:59,821 - widgets.header.chatbot.openai_client - INFO - OpenAI client initialized successfully
2025-04-08 09:16:59,979 - translations - WARNING - Missing translation for 'time_range' in 'he'
2025-04-08 09:16:59,979 - translations - WARNING - Missing translation for 'overview' in 'he'
2025-04-08 09:16:59,979 - translations - WARNING - Missing translation for 'categories' in 'he'
2025-04-08 09:16:59,979 - translations - WARNING - Missing translation for 'brands' in 'he'
2025-04-08 09:16:59,979 - translations - WARNING - Missing translation for 'inventory' in 'he'
2025-04-08 09:16:59,979 - translations - WARNING - Missing translation for 'total_parts' in 'he'
2025-04-08 09:16:59,979 - translations - WARNING - Missing translation for 'total_value' in 'he'
2025-04-08 09:16:59,980 - translations - WARNING - Missing translation for 'low_stock_items' in 'he'
2025-04-08 09:16:59,980 - database.car_parts_db - INFO - Thread 18028: New database connection established
2025-04-08 09:17:00,132 - parts_navigation.components.tiles_grid - INFO - Populating grid with 8 items using 4 columns
2025-04-08 09:17:00,247 - parts_navigation.container - INFO - All navigation steps created successfully
2025-04-08 09:17:00,248 - parts_navigation.components.tiles_grid - INFO - Grid has 4 active columns configured
2025-04-08 09:17:00,248 - parts_navigation.components.tiles_grid - INFO - Total tiles: 8
2025-04-08 09:17:00,249 - parts_navigation.components.tiles_grid - INFO - Visible tiles: 0
2025-04-08 09:17:00,249 - parts_navigation.container - INFO - Navigated to step 0
2025-04-08 09:17:00,491 - parts_navigation.container - INFO - Starting delayed brand preloading
2025-04-08 09:17:00,491 - parts_navigation.steps.brand - INFO - Starting to preload brands data
2025-04-08 09:17:00,701 - translations - WARNING - Missing translation for 'Internet: Connected' in 'he'
2025-04-08 09:17:00,761 - database.car_parts_db - INFO - Found 43 unique car brands in database
2025-04-08 09:17:00,761 - database.car_parts_db - INFO - Processed 43 unique car brands
2025-04-08 09:17:00,928 - parts_navigation.container - INFO - All navigation steps created successfully
2025-04-08 09:17:00,929 - parts_navigation.steps.brand - INFO - Preloaded 43 brands
2025-04-08 09:17:00,929 - parts_navigation.logo_manager - INFO - Preloading logos for 43 brands
2025-04-08 09:17:00,989 - parts_navigation.steps.brand - INFO - Loaded 43 unique brands
2025-04-08 09:17:00,989 - parts_navigation.components.tiles_grid - INFO - Populating grid with 43 items using 4 columns
2025-04-08 09:17:02,144 - parts_navigation.components.tiles_grid - INFO - Grid has 4 active columns configured
2025-04-08 09:17:02,144 - parts_navigation.components.tiles_grid - INFO - Total tiles: 43
2025-04-08 09:17:02,144 - parts_navigation.components.tiles_grid - INFO - Visible tiles: 0
2025-04-08 09:17:02,179 - parts_navigation.logo_manager - INFO - Found 31 already cached logos out of 43
2025-04-08 09:17:02,179 - parts_navigation.steps.brand - INFO - Started preloading 43 brand logos
2025-04-08 09:17:03,605 - UsersDB - INFO - User fahed authenticated successfully
2025-04-08 09:17:03,622 - __main__ - INFO - User logged in: {'id': 2, 'username': 'fahed', 'full_name': 'Fahed Abu Mukh', 'role': 'manager', 'settings': {'theme': 'classic', 'language': 'en', 'rtl': False}}
2025-04-08 09:17:04,562 - database.car_parts_db - INFO - Thread 7656: New database connection established
2025-04-08 09:17:04,639 - parts_navigation.components.tiles_grid - INFO - Adjusting columns from 3 to 5
2025-04-08 09:17:04,640 - parts_navigation.components.tiles_grid - INFO - Setting grid to 5 columns
2025-04-08 09:17:04,641 - parts_navigation.components.tiles_grid - INFO - Adjusting columns from 4 to 5
2025-04-08 09:17:04,642 - parts_navigation.components.tiles_grid - INFO - Setting grid to 5 columns
2025-04-08 09:17:04,644 - parts_navigation.components.tiles_grid - INFO - Adjusting columns from 4 to 5
2025-04-08 09:17:04,645 - parts_navigation.components.tiles_grid - INFO - Setting grid to 5 columns
2025-04-08 09:17:04,646 - parts_navigation.components.tiles_grid - INFO - Adjusting columns from 3 to 5
2025-04-08 09:17:04,646 - parts_navigation.components.tiles_grid - INFO - Setting grid to 5 columns
2025-04-08 09:17:04,648 - parts_navigation.components.tiles_grid - INFO - Adjusting columns from 4 to 5
2025-04-08 09:17:04,648 - parts_navigation.components.tiles_grid - INFO - Setting grid to 5 columns
2025-04-08 09:17:04,648 - parts_navigation.components.tiles_grid - INFO - Adjusting columns from 4 to 6
2025-04-08 09:17:04,649 - parts_navigation.components.tiles_grid - INFO - Setting grid to 6 columns
2025-04-08 09:17:06,317 - database.car_parts_db - INFO - Thread 872: New database connection established
2025-04-08 09:17:08,351 - database.car_parts_db - INFO - Thread 8404: New database connection established
2025-04-08 09:17:10,482 - database.car_parts_db - INFO - Thread 20008: New database connection established
2025-04-08 09:17:11,992 - database.car_parts_db - INFO - Thread 21376: New database connection established
2025-04-08 09:17:13,373 - database.car_parts_db - INFO - Thread 21316: New database connection established
2025-04-08 09:17:59,780 - gui.event_handlers - INFO - Closing database connection...
2025-04-08 09:17:59,797 - __main__ - INFO - Cleaning up application resources...
2025-04-08 09:17:59,797 - __main__ - INFO - Closing database connection...
2025-04-08 09:17:59,797 - __main__ - INFO - Cleaning up parts navigation resources...
2025-04-08 09:17:59,807 - database.car_parts_db - INFO - Thread 21308: New database connection established
2025-04-08 09:17:59,808 - __main__ - INFO - Application shutdown complete
2025-04-08 10:27:37,083 - root - INFO - Logging system initialized (level: INFO)
2025-04-08 10:27:37,084 - root - INFO - Log files directory: C:\Users\97253\Desktop\BeastMode-CSIntro-Excercises\CousinTestProject\logs
2025-04-08 10:27:37,329 - config - INFO - Determined application root: C:\Users\97253\Desktop\BeastMode-CSIntro-Excercises\CousinTestProject
2025-04-08 10:27:39,907 - __main__ - INFO - Application starting at: 2025-04-08 10:27:39
2025-04-08 10:27:39,907 - __main__ - INFO - Current user: BaselAM
2025-04-08 10:27:39,977 - __main__ - INFO - Initializing database connection...
2025-04-08 10:27:40,429 - database.car_parts_db - INFO - Thread 8584: Database connection established
2025-04-08 10:27:40,429 - database.car_parts_db - INFO - Initialized database connection to localhost
2025-04-08 10:27:40,468 - __main__ - INFO - Connected to database. Found 2845 parts.
2025-04-08 10:27:40,469 - translations - INFO - Loading translation files from C:\Users\97253\Desktop\BeastMode-CSIntro-Excercises\CousinTestProject\translations\data
2025-04-08 10:27:40,470 - translations - INFO - Loaded translations for namespace 'car_parts' from C:\Users\97253\Desktop\BeastMode-CSIntro-Excercises\CousinTestProject\translations\data\car_parts.json
2025-04-08 10:27:40,471 - translations - INFO - Loaded translations for namespace 'errors' from C:\Users\97253\Desktop\BeastMode-CSIntro-Excercises\CousinTestProject\translations\data\errors.json
2025-04-08 10:27:40,473 - translations - INFO - Loaded translations for namespace 'filters' from C:\Users\97253\Desktop\BeastMode-CSIntro-Excercises\CousinTestProject\translations\data\filters.json
2025-04-08 10:27:40,474 - translations - INFO - Loaded translations for namespace 'help' from C:\Users\97253\Desktop\BeastMode-CSIntro-Excercises\CousinTestProject\translations\data\help.json
2025-04-08 10:27:40,475 - translations - INFO - Loaded translations for namespace 'login' from C:\Users\97253\Desktop\BeastMode-CSIntro-Excercises\CousinTestProject\translations\data\login.json
2025-04-08 10:27:40,476 - translations - INFO - Loaded translations for namespace 'navigation' from C:\Users\97253\Desktop\BeastMode-CSIntro-Excercises\CousinTestProject\translations\data\navigation.json
2025-04-08 10:27:40,478 - translations - INFO - Loaded translations for namespace 'notifications' from C:\Users\97253\Desktop\BeastMode-CSIntro-Excercises\CousinTestProject\translations\data\notifications.json
2025-04-08 10:27:40,479 - translations - INFO - Loaded translations for namespace 'parts_nav_translations' from C:\Users\97253\Desktop\BeastMode-CSIntro-Excercises\CousinTestProject\translations\data\parts_nav_translations.json
2025-04-08 10:27:40,480 - translations - INFO - Loaded translations for namespace 'products' from C:\Users\97253\Desktop\BeastMode-CSIntro-Excercises\CousinTestProject\translations\data\products.json
2025-04-08 10:27:40,481 - translations - INFO - Loaded translations for namespace 'settings' from C:\Users\97253\Desktop\BeastMode-CSIntro-Excercises\CousinTestProject\translations\data\settings.json
2025-04-08 10:27:40,482 - translations - INFO - Loaded translations for namespace 'ui' from C:\Users\97253\Desktop\BeastMode-CSIntro-Excercises\CousinTestProject\translations\data\ui.json
2025-04-08 10:27:40,484 - translations - INFO - Loaded translations for namespace 'validations' from C:\Users\97253\Desktop\BeastMode-CSIntro-Excercises\CousinTestProject\translations\data\validations.json
2025-04-08 10:27:40,484 - translations - INFO - Loaded 12 translation files from C:\Users\97253\Desktop\BeastMode-CSIntro-Excercises\CousinTestProject\translations\data
2025-04-08 10:27:40,484 - translations - INFO - Loaded 12 translation files
2025-04-08 10:27:40,720 - UsersDB - INFO - Connected to user database at C:\Users\97253\Desktop\BeastMode-CSIntro-Excercises\CousinTestProject\database\users.db
2025-04-08 10:27:40,722 - UsersDB - INFO - Database tables created successfully
2025-04-08 10:27:41,824 - widgets.header.chatbot.api_key_manager - INFO - API key loaded successfully
2025-04-08 10:27:42,019 - widgets.header.chatbot.openai_client - INFO - OpenAI client initialized successfully
2025-04-08 10:27:42,277 - translations - WARNING - Missing translation for 'time_range' in 'he'
2025-04-08 10:27:42,277 - translations - WARNING - Missing translation for 'overview' in 'he'
2025-04-08 10:27:42,278 - translations - WARNING - Missing translation for 'categories' in 'he'
2025-04-08 10:27:42,278 - translations - WARNING - Missing translation for 'brands' in 'he'
2025-04-08 10:27:42,279 - translations - WARNING - Missing translation for 'inventory' in 'he'
2025-04-08 10:27:42,279 - translations - WARNING - Missing translation for 'total_parts' in 'he'
2025-04-08 10:27:42,279 - translations - WARNING - Missing translation for 'total_value' in 'he'
2025-04-08 10:27:42,279 - translations - WARNING - Missing translation for 'low_stock_items' in 'he'
2025-04-08 10:27:42,281 - database.car_parts_db - INFO - Thread 1932: New database connection established
2025-04-08 10:27:42,588 - parts_navigation.components.tiles_grid - INFO - Populating grid with 8 items using 4 columns
2025-04-08 10:27:42,703 - parts_navigation.container - INFO - All navigation steps created successfully
2025-04-08 10:27:42,750 - parts_navigation.container - INFO - Starting delayed brand preloading
2025-04-08 10:27:42,750 - parts_navigation.steps.brand - INFO - Starting to preload brands data
2025-04-08 10:27:42,756 - parts_navigation.components.tiles_grid - INFO - Grid has 4 active columns configured
2025-04-08 10:27:42,757 - parts_navigation.components.tiles_grid - INFO - Total tiles: 8
2025-04-08 10:27:42,757 - parts_navigation.components.tiles_grid - INFO - Visible tiles: 0
2025-04-08 10:27:42,757 - parts_navigation.container - INFO - Navigated to step 0
2025-04-08 10:27:43,331 - database.car_parts_db - INFO - Found 43 unique car brands in database
2025-04-08 10:27:43,331 - database.car_parts_db - INFO - Processed 43 unique car brands
2025-04-08 10:27:43,345 - translations - WARNING - Missing translation for 'Internet: Connected' in 'he'
2025-04-08 10:27:43,380 - parts_navigation.container - INFO - All navigation steps created successfully
2025-04-08 10:27:43,381 - parts_navigation.steps.brand - INFO - Preloaded 43 brands
2025-04-08 10:27:43,381 - parts_navigation.logo_manager - INFO - Preloading logos for 43 brands
2025-04-08 10:27:43,677 - parts_navigation.steps.brand - INFO - Loaded 43 unique brands
2025-04-08 10:27:43,677 - parts_navigation.components.tiles_grid - INFO - Populating grid with 43 items using 4 columns
2025-04-08 10:27:44,652 - parts_navigation.components.tiles_grid - INFO - Grid has 4 active columns configured
2025-04-08 10:27:44,653 - parts_navigation.components.tiles_grid - INFO - Total tiles: 43
2025-04-08 10:27:44,653 - parts_navigation.components.tiles_grid - INFO - Visible tiles: 0
2025-04-08 10:27:44,690 - parts_navigation.logo_manager - INFO - Found 31 already cached logos out of 43
2025-04-08 10:27:44,690 - parts_navigation.steps.brand - INFO - Started preloading 43 brand logos
2025-04-08 10:27:45,720 - UsersDB - INFO - User fahed authenticated successfully
2025-04-08 10:27:45,730 - __main__ - INFO - User logged in: {'id': 2, 'username': 'fahed', 'full_name': 'Fahed Abu Mukh', 'role': 'manager', 'settings': {'theme': 'classic', 'language': 'en', 'rtl': False}}
2025-04-08 10:27:46,695 - parts_navigation.components.tiles_grid - INFO - Adjusting columns from 3 to 5
2025-04-08 10:27:46,695 - parts_navigation.components.tiles_grid - INFO - Setting grid to 5 columns
2025-04-08 10:27:46,697 - parts_navigation.components.tiles_grid - INFO - Adjusting columns from 4 to 5
2025-04-08 10:27:46,697 - parts_navigation.components.tiles_grid - INFO - Setting grid to 5 columns
2025-04-08 10:27:46,700 - parts_navigation.components.tiles_grid - INFO - Adjusting columns from 4 to 5
2025-04-08 10:27:46,700 - parts_navigation.components.tiles_grid - INFO - Setting grid to 5 columns
2025-04-08 10:27:46,701 - parts_navigation.components.tiles_grid - INFO - Adjusting columns from 3 to 5
2025-04-08 10:27:46,701 - parts_navigation.components.tiles_grid - INFO - Setting grid to 5 columns
2025-04-08 10:27:46,703 - parts_navigation.components.tiles_grid - INFO - Adjusting columns from 4 to 5
2025-04-08 10:27:46,703 - parts_navigation.components.tiles_grid - INFO - Setting grid to 5 columns
2025-04-08 10:27:46,704 - parts_navigation.components.tiles_grid - INFO - Adjusting columns from 4 to 6
2025-04-08 10:27:46,704 - parts_navigation.components.tiles_grid - INFO - Setting grid to 6 columns
2025-04-08 10:27:48,185 - translations - WARNING - Missing translation for 'barcode' in 'he'
2025-04-08 10:27:51,246 - gui.event_handlers - INFO - Closing database connection...
2025-04-08 10:27:51,261 - __main__ - INFO - Cleaning up application resources...
2025-04-08 10:27:51,263 - __main__ - INFO - Closing database connection...
2025-04-08 10:27:51,263 - __main__ - INFO - Cleaning up parts navigation resources...
2025-04-08 10:27:51,274 - database.car_parts_db - INFO - Thread 8584: New database connection established
2025-04-08 10:27:51,275 - __main__ - INFO - Application shutdown complete
2025-04-08 10:29:26,515 - root - INFO - Logging system initialized (level: INFO)
2025-04-08 10:29:26,515 - root - INFO - Log files directory: C:\Users\97253\Desktop\BeastMode-CSIntro-Excercises\CousinTestProject\logs
2025-04-08 10:29:26,735 - config - INFO - Determined application root: C:\Users\97253\Desktop\BeastMode-CSIntro-Excercises\CousinTestProject
2025-04-08 10:29:30,267 - __main__ - INFO - Application starting at: 2025-04-08 10:29:30
2025-04-08 10:29:30,268 - __main__ - INFO - Current user: BaselAM
2025-04-08 10:29:30,378 - __main__ - INFO - Initializing database connection...
2025-04-08 10:29:31,001 - database.car_parts_db - INFO - Thread 13784: Database connection established
2025-04-08 10:29:31,001 - database.car_parts_db - INFO - Initialized database connection to localhost
2025-04-08 10:29:31,058 - __main__ - INFO - Connected to database. Found 2845 parts.
2025-04-08 10:29:31,059 - translations - INFO - Loading translation files from C:\Users\97253\Desktop\BeastMode-CSIntro-Excercises\CousinTestProject\translations\data
2025-04-08 10:29:31,061 - translations - INFO - Loaded translations for namespace 'car_parts' from C:\Users\97253\Desktop\BeastMode-CSIntro-Excercises\CousinTestProject\translations\data\car_parts.json
2025-04-08 10:29:31,062 - translations - INFO - Loaded translations for namespace 'errors' from C:\Users\97253\Desktop\BeastMode-CSIntro-Excercises\CousinTestProject\translations\data\errors.json
2025-04-08 10:29:31,062 - translations - INFO - Loaded translations for namespace 'filters' from C:\Users\97253\Desktop\BeastMode-CSIntro-Excercises\CousinTestProject\translations\data\filters.json
2025-04-08 10:29:31,063 - translations - INFO - Loaded translations for namespace 'help' from C:\Users\97253\Desktop\BeastMode-CSIntro-Excercises\CousinTestProject\translations\data\help.json
2025-04-08 10:29:31,063 - translations - INFO - Loaded translations for namespace 'login' from C:\Users\97253\Desktop\BeastMode-CSIntro-Excercises\CousinTestProject\translations\data\login.json
2025-04-08 10:29:31,064 - translations - INFO - Loaded translations for namespace 'navigation' from C:\Users\97253\Desktop\BeastMode-CSIntro-Excercises\CousinTestProject\translations\data\navigation.json
2025-04-08 10:29:31,066 - translations - INFO - Loaded translations for namespace 'notifications' from C:\Users\97253\Desktop\BeastMode-CSIntro-Excercises\CousinTestProject\translations\data\notifications.json
2025-04-08 10:29:31,066 - translations - INFO - Loaded translations for namespace 'parts_nav_translations' from C:\Users\97253\Desktop\BeastMode-CSIntro-Excercises\CousinTestProject\translations\data\parts_nav_translations.json
2025-04-08 10:29:31,067 - translations - INFO - Loaded translations for namespace 'products' from C:\Users\97253\Desktop\BeastMode-CSIntro-Excercises\CousinTestProject\translations\data\products.json
2025-04-08 10:29:31,068 - translations - INFO - Loaded translations for namespace 'settings' from C:\Users\97253\Desktop\BeastMode-CSIntro-Excercises\CousinTestProject\translations\data\settings.json
2025-04-08 10:29:31,069 - translations - INFO - Loaded translations for namespace 'ui' from C:\Users\97253\Desktop\BeastMode-CSIntro-Excercises\CousinTestProject\translations\data\ui.json
2025-04-08 10:29:31,071 - translations - INFO - Loaded translations for namespace 'validations' from C:\Users\97253\Desktop\BeastMode-CSIntro-Excercises\CousinTestProject\translations\data\validations.json
2025-04-08 10:29:31,071 - translations - INFO - Loaded 12 translation files from C:\Users\97253\Desktop\BeastMode-CSIntro-Excercises\CousinTestProject\translations\data
2025-04-08 10:29:31,071 - translations - INFO - Loaded 12 translation files
2025-04-08 10:29:31,343 - UsersDB - INFO - Connected to user database at C:\Users\97253\Desktop\BeastMode-CSIntro-Excercises\CousinTestProject\database\users.db
2025-04-08 10:29:31,344 - UsersDB - INFO - Database tables created successfully
2025-04-08 10:29:32,454 - widgets.header.chatbot.api_key_manager - INFO - API key loaded successfully
2025-04-08 10:29:32,583 - widgets.header.chatbot.openai_client - INFO - OpenAI client initialized successfully
2025-04-08 10:29:32,812 - translations - WARNING - Missing translation for 'time_range' in 'he'
2025-04-08 10:29:32,812 - translations - WARNING - Missing translation for 'overview' in 'he'
2025-04-08 10:29:32,812 - translations - WARNING - Missing translation for 'categories' in 'he'
2025-04-08 10:29:32,812 - translations - WARNING - Missing translation for 'brands' in 'he'
2025-04-08 10:29:32,813 - translations - WARNING - Missing translation for 'inventory' in 'he'
2025-04-08 10:29:32,813 - translations - WARNING - Missing translation for 'total_parts' in 'he'
2025-04-08 10:29:32,813 - translations - WARNING - Missing translation for 'total_value' in 'he'
2025-04-08 10:29:32,813 - translations - WARNING - Missing translation for 'low_stock_items' in 'he'
2025-04-08 10:29:32,816 - database.car_parts_db - INFO - Thread 11196: New database connection established
2025-04-08 10:29:33,094 - parts_navigation.components.tiles_grid - INFO - Populating grid with 8 items using 4 columns
2025-04-08 10:29:33,230 - parts_navigation.container - INFO - All navigation steps created successfully
2025-04-08 10:29:33,231 - parts_navigation.container - INFO - Starting delayed brand preloading
2025-04-08 10:29:33,231 - parts_navigation.steps.brand - INFO - Starting to preload brands data
2025-04-08 10:29:33,234 - parts_navigation.components.tiles_grid - INFO - Grid has 4 active columns configured
2025-04-08 10:29:33,235 - parts_navigation.components.tiles_grid - INFO - Total tiles: 8
2025-04-08 10:29:33,235 - parts_navigation.components.tiles_grid - INFO - Visible tiles: 0
2025-04-08 10:29:33,235 - parts_navigation.container - INFO - Navigated to step 0
2025-04-08 10:29:33,911 - database.car_parts_db - INFO - Found 43 unique car brands in database
2025-04-08 10:29:33,912 - database.car_parts_db - INFO - Processed 43 unique car brands
2025-04-08 10:29:33,948 - translations - WARNING - Missing translation for 'Internet: Connected' in 'he'
2025-04-08 10:29:34,133 - parts_navigation.steps.brand - INFO - Preloaded 43 brands
2025-04-08 10:29:34,133 - parts_navigation.logo_manager - INFO - Preloading logos for 43 brands
2025-04-08 10:29:34,305 - parts_navigation.container - INFO - All navigation steps created successfully
2025-04-08 10:29:34,904 - parts_navigation.steps.brand - INFO - Loaded 43 unique brands
2025-04-08 10:29:34,904 - parts_navigation.components.tiles_grid - INFO - Populating grid with 43 items using 4 columns
2025-04-08 10:29:35,441 - parts_navigation.components.tiles_grid - INFO - Grid has 4 active columns configured
2025-04-08 10:29:35,442 - parts_navigation.components.tiles_grid - INFO - Total tiles: 43
2025-04-08 10:29:35,442 - parts_navigation.components.tiles_grid - INFO - Visible tiles: 0
2025-04-08 10:29:35,468 - parts_navigation.logo_manager - INFO - Found 31 already cached logos out of 43
2025-04-08 10:29:35,468 - parts_navigation.steps.brand - INFO - Started preloading 43 brand logos
2025-04-08 10:29:36,833 - UsersDB - INFO - User fahed authenticated successfully
2025-04-08 10:29:36,845 - __main__ - INFO - User logged in: {'id': 2, 'username': 'fahed', 'full_name': 'Fahed Abu Mukh', 'role': 'manager', 'settings': {'theme': 'classic', 'language': 'en', 'rtl': False}}
2025-04-08 10:29:37,836 - parts_navigation.components.tiles_grid - INFO - Adjusting columns from 3 to 5
2025-04-08 10:29:37,836 - parts_navigation.components.tiles_grid - INFO - Setting grid to 5 columns
2025-04-08 10:29:37,838 - parts_navigation.components.tiles_grid - INFO - Adjusting columns from 4 to 5
2025-04-08 10:29:37,839 - parts_navigation.components.tiles_grid - INFO - Setting grid to 5 columns
2025-04-08 10:29:37,842 - parts_navigation.components.tiles_grid - INFO - Adjusting columns from 4 to 5
2025-04-08 10:29:37,842 - parts_navigation.components.tiles_grid - INFO - Setting grid to 5 columns
2025-04-08 10:29:37,843 - parts_navigation.components.tiles_grid - INFO - Adjusting columns from 3 to 5
2025-04-08 10:29:37,843 - parts_navigation.components.tiles_grid - INFO - Setting grid to 5 columns
2025-04-08 10:29:37,844 - parts_navigation.components.tiles_grid - INFO - Adjusting columns from 4 to 5
2025-04-08 10:29:37,845 - parts_navigation.components.tiles_grid - INFO - Setting grid to 5 columns
2025-04-08 10:29:37,845 - parts_navigation.components.tiles_grid - INFO - Adjusting columns from 4 to 6
2025-04-08 10:29:37,846 - parts_navigation.components.tiles_grid - INFO - Setting grid to 6 columns
2025-04-08 10:29:39,664 - translations - WARNING - Missing translation for 'barcode' in 'he'
2025-04-08 10:29:39,664 - translations - WARNING - Missing translation for 'barcode_placeholder' in 'he'
2025-04-08 10:29:39,665 - translations - WARNING - Missing translation for 'scan_barcode_tooltip' in 'he'
2025-04-08 10:29:41,781 - translations - WARNING - Missing translation for 'scan_barcode' in 'he'
2025-04-08 10:29:41,783 - translations - WARNING - Missing translation for 'enter_barcode' in 'he'
2025-04-08 10:30:02,057 - gui.event_handlers - INFO - Closing database connection...
2025-04-08 10:30:02,070 - __main__ - INFO - Cleaning up application resources...
2025-04-08 10:30:02,071 - __main__ - INFO - Closing database connection...
2025-04-08 10:30:02,071 - __main__ - INFO - Cleaning up parts navigation resources...
2025-04-08 10:30:02,085 - database.car_parts_db - INFO - Thread 13784: New database connection established
2025-04-08 10:30:02,088 - __main__ - INFO - Application shutdown complete
2025-04-08 10:33:34,149 - root - INFO - Logging system initialized (level: INFO)
2025-04-08 10:33:34,150 - root - INFO - Log files directory: C:\Users\97253\Desktop\BeastMode-CSIntro-Excercises\CousinTestProject\logs
2025-04-08 10:33:34,378 - config - INFO - Determined application root: C:\Users\97253\Desktop\BeastMode-CSIntro-Excercises\CousinTestProject
2025-04-08 10:33:36,978 - __main__ - INFO - Application starting at: 2025-04-08 10:33:36
2025-04-08 10:33:36,978 - __main__ - INFO - Current user: BaselAM
2025-04-08 10:33:37,041 - __main__ - INFO - Initializing database connection...
2025-04-08 10:33:37,419 - database.car_parts_db - INFO - Thread 3948: Database connection established
2025-04-08 10:33:37,419 - database.car_parts_db - INFO - Initialized database connection to localhost
2025-04-08 10:33:37,464 - __main__ - INFO - Connected to database. Found 2845 parts.
2025-04-08 10:33:37,465 - translations - INFO - Loading translation files from C:\Users\97253\Desktop\BeastMode-CSIntro-Excercises\CousinTestProject\translations\data
2025-04-08 10:33:37,468 - translations - INFO - Loaded translations for namespace 'car_parts' from C:\Users\97253\Desktop\BeastMode-CSIntro-Excercises\CousinTestProject\translations\data\car_parts.json
2025-04-08 10:33:37,471 - translations - INFO - Loaded translations for namespace 'errors' from C:\Users\97253\Desktop\BeastMode-CSIntro-Excercises\CousinTestProject\translations\data\errors.json
2025-04-08 10:33:37,472 - translations - INFO - Loaded translations for namespace 'filters' from C:\Users\97253\Desktop\BeastMode-CSIntro-Excercises\CousinTestProject\translations\data\filters.json
2025-04-08 10:33:37,472 - translations - INFO - Loaded translations for namespace 'help' from C:\Users\97253\Desktop\BeastMode-CSIntro-Excercises\CousinTestProject\translations\data\help.json
2025-04-08 10:33:37,474 - translations - INFO - Loaded translations for namespace 'login' from C:\Users\97253\Desktop\BeastMode-CSIntro-Excercises\CousinTestProject\translations\data\login.json
2025-04-08 10:33:37,475 - translations - INFO - Loaded translations for namespace 'navigation' from C:\Users\97253\Desktop\BeastMode-CSIntro-Excercises\CousinTestProject\translations\data\navigation.json
2025-04-08 10:33:37,475 - translations - INFO - Loaded translations for namespace 'notifications' from C:\Users\97253\Desktop\BeastMode-CSIntro-Excercises\CousinTestProject\translations\data\notifications.json
2025-04-08 10:33:37,476 - translations - INFO - Loaded translations for namespace 'parts_nav_translations' from C:\Users\97253\Desktop\BeastMode-CSIntro-Excercises\CousinTestProject\translations\data\parts_nav_translations.json
2025-04-08 10:33:37,477 - translations - INFO - Loaded translations for namespace 'products' from C:\Users\97253\Desktop\BeastMode-CSIntro-Excercises\CousinTestProject\translations\data\products.json
2025-04-08 10:33:37,478 - translations - INFO - Loaded translations for namespace 'settings' from C:\Users\97253\Desktop\BeastMode-CSIntro-Excercises\CousinTestProject\translations\data\settings.json
2025-04-08 10:33:37,478 - translations - INFO - Loaded translations for namespace 'ui' from C:\Users\97253\Desktop\BeastMode-CSIntro-Excercises\CousinTestProject\translations\data\ui.json
2025-04-08 10:33:37,480 - translations - INFO - Loaded translations for namespace 'validations' from C:\Users\97253\Desktop\BeastMode-CSIntro-Excercises\CousinTestProject\translations\data\validations.json
2025-04-08 10:33:37,480 - translations - INFO - Loaded 12 translation files from C:\Users\97253\Desktop\BeastMode-CSIntro-Excercises\CousinTestProject\translations\data
2025-04-08 10:33:37,480 - translations - INFO - Loaded 12 translation files
2025-04-08 10:33:37,752 - UsersDB - INFO - Connected to user database at C:\Users\97253\Desktop\BeastMode-CSIntro-Excercises\CousinTestProject\database\users.db
2025-04-08 10:33:37,753 - UsersDB - INFO - Database tables created successfully
2025-04-08 10:33:38,804 - widgets.header.chatbot.api_key_manager - INFO - API key loaded successfully
2025-04-08 10:33:38,908 - widgets.header.chatbot.openai_client - INFO - OpenAI client initialized successfully
2025-04-08 10:33:39,084 - translations - WARNING - Missing translation for 'time_range' in 'he'
2025-04-08 10:33:39,084 - translations - WARNING - Missing translation for 'overview' in 'he'
2025-04-08 10:33:39,085 - translations - WARNING - Missing translation for 'categories' in 'he'
2025-04-08 10:33:39,085 - translations - WARNING - Missing translation for 'brands' in 'he'
2025-04-08 10:33:39,085 - translations - WARNING - Missing translation for 'inventory' in 'he'
2025-04-08 10:33:39,085 - translations - WARNING - Missing translation for 'total_parts' in 'he'
2025-04-08 10:33:39,085 - translations - WARNING - Missing translation for 'total_value' in 'he'
2025-04-08 10:33:39,085 - translations - WARNING - Missing translation for 'low_stock_items' in 'he'
2025-04-08 10:33:39,086 - database.car_parts_db - INFO - Thread 18948: New database connection established
2025-04-08 10:33:39,242 - parts_navigation.components.tiles_grid - INFO - Populating grid with 8 items using 4 columns
2025-04-08 10:33:39,345 - parts_navigation.container - INFO - All navigation steps created successfully
2025-04-08 10:33:39,348 - parts_navigation.components.tiles_grid - INFO - Grid has 4 active columns configured
2025-04-08 10:33:39,348 - parts_navigation.components.tiles_grid - INFO - Total tiles: 8
2025-04-08 10:33:39,348 - parts_navigation.components.tiles_grid - INFO - Visible tiles: 0
2025-04-08 10:33:39,348 - parts_navigation.container - INFO - Navigated to step 0
2025-04-08 10:33:39,581 - parts_navigation.container - INFO - Starting delayed brand preloading
2025-04-08 10:33:39,581 - parts_navigation.steps.brand - INFO - Starting to preload brands data
2025-04-08 10:33:39,763 - translations - WARNING - Missing translation for 'Internet: Connected' in 'he'
2025-04-08 10:33:39,814 - database.car_parts_db - INFO - Found 43 unique car brands in database
2025-04-08 10:33:39,814 - database.car_parts_db - INFO - Processed 43 unique car brands
2025-04-08 10:33:40,097 - parts_navigation.container - INFO - All navigation steps created successfully
2025-04-08 10:33:40,097 - parts_navigation.steps.brand - INFO - Preloaded 43 brands
2025-04-08 10:33:40,097 - parts_navigation.logo_manager - INFO - Preloading logos for 43 brands
2025-04-08 10:33:40,246 - parts_navigation.steps.brand - INFO - Loaded 43 unique brands
2025-04-08 10:33:40,246 - parts_navigation.components.tiles_grid - INFO - Populating grid with 43 items using 4 columns
2025-04-08 10:33:41,280 - parts_navigation.components.tiles_grid - INFO - Grid has 4 active columns configured
2025-04-08 10:33:41,280 - parts_navigation.components.tiles_grid - INFO - Total tiles: 43
2025-04-08 10:33:41,280 - parts_navigation.components.tiles_grid - INFO - Visible tiles: 0
2025-04-08 10:33:41,321 - parts_navigation.logo_manager - INFO - Found 31 already cached logos out of 43
2025-04-08 10:33:41,321 - parts_navigation.steps.brand - INFO - Started preloading 43 brand logos
2025-04-08 10:33:42,347 - UsersDB - INFO - User fahed authenticated successfully
2025-04-08 10:33:42,358 - __main__ - INFO - User logged in: {'id': 2, 'username': 'fahed', 'full_name': 'Fahed Abu Mukh', 'role': 'manager', 'settings': {'theme': 'classic', 'language': 'en', 'rtl': False}}
2025-04-08 10:33:43,167 - parts_navigation.components.tiles_grid - INFO - Adjusting columns from 3 to 5
2025-04-08 10:33:43,168 - parts_navigation.components.tiles_grid - INFO - Setting grid to 5 columns
2025-04-08 10:33:43,168 - parts_navigation.components.tiles_grid - INFO - Adjusting columns from 4 to 5
2025-04-08 10:33:43,168 - parts_navigation.components.tiles_grid - INFO - Setting grid to 5 columns
2025-04-08 10:33:43,171 - parts_navigation.components.tiles_grid - INFO - Adjusting columns from 4 to 5
2025-04-08 10:33:43,171 - parts_navigation.components.tiles_grid - INFO - Setting grid to 5 columns
2025-04-08 10:33:43,173 - parts_navigation.components.tiles_grid - INFO - Adjusting columns from 3 to 5
2025-04-08 10:33:43,173 - parts_navigation.components.tiles_grid - INFO - Setting grid to 5 columns
2025-04-08 10:33:43,174 - parts_navigation.components.tiles_grid - INFO - Adjusting columns from 4 to 5
2025-04-08 10:33:43,174 - parts_navigation.components.tiles_grid - INFO - Setting grid to 5 columns
2025-04-08 10:33:43,175 - parts_navigation.components.tiles_grid - INFO - Adjusting columns from 4 to 6
2025-04-08 10:33:43,175 - parts_navigation.components.tiles_grid - INFO - Setting grid to 6 columns
2025-04-08 10:33:44,251 - translations - WARNING - Missing translation for 'barcode' in 'he'
2025-04-08 10:33:44,252 - translations - WARNING - Missing translation for 'barcode_placeholder' in 'he'
2025-04-08 10:33:44,257 - translations - WARNING - Missing translation for 'scan_barcode_tooltip' in 'he'
2025-04-08 10:33:45,860 - translations - WARNING - Missing translation for 'scan_barcode' in 'he'
2025-04-08 10:33:45,861 - translations - WARNING - Missing translation for 'enter_barcode' in 'he'
2025-04-08 10:38:39,515 - database.car_parts_db - INFO - Thread 10792: New database connection established
2025-04-08 10:40:11,470 - translations - WARNING - Missing translation for 'print_settings' in 'he'
2025-04-08 10:40:11,476 - translations - WARNING - Missing translation for 'print_setup_description' in 'he'
2025-04-08 10:40:11,478 - translations - WARNING - Missing translation for 'print_scope' in 'he'
2025-04-08 10:40:11,484 - translations - WARNING - Missing translation for 'print_all_products' in 'he'
2025-04-08 10:40:11,488 - translations - WARNING - Missing translation for 'print_selected_products' in 'he'
2025-04-08 10:40:11,488 - translations - WARNING - Missing translation for 'print_filtered_products' in 'he'
2025-04-08 10:40:11,489 - translations - WARNING - Missing translation for 'print_all_tooltip' in 'he'
2025-04-08 10:40:11,489 - translations - WARNING - Missing translation for 'print_selected_tooltip' in 'he'
2025-04-08 10:40:11,490 - translations - WARNING - Missing translation for 'print_filtered_tooltip' in 'he'
2025-04-08 10:40:11,490 - translations - WARNING - Missing translation for 'print_options' in 'he'
2025-04-08 10:40:11,491 - translations - WARNING - Missing translation for 'paper_size' in 'he'
2025-04-08 10:40:11,491 - translations - WARNING - Missing translation for 'paper_size_tooltip' in 'he'
2025-04-08 10:40:11,543 - translations - WARNING - Missing translation for 'orientation' in 'he'
2025-04-08 10:40:11,543 - translations - WARNING - Missing translation for 'orientation_tooltip' in 'he'
2025-04-08 10:40:11,544 - translations - WARNING - Missing translation for 'portrait' in 'he'
2025-04-08 10:40:11,545 - translations - WARNING - Missing translation for 'landscape' in 'he'
2025-04-08 10:40:11,546 - translations - WARNING - Missing translation for 'print_header' in 'he'
2025-04-08 10:40:11,547 - translations - WARNING - Missing translation for 'print_header_tooltip' in 'he'
2025-04-08 10:40:11,548 - translations - WARNING - Missing translation for 'print_date' in 'he'
2025-04-08 10:40:11,548 - translations - WARNING - Missing translation for 'print_date_tooltip' in 'he'
2025-04-08 10:40:11,549 - translations - WARNING - Missing translation for 'rtl_mode' in 'he'
2025-04-08 10:40:11,549 - translations - WARNING - Missing translation for 'rtl_mode_tooltip' in 'he'
2025-04-08 10:40:11,566 - translations - WARNING - Missing translation for 'preview_and_print' in 'he'
2025-04-08 10:40:24,975 - parts_navigation.components.tiles_grid - INFO - Populating grid with 8 items using 4 columns
2025-04-08 10:40:24,997 - parts_navigation.components.tiles_grid - INFO - Grid has 4 active columns configured
2025-04-08 10:40:24,997 - parts_navigation.components.tiles_grid - INFO - Total tiles: 8
2025-04-08 10:40:24,997 - parts_navigation.components.tiles_grid - INFO - Visible tiles: 0
2025-04-08 10:40:24,997 - parts_navigation.container - INFO - Navigated to step 0
2025-04-08 10:40:25,071 - parts_navigation.components.tiles_grid - INFO - Adjusting columns from 4 to 9
2025-04-08 10:40:25,071 - parts_navigation.components.tiles_grid - INFO - Setting grid to 9 columns
2025-04-08 10:40:25,148 - parts_navigation.container - INFO - All navigation steps created successfully
2025-04-08 10:40:25,149 - parts_navigation.container - INFO - Starting delayed brand preloading
2025-04-08 10:40:25,149 - parts_navigation.steps.brand - INFO - Starting to preload brands data
2025-04-08 10:40:25,268 - parts_navigation.components.tiles_grid - INFO - Adjusting columns from 4 to 5
2025-04-08 10:40:25,268 - parts_navigation.components.tiles_grid - INFO - Setting grid to 5 columns
2025-04-08 10:40:25,268 - parts_navigation.components.tiles_grid - INFO - Adjusting columns from 3 to 5
2025-04-08 10:40:25,269 - parts_navigation.components.tiles_grid - INFO - Setting grid to 5 columns
2025-04-08 10:40:25,269 - parts_navigation.components.tiles_grid - INFO - Adjusting columns from 4 to 5
2025-04-08 10:40:25,269 - parts_navigation.components.tiles_grid - INFO - Setting grid to 5 columns
2025-04-08 10:40:25,350 - parts_navigation.steps.brand - INFO - Preloaded 43 brands
2025-04-08 10:40:25,351 - parts_navigation.logo_manager - INFO - Preloading logos for 43 brands
2025-04-08 10:40:25,391 - parts_navigation.components.tiles_grid - INFO - Adjusting columns from 3 to 5
2025-04-08 10:40:25,392 - parts_navigation.components.tiles_grid - INFO - Setting grid to 5 columns
2025-04-08 10:40:25,393 - parts_navigation.components.tiles_grid - INFO - Adjusting columns from 4 to 5
2025-04-08 10:40:25,393 - parts_navigation.components.tiles_grid - INFO - Setting grid to 5 columns
2025-04-08 10:40:25,397 - parts_navigation.steps.brand - INFO - Loaded 43 unique brands
2025-04-08 10:40:25,397 - parts_navigation.components.tiles_grid - INFO - Populating grid with 43 items using 9 columns
2025-04-08 10:40:25,484 - parts_navigation.container - INFO - All navigation steps created successfully
2025-04-08 10:40:25,898 - parts_navigation.components.tiles_grid - INFO - Grid has 9 active columns configured
2025-04-08 10:40:25,898 - parts_navigation.components.tiles_grid - INFO - Total tiles: 43
2025-04-08 10:40:25,898 - parts_navigation.components.tiles_grid - INFO - Visible tiles: 43
2025-04-08 10:40:25,933 - parts_navigation.logo_manager - INFO - Found 31 already cached logos out of 43
2025-04-08 10:40:25,933 - parts_navigation.steps.brand - INFO - Started preloading 43 brand logos
2025-04-08 10:40:26,860 - database.car_parts_db - INFO - Thread 20232: New database connection established
2025-04-08 10:40:59,559 - gui.event_handlers - INFO - Closing database connection...
2025-04-08 10:40:59,576 - __main__ - INFO - Cleaning up application resources...
2025-04-08 10:40:59,577 - __main__ - INFO - Closing database connection...
2025-04-08 10:40:59,577 - __main__ - INFO - Cleaning up parts navigation resources...
2025-04-08 10:40:59,586 - database.car_parts_db - INFO - Thread 3948: New database connection established
2025-04-08 10:40:59,591 - __main__ - INFO - Application shutdown complete
2025-04-08 10:41:04,650 - root - INFO - Logging system initialized (level: INFO)
2025-04-08 10:41:04,650 - root - INFO - Log files directory: C:\Users\97253\Desktop\BeastMode-CSIntro-Excercises\CousinTestProject\logs
2025-04-08 10:41:04,951 - config - INFO - Determined application root: C:\Users\97253\Desktop\BeastMode-CSIntro-Excercises\CousinTestProject
2025-04-08 10:41:09,121 - __main__ - INFO - Application starting at: 2025-04-08 10:41:09
2025-04-08 10:41:09,121 - __main__ - INFO - Current user: BaselAM
2025-04-08 10:41:09,194 - __main__ - INFO - Initializing database connection...
2025-04-08 10:41:09,706 - database.car_parts_db - INFO - Thread 8680: Database connection established
2025-04-08 10:41:09,706 - database.car_parts_db - INFO - Initialized database connection to localhost
2025-04-08 10:41:09,752 - __main__ - INFO - Connected to database. Found 2845 parts.
2025-04-08 10:41:09,752 - translations - INFO - Loading translation files from C:\Users\97253\Desktop\BeastMode-CSIntro-Excercises\CousinTestProject\translations\data
2025-04-08 10:41:09,755 - translations - INFO - Loaded translations for namespace 'car_parts' from C:\Users\97253\Desktop\BeastMode-CSIntro-Excercises\CousinTestProject\translations\data\car_parts.json
2025-04-08 10:41:09,756 - translations - INFO - Loaded translations for namespace 'errors' from C:\Users\97253\Desktop\BeastMode-CSIntro-Excercises\CousinTestProject\translations\data\errors.json
2025-04-08 10:41:09,757 - translations - INFO - Loaded translations for namespace 'filters' from C:\Users\97253\Desktop\BeastMode-CSIntro-Excercises\CousinTestProject\translations\data\filters.json
2025-04-08 10:41:09,758 - translations - INFO - Loaded translations for namespace 'help' from C:\Users\97253\Desktop\BeastMode-CSIntro-Excercises\CousinTestProject\translations\data\help.json
2025-04-08 10:41:09,759 - translations - INFO - Loaded translations for namespace 'login' from C:\Users\97253\Desktop\BeastMode-CSIntro-Excercises\CousinTestProject\translations\data\login.json
2025-04-08 10:41:09,760 - translations - INFO - Loaded translations for namespace 'navigation' from C:\Users\97253\Desktop\BeastMode-CSIntro-Excercises\CousinTestProject\translations\data\navigation.json
2025-04-08 10:41:09,761 - translations - INFO - Loaded translations for namespace 'notifications' from C:\Users\97253\Desktop\BeastMode-CSIntro-Excercises\CousinTestProject\translations\data\notifications.json
2025-04-08 10:41:09,763 - translations - INFO - Loaded translations for namespace 'parts_nav_translations' from C:\Users\97253\Desktop\BeastMode-CSIntro-Excercises\CousinTestProject\translations\data\parts_nav_translations.json
2025-04-08 10:41:09,765 - translations - INFO - Loaded translations for namespace 'products' from C:\Users\97253\Desktop\BeastMode-CSIntro-Excercises\CousinTestProject\translations\data\products.json
2025-04-08 10:41:09,766 - translations - INFO - Loaded translations for namespace 'settings' from C:\Users\97253\Desktop\BeastMode-CSIntro-Excercises\CousinTestProject\translations\data\settings.json
2025-04-08 10:41:09,768 - translations - INFO - Loaded translations for namespace 'ui' from C:\Users\97253\Desktop\BeastMode-CSIntro-Excercises\CousinTestProject\translations\data\ui.json
2025-04-08 10:41:09,769 - translations - INFO - Loaded translations for namespace 'validations' from C:\Users\97253\Desktop\BeastMode-CSIntro-Excercises\CousinTestProject\translations\data\validations.json
2025-04-08 10:41:09,769 - translations - INFO - Loaded 12 translation files from C:\Users\97253\Desktop\BeastMode-CSIntro-Excercises\CousinTestProject\translations\data
2025-04-08 10:41:09,769 - translations - INFO - Loaded 12 translation files
2025-04-08 10:41:10,074 - UsersDB - INFO - Connected to user database at C:\Users\97253\Desktop\BeastMode-CSIntro-Excercises\CousinTestProject\database\users.db
2025-04-08 10:41:10,075 - UsersDB - INFO - Database tables created successfully
2025-04-08 10:41:11,988 - widgets.header.chatbot.api_key_manager - INFO - API key loaded successfully
2025-04-08 10:41:12,162 - widgets.header.chatbot.openai_client - INFO - OpenAI client initialized successfully
2025-04-08 10:41:12,472 - translations - WARNING - Missing translation for 'time_range' in 'he'
2025-04-08 10:41:12,472 - translations - WARNING - Missing translation for 'overview' in 'he'
2025-04-08 10:41:12,473 - translations - WARNING - Missing translation for 'categories' in 'he'
2025-04-08 10:41:12,473 - translations - WARNING - Missing translation for 'brands' in 'he'
2025-04-08 10:41:12,473 - translations - WARNING - Missing translation for 'inventory' in 'he'
2025-04-08 10:41:12,473 - translations - WARNING - Missing translation for 'total_parts' in 'he'
2025-04-08 10:41:12,473 - translations - WARNING - Missing translation for 'total_value' in 'he'
2025-04-08 10:41:12,473 - translations - WARNING - Missing translation for 'low_stock_items' in 'he'
2025-04-08 10:41:12,476 - database.car_parts_db - INFO - Thread 6672: New database connection established
2025-04-08 10:41:12,752 - parts_navigation.components.tiles_grid - INFO - Populating grid with 8 items using 4 columns
2025-04-08 10:41:13,065 - parts_navigation.container - INFO - All navigation steps created successfully
2025-04-08 10:41:13,117 - parts_navigation.container - INFO - Starting delayed brand preloading
2025-04-08 10:41:13,117 - parts_navigation.steps.brand - INFO - Starting to preload brands data
2025-04-08 10:41:13,160 - parts_navigation.components.tiles_grid - INFO - Grid has 4 active columns configured
2025-04-08 10:41:13,160 - parts_navigation.components.tiles_grid - INFO - Total tiles: 8
2025-04-08 10:41:13,161 - parts_navigation.components.tiles_grid - INFO - Visible tiles: 0
2025-04-08 10:41:13,161 - parts_navigation.container - INFO - Navigated to step 0
2025-04-08 10:41:13,915 - database.car_parts_db - INFO - Found 43 unique car brands in database
2025-04-08 10:41:13,915 - database.car_parts_db - INFO - Processed 43 unique car brands
2025-04-08 10:41:13,959 - parts_navigation.container - INFO - All navigation steps created successfully
2025-04-08 10:41:13,964 - translations - WARNING - Missing translation for 'Internet: Connected' in 'he'
2025-04-08 10:41:14,215 - parts_navigation.steps.brand - INFO - Preloaded 43 brands
2025-04-08 10:41:14,215 - parts_navigation.logo_manager - INFO - Preloading logos for 43 brands
2025-04-08 10:41:15,192 - parts_navigation.steps.brand - INFO - Loaded 43 unique brands
2025-04-08 10:41:15,192 - parts_navigation.components.tiles_grid - INFO - Populating grid with 43 items using 4 columns
2025-04-08 10:41:15,832 - parts_navigation.components.tiles_grid - INFO - Grid has 4 active columns configured
2025-04-08 10:41:15,832 - parts_navigation.components.tiles_grid - INFO - Total tiles: 43
2025-04-08 10:41:15,832 - parts_navigation.components.tiles_grid - INFO - Visible tiles: 0
2025-04-08 10:41:15,861 - parts_navigation.logo_manager - INFO - Found 31 already cached logos out of 43
2025-04-08 10:41:15,862 - parts_navigation.steps.brand - INFO - Started preloading 43 brand logos
2025-04-08 10:41:18,020 - UsersDB - INFO - User fahed authenticated successfully
2025-04-08 10:41:18,035 - __main__ - INFO - User logged in: {'id': 2, 'username': 'fahed', 'full_name': 'Fahed Abu Mukh', 'role': 'manager', 'settings': {'theme': 'classic', 'language': 'en', 'rtl': False}}
2025-04-08 10:41:18,980 - parts_navigation.components.tiles_grid - INFO - Adjusting columns from 3 to 5
2025-04-08 10:41:18,980 - parts_navigation.components.tiles_grid - INFO - Setting grid to 5 columns
2025-04-08 10:41:18,981 - parts_navigation.components.tiles_grid - INFO - Adjusting columns from 4 to 5
2025-04-08 10:41:18,981 - parts_navigation.components.tiles_grid - INFO - Setting grid to 5 columns
2025-04-08 10:41:18,984 - parts_navigation.components.tiles_grid - INFO - Adjusting columns from 4 to 5
2025-04-08 10:41:18,984 - parts_navigation.components.tiles_grid - INFO - Setting grid to 5 columns
2025-04-08 10:41:18,985 - parts_navigation.components.tiles_grid - INFO - Adjusting columns from 3 to 5
2025-04-08 10:41:18,985 - parts_navigation.components.tiles_grid - INFO - Setting grid to 5 columns
2025-04-08 10:41:18,986 - parts_navigation.components.tiles_grid - INFO - Adjusting columns from 4 to 5
2025-04-08 10:41:18,986 - parts_navigation.components.tiles_grid - INFO - Setting grid to 5 columns
2025-04-08 10:41:18,987 - parts_navigation.components.tiles_grid - INFO - Adjusting columns from 4 to 6
2025-04-08 10:41:18,987 - parts_navigation.components.tiles_grid - INFO - Setting grid to 6 columns
2025-04-08 10:41:20,553 - translations - WARNING - Missing translation for 'barcode' in 'he'
2025-04-08 10:41:20,554 - translations - WARNING - Missing translation for 'barcode_placeholder' in 'he'
2025-04-08 10:41:21,052 - translations - WARNING - Missing translation for 'scan_barcode_tooltip' in 'he'
2025-04-08 10:41:23,401 - translations - WARNING - Missing translation for 'scan_barcode' in 'he'
2025-04-08 10:41:23,402 - translations - WARNING - Missing translation for 'enter_barcode' in 'he'
2025-04-08 10:41:30,175 - widgets.settings.settings_widget - INFO - Changing theme to light
2025-04-08 10:41:30,710 - gui.gui_main - INFO - Theme update completed synchronously
2025-04-08 10:41:31,594 - widgets.settings.settings_widget - INFO - Settings saved successfully
2025-04-08 10:41:41,351 - gui.event_handlers - INFO - Closing database connection...
2025-04-08 10:41:41,366 - __main__ - INFO - Cleaning up application resources...
2025-04-08 10:41:41,366 - __main__ - INFO - Closing database connection...
2025-04-08 10:41:41,367 - __main__ - INFO - Cleaning up parts navigation resources...
2025-04-08 10:41:41,383 - database.car_parts_db - INFO - Thread 8680: New database connection established
2025-04-08 10:41:41,385 - __main__ - INFO - Application shutdown complete
2025-04-08 10:45:24,173 - root - INFO - Logging system initialized (level: INFO)
2025-04-08 10:45:24,174 - root - INFO - Log files directory: C:\Users\97253\Desktop\BeastMode-CSIntro-Excercises\CousinTestProject\logs
2025-04-08 10:45:24,375 - config - INFO - Determined application root: C:\Users\97253\Desktop\BeastMode-CSIntro-Excercises\CousinTestProject
2025-04-08 10:45:28,707 - __main__ - INFO - Application starting at: 2025-04-08 10:45:28
2025-04-08 10:45:28,707 - __main__ - INFO - Current user: BaselAM
2025-04-08 10:45:28,784 - __main__ - INFO - Initializing database connection...
2025-04-08 10:45:29,328 - database.car_parts_db - INFO - Thread 16356: Database connection established
2025-04-08 10:45:29,328 - database.car_parts_db - INFO - Initialized database connection to localhost
2025-04-08 10:45:29,372 - __main__ - INFO - Connected to database. Found 2845 parts.
2025-04-08 10:45:29,372 - translations - INFO - Loading translation files from C:\Users\97253\Desktop\BeastMode-CSIntro-Excercises\CousinTestProject\translations\data
2025-04-08 10:45:29,374 - translations - INFO - Loaded translations for namespace 'car_parts' from C:\Users\97253\Desktop\BeastMode-CSIntro-Excercises\CousinTestProject\translations\data\car_parts.json
2025-04-08 10:45:29,376 - translations - INFO - Loaded translations for namespace 'errors' from C:\Users\97253\Desktop\BeastMode-CSIntro-Excercises\CousinTestProject\translations\data\errors.json
2025-04-08 10:45:29,377 - translations - INFO - Loaded translations for namespace 'filters' from C:\Users\97253\Desktop\BeastMode-CSIntro-Excercises\CousinTestProject\translations\data\filters.json
2025-04-08 10:45:29,378 - translations - INFO - Loaded translations for namespace 'help' from C:\Users\97253\Desktop\BeastMode-CSIntro-Excercises\CousinTestProject\translations\data\help.json
2025-04-08 10:45:29,378 - translations - INFO - Loaded translations for namespace 'login' from C:\Users\97253\Desktop\BeastMode-CSIntro-Excercises\CousinTestProject\translations\data\login.json
2025-04-08 10:45:29,379 - translations - INFO - Loaded translations for namespace 'navigation' from C:\Users\97253\Desktop\BeastMode-CSIntro-Excercises\CousinTestProject\translations\data\navigation.json
2025-04-08 10:45:29,379 - translations - INFO - Loaded translations for namespace 'notifications' from C:\Users\97253\Desktop\BeastMode-CSIntro-Excercises\CousinTestProject\translations\data\notifications.json
2025-04-08 10:45:29,380 - translations - INFO - Loaded translations for namespace 'parts_nav_translations' from C:\Users\97253\Desktop\BeastMode-CSIntro-Excercises\CousinTestProject\translations\data\parts_nav_translations.json
2025-04-08 10:45:29,381 - translations - INFO - Loaded translations for namespace 'products' from C:\Users\97253\Desktop\BeastMode-CSIntro-Excercises\CousinTestProject\translations\data\products.json
2025-04-08 10:45:29,382 - translations - INFO - Loaded translations for namespace 'settings' from C:\Users\97253\Desktop\BeastMode-CSIntro-Excercises\CousinTestProject\translations\data\settings.json
2025-04-08 10:45:29,382 - translations - INFO - Loaded translations for namespace 'ui' from C:\Users\97253\Desktop\BeastMode-CSIntro-Excercises\CousinTestProject\translations\data\ui.json
2025-04-08 10:45:29,383 - translations - INFO - Loaded translations for namespace 'validations' from C:\Users\97253\Desktop\BeastMode-CSIntro-Excercises\CousinTestProject\translations\data\validations.json
2025-04-08 10:45:29,383 - translations - INFO - Loaded 12 translation files from C:\Users\97253\Desktop\BeastMode-CSIntro-Excercises\CousinTestProject\translations\data
2025-04-08 10:45:29,383 - translations - INFO - Loaded 12 translation files
2025-04-08 10:45:29,661 - UsersDB - INFO - Connected to user database at C:\Users\97253\Desktop\BeastMode-CSIntro-Excercises\CousinTestProject\database\users.db
2025-04-08 10:45:29,661 - UsersDB - INFO - Database tables created successfully
2025-04-08 10:45:30,855 - widgets.header.chatbot.api_key_manager - INFO - API key loaded successfully
2025-04-08 10:45:30,997 - widgets.header.chatbot.openai_client - INFO - OpenAI client initialized successfully
2025-04-08 10:45:31,281 - translations - WARNING - Missing translation for 'time_range' in 'he'
2025-04-08 10:45:31,281 - translations - WARNING - Missing translation for 'overview' in 'he'
2025-04-08 10:45:31,283 - translations - WARNING - Missing translation for 'categories' in 'he'
2025-04-08 10:45:31,283 - translations - WARNING - Missing translation for 'brands' in 'he'
2025-04-08 10:45:31,283 - translations - WARNING - Missing translation for 'inventory' in 'he'
2025-04-08 10:45:31,283 - translations - WARNING - Missing translation for 'total_parts' in 'he'
2025-04-08 10:45:31,283 - translations - WARNING - Missing translation for 'total_value' in 'he'
2025-04-08 10:45:31,283 - translations - WARNING - Missing translation for 'low_stock_items' in 'he'
2025-04-08 10:45:31,284 - database.car_parts_db - INFO - Thread 10396: New database connection established
2025-04-08 10:45:31,542 - parts_navigation.components.tiles_grid - INFO - Populating grid with 8 items using 4 columns
2025-04-08 10:45:31,655 - parts_navigation.container - INFO - All navigation steps created successfully
2025-04-08 10:45:31,696 - parts_navigation.container - INFO - Starting delayed brand preloading
2025-04-08 10:45:31,696 - parts_navigation.steps.brand - INFO - Starting to preload brands data
2025-04-08 10:45:31,699 - parts_navigation.components.tiles_grid - INFO - Grid has 4 active columns configured
2025-04-08 10:45:31,699 - parts_navigation.components.tiles_grid - INFO - Total tiles: 8
2025-04-08 10:45:31,700 - parts_navigation.components.tiles_grid - INFO - Visible tiles: 0
2025-04-08 10:45:31,700 - parts_navigation.container - INFO - Navigated to step 0
2025-04-08 10:45:32,604 - database.car_parts_db - INFO - Found 43 unique car brands in database
2025-04-08 10:45:32,605 - database.car_parts_db - INFO - Processed 43 unique car brands
2025-04-08 10:45:32,611 - translations - WARNING - Missing translation for 'Internet: Connected' in 'he'
2025-04-08 10:45:32,672 - parts_navigation.container - INFO - All navigation steps created successfully
2025-04-08 10:45:33,449 - parts_navigation.steps.brand - INFO - Preloaded 43 brands
2025-04-08 10:45:33,449 - parts_navigation.logo_manager - INFO - Preloading logos for 43 brands
2025-04-08 10:45:33,604 - parts_navigation.steps.brand - INFO - Loaded 43 unique brands
2025-04-08 10:45:33,605 - parts_navigation.components.tiles_grid - INFO - Populating grid with 43 items using 4 columns
2025-04-08 10:45:34,144 - parts_navigation.components.tiles_grid - INFO - Grid has 4 active columns configured
2025-04-08 10:45:34,144 - parts_navigation.components.tiles_grid - INFO - Total tiles: 43
2025-04-08 10:45:34,144 - parts_navigation.components.tiles_grid - INFO - Visible tiles: 0
2025-04-08 10:45:34,183 - parts_navigation.logo_manager - INFO - Found 31 already cached logos out of 43
2025-04-08 10:45:34,183 - parts_navigation.steps.brand - INFO - Started preloading 43 brand logos
2025-04-08 10:45:35,300 - UsersDB - INFO - User fahed authenticated successfully
2025-04-08 10:45:35,314 - __main__ - INFO - User logged in: {'id': 2, 'username': 'fahed', 'full_name': 'Fahed Abu Mukh', 'role': 'manager', 'settings': {'theme': 'classic', 'language': 'en', 'rtl': False}}
2025-04-08 10:45:36,249 - parts_navigation.components.tiles_grid - INFO - Adjusting columns from 3 to 5
2025-04-08 10:45:36,250 - parts_navigation.components.tiles_grid - INFO - Setting grid to 5 columns
2025-04-08 10:45:36,251 - parts_navigation.components.tiles_grid - INFO - Adjusting columns from 4 to 5
2025-04-08 10:45:36,252 - parts_navigation.components.tiles_grid - INFO - Setting grid to 5 columns
2025-04-08 10:45:36,255 - parts_navigation.components.tiles_grid - INFO - Adjusting columns from 4 to 5
2025-04-08 10:45:36,255 - parts_navigation.components.tiles_grid - INFO - Setting grid to 5 columns
2025-04-08 10:45:36,256 - parts_navigation.components.tiles_grid - INFO - Adjusting columns from 3 to 5
2025-04-08 10:45:36,256 - parts_navigation.components.tiles_grid - INFO - Setting grid to 5 columns
2025-04-08 10:45:36,258 - parts_navigation.components.tiles_grid - INFO - Adjusting columns from 4 to 5
2025-04-08 10:45:36,258 - parts_navigation.components.tiles_grid - INFO - Setting grid to 5 columns
2025-04-08 10:45:36,259 - parts_navigation.components.tiles_grid - INFO - Adjusting columns from 4 to 6
2025-04-08 10:45:36,259 - parts_navigation.components.tiles_grid - INFO - Setting grid to 6 columns
2025-04-08 10:48:38,616 - translations - WARNING - Missing translation for 'barcode' in 'he'
2025-04-08 10:48:38,618 - translations - WARNING - Missing translation for 'barcode_placeholder' in 'he'
2025-04-08 10:48:38,757 - translations - WARNING - Missing translation for 'scan_barcode_tooltip' in 'he'
2025-04-08 10:48:40,290 - translations - WARNING - Missing translation for 'scan_barcode' in 'he'
2025-04-08 10:48:40,290 - translations - WARNING - Missing translation for 'enter_barcode' in 'he'
2025-04-08 10:48:45,902 - gui.event_handlers - INFO - Closing database connection...
2025-04-08 10:48:45,927 - __main__ - INFO - Cleaning up application resources...
2025-04-08 10:48:45,927 - __main__ - INFO - Closing database connection...
2025-04-08 10:48:45,927 - __main__ - INFO - Cleaning up parts navigation resources...
2025-04-08 10:48:45,948 - database.car_parts_db - INFO - Thread 16356: New database connection established
2025-04-08 10:48:45,951 - __main__ - INFO - Application shutdown complete
2025-04-08 10:49:38,374 - root - INFO - Logging system initialized (level: INFO)
2025-04-08 10:49:38,374 - root - INFO - Log files directory: C:\Users\97253\Desktop\BeastMode-CSIntro-Excercises\CousinTestProject\logs
2025-04-08 10:49:38,528 - config - INFO - Determined application root: C:\Users\97253\Desktop\BeastMode-CSIntro-Excercises\CousinTestProject
2025-04-08 10:49:41,730 - __main__ - INFO - Application starting at: 2025-04-08 10:49:41
2025-04-08 10:49:41,730 - __main__ - INFO - Current user: BaselAM
2025-04-08 10:49:41,810 - __main__ - INFO - Initializing database connection...
2025-04-08 10:49:42,344 - database.car_parts_db - INFO - Thread 18592: Database connection established
2025-04-08 10:49:42,344 - database.car_parts_db - INFO - Initialized database connection to localhost
2025-04-08 10:49:42,434 - __main__ - INFO - Connected to database. Found 2845 parts.
2025-04-08 10:49:42,435 - translations - INFO - Loading translation files from C:\Users\97253\Desktop\BeastMode-CSIntro-Excercises\CousinTestProject\translations\data
2025-04-08 10:49:42,437 - translations - INFO - Loaded translations for namespace 'car_parts' from C:\Users\97253\Desktop\BeastMode-CSIntro-Excercises\CousinTestProject\translations\data\car_parts.json
2025-04-08 10:49:42,438 - translations - INFO - Loaded translations for namespace 'errors' from C:\Users\97253\Desktop\BeastMode-CSIntro-Excercises\CousinTestProject\translations\data\errors.json
2025-04-08 10:49:42,439 - translations - INFO - Loaded translations for namespace 'filters' from C:\Users\97253\Desktop\BeastMode-CSIntro-Excercises\CousinTestProject\translations\data\filters.json
2025-04-08 10:49:42,440 - translations - INFO - Loaded translations for namespace 'help' from C:\Users\97253\Desktop\BeastMode-CSIntro-Excercises\CousinTestProject\translations\data\help.json
2025-04-08 10:49:42,441 - translations - INFO - Loaded translations for namespace 'login' from C:\Users\97253\Desktop\BeastMode-CSIntro-Excercises\CousinTestProject\translations\data\login.json
2025-04-08 10:49:42,442 - translations - INFO - Loaded translations for namespace 'navigation' from C:\Users\97253\Desktop\BeastMode-CSIntro-Excercises\CousinTestProject\translations\data\navigation.json
2025-04-08 10:49:42,443 - translations - INFO - Loaded translations for namespace 'notifications' from C:\Users\97253\Desktop\BeastMode-CSIntro-Excercises\CousinTestProject\translations\data\notifications.json
2025-04-08 10:49:42,445 - translations - INFO - Loaded translations for namespace 'parts_nav_translations' from C:\Users\97253\Desktop\BeastMode-CSIntro-Excercises\CousinTestProject\translations\data\parts_nav_translations.json
2025-04-08 10:49:42,447 - translations - INFO - Loaded translations for namespace 'products' from C:\Users\97253\Desktop\BeastMode-CSIntro-Excercises\CousinTestProject\translations\data\products.json
2025-04-08 10:49:42,448 - translations - INFO - Loaded translations for namespace 'settings' from C:\Users\97253\Desktop\BeastMode-CSIntro-Excercises\CousinTestProject\translations\data\settings.json
2025-04-08 10:49:42,450 - translations - INFO - Loaded translations for namespace 'ui' from C:\Users\97253\Desktop\BeastMode-CSIntro-Excercises\CousinTestProject\translations\data\ui.json
2025-04-08 10:49:42,451 - translations - INFO - Loaded translations for namespace 'validations' from C:\Users\97253\Desktop\BeastMode-CSIntro-Excercises\CousinTestProject\translations\data\validations.json
2025-04-08 10:49:42,451 - translations - INFO - Loaded 12 translation files from C:\Users\97253\Desktop\BeastMode-CSIntro-Excercises\CousinTestProject\translations\data
2025-04-08 10:49:42,451 - translations - INFO - Loaded 12 translation files
2025-04-08 10:49:42,829 - UsersDB - INFO - Connected to user database at C:\Users\97253\Desktop\BeastMode-CSIntro-Excercises\CousinTestProject\database\users.db
2025-04-08 10:49:42,830 - UsersDB - INFO - Database tables created successfully
2025-04-08 10:49:43,843 - widgets.header.chatbot.api_key_manager - INFO - API key loaded successfully
2025-04-08 10:49:44,005 - widgets.header.chatbot.openai_client - INFO - OpenAI client initialized successfully
2025-04-08 10:49:44,249 - translations - WARNING - Missing translation for 'time_range' in 'he'
2025-04-08 10:49:44,249 - translations - WARNING - Missing translation for 'overview' in 'he'
2025-04-08 10:49:44,249 - translations - WARNING - Missing translation for 'categories' in 'he'
2025-04-08 10:49:44,249 - translations - WARNING - Missing translation for 'brands' in 'he'
2025-04-08 10:49:44,249 - translations - WARNING - Missing translation for 'inventory' in 'he'
2025-04-08 10:49:44,250 - translations - WARNING - Missing translation for 'total_parts' in 'he'
2025-04-08 10:49:44,250 - translations - WARNING - Missing translation for 'total_value' in 'he'
2025-04-08 10:49:44,250 - translations - WARNING - Missing translation for 'low_stock_items' in 'he'
2025-04-08 10:49:44,251 - database.car_parts_db - INFO - Thread 12276: New database connection established
2025-04-08 10:49:44,461 - parts_navigation.components.tiles_grid - INFO - Populating grid with 8 items using 4 columns
2025-04-08 10:49:44,565 - parts_navigation.container - INFO - All navigation steps created successfully
2025-04-08 10:49:44,613 - parts_navigation.container - INFO - Starting delayed brand preloading
2025-04-08 10:49:44,613 - parts_navigation.steps.brand - INFO - Starting to preload brands data
2025-04-08 10:49:44,616 - parts_navigation.components.tiles_grid - INFO - Grid has 4 active columns configured
2025-04-08 10:49:44,616 - parts_navigation.components.tiles_grid - INFO - Total tiles: 8
2025-04-08 10:49:44,617 - parts_navigation.components.tiles_grid - INFO - Visible tiles: 0
2025-04-08 10:49:44,617 - parts_navigation.container - INFO - Navigated to step 0
2025-04-08 10:49:45,479 - database.car_parts_db - INFO - Found 43 unique car brands in database
2025-04-08 10:49:45,480 - database.car_parts_db - INFO - Processed 43 unique car brands
2025-04-08 10:49:45,486 - translations - WARNING - Missing translation for 'Internet: Connected' in 'he'
2025-04-08 10:49:45,530 - parts_navigation.container - INFO - All navigation steps created successfully
2025-04-08 10:49:46,299 - parts_navigation.steps.brand - INFO - Preloaded 43 brands
2025-04-08 10:49:46,299 - parts_navigation.logo_manager - INFO - Preloading logos for 43 brands
2025-04-08 10:49:46,494 - parts_navigation.steps.brand - INFO - Loaded 43 unique brands
2025-04-08 10:49:46,494 - parts_navigation.components.tiles_grid - INFO - Populating grid with 43 items using 4 columns
2025-04-08 10:49:47,076 - parts_navigation.components.tiles_grid - INFO - Grid has 4 active columns configured
2025-04-08 10:49:47,077 - parts_navigation.components.tiles_grid - INFO - Total tiles: 43
2025-04-08 10:49:47,077 - parts_navigation.components.tiles_grid - INFO - Visible tiles: 0
2025-04-08 10:49:47,098 - parts_navigation.logo_manager - INFO - Found 31 already cached logos out of 43
2025-04-08 10:49:47,098 - parts_navigation.steps.brand - INFO - Started preloading 43 brand logos
2025-04-08 10:49:50,459 - UsersDB - INFO - User fahed authenticated successfully
2025-04-08 10:49:50,472 - __main__ - INFO - User logged in: {'id': 2, 'username': 'fahed', 'full_name': 'Fahed Abu Mukh', 'role': 'manager', 'settings': {'theme': 'classic', 'language': 'en', 'rtl': False}}
2025-04-08 10:49:51,725 - parts_navigation.components.tiles_grid - INFO - Adjusting columns from 3 to 5
2025-04-08 10:49:51,725 - parts_navigation.components.tiles_grid - INFO - Setting grid to 5 columns
2025-04-08 10:49:51,726 - parts_navigation.components.tiles_grid - INFO - Adjusting columns from 4 to 5
2025-04-08 10:49:51,726 - parts_navigation.components.tiles_grid - INFO - Setting grid to 5 columns
2025-04-08 10:49:51,728 - parts_navigation.components.tiles_grid - INFO - Adjusting columns from 4 to 5
2025-04-08 10:49:51,728 - parts_navigation.components.tiles_grid - INFO - Setting grid to 5 columns
2025-04-08 10:49:51,729 - parts_navigation.components.tiles_grid - INFO - Adjusting columns from 3 to 5
2025-04-08 10:49:51,729 - parts_navigation.components.tiles_grid - INFO - Setting grid to 5 columns
2025-04-08 10:49:51,730 - parts_navigation.components.tiles_grid - INFO - Adjusting columns from 4 to 5
2025-04-08 10:49:51,730 - parts_navigation.components.tiles_grid - INFO - Setting grid to 5 columns
2025-04-08 10:49:51,730 - parts_navigation.components.tiles_grid - INFO - Adjusting columns from 4 to 6
2025-04-08 10:49:51,730 - parts_navigation.components.tiles_grid - INFO - Setting grid to 6 columns
2025-04-08 10:50:00,681 - translations - WARNING - Missing translation for 'barcode' in 'he'
2025-04-08 10:50:00,682 - translations - WARNING - Missing translation for 'barcode_placeholder' in 'he'
2025-04-08 10:50:00,898 - translations - WARNING - Missing translation for 'scan_barcode_tooltip' in 'he'
2025-04-08 10:50:02,178 - translations - WARNING - Missing translation for 'scan_barcode' in 'he'
2025-04-08 10:50:02,178 - translations - WARNING - Missing translation for 'enter_barcode' in 'he'
2025-04-08 10:50:07,330 - widgets.settings.settings_widget - INFO - Changing theme to dark
2025-04-08 10:50:07,996 - gui.gui_main - INFO - Theme update completed synchronously
2025-04-08 10:50:08,745 - widgets.settings.settings_widget - INFO - Settings saved successfully
2025-04-08 10:50:30,254 - parts_navigation.components.tiles_grid - INFO - Populating grid with 8 items using 4 columns
2025-04-08 10:50:30,273 - parts_navigation.components.tiles_grid - INFO - Grid has 4 active columns configured
2025-04-08 10:50:30,273 - parts_navigation.components.tiles_grid - INFO - Total tiles: 8
2025-04-08 10:50:30,273 - parts_navigation.components.tiles_grid - INFO - Visible tiles: 0
2025-04-08 10:50:30,273 - parts_navigation.container - INFO - Navigated to step 0
2025-04-08 10:50:30,316 - parts_navigation.components.tiles_grid - INFO - Adjusting columns from 4 to 9
2025-04-08 10:50:30,316 - parts_navigation.components.tiles_grid - INFO - Setting grid to 9 columns
2025-04-08 10:50:30,411 - parts_navigation.container - INFO - All navigation steps created successfully
2025-04-08 10:50:30,411 - parts_navigation.container - INFO - Starting delayed brand preloading
2025-04-08 10:50:30,412 - parts_navigation.steps.brand - INFO - Starting to preload brands data
2025-04-08 10:50:30,444 - parts_navigation.components.tiles_grid - INFO - Adjusting columns from 4 to 5
2025-04-08 10:50:30,444 - parts_navigation.components.tiles_grid - INFO - Setting grid to 5 columns
2025-04-08 10:50:30,444 - parts_navigation.components.tiles_grid - INFO - Adjusting columns from 3 to 5
2025-04-08 10:50:30,445 - parts_navigation.components.tiles_grid - INFO - Setting grid to 5 columns
2025-04-08 10:50:30,445 - parts_navigation.components.tiles_grid - INFO - Adjusting columns from 4 to 5
2025-04-08 10:50:30,446 - parts_navigation.components.tiles_grid - INFO - Setting grid to 5 columns
2025-04-08 10:50:30,521 - parts_navigation.steps.brand - INFO - Preloaded 43 brands
2025-04-08 10:50:30,521 - parts_navigation.logo_manager - INFO - Preloading logos for 43 brands
2025-04-08 10:50:30,534 - parts_navigation.components.tiles_grid - INFO - Adjusting columns from 3 to 5
2025-04-08 10:50:30,534 - parts_navigation.components.tiles_grid - INFO - Setting grid to 5 columns
2025-04-08 10:50:30,536 - parts_navigation.components.tiles_grid - INFO - Adjusting columns from 4 to 5
2025-04-08 10:50:30,538 - parts_navigation.components.tiles_grid - INFO - Setting grid to 5 columns
2025-04-08 10:50:30,544 - parts_navigation.steps.brand - INFO - Loaded 43 unique brands
2025-04-08 10:50:30,544 - parts_navigation.components.tiles_grid - INFO - Populating grid with 43 items using 9 columns
2025-04-08 10:50:30,641 - parts_navigation.container - INFO - All navigation steps created successfully
2025-04-08 10:50:31,042 - parts_navigation.components.tiles_grid - INFO - Grid has 9 active columns configured
2025-04-08 10:50:31,042 - parts_navigation.components.tiles_grid - INFO - Total tiles: 43
2025-04-08 10:50:31,042 - parts_navigation.components.tiles_grid - INFO - Visible tiles: 43
2025-04-08 10:50:31,131 - parts_navigation.logo_manager - INFO - Found 31 already cached logos out of 43
2025-04-08 10:50:31,131 - parts_navigation.steps.brand - INFO - Started preloading 43 brand logos
2025-04-08 10:50:32,031 - database.car_parts_db - INFO - Thread 15872: New database connection established
2025-04-08 10:51:25,659 - translations - WARNING - Missing translation for 'print_settings' in 'he'
2025-04-08 10:51:25,660 - translations - WARNING - Missing translation for 'print_setup_description' in 'he'
2025-04-08 10:51:25,662 - translations - WARNING - Missing translation for 'print_scope' in 'he'
2025-04-08 10:51:25,664 - translations - WARNING - Missing translation for 'print_all_products' in 'he'
2025-04-08 10:51:25,666 - translations - WARNING - Missing translation for 'print_selected_products' in 'he'
2025-04-08 10:51:25,667 - translations - WARNING - Missing translation for 'print_filtered_products' in 'he'
2025-04-08 10:51:25,667 - translations - WARNING - Missing translation for 'print_all_tooltip' in 'he'
2025-04-08 10:51:25,667 - translations - WARNING - Missing translation for 'print_selected_tooltip' in 'he'
2025-04-08 10:51:25,667 - translations - WARNING - Missing translation for 'print_filtered_tooltip' in 'he'
2025-04-08 10:51:25,668 - translations - WARNING - Missing translation for 'print_options' in 'he'
2025-04-08 10:51:25,668 - translations - WARNING - Missing translation for 'paper_size' in 'he'
2025-04-08 10:51:25,668 - translations - WARNING - Missing translation for 'paper_size_tooltip' in 'he'
2025-04-08 10:51:25,679 - translations - WARNING - Missing translation for 'orientation' in 'he'
2025-04-08 10:51:25,680 - translations - WARNING - Missing translation for 'orientation_tooltip' in 'he'
2025-04-08 10:51:25,680 - translations - WARNING - Missing translation for 'portrait' in 'he'
2025-04-08 10:51:25,681 - translations - WARNING - Missing translation for 'landscape' in 'he'
2025-04-08 10:51:25,682 - translations - WARNING - Missing translation for 'print_header' in 'he'
2025-04-08 10:51:25,684 - translations - WARNING - Missing translation for 'print_header_tooltip' in 'he'
2025-04-08 10:51:25,685 - translations - WARNING - Missing translation for 'print_date' in 'he'
2025-04-08 10:51:25,685 - translations - WARNING - Missing translation for 'print_date_tooltip' in 'he'
2025-04-08 10:51:25,685 - translations - WARNING - Missing translation for 'rtl_mode' in 'he'
2025-04-08 10:51:25,685 - translations - WARNING - Missing translation for 'rtl_mode_tooltip' in 'he'
2025-04-08 10:51:25,697 - translations - WARNING - Missing translation for 'preview_and_print' in 'he'
2025-04-08 10:51:29,810 - database.car_parts_db - INFO - Thread 18592: New database connection established
2025-04-08 10:51:33,341 - gui.event_handlers - INFO - Closing database connection...
2025-04-08 10:51:33,367 - __main__ - INFO - Cleaning up application resources...
2025-04-08 10:51:33,368 - __main__ - INFO - Closing database connection...
2025-04-08 10:51:33,368 - __main__ - INFO - Cleaning up parts navigation resources...
2025-04-08 10:51:33,387 - database.car_parts_db - INFO - Thread 18592: New database connection established
2025-04-08 10:51:33,391 - __main__ - INFO - Application shutdown complete
2025-04-08 13:07:32,780 - root - INFO - Logging system initialized (level: INFO)
2025-04-08 13:07:32,780 - root - INFO - Log files directory: C:\Users\97253\Desktop\BeastMode-CSIntro-Excercises\CousinTestProject\logs
2025-04-08 13:07:33,025 - config - INFO - Determined application root: C:\Users\97253\Desktop\BeastMode-CSIntro-Excercises\CousinTestProject
2025-04-08 13:07:36,821 - __main__ - INFO - Application starting at: 2025-04-08 13:07:36
2025-04-08 13:07:36,821 - __main__ - INFO - Current user: BaselAM
2025-04-08 13:07:36,963 - __main__ - INFO - Initializing database connection...
2025-04-08 13:07:37,781 - database.car_parts_db - INFO - Thread 9484: Database connection established
2025-04-08 13:07:37,782 - database.car_parts_db - INFO - Initialized database connection to localhost
2025-04-08 13:07:37,824 - __main__ - INFO - Connected to database. Found 2845 parts.
2025-04-08 13:07:37,824 - translations - INFO - Loading translation files from C:\Users\97253\Desktop\BeastMode-CSIntro-Excercises\CousinTestProject\translations\data
2025-04-08 13:07:37,827 - translations - INFO - Loaded translations for namespace 'car_parts' from C:\Users\97253\Desktop\BeastMode-CSIntro-Excercises\CousinTestProject\translations\data\car_parts.json
2025-04-08 13:07:37,828 - translations - INFO - Loaded translations for namespace 'errors' from C:\Users\97253\Desktop\BeastMode-CSIntro-Excercises\CousinTestProject\translations\data\errors.json
2025-04-08 13:07:37,829 - translations - INFO - Loaded translations for namespace 'filters' from C:\Users\97253\Desktop\BeastMode-CSIntro-Excercises\CousinTestProject\translations\data\filters.json
2025-04-08 13:07:37,830 - translations - INFO - Loaded translations for namespace 'help' from C:\Users\97253\Desktop\BeastMode-CSIntro-Excercises\CousinTestProject\translations\data\help.json
2025-04-08 13:07:37,832 - translations - INFO - Loaded translations for namespace 'login' from C:\Users\97253\Desktop\BeastMode-CSIntro-Excercises\CousinTestProject\translations\data\login.json
2025-04-08 13:07:37,834 - translations - INFO - Loaded translations for namespace 'navigation' from C:\Users\97253\Desktop\BeastMode-CSIntro-Excercises\CousinTestProject\translations\data\navigation.json
2025-04-08 13:07:37,835 - translations - INFO - Loaded translations for namespace 'notifications' from C:\Users\97253\Desktop\BeastMode-CSIntro-Excercises\CousinTestProject\translations\data\notifications.json
2025-04-08 13:07:37,836 - translations - INFO - Loaded translations for namespace 'parts_nav_translations' from C:\Users\97253\Desktop\BeastMode-CSIntro-Excercises\CousinTestProject\translations\data\parts_nav_translations.json
2025-04-08 13:07:37,837 - translations - INFO - Loaded translations for namespace 'products' from C:\Users\97253\Desktop\BeastMode-CSIntro-Excercises\CousinTestProject\translations\data\products.json
2025-04-08 13:07:37,838 - translations - INFO - Loaded translations for namespace 'settings' from C:\Users\97253\Desktop\BeastMode-CSIntro-Excercises\CousinTestProject\translations\data\settings.json
2025-04-08 13:07:37,839 - translations - INFO - Loaded translations for namespace 'ui' from C:\Users\97253\Desktop\BeastMode-CSIntro-Excercises\CousinTestProject\translations\data\ui.json
2025-04-08 13:07:37,840 - translations - INFO - Loaded translations for namespace 'validations' from C:\Users\97253\Desktop\BeastMode-CSIntro-Excercises\CousinTestProject\translations\data\validations.json
2025-04-08 13:07:37,840 - translations - INFO - Loaded 12 translation files from C:\Users\97253\Desktop\BeastMode-CSIntro-Excercises\CousinTestProject\translations\data
2025-04-08 13:07:37,840 - translations - INFO - Loaded 12 translation files
2025-04-08 13:07:38,166 - UsersDB - INFO - Connected to user database at C:\Users\97253\Desktop\BeastMode-CSIntro-Excercises\CousinTestProject\database\users.db
2025-04-08 13:07:38,168 - UsersDB - INFO - Database tables created successfully
2025-04-08 13:07:39,389 - widgets.header.chatbot.api_key_manager - INFO - API key loaded successfully
2025-04-08 13:07:39,579 - widgets.header.chatbot.openai_client - INFO - OpenAI client initialized successfully
2025-04-08 13:07:39,825 - translations - WARNING - Missing translation for 'time_range' in 'he'
2025-04-08 13:07:39,825 - translations - WARNING - Missing translation for 'overview' in 'he'
2025-04-08 13:07:39,826 - translations - WARNING - Missing translation for 'categories' in 'he'
2025-04-08 13:07:39,826 - translations - WARNING - Missing translation for 'brands' in 'he'
2025-04-08 13:07:39,826 - translations - WARNING - Missing translation for 'inventory' in 'he'
2025-04-08 13:07:39,826 - translations - WARNING - Missing translation for 'total_parts' in 'he'
2025-04-08 13:07:39,826 - translations - WARNING - Missing translation for 'total_value' in 'he'
2025-04-08 13:07:39,826 - translations - WARNING - Missing translation for 'low_stock_items' in 'he'
2025-04-08 13:07:39,827 - database.car_parts_db - INFO - Thread 11572: New database connection established
2025-04-08 13:07:40,022 - parts_navigation.components.tiles_grid - INFO - Populating grid with 8 items using 4 columns
2025-04-08 13:07:40,146 - parts_navigation.container - INFO - All navigation steps created successfully
2025-04-08 13:07:40,146 - parts_navigation.container - INFO - Starting delayed brand preloading
2025-04-08 13:07:40,146 - parts_navigation.steps.brand - INFO - Starting to preload brands data
2025-04-08 13:07:40,148 - parts_navigation.components.tiles_grid - INFO - Grid has 4 active columns configured
2025-04-08 13:07:40,149 - parts_navigation.components.tiles_grid - INFO - Total tiles: 8
2025-04-08 13:07:40,149 - parts_navigation.components.tiles_grid - INFO - Visible tiles: 0
2025-04-08 13:07:40,149 - parts_navigation.container - INFO - Navigated to step 0
2025-04-08 13:07:40,768 - database.car_parts_db - INFO - Found 43 unique car brands in database
2025-04-08 13:07:40,768 - database.car_parts_db - INFO - Processed 43 unique car brands
2025-04-08 13:07:40,800 - translations - WARNING - Missing translation for 'Internet: Connected' in 'he'
2025-04-08 13:07:40,968 - parts_navigation.steps.brand - INFO - Preloaded 43 brands
2025-04-08 13:07:40,968 - parts_navigation.logo_manager - INFO - Preloading logos for 43 brands
2025-04-08 13:07:41,162 - parts_navigation.container - INFO - All navigation steps created successfully
2025-04-08 13:07:41,770 - parts_navigation.steps.brand - INFO - Loaded 43 unique brands
2025-04-08 13:07:41,770 - parts_navigation.components.tiles_grid - INFO - Populating grid with 43 items using 4 columns
2025-04-08 13:07:42,414 - parts_navigation.components.tiles_grid - INFO - Grid has 4 active columns configured
2025-04-08 13:07:42,415 - parts_navigation.components.tiles_grid - INFO - Total tiles: 43
2025-04-08 13:07:42,415 - parts_navigation.components.tiles_grid - INFO - Visible tiles: 0
2025-04-08 13:07:42,443 - parts_navigation.logo_manager - INFO - Found 31 already cached logos out of 43
2025-04-08 13:07:42,443 - parts_navigation.steps.brand - INFO - Started preloading 43 brand logos
2025-04-08 13:07:47,757 - UsersDB - INFO - User fahed authenticated successfully
2025-04-08 13:07:47,773 - __main__ - INFO - User logged in: {'id': 2, 'username': 'fahed', 'full_name': 'Fahed Abu Mukh', 'role': 'manager', 'settings': {'theme': 'classic', 'language': 'en', 'rtl': False}}
2025-04-08 13:07:50,362 - parts_navigation.components.tiles_grid - INFO - Adjusting columns from 3 to 5
2025-04-08 13:07:50,363 - parts_navigation.components.tiles_grid - INFO - Setting grid to 5 columns
2025-04-08 13:07:50,364 - parts_navigation.components.tiles_grid - INFO - Adjusting columns from 4 to 5
2025-04-08 13:07:50,364 - parts_navigation.components.tiles_grid - INFO - Setting grid to 5 columns
2025-04-08 13:07:50,366 - parts_navigation.components.tiles_grid - INFO - Adjusting columns from 4 to 5
2025-04-08 13:07:50,366 - parts_navigation.components.tiles_grid - INFO - Setting grid to 5 columns
2025-04-08 13:07:50,368 - parts_navigation.components.tiles_grid - INFO - Adjusting columns from 3 to 5
2025-04-08 13:07:50,368 - parts_navigation.components.tiles_grid - INFO - Setting grid to 5 columns
2025-04-08 13:07:50,370 - parts_navigation.components.tiles_grid - INFO - Adjusting columns from 4 to 5
2025-04-08 13:07:50,370 - parts_navigation.components.tiles_grid - INFO - Setting grid to 5 columns
2025-04-08 13:07:50,370 - parts_navigation.components.tiles_grid - INFO - Adjusting columns from 4 to 6
2025-04-08 13:07:50,370 - parts_navigation.components.tiles_grid - INFO - Setting grid to 6 columns
2025-04-08 13:07:54,560 - translations - WARNING - Missing translation for 'barcode' in 'he'
2025-04-08 13:07:54,561 - translations - WARNING - Missing translation for 'barcode_placeholder' in 'he'
2025-04-08 13:07:54,747 - translations - WARNING - Missing translation for 'scan_barcode_tooltip' in 'he'
2025-04-08 13:07:56,438 - translations - WARNING - Missing translation for 'scan_barcode' in 'he'
2025-04-08 13:07:56,438 - translations - WARNING - Missing translation for 'enter_barcode' in 'he'
2025-04-08 13:08:00,989 - translations - WARNING - Missing translation for 'print_settings' in 'he'
2025-04-08 13:08:00,990 - translations - WARNING - Missing translation for 'print_setup_description' in 'he'
2025-04-08 13:08:00,991 - translations - WARNING - Missing translation for 'print_scope' in 'he'
2025-04-08 13:08:00,991 - translations - WARNING - Missing translation for 'print_all_products' in 'he'
2025-04-08 13:08:00,991 - translations - WARNING - Missing translation for 'print_selected_products' in 'he'
2025-04-08 13:08:00,992 - translations - WARNING - Missing translation for 'print_filtered_products' in 'he'
2025-04-08 13:08:00,992 - translations - WARNING - Missing translation for 'print_all_tooltip' in 'he'
2025-04-08 13:08:00,992 - translations - WARNING - Missing translation for 'print_selected_tooltip' in 'he'
2025-04-08 13:08:00,992 - translations - WARNING - Missing translation for 'print_filtered_tooltip' in 'he'
2025-04-08 13:08:00,994 - translations - WARNING - Missing translation for 'print_options' in 'he'
2025-04-08 13:08:00,994 - translations - WARNING - Missing translation for 'paper_size' in 'he'
2025-04-08 13:08:00,994 - translations - WARNING - Missing translation for 'paper_size_tooltip' in 'he'
2025-04-08 13:08:01,000 - translations - WARNING - Missing translation for 'orientation' in 'he'
2025-04-08 13:08:01,000 - translations - WARNING - Missing translation for 'orientation_tooltip' in 'he'
2025-04-08 13:08:01,001 - translations - WARNING - Missing translation for 'portrait' in 'he'
2025-04-08 13:08:01,001 - translations - WARNING - Missing translation for 'landscape' in 'he'
2025-04-08 13:08:01,003 - translations - WARNING - Missing translation for 'print_header' in 'he'
2025-04-08 13:08:01,003 - translations - WARNING - Missing translation for 'print_header_tooltip' in 'he'
2025-04-08 13:08:01,003 - translations - WARNING - Missing translation for 'print_date' in 'he'
2025-04-08 13:08:01,003 - translations - WARNING - Missing translation for 'print_date_tooltip' in 'he'
2025-04-08 13:08:01,004 - translations - WARNING - Missing translation for 'rtl_mode' in 'he'
2025-04-08 13:08:01,004 - translations - WARNING - Missing translation for 'rtl_mode_tooltip' in 'he'
2025-04-08 13:08:01,027 - translations - WARNING - Missing translation for 'preview_and_print' in 'he'
2025-04-08 13:08:05,408 - translations - WARNING - Missing translation for 'products_report' in 'he'
2025-04-08 13:08:08,651 - translations - WARNING - Missing translation for 'print_success' in 'he'
2025-04-08 13:08:16,021 - database.car_parts_db - INFO - Thread 16212: New database connection established
2025-04-08 13:08:28,574 - parts_navigation.components.tiles_grid - INFO - Populating grid with 8 items using 4 columns
2025-04-08 13:08:28,594 - parts_navigation.components.tiles_grid - INFO - Grid has 4 active columns configured
2025-04-08 13:08:28,594 - parts_navigation.components.tiles_grid - INFO - Total tiles: 8
2025-04-08 13:08:28,594 - parts_navigation.components.tiles_grid - INFO - Visible tiles: 0
2025-04-08 13:08:28,594 - parts_navigation.container - INFO - Navigated to step 0
2025-04-08 13:08:28,643 - parts_navigation.components.tiles_grid - INFO - Adjusting columns from 4 to 9
2025-04-08 13:08:28,643 - parts_navigation.components.tiles_grid - INFO - Setting grid to 9 columns
2025-04-08 13:08:28,707 - parts_navigation.container - INFO - All navigation steps created successfully
2025-04-08 13:08:28,707 - parts_navigation.container - INFO - Starting delayed brand preloading
2025-04-08 13:08:28,707 - parts_navigation.steps.brand - INFO - Starting to preload brands data
2025-04-08 13:08:28,744 - parts_navigation.components.tiles_grid - INFO - Adjusting columns from 4 to 5
2025-04-08 13:08:28,744 - parts_navigation.components.tiles_grid - INFO - Setting grid to 5 columns
2025-04-08 13:08:28,744 - parts_navigation.components.tiles_grid - INFO - Adjusting columns from 3 to 5
2025-04-08 13:08:28,744 - parts_navigation.components.tiles_grid - INFO - Setting grid to 5 columns
2025-04-08 13:08:28,746 - parts_navigation.components.tiles_grid - INFO - Adjusting columns from 4 to 5
2025-04-08 13:08:28,746 - parts_navigation.components.tiles_grid - INFO - Setting grid to 5 columns
2025-04-08 13:08:28,827 - parts_navigation.steps.brand - INFO - Preloaded 43 brands
2025-04-08 13:08:28,827 - parts_navigation.logo_manager - INFO - Preloading logos for 43 brands
2025-04-08 13:08:28,855 - parts_navigation.components.tiles_grid - INFO - Adjusting columns from 3 to 5
2025-04-08 13:08:28,855 - parts_navigation.components.tiles_grid - INFO - Setting grid to 5 columns
2025-04-08 13:08:28,858 - parts_navigation.components.tiles_grid - INFO - Adjusting columns from 4 to 5
2025-04-08 13:08:28,858 - parts_navigation.components.tiles_grid - INFO - Setting grid to 5 columns
2025-04-08 13:08:28,867 - parts_navigation.steps.brand - INFO - Loaded 43 unique brands
2025-04-08 13:08:28,867 - parts_navigation.components.tiles_grid - INFO - Populating grid with 43 items using 9 columns
2025-04-08 13:08:28,978 - parts_navigation.container - INFO - All navigation steps created successfully
2025-04-08 13:08:29,544 - parts_navigation.components.tiles_grid - INFO - Grid has 9 active columns configured
2025-04-08 13:08:29,544 - parts_navigation.components.tiles_grid - INFO - Total tiles: 43
2025-04-08 13:08:29,544 - parts_navigation.components.tiles_grid - INFO - Visible tiles: 43
2025-04-08 13:08:29,610 - parts_navigation.logo_manager - INFO - Found 31 already cached logos out of 43
2025-04-08 13:08:29,611 - parts_navigation.steps.brand - INFO - Started preloading 43 brand logos
2025-04-08 13:09:27,344 - widgets.settings.settings_widget - INFO - Changing theme to light
2025-04-08 13:09:28,128 - gui.gui_main - INFO - Theme update completed synchronously
2025-04-08 13:09:30,806 - widgets.settings.settings_widget - INFO - Settings saved successfully
2025-04-08 13:12:39,904 - database.car_parts_db - INFO - Thread 17524: New database connection established
2025-04-08 13:17:39,896 - database.car_parts_db - INFO - Thread 18548: New database connection established
2025-04-08 13:22:39,842 - database.car_parts_db - INFO - Thread 17260: New database connection established
2025-04-08 13:27:39,869 - database.car_parts_db - INFO - Thread 16116: New database connection established
2025-04-08 13:29:21,741 - gui.event_handlers - INFO - Closing database connection...
2025-04-08 13:29:21,787 - __main__ - INFO - Cleaning up application resources...
2025-04-08 13:29:21,789 - __main__ - INFO - Closing database connection...
2025-04-08 13:29:21,789 - __main__ - INFO - Cleaning up parts navigation resources...
2025-04-08 13:29:21,813 - database.car_parts_db - INFO - Thread 9484: New database connection established
2025-04-08 13:29:21,818 - __main__ - INFO - Application shutdown complete
2025-04-08 13:29:37,079 - root - INFO - Logging system initialized (level: INFO)
2025-04-08 13:29:37,079 - root - INFO - Log files directory: C:\Users\97253\Desktop\BeastMode-CSIntro-Excercises\CousinTestProject\logs
2025-04-08 13:29:38,637 - config - INFO - Determined application root: C:\Users\97253\Desktop\BeastMode-CSIntro-Excercises\CousinTestProject
2025-04-08 13:29:44,231 - __main__ - INFO - Application starting at: 2025-04-08 13:29:44
2025-04-08 13:29:44,231 - __main__ - INFO - Current user: BaselAM
2025-04-08 13:29:44,360 - __main__ - INFO - Initializing database connection...
2025-04-08 13:29:44,950 - database.car_parts_db - INFO - Thread 20980: Database connection established
2025-04-08 13:29:44,950 - database.car_parts_db - INFO - Initialized database connection to localhost
2025-04-08 13:29:44,995 - __main__ - INFO - Connected to database. Found 2845 parts.
2025-04-08 13:29:44,995 - translations - INFO - Loading translation files from C:\Users\97253\Desktop\BeastMode-CSIntro-Excercises\CousinTestProject\translations\data
2025-04-08 13:29:45,009 - translations - INFO - Loaded translations for namespace 'car_parts' from C:\Users\97253\Desktop\BeastMode-CSIntro-Excercises\CousinTestProject\translations\data\car_parts.json
2025-04-08 13:29:45,021 - translations - INFO - Loaded translations for namespace 'errors' from C:\Users\97253\Desktop\BeastMode-CSIntro-Excercises\CousinTestProject\translations\data\errors.json
2025-04-08 13:29:45,034 - translations - INFO - Loaded translations for namespace 'filters' from C:\Users\97253\Desktop\BeastMode-CSIntro-Excercises\CousinTestProject\translations\data\filters.json
2025-04-08 13:29:45,049 - translations - INFO - Loaded translations for namespace 'help' from C:\Users\97253\Desktop\BeastMode-CSIntro-Excercises\CousinTestProject\translations\data\help.json
2025-04-08 13:29:45,076 - translations - INFO - Loaded translations for namespace 'login' from C:\Users\97253\Desktop\BeastMode-CSIntro-Excercises\CousinTestProject\translations\data\login.json
2025-04-08 13:29:45,096 - translations - INFO - Loaded translations for namespace 'navigation' from C:\Users\97253\Desktop\BeastMode-CSIntro-Excercises\CousinTestProject\translations\data\navigation.json
2025-04-08 13:29:45,106 - translations - INFO - Loaded translations for namespace 'notifications' from C:\Users\97253\Desktop\BeastMode-CSIntro-Excercises\CousinTestProject\translations\data\notifications.json
2025-04-08 13:29:45,121 - translations - INFO - Loaded translations for namespace 'parts_nav_translations' from C:\Users\97253\Desktop\BeastMode-CSIntro-Excercises\CousinTestProject\translations\data\parts_nav_translations.json
2025-04-08 13:29:45,135 - translations - INFO - Loaded translations for namespace 'products' from C:\Users\97253\Desktop\BeastMode-CSIntro-Excercises\CousinTestProject\translations\data\products.json
2025-04-08 13:29:45,151 - translations - INFO - Loaded translations for namespace 'settings' from C:\Users\97253\Desktop\BeastMode-CSIntro-Excercises\CousinTestProject\translations\data\settings.json
2025-04-08 13:29:45,166 - translations - INFO - Loaded translations for namespace 'ui' from C:\Users\97253\Desktop\BeastMode-CSIntro-Excercises\CousinTestProject\translations\data\ui.json
2025-04-08 13:29:45,176 - translations - INFO - Loaded translations for namespace 'validations' from C:\Users\97253\Desktop\BeastMode-CSIntro-Excercises\CousinTestProject\translations\data\validations.json
2025-04-08 13:29:45,176 - translations - INFO - Loaded 12 translation files from C:\Users\97253\Desktop\BeastMode-CSIntro-Excercises\CousinTestProject\translations\data
2025-04-08 13:29:45,176 - translations - INFO - Loaded 12 translation files
2025-04-08 13:29:45,549 - UsersDB - INFO - Connected to user database at C:\Users\97253\Desktop\BeastMode-CSIntro-Excercises\CousinTestProject\database\users.db
2025-04-08 13:29:45,550 - UsersDB - INFO - Database tables created successfully
2025-04-08 13:29:46,885 - widgets.header.chatbot.api_key_manager - INFO - API key loaded successfully
2025-04-08 13:29:47,072 - widgets.header.chatbot.openai_client - INFO - OpenAI client initialized successfully
2025-04-08 13:29:47,413 - translations - WARNING - Missing translation for 'time_range' in 'he'
2025-04-08 13:29:47,413 - translations - WARNING - Missing translation for 'overview' in 'he'
2025-04-08 13:29:47,413 - translations - WARNING - Missing translation for 'categories' in 'he'
2025-04-08 13:29:47,414 - translations - WARNING - Missing translation for 'brands' in 'he'
2025-04-08 13:29:47,414 - translations - WARNING - Missing translation for 'inventory' in 'he'
2025-04-08 13:29:47,414 - translations - WARNING - Missing translation for 'total_parts' in 'he'
2025-04-08 13:29:47,414 - translations - WARNING - Missing translation for 'total_value' in 'he'
2025-04-08 13:29:47,414 - translations - WARNING - Missing translation for 'low_stock_items' in 'he'
2025-04-08 13:29:47,416 - database.car_parts_db - INFO - Thread 2900: New database connection established
2025-04-08 13:29:47,575 - parts_navigation.components.tiles_grid - INFO - Populating grid with 8 items using 4 columns
2025-04-08 13:29:47,706 - parts_navigation.container - INFO - All navigation steps created successfully
2025-04-08 13:29:47,707 - parts_navigation.container - INFO - Starting delayed brand preloading
2025-04-08 13:29:47,707 - parts_navigation.steps.brand - INFO - Starting to preload brands data
2025-04-08 13:29:47,832 - parts_navigation.components.tiles_grid - INFO - Grid has 4 active columns configured
2025-04-08 13:29:47,832 - parts_navigation.components.tiles_grid - INFO - Total tiles: 8
2025-04-08 13:29:47,832 - parts_navigation.components.tiles_grid - INFO - Visible tiles: 0
2025-04-08 13:29:47,832 - parts_navigation.container - INFO - Navigated to step 0
2025-04-08 13:29:48,319 - database.car_parts_db - INFO - Found 43 unique car brands in database
2025-04-08 13:29:48,320 - database.car_parts_db - INFO - Processed 43 unique car brands
2025-04-08 13:29:48,356 - translations - WARNING - Missing translation for 'Internet: Connected' in 'he'
2025-04-08 13:29:48,519 - parts_navigation.steps.brand - INFO - Preloaded 43 brands
2025-04-08 13:29:48,519 - parts_navigation.logo_manager - INFO - Preloading logos for 43 brands
2025-04-08 13:29:48,918 - parts_navigation.container - INFO - All navigation steps created successfully
2025-04-08 13:29:49,448 - parts_navigation.steps.brand - INFO - Loaded 43 unique brands
2025-04-08 13:29:49,448 - parts_navigation.components.tiles_grid - INFO - Populating grid with 43 items using 4 columns
2025-04-08 13:29:50,076 - parts_navigation.components.tiles_grid - INFO - Grid has 4 active columns configured
2025-04-08 13:29:50,076 - parts_navigation.components.tiles_grid - INFO - Total tiles: 43
2025-04-08 13:29:50,076 - parts_navigation.components.tiles_grid - INFO - Visible tiles: 0
2025-04-08 13:29:50,100 - parts_navigation.logo_manager - INFO - Found 31 already cached logos out of 43
2025-04-08 13:29:50,100 - parts_navigation.steps.brand - INFO - Started preloading 43 brand logos
2025-04-08 13:29:51,276 - UsersDB - INFO - User fahed authenticated successfully
2025-04-08 13:29:51,293 - __main__ - INFO - User logged in: {'id': 2, 'username': 'fahed', 'full_name': 'Fahed Abu Mukh', 'role': 'manager', 'settings': {'theme': 'classic', 'language': 'en', 'rtl': False}}
2025-04-08 13:29:52,239 - parts_navigation.components.tiles_grid - INFO - Adjusting columns from 3 to 5
2025-04-08 13:29:52,239 - parts_navigation.components.tiles_grid - INFO - Setting grid to 5 columns
2025-04-08 13:29:52,240 - parts_navigation.components.tiles_grid - INFO - Adjusting columns from 4 to 5
2025-04-08 13:29:52,241 - parts_navigation.components.tiles_grid - INFO - Setting grid to 5 columns
2025-04-08 13:29:52,244 - parts_navigation.components.tiles_grid - INFO - Adjusting columns from 4 to 5
2025-04-08 13:29:52,244 - parts_navigation.components.tiles_grid - INFO - Setting grid to 5 columns
2025-04-08 13:29:52,244 - parts_navigation.components.tiles_grid - INFO - Adjusting columns from 3 to 5
2025-04-08 13:29:52,245 - parts_navigation.components.tiles_grid - INFO - Setting grid to 5 columns
2025-04-08 13:29:52,245 - parts_navigation.components.tiles_grid - INFO - Adjusting columns from 4 to 5
2025-04-08 13:29:52,246 - parts_navigation.components.tiles_grid - INFO - Setting grid to 5 columns
2025-04-08 13:29:52,246 - parts_navigation.components.tiles_grid - INFO - Adjusting columns from 4 to 6
2025-04-08 13:29:52,246 - parts_navigation.components.tiles_grid - INFO - Setting grid to 6 columns
2025-04-08 13:29:54,230 - translations - WARNING - Missing translation for 'barcode' in 'he'
2025-04-08 13:29:54,230 - translations - WARNING - Missing translation for 'barcode_placeholder' in 'he'
2025-04-08 13:29:54,435 - translations - WARNING - Missing translation for 'scan_barcode_tooltip' in 'he'
2025-04-08 13:29:56,286 - translations - WARNING - Missing translation for 'scan_barcode' in 'he'
2025-04-08 13:29:56,286 - translations - WARNING - Missing translation for 'enter_barcode' in 'he'
2025-04-08 13:30:06,653 - translations - WARNING - Missing translation for 'print_settings' in 'he'
2025-04-08 13:30:06,655 - translations - WARNING - Missing translation for 'print_setup_description' in 'he'
2025-04-08 13:30:06,655 - translations - WARNING - Missing translation for 'print_scope' in 'he'
2025-04-08 13:30:06,656 - translations - WARNING - Missing translation for 'print_all_products' in 'he'
2025-04-08 13:30:06,656 - translations - WARNING - Missing translation for 'print_selected_products' in 'he'
2025-04-08 13:30:06,656 - translations - WARNING - Missing translation for 'print_filtered_products' in 'he'
2025-04-08 13:30:06,657 - translations - WARNING - Missing translation for 'print_all_tooltip' in 'he'
2025-04-08 13:30:06,657 - translations - WARNING - Missing translation for 'print_selected_tooltip' in 'he'
2025-04-08 13:30:06,657 - translations - WARNING - Missing translation for 'print_filtered_tooltip' in 'he'
2025-04-08 13:30:06,658 - translations - WARNING - Missing translation for 'print_options' in 'he'
2025-04-08 13:30:06,658 - translations - WARNING - Missing translation for 'paper_size' in 'he'
2025-04-08 13:30:06,658 - translations - WARNING - Missing translation for 'paper_size_tooltip' in 'he'
2025-04-08 13:30:06,667 - translations - WARNING - Missing translation for 'orientation' in 'he'
2025-04-08 13:30:06,668 - translations - WARNING - Missing translation for 'orientation_tooltip' in 'he'
2025-04-08 13:30:06,669 - translations - WARNING - Missing translation for 'portrait' in 'he'
2025-04-08 13:30:06,669 - translations - WARNING - Missing translation for 'landscape' in 'he'
2025-04-08 13:30:06,672 - translations - WARNING - Missing translation for 'print_header' in 'he'
2025-04-08 13:30:06,672 - translations - WARNING - Missing translation for 'print_header_tooltip' in 'he'
2025-04-08 13:30:06,673 - translations - WARNING - Missing translation for 'print_date' in 'he'
2025-04-08 13:30:06,673 - translations - WARNING - Missing translation for 'print_date_tooltip' in 'he'
2025-04-08 13:30:06,673 - translations - WARNING - Missing translation for 'rtl_mode' in 'he'
2025-04-08 13:30:06,673 - translations - WARNING - Missing translation for 'rtl_mode_tooltip' in 'he'
2025-04-08 13:30:06,684 - translations - WARNING - Missing translation for 'preview_and_print' in 'he'
2025-04-08 13:30:08,697 - database.car_parts_db - INFO - Thread 20980: New database connection established
2025-04-08 13:30:17,602 - database.car_parts_db - INFO - Thread 16664: New database connection established
2025-04-08 13:30:21,210 - gui.event_handlers - INFO - Closing database connection...
2025-04-08 13:30:21,228 - __main__ - INFO - Cleaning up application resources...
2025-04-08 13:30:21,230 - __main__ - INFO - Closing database connection...
2025-04-08 13:30:21,230 - __main__ - INFO - Cleaning up parts navigation resources...
2025-04-08 13:30:21,250 - database.car_parts_db - INFO - Thread 20980: New database connection established
2025-04-08 13:30:21,253 - __main__ - INFO - Application shutdown complete
2025-04-08 13:51:47,567 - root - INFO - Logging system initialized (level: INFO)
2025-04-08 13:51:47,572 - root - INFO - Log files directory: C:\Users\97253\Desktop\BeastMode-CSIntro-Excercises\CousinTestProject\logs
2025-04-08 13:51:49,535 - config - INFO - Determined application root: C:\Users\97253\Desktop\BeastMode-CSIntro-Excercises\CousinTestProject
2025-04-08 14:27:59,258 - root - INFO - Logging system initialized (level: INFO)
2025-04-08 14:27:59,259 - root - INFO - Log files directory: C:\Users\97253\Desktop\BeastMode-CSIntro-Excercises\CousinTestProject\logs
2025-04-08 14:27:59,871 - config - INFO - Determined application root: C:\Users\97253\Desktop\BeastMode-CSIntro-Excercises\CousinTestProject
2025-04-08 14:52:23,967 - root - INFO - Logging system initialized (level: INFO)
2025-04-08 14:52:23,968 - root - INFO - Log files directory: C:\Users\97253\Desktop\BeastMode-CSIntro-Excercises\CousinTestProject\logs
2025-04-08 14:52:24,143 - config - INFO - Determined application root: C:\Users\97253\Desktop\BeastMode-CSIntro-Excercises\CousinTestProject
2025-04-08 14:52:27,479 - __main__ - INFO - Application starting at: 2025-04-08 14:52:27
2025-04-08 14:52:27,480 - __main__ - INFO - Current user: BaselAM
2025-04-08 14:52:27,587 - __main__ - INFO - Initializing database connection...
2025-04-08 14:52:28,256 - database.car_parts_db - INFO - Thread 6592: Database connection established
2025-04-08 14:52:28,256 - database.car_parts_db - INFO - Initialized database connection to localhost
2025-04-08 14:52:28,344 - __main__ - INFO - Connected to database. Found 2845 parts.
2025-04-08 14:52:28,345 - translations - INFO - Loading translation files from C:\Users\97253\Desktop\BeastMode-CSIntro-Excercises\CousinTestProject\translations\data
2025-04-08 14:52:28,352 - translations - INFO - Loaded translations for namespace 'car_parts' from C:\Users\97253\Desktop\BeastMode-CSIntro-Excercises\CousinTestProject\translations\data\car_parts.json
2025-04-08 14:52:28,353 - translations - INFO - Loaded translations for namespace 'errors' from C:\Users\97253\Desktop\BeastMode-CSIntro-Excercises\CousinTestProject\translations\data\errors.json
2025-04-08 14:52:28,354 - translations - INFO - Loaded translations for namespace 'filters' from C:\Users\97253\Desktop\BeastMode-CSIntro-Excercises\CousinTestProject\translations\data\filters.json
2025-04-08 14:52:28,355 - translations - INFO - Loaded translations for namespace 'help' from C:\Users\97253\Desktop\BeastMode-CSIntro-Excercises\CousinTestProject\translations\data\help.json
2025-04-08 14:52:28,356 - translations - INFO - Loaded translations for namespace 'login' from C:\Users\97253\Desktop\BeastMode-CSIntro-Excercises\CousinTestProject\translations\data\login.json
2025-04-08 14:52:28,358 - translations - INFO - Loaded translations for namespace 'navigation' from C:\Users\97253\Desktop\BeastMode-CSIntro-Excercises\CousinTestProject\translations\data\navigation.json
2025-04-08 14:52:28,359 - translations - INFO - Loaded translations for namespace 'notifications' from C:\Users\97253\Desktop\BeastMode-CSIntro-Excercises\CousinTestProject\translations\data\notifications.json
2025-04-08 14:52:28,360 - translations - INFO - Loaded translations for namespace 'parts_nav_translations' from C:\Users\97253\Desktop\BeastMode-CSIntro-Excercises\CousinTestProject\translations\data\parts_nav_translations.json
2025-04-08 14:52:28,362 - translations - INFO - Loaded translations for namespace 'products' from C:\Users\97253\Desktop\BeastMode-CSIntro-Excercises\CousinTestProject\translations\data\products.json
2025-04-08 14:52:28,363 - translations - INFO - Loaded translations for namespace 'settings' from C:\Users\97253\Desktop\BeastMode-CSIntro-Excercises\CousinTestProject\translations\data\settings.json
2025-04-08 14:52:28,364 - translations - INFO - Loaded translations for namespace 'ui' from C:\Users\97253\Desktop\BeastMode-CSIntro-Excercises\CousinTestProject\translations\data\ui.json
2025-04-08 14:52:28,366 - translations - INFO - Loaded translations for namespace 'validations' from C:\Users\97253\Desktop\BeastMode-CSIntro-Excercises\CousinTestProject\translations\data\validations.json
2025-04-08 14:52:28,366 - translations - INFO - Loaded 12 translation files from C:\Users\97253\Desktop\BeastMode-CSIntro-Excercises\CousinTestProject\translations\data
2025-04-08 14:52:28,366 - translations - INFO - Loaded 12 translation files
2025-04-08 14:52:29,037 - UsersDB - INFO - Connected to user database at C:\Users\97253\Desktop\BeastMode-CSIntro-Excercises\CousinTestProject\database\users.db
2025-04-08 14:52:29,039 - UsersDB - INFO - Database tables created successfully
2025-04-08 14:52:30,656 - widgets.header.chatbot.api_key_manager - INFO - API key loaded successfully
2025-04-08 14:52:30,873 - widgets.header.chatbot.openai_client - INFO - OpenAI client initialized successfully
2025-04-08 14:52:31,105 - translations - WARNING - Missing translation for 'inventory_insights' in 'he'
2025-04-08 14:52:31,105 - translations - WARNING - Missing translation for 'categories' in 'he'
2025-04-08 14:52:31,105 - translations - WARNING - Missing translation for 'brands' in 'he'
2025-04-08 14:52:31,105 - translations - WARNING - Missing translation for 'low_stock' in 'he'
2025-04-08 14:52:31,106 - translations - WARNING - Missing translation for 'total_parts' in 'he'
2025-04-08 14:52:31,106 - translations - WARNING - Missing translation for 'total_value' in 'he'
2025-04-08 14:52:31,106 - translations - WARNING - Missing translation for 'average_price' in 'he'
2025-04-08 14:52:31,248 - parts_navigation.components.tiles_grid - INFO - Populating grid with 8 items using 4 columns
2025-04-08 14:52:31,511 - parts_navigation.container - INFO - All navigation steps created successfully
2025-04-08 14:52:31,512 - parts_navigation.container - INFO - Starting delayed brand preloading
2025-04-08 14:52:31,512 - parts_navigation.steps.brand - INFO - Starting to preload brands data
2025-04-08 14:52:31,534 - parts_navigation.components.tiles_grid - INFO - Grid has 4 active columns configured
2025-04-08 14:52:31,535 - parts_navigation.components.tiles_grid - INFO - Total tiles: 8
2025-04-08 14:52:31,535 - parts_navigation.components.tiles_grid - INFO - Visible tiles: 0
2025-04-08 14:52:31,535 - parts_navigation.container - INFO - Navigated to step 0
2025-04-08 14:52:32,091 - database.car_parts_db - INFO - Found 43 unique car brands in database
2025-04-08 14:52:32,092 - database.car_parts_db - INFO - Processed 43 unique car brands
2025-04-08 14:52:32,116 - parts_navigation.container - INFO - All navigation steps created successfully
2025-04-08 14:52:32,120 - translations - WARNING - Missing translation for 'Internet: Connected' in 'he'
2025-04-08 14:52:32,291 - parts_navigation.steps.brand - INFO - Preloaded 43 brands
2025-04-08 14:52:32,291 - parts_navigation.logo_manager - INFO - Preloading logos for 43 brands
2025-04-08 14:52:33,124 - parts_navigation.steps.brand - INFO - Loaded 43 unique brands
2025-04-08 14:52:33,124 - parts_navigation.components.tiles_grid - INFO - Populating grid with 43 items using 4 columns
2025-04-08 14:52:33,613 - parts_navigation.components.tiles_grid - INFO - Grid has 4 active columns configured
2025-04-08 14:52:33,614 - parts_navigation.components.tiles_grid - INFO - Total tiles: 43
2025-04-08 14:52:33,614 - parts_navigation.components.tiles_grid - INFO - Visible tiles: 0
2025-04-08 14:52:33,639 - parts_navigation.logo_manager - INFO - Found 31 already cached logos out of 43
2025-04-08 14:52:33,639 - parts_navigation.steps.brand - INFO - Started preloading 43 brand logos
2025-04-08 14:52:35,439 - UsersDB - INFO - User fahed authenticated successfully
2025-04-08 14:52:35,448 - __main__ - INFO - User logged in: {'id': 2, 'username': 'fahed', 'full_name': 'Fahed Abu Mukh', 'role': 'manager', 'settings': {'theme': 'classic', 'language': 'en', 'rtl': False}}
2025-04-08 14:52:36,493 - parts_navigation.components.tiles_grid - INFO - Adjusting columns from 3 to 5
2025-04-08 14:52:36,493 - parts_navigation.components.tiles_grid - INFO - Setting grid to 5 columns
2025-04-08 14:52:36,495 - parts_navigation.components.tiles_grid - INFO - Adjusting columns from 4 to 5
2025-04-08 14:52:36,495 - parts_navigation.components.tiles_grid - INFO - Setting grid to 5 columns
2025-04-08 14:52:36,498 - parts_navigation.components.tiles_grid - INFO - Adjusting columns from 4 to 5
2025-04-08 14:52:36,499 - parts_navigation.components.tiles_grid - INFO - Setting grid to 5 columns
2025-04-08 14:52:36,500 - parts_navigation.components.tiles_grid - INFO - Adjusting columns from 3 to 5
2025-04-08 14:52:36,500 - parts_navigation.components.tiles_grid - INFO - Setting grid to 5 columns
2025-04-08 14:52:36,501 - parts_navigation.components.tiles_grid - INFO - Adjusting columns from 4 to 5
2025-04-08 14:52:36,501 - parts_navigation.components.tiles_grid - INFO - Setting grid to 5 columns
2025-04-08 14:52:36,502 - parts_navigation.components.tiles_grid - INFO - Adjusting columns from 4 to 6
2025-04-08 14:52:36,502 - parts_navigation.components.tiles_grid - INFO - Setting grid to 6 columns
2025-04-08 14:54:18,600 - widgets.statistics - INFO - Applying filters: {'date_from': '2025-03-09', 'date_to': '2025-04-08', 'category': 'Air Filter', 'brand': None, 'stock_status': {'in_stock': True, 'low_stock': True, 'out_of_stock': True}, 'price_min': None, 'price_max': None}
2025-04-08 14:54:33,414 - widgets.statistics - INFO - Applying filters: {'date_from': '2025-03-09', 'date_to': '2025-04-08', 'category': None, 'brand': None, 'stock_status': {'in_stock': True, 'low_stock': True, 'out_of_stock': True}, 'price_min': None, 'price_max': None}
2025-04-08 14:54:39,698 - widgets.statistics - INFO - Applying filters: {'date_from': '2025-03-09', 'date_to': '2025-04-08', 'category': 'Fuel Filter', 'brand': None, 'stock_status': {'in_stock': True, 'low_stock': True, 'out_of_stock': True}, 'price_min': None, 'price_max': None}
2025-04-08 14:54:44,378 - widgets.statistics - INFO - Applying filters: {'date_from': '2025-03-08', 'date_to': '2025-04-08', 'category': None, 'brand': None, 'stock_status': {'in_stock': True, 'low_stock': True, 'out_of_stock': True}, 'price_min': None, 'price_max': None}
2025-04-08 15:07:57,197 - widgets.statistics - INFO - Applying filters: {'date_from': '2025-03-08', 'date_to': '2025-04-08', 'category': None, 'brand': None, 'stock_status': {'in_stock': True, 'low_stock': True, 'out_of_stock': False}, 'price_min': None, 'price_max': None}
2025-04-08 15:08:04,165 - widgets.statistics - INFO - Applying filters: {'date_from': '2025-03-08', 'date_to': '2025-04-08', 'category': None, 'brand': None, 'stock_status': {'in_stock': True, 'low_stock': False, 'out_of_stock': False}, 'price_min': None, 'price_max': None}
2025-04-08 15:09:10,581 - widgets.settings.settings_widget - INFO - Changing theme to dark
2025-04-08 15:09:11,330 - gui.gui_main - INFO - Theme update completed synchronously
2025-04-08 15:09:12,411 - widgets.settings.settings_widget - INFO - Settings saved successfully
2025-04-08 15:09:15,624 - translations - WARNING - Missing translation for 'barcode' in 'he'
2025-04-08 15:09:15,625 - translations - WARNING - Missing translation for 'barcode_placeholder' in 'he'
2025-04-08 15:09:15,775 - translations - WARNING - Missing translation for 'scan_barcode_tooltip' in 'he'
2025-04-08 15:09:17,505 - translations - WARNING - Missing translation for 'print_settings' in 'he'
2025-04-08 15:09:17,506 - translations - WARNING - Missing translation for 'print_setup_description' in 'he'
2025-04-08 15:09:17,510 - translations - WARNING - Missing translation for 'print_scope' in 'he'
2025-04-08 15:09:17,513 - translations - WARNING - Missing translation for 'print_all_products' in 'he'
2025-04-08 15:09:17,513 - translations - WARNING - Missing translation for 'print_selected_products' in 'he'
2025-04-08 15:09:17,513 - translations - WARNING - Missing translation for 'print_filtered_products' in 'he'
2025-04-08 15:09:17,516 - translations - WARNING - Missing translation for 'print_all_tooltip' in 'he'
2025-04-08 15:09:17,516 - translations - WARNING - Missing translation for 'print_selected_tooltip' in 'he'
2025-04-08 15:09:17,517 - translations - WARNING - Missing translation for 'print_filtered_tooltip' in 'he'
2025-04-08 15:09:17,517 - translations - WARNING - Missing translation for 'print_options' in 'he'
2025-04-08 15:09:17,517 - translations - WARNING - Missing translation for 'paper_size' in 'he'
2025-04-08 15:09:17,519 - translations - WARNING - Missing translation for 'paper_size_tooltip' in 'he'
2025-04-08 15:09:17,525 - translations - WARNING - Missing translation for 'orientation' in 'he'
2025-04-08 15:09:17,525 - translations - WARNING - Missing translation for 'orientation_tooltip' in 'he'
2025-04-08 15:09:17,526 - translations - WARNING - Missing translation for 'portrait' in 'he'
2025-04-08 15:09:17,526 - translations - WARNING - Missing translation for 'landscape' in 'he'
2025-04-08 15:09:17,527 - translations - WARNING - Missing translation for 'print_header' in 'he'
2025-04-08 15:09:17,528 - translations - WARNING - Missing translation for 'print_header_tooltip' in 'he'
2025-04-08 15:09:17,528 - translations - WARNING - Missing translation for 'print_date' in 'he'
2025-04-08 15:09:17,528 - translations - WARNING - Missing translation for 'print_date_tooltip' in 'he'
2025-04-08 15:09:17,528 - translations - WARNING - Missing translation for 'rtl_mode' in 'he'
2025-04-08 15:09:17,530 - translations - WARNING - Missing translation for 'rtl_mode_tooltip' in 'he'
2025-04-08 15:09:17,538 - translations - WARNING - Missing translation for 'preview_and_print' in 'he'
2025-04-08 15:09:21,830 - parts_navigation.components.tiles_grid - INFO - Populating grid with 8 items using 4 columns
2025-04-08 15:09:21,844 - parts_navigation.components.tiles_grid - INFO - Grid has 4 active columns configured
2025-04-08 15:09:21,844 - parts_navigation.components.tiles_grid - INFO - Total tiles: 8
2025-04-08 15:09:21,844 - parts_navigation.components.tiles_grid - INFO - Visible tiles: 0
2025-04-08 15:09:21,844 - parts_navigation.container - INFO - Navigated to step 0
2025-04-08 15:09:21,881 - parts_navigation.components.tiles_grid - INFO - Adjusting columns from 4 to 16
2025-04-08 15:09:21,881 - parts_navigation.components.tiles_grid - INFO - Setting grid to 16 columns
2025-04-08 15:09:21,929 - parts_navigation.container - INFO - All navigation steps created successfully
2025-04-08 15:09:21,929 - parts_navigation.container - INFO - Starting delayed brand preloading
2025-04-08 15:09:21,929 - parts_navigation.steps.brand - INFO - Starting to preload brands data
2025-04-08 15:09:21,957 - parts_navigation.components.tiles_grid - INFO - Adjusting columns from 4 to 5
2025-04-08 15:09:21,957 - parts_navigation.components.tiles_grid - INFO - Setting grid to 5 columns
2025-04-08 15:09:21,958 - parts_navigation.components.tiles_grid - INFO - Adjusting columns from 3 to 5
2025-04-08 15:09:21,958 - parts_navigation.components.tiles_grid - INFO - Setting grid to 5 columns
2025-04-08 15:09:21,958 - parts_navigation.components.tiles_grid - INFO - Adjusting columns from 4 to 5
2025-04-08 15:09:21,958 - parts_navigation.components.tiles_grid - INFO - Setting grid to 5 columns
2025-04-08 15:09:22,022 - parts_navigation.steps.brand - INFO - Preloaded 43 brands
2025-04-08 15:09:22,022 - parts_navigation.logo_manager - INFO - Preloading logos for 43 brands
2025-04-08 15:09:22,072 - parts_navigation.components.tiles_grid - INFO - Adjusting columns from 3 to 5
2025-04-08 15:09:22,072 - parts_navigation.components.tiles_grid - INFO - Setting grid to 5 columns
2025-04-08 15:09:22,072 - parts_navigation.components.tiles_grid - INFO - Adjusting columns from 4 to 5
2025-04-08 15:09:22,072 - parts_navigation.components.tiles_grid - INFO - Setting grid to 5 columns
2025-04-08 15:09:22,091 - parts_navigation.steps.brand - INFO - Loaded 43 unique brands
2025-04-08 15:09:22,091 - parts_navigation.components.tiles_grid - INFO - Populating grid with 43 items using 16 columns
2025-04-08 15:09:22,167 - parts_navigation.container - INFO - All navigation steps created successfully
2025-04-08 15:09:22,545 - parts_navigation.components.tiles_grid - INFO - Grid has 16 active columns configured
2025-04-08 15:09:22,546 - parts_navigation.components.tiles_grid - INFO - Total tiles: 43
2025-04-08 15:09:22,546 - parts_navigation.components.tiles_grid - INFO - Visible tiles: 43
2025-04-08 15:09:22,577 - parts_navigation.logo_manager - INFO - Found 31 already cached logos out of 43
2025-04-08 15:09:22,577 - parts_navigation.steps.brand - INFO - Started preloading 43 brand logos
2025-04-08 15:09:23,645 - parts_navigation.components.tiles_grid - INFO - Populating grid with 8 items using 4 columns
2025-04-08 15:09:23,658 - parts_navigation.components.tiles_grid - INFO - Grid has 4 active columns configured
2025-04-08 15:09:23,658 - parts_navigation.components.tiles_grid - INFO - Total tiles: 8
2025-04-08 15:09:23,658 - parts_navigation.components.tiles_grid - INFO - Visible tiles: 0
2025-04-08 15:09:23,658 - parts_navigation.container - INFO - Navigated to step 0
2025-04-08 15:09:23,688 - parts_navigation.components.tiles_grid - INFO - Adjusting columns from 4 to 16
2025-04-08 15:09:23,688 - parts_navigation.components.tiles_grid - INFO - Setting grid to 16 columns
2025-04-08 15:09:23,733 - parts_navigation.container - INFO - All navigation steps created successfully
2025-04-08 15:09:23,733 - parts_navigation.container - INFO - Starting delayed brand preloading
2025-04-08 15:09:23,733 - parts_navigation.steps.brand - INFO - Starting to preload brands data
2025-04-08 15:09:23,745 - parts_navigation.components.tiles_grid - INFO - Adjusting columns from 4 to 5
2025-04-08 15:09:23,745 - parts_navigation.components.tiles_grid - INFO - Setting grid to 5 columns
2025-04-08 15:09:23,745 - parts_navigation.components.tiles_grid - INFO - Adjusting columns from 3 to 5
2025-04-08 15:09:23,745 - parts_navigation.components.tiles_grid - INFO - Setting grid to 5 columns
2025-04-08 15:09:23,746 - parts_navigation.components.tiles_grid - INFO - Adjusting columns from 4 to 5
2025-04-08 15:09:23,746 - parts_navigation.components.tiles_grid - INFO - Setting grid to 5 columns
2025-04-08 15:09:23,771 - parts_navigation.steps.brand - INFO - Preloaded 43 brands
2025-04-08 15:09:23,771 - parts_navigation.logo_manager - INFO - Preloading logos for 43 brands
2025-04-08 15:09:23,795 - parts_navigation.steps.brand - INFO - Loaded 43 unique brands
2025-04-08 15:09:23,795 - parts_navigation.components.tiles_grid - INFO - Populating grid with 43 items using 16 columns
2025-04-08 15:09:23,882 - parts_navigation.components.tiles_grid - INFO - Adjusting columns from 3 to 5
2025-04-08 15:09:23,883 - parts_navigation.components.tiles_grid - INFO - Setting grid to 5 columns
2025-04-08 15:09:23,886 - parts_navigation.components.tiles_grid - INFO - Adjusting columns from 4 to 5
2025-04-08 15:09:23,886 - parts_navigation.components.tiles_grid - INFO - Setting grid to 5 columns
2025-04-08 15:09:24,068 - parts_navigation.container - INFO - All navigation steps created successfully
2025-04-08 15:09:24,244 - parts_navigation.components.tiles_grid - INFO - Grid has 16 active columns configured
2025-04-08 15:09:24,244 - parts_navigation.components.tiles_grid - INFO - Total tiles: 43
2025-04-08 15:09:24,245 - parts_navigation.components.tiles_grid - INFO - Visible tiles: 43
2025-04-08 15:09:24,273 - parts_navigation.logo_manager - INFO - Found 31 already cached logos out of 43
2025-04-08 15:09:24,273 - parts_navigation.steps.brand - INFO - Started preloading 43 brand logos
2025-04-08 15:09:31,212 - database.car_parts_db - INFO - Thread 6592: New database connection established
2025-04-08 15:09:54,680 - parts_navigation.components.tiles_grid - INFO - Populating grid with 8 items using 4 columns
2025-04-08 15:09:54,691 - parts_navigation.components.tiles_grid - INFO - Grid has 4 active columns configured
2025-04-08 15:09:54,693 - parts_navigation.components.tiles_grid - INFO - Total tiles: 8
2025-04-08 15:09:54,693 - parts_navigation.components.tiles_grid - INFO - Visible tiles: 0
2025-04-08 15:09:54,693 - parts_navigation.container - INFO - Navigated to step 0
2025-04-08 15:09:54,728 - parts_navigation.components.tiles_grid - INFO - Adjusting columns from 4 to 16
2025-04-08 15:09:54,728 - parts_navigation.components.tiles_grid - INFO - Setting grid to 16 columns
2025-04-08 15:09:54,770 - parts_navigation.container - INFO - All navigation steps created successfully
2025-04-08 15:09:54,778 - parts_navigation.container - INFO - Starting delayed brand preloading
2025-04-08 15:09:54,778 - parts_navigation.steps.brand - INFO - Starting to preload brands data
2025-04-08 15:09:54,785 - parts_navigation.components.tiles_grid - INFO - Adjusting columns from 4 to 5
2025-04-08 15:09:54,785 - parts_navigation.components.tiles_grid - INFO - Setting grid to 5 columns
2025-04-08 15:09:54,785 - parts_navigation.components.tiles_grid - INFO - Adjusting columns from 3 to 5
2025-04-08 15:09:54,785 - parts_navigation.components.tiles_grid - INFO - Setting grid to 5 columns
2025-04-08 15:09:54,786 - parts_navigation.components.tiles_grid - INFO - Adjusting columns from 4 to 5
2025-04-08 15:09:54,786 - parts_navigation.components.tiles_grid - INFO - Setting grid to 5 columns
2025-04-08 15:09:54,806 - parts_navigation.steps.brand - INFO - Preloaded 43 brands
2025-04-08 15:09:54,806 - parts_navigation.logo_manager - INFO - Preloading logos for 43 brands
2025-04-08 15:09:54,830 - parts_navigation.steps.brand - INFO - Loaded 43 unique brands
2025-04-08 15:09:54,830 - parts_navigation.components.tiles_grid - INFO - Populating grid with 43 items using 16 columns
2025-04-08 15:09:54,909 - parts_navigation.components.tiles_grid - INFO - Adjusting columns from 3 to 5
2025-04-08 15:09:54,911 - parts_navigation.components.tiles_grid - INFO - Setting grid to 5 columns
2025-04-08 15:09:54,913 - parts_navigation.components.tiles_grid - INFO - Adjusting columns from 4 to 5
2025-04-08 15:09:54,913 - parts_navigation.components.tiles_grid - INFO - Setting grid to 5 columns
2025-04-08 15:09:55,087 - parts_navigation.container - INFO - All navigation steps created successfully
2025-04-08 15:09:55,253 - parts_navigation.components.tiles_grid - INFO - Grid has 16 active columns configured
2025-04-08 15:09:55,253 - parts_navigation.components.tiles_grid - INFO - Total tiles: 43
2025-04-08 15:09:55,253 - parts_navigation.components.tiles_grid - INFO - Visible tiles: 43
2025-04-08 15:09:55,279 - parts_navigation.logo_manager - INFO - Found 31 already cached logos out of 43
2025-04-08 15:09:55,279 - parts_navigation.steps.brand - INFO - Started preloading 43 brand logos
2025-04-08 15:10:04,733 - gui.event_handlers - INFO - Closing database connection...
2025-04-08 15:10:04,753 - __main__ - INFO - Cleaning up application resources...
2025-04-08 15:10:04,754 - __main__ - INFO - Closing database connection...
2025-04-08 15:10:04,754 - __main__ - INFO - Cleaning up parts navigation resources...
2025-04-08 15:10:04,784 - database.car_parts_db - INFO - Thread 6592: New database connection established
2025-04-08 15:10:04,791 - __main__ - INFO - Application shutdown complete
2025-04-08 15:21:56,522 - root - INFO - Logging system initialized (level: INFO)
2025-04-08 15:21:56,523 - root - INFO - Log files directory: C:\Users\97253\Desktop\BeastMode-CSIntro-Excercises\CousinTestProject\logs
2025-04-08 15:21:56,697 - config - INFO - Determined application root: C:\Users\97253\Desktop\BeastMode-CSIntro-Excercises\CousinTestProject
2025-04-08 15:22:03,782 - __main__ - INFO - Application starting at: 2025-04-08 15:22:03
2025-04-08 15:22:03,783 - __main__ - INFO - Current user: BaselAM
2025-04-08 15:22:03,890 - __main__ - INFO - Initializing database connection...
2025-04-08 15:22:04,578 - database.car_parts_db - INFO - Thread 16820: Database connection established
2025-04-08 15:22:04,578 - database.car_parts_db - INFO - Initialized database connection to localhost
2025-04-08 15:22:04,640 - __main__ - INFO - Connected to database. Found 2845 parts.
2025-04-08 15:22:04,641 - translations - INFO - Loading translation files from C:\Users\97253\Desktop\BeastMode-CSIntro-Excercises\CousinTestProject\translations\data
2025-04-08 15:22:04,643 - translations - INFO - Loaded translations for namespace 'car_parts' from C:\Users\97253\Desktop\BeastMode-CSIntro-Excercises\CousinTestProject\translations\data\car_parts.json
2025-04-08 15:22:04,645 - translations - INFO - Loaded translations for namespace 'errors' from C:\Users\97253\Desktop\BeastMode-CSIntro-Excercises\CousinTestProject\translations\data\errors.json
2025-04-08 15:22:04,646 - translations - INFO - Loaded translations for namespace 'filters' from C:\Users\97253\Desktop\BeastMode-CSIntro-Excercises\CousinTestProject\translations\data\filters.json
2025-04-08 15:22:04,648 - translations - INFO - Loaded translations for namespace 'help' from C:\Users\97253\Desktop\BeastMode-CSIntro-Excercises\CousinTestProject\translations\data\help.json
2025-04-08 15:22:04,649 - translations - INFO - Loaded translations for namespace 'login' from C:\Users\97253\Desktop\BeastMode-CSIntro-Excercises\CousinTestProject\translations\data\login.json
2025-04-08 15:22:04,650 - translations - INFO - Loaded translations for namespace 'navigation' from C:\Users\97253\Desktop\BeastMode-CSIntro-Excercises\CousinTestProject\translations\data\navigation.json
2025-04-08 15:22:04,651 - translations - INFO - Loaded translations for namespace 'notifications' from C:\Users\97253\Desktop\BeastMode-CSIntro-Excercises\CousinTestProject\translations\data\notifications.json
2025-04-08 15:22:04,653 - translations - INFO - Loaded translations for namespace 'parts_nav_translations' from C:\Users\97253\Desktop\BeastMode-CSIntro-Excercises\CousinTestProject\translations\data\parts_nav_translations.json
2025-04-08 15:22:04,653 - translations - INFO - Loaded translations for namespace 'products' from C:\Users\97253\Desktop\BeastMode-CSIntro-Excercises\CousinTestProject\translations\data\products.json
2025-04-08 15:22:04,654 - translations - INFO - Loaded translations for namespace 'settings' from C:\Users\97253\Desktop\BeastMode-CSIntro-Excercises\CousinTestProject\translations\data\settings.json
2025-04-08 15:22:04,657 - translations - INFO - Loaded translations for namespace 'ui' from C:\Users\97253\Desktop\BeastMode-CSIntro-Excercises\CousinTestProject\translations\data\ui.json
2025-04-08 15:22:04,658 - translations - INFO - Loaded translations for namespace 'validations' from C:\Users\97253\Desktop\BeastMode-CSIntro-Excercises\CousinTestProject\translations\data\validations.json
2025-04-08 15:22:04,658 - translations - INFO - Loaded 12 translation files from C:\Users\97253\Desktop\BeastMode-CSIntro-Excercises\CousinTestProject\translations\data
2025-04-08 15:22:04,658 - translations - INFO - Loaded 12 translation files
2025-04-08 15:22:05,066 - UsersDB - INFO - Connected to user database at C:\Users\97253\Desktop\BeastMode-CSIntro-Excercises\CousinTestProject\database\users.db
2025-04-08 15:22:05,067 - UsersDB - INFO - Database tables created successfully
2025-04-08 15:22:06,457 - widgets.header.chatbot.api_key_manager - INFO - API key loaded successfully
2025-04-08 15:22:06,617 - widgets.header.chatbot.openai_client - INFO - OpenAI client initialized successfully
2025-04-08 15:22:06,883 - translations - WARNING - Missing translation for 'inventory_insights' in 'he'
2025-04-08 15:22:06,884 - translations - WARNING - Missing translation for 'categories' in 'he'
2025-04-08 15:22:06,884 - translations - WARNING - Missing translation for 'brands' in 'he'
2025-04-08 15:22:06,884 - translations - WARNING - Missing translation for 'low_stock' in 'he'
2025-04-08 15:22:06,884 - translations - WARNING - Missing translation for 'total_parts' in 'he'
2025-04-08 15:22:06,884 - translations - WARNING - Missing translation for 'total_value' in 'he'
2025-04-08 15:22:06,884 - translations - WARNING - Missing translation for 'average_price' in 'he'
2025-04-08 15:22:07,035 - parts_navigation.components.tiles_grid - INFO - Populating grid with 8 items using 4 columns
2025-04-08 15:22:07,167 - parts_navigation.container - INFO - All navigation steps created successfully
2025-04-08 15:22:07,168 - parts_navigation.components.tiles_grid - INFO - Grid has 4 active columns configured
2025-04-08 15:22:07,169 - parts_navigation.components.tiles_grid - INFO - Total tiles: 8
2025-04-08 15:22:07,169 - parts_navigation.components.tiles_grid - INFO - Visible tiles: 0
2025-04-08 15:22:07,169 - parts_navigation.container - INFO - Navigated to step 0
2025-04-08 15:22:07,612 - parts_navigation.container - INFO - Starting delayed brand preloading
2025-04-08 15:22:07,612 - parts_navigation.steps.brand - INFO - Starting to preload brands data
2025-04-08 15:22:07,851 - translations - WARNING - Missing translation for 'Internet: Connected' in 'he'
2025-04-08 15:22:07,929 - database.car_parts_db - INFO - Found 43 unique car brands in database
2025-04-08 15:22:07,930 - database.car_parts_db - INFO - Processed 43 unique car brands
2025-04-08 15:22:08,197 - parts_navigation.container - INFO - All navigation steps created successfully
2025-04-08 15:22:08,198 - parts_navigation.steps.brand - INFO - Preloaded 43 brands
2025-04-08 15:22:08,198 - parts_navigation.logo_manager - INFO - Preloading logos for 43 brands
2025-04-08 15:22:08,869 - parts_navigation.steps.brand - INFO - Loaded 43 unique brands
2025-04-08 15:22:08,869 - parts_navigation.components.tiles_grid - INFO - Populating grid with 43 items using 4 columns
2025-04-08 15:22:09,383 - parts_navigation.components.tiles_grid - INFO - Grid has 4 active columns configured
2025-04-08 15:22:09,383 - parts_navigation.components.tiles_grid - INFO - Total tiles: 43
2025-04-08 15:22:09,383 - parts_navigation.components.tiles_grid - INFO - Visible tiles: 0
2025-04-08 15:22:09,420 - parts_navigation.logo_manager - INFO - Found 31 already cached logos out of 43
2025-04-08 15:22:09,420 - parts_navigation.steps.brand - INFO - Started preloading 43 brand logos
2025-04-08 15:22:11,872 - UsersDB - INFO - User fahed authenticated successfully
2025-04-08 15:22:11,888 - __main__ - INFO - User logged in: {'id': 2, 'username': 'fahed', 'full_name': 'Fahed Abu Mukh', 'role': 'manager', 'settings': {'theme': 'classic', 'language': 'en', 'rtl': False}}
2025-04-08 15:22:13,267 - parts_navigation.components.tiles_grid - INFO - Adjusting columns from 3 to 5
2025-04-08 15:22:13,268 - parts_navigation.components.tiles_grid - INFO - Setting grid to 5 columns
2025-04-08 15:22:13,269 - parts_navigation.components.tiles_grid - INFO - Adjusting columns from 4 to 5
2025-04-08 15:22:13,270 - parts_navigation.components.tiles_grid - INFO - Setting grid to 5 columns
2025-04-08 15:22:13,273 - parts_navigation.components.tiles_grid - INFO - Adjusting columns from 4 to 5
2025-04-08 15:22:13,273 - parts_navigation.components.tiles_grid - INFO - Setting grid to 5 columns
2025-04-08 15:22:13,274 - parts_navigation.components.tiles_grid - INFO - Adjusting columns from 3 to 5
2025-04-08 15:22:13,274 - parts_navigation.components.tiles_grid - INFO - Setting grid to 5 columns
2025-04-08 15:22:13,275 - parts_navigation.components.tiles_grid - INFO - Adjusting columns from 4 to 5
2025-04-08 15:22:13,276 - parts_navigation.components.tiles_grid - INFO - Setting grid to 5 columns
2025-04-08 15:22:13,276 - parts_navigation.components.tiles_grid - INFO - Adjusting columns from 4 to 6
2025-04-08 15:22:13,276 - parts_navigation.components.tiles_grid - INFO - Setting grid to 6 columns
2025-04-08 15:22:26,894 - widgets.statistics - INFO - Applying filters: {'date_from': '2025-03-08', 'date_to': '2025-04-08', 'category': None, 'brand': 'Alfa Romeo', 'stock_status': {'in_stock': True, 'low_stock': True, 'out_of_stock': True}, 'price_min': None, 'price_max': None}
2025-04-08 15:22:32,081 - widgets.statistics - INFO - Applying filters: {'date_from': '2025-03-08', 'date_to': '2025-04-08', 'category': None, 'brand': None, 'stock_status': {'in_stock': True, 'low_stock': True, 'out_of_stock': True}, 'price_min': None, 'price_max': None}
2025-04-08 15:22:39,853 - gui.event_handlers - INFO - Closing database connection...
2025-04-08 15:22:39,874 - __main__ - INFO - Cleaning up application resources...
2025-04-08 15:22:39,875 - __main__ - INFO - Closing database connection...
2025-04-08 15:22:39,875 - __main__ - INFO - Cleaning up parts navigation resources...
2025-04-08 15:22:39,886 - database.car_parts_db - INFO - Thread 16820: New database connection established
2025-04-08 15:22:39,891 - __main__ - INFO - Application shutdown complete
2025-04-08 18:56:11,599 - root - INFO - Logging system initialized (level: INFO)
2025-04-08 18:56:11,600 - root - INFO - Log files directory: C:\Users\97253\Desktop\BeastMode-CSIntro-Excercises\CousinTestProject\logs
2025-04-08 18:56:11,851 - config - INFO - Determined application root: C:\Users\97253\Desktop\BeastMode-CSIntro-Excercises\CousinTestProject
2025-04-08 18:58:29,943 - root - INFO - Logging system initialized (level: INFO)
2025-04-08 18:58:29,943 - root - INFO - Log files directory: C:\Users\97253\Desktop\BeastMode-CSIntro-Excercises\CousinTestProject\logs
2025-04-08 18:58:30,145 - config - INFO - Determined application root: C:\Users\97253\Desktop\BeastMode-CSIntro-Excercises\CousinTestProject
2025-04-08 18:58:34,939 - __main__ - INFO - Application starting at: 2025-04-08 18:58:34
2025-04-08 18:58:34,939 - __main__ - INFO - Current user: BaselAM
2025-04-08 18:58:35,032 - __main__ - INFO - Initializing database connection...
2025-04-08 18:58:35,599 - database.car_parts_db - INFO - Thread 12768: Database connection established
2025-04-08 18:58:35,599 - database.car_parts_db - INFO - Initialized database connection to localhost
2025-04-08 18:58:35,647 - __main__ - INFO - Connected to database. Found 2845 parts.
2025-04-08 18:58:35,647 - translations - INFO - Loading translation files from C:\Users\97253\Desktop\BeastMode-CSIntro-Excercises\CousinTestProject\translations\data
2025-04-08 18:58:35,650 - translations - INFO - Loaded translations for namespace 'car_parts' from C:\Users\97253\Desktop\BeastMode-CSIntro-Excercises\CousinTestProject\translations\data\car_parts.json
2025-04-08 18:58:35,662 - translations - INFO - Loaded translations for namespace 'errors' from C:\Users\97253\Desktop\BeastMode-CSIntro-Excercises\CousinTestProject\translations\data\errors.json
2025-04-08 18:58:35,673 - translations - INFO - Loaded translations for namespace 'filters' from C:\Users\97253\Desktop\BeastMode-CSIntro-Excercises\CousinTestProject\translations\data\filters.json
2025-04-08 18:58:35,691 - translations - INFO - Loaded translations for namespace 'help' from C:\Users\97253\Desktop\BeastMode-CSIntro-Excercises\CousinTestProject\translations\data\help.json
2025-04-08 18:58:35,707 - translations - INFO - Loaded translations for namespace 'login' from C:\Users\97253\Desktop\BeastMode-CSIntro-Excercises\CousinTestProject\translations\data\login.json
2025-04-08 18:58:35,710 - translations - INFO - Loaded translations for namespace 'navigation' from C:\Users\97253\Desktop\BeastMode-CSIntro-Excercises\CousinTestProject\translations\data\navigation.json
2025-04-08 18:58:35,714 - translations - INFO - Loaded translations for namespace 'notifications' from C:\Users\97253\Desktop\BeastMode-CSIntro-Excercises\CousinTestProject\translations\data\notifications.json
2025-04-08 18:58:35,727 - translations - INFO - Loaded translations for namespace 'parts_nav_translations' from C:\Users\97253\Desktop\BeastMode-CSIntro-Excercises\CousinTestProject\translations\data\parts_nav_translations.json
2025-04-08 18:58:35,735 - translations - INFO - Loaded translations for namespace 'products' from C:\Users\97253\Desktop\BeastMode-CSIntro-Excercises\CousinTestProject\translations\data\products.json
2025-04-08 18:58:35,759 - translations - INFO - Loaded translations for namespace 'settings' from C:\Users\97253\Desktop\BeastMode-CSIntro-Excercises\CousinTestProject\translations\data\settings.json
2025-04-08 18:58:35,772 - translations - INFO - Loaded translations for namespace 'ui' from C:\Users\97253\Desktop\BeastMode-CSIntro-Excercises\CousinTestProject\translations\data\ui.json
2025-04-08 18:58:35,783 - translations - INFO - Loaded translations for namespace 'validations' from C:\Users\97253\Desktop\BeastMode-CSIntro-Excercises\CousinTestProject\translations\data\validations.json
2025-04-08 18:58:35,784 - translations - INFO - Loaded 12 translation files from C:\Users\97253\Desktop\BeastMode-CSIntro-Excercises\CousinTestProject\translations\data
2025-04-08 18:58:35,784 - translations - INFO - Loaded 12 translation files
2025-04-08 18:58:36,104 - UsersDB - INFO - Connected to user database at C:\Users\97253\Desktop\BeastMode-CSIntro-Excercises\CousinTestProject\database\users.db
2025-04-08 18:58:36,105 - UsersDB - INFO - Database tables created successfully
2025-04-08 18:58:37,411 - widgets.header.chatbot.api_key_manager - INFO - API key loaded successfully
2025-04-08 18:58:37,574 - widgets.header.chatbot.openai_client - INFO - OpenAI client initialized successfully
2025-04-08 18:58:38,107 - translations - WARNING - Missing translation for 'inventory_insights' in 'he'
2025-04-08 18:58:38,109 - translations - WARNING - Missing translation for 'categories' in 'he'
2025-04-08 18:58:38,109 - translations - WARNING - Missing translation for 'brands' in 'he'
2025-04-08 18:58:38,109 - translations - WARNING - Missing translation for 'low_stock' in 'he'
2025-04-08 18:58:38,110 - translations - WARNING - Missing translation for 'total_parts' in 'he'
2025-04-08 18:58:38,110 - translations - WARNING - Missing translation for 'total_value' in 'he'
2025-04-08 18:58:38,110 - translations - WARNING - Missing translation for 'average_price' in 'he'
2025-04-08 18:58:38,329 - parts_navigation.components.tiles_grid - INFO - Populating grid with 8 items using 4 columns
2025-04-08 18:58:38,582 - parts_navigation.container - INFO - All navigation steps created successfully
2025-04-08 18:58:38,582 - parts_navigation.container - INFO - Starting delayed brand preloading
2025-04-08 18:58:38,582 - parts_navigation.steps.brand - INFO - Starting to preload brands data
2025-04-08 18:58:38,613 - parts_navigation.components.tiles_grid - INFO - Grid has 4 active columns configured
2025-04-08 18:58:38,614 - parts_navigation.components.tiles_grid - INFO - Total tiles: 8
2025-04-08 18:58:38,614 - parts_navigation.components.tiles_grid - INFO - Visible tiles: 0
2025-04-08 18:58:38,614 - parts_navigation.container - INFO - Navigated to step 0
2025-04-08 18:58:39,218 - database.car_parts_db - INFO - Found 43 unique car brands in database
2025-04-08 18:58:39,218 - database.car_parts_db - INFO - Processed 43 unique car brands
2025-04-08 18:58:39,256 - parts_navigation.container - INFO - All navigation steps created successfully
2025-04-08 18:58:39,260 - translations - WARNING - Missing translation for 'Internet: Connected' in 'he'
2025-04-08 18:58:39,468 - parts_navigation.steps.brand - INFO - Preloaded 43 brands
2025-04-08 18:58:39,468 - parts_navigation.logo_manager - INFO - Preloading logos for 43 brands
2025-04-08 18:58:40,500 - parts_navigation.steps.brand - INFO - Loaded 43 unique brands
2025-04-08 18:58:40,500 - parts_navigation.components.tiles_grid - INFO - Populating grid with 43 items using 4 columns
2025-04-08 18:58:41,080 - parts_navigation.components.tiles_grid - INFO - Grid has 4 active columns configured
2025-04-08 18:58:41,080 - parts_navigation.components.tiles_grid - INFO - Total tiles: 43
2025-04-08 18:58:41,081 - parts_navigation.components.tiles_grid - INFO - Visible tiles: 0
2025-04-08 18:58:41,104 - parts_navigation.logo_manager - INFO - Found 31 already cached logos out of 43
2025-04-08 18:58:41,104 - parts_navigation.steps.brand - INFO - Started preloading 43 brand logos
2025-04-08 18:58:43,228 - UsersDB - INFO - User fahed authenticated successfully
2025-04-08 18:58:43,245 - __main__ - INFO - User logged in: {'id': 2, 'username': 'fahed', 'full_name': 'Fahed Abu Mukh', 'role': 'manager', 'settings': {'theme': 'classic', 'language': 'en', 'rtl': False}}
2025-04-08 18:58:44,509 - parts_navigation.components.tiles_grid - INFO - Adjusting columns from 3 to 5
2025-04-08 18:58:44,510 - parts_navigation.components.tiles_grid - INFO - Setting grid to 5 columns
2025-04-08 18:58:44,511 - parts_navigation.components.tiles_grid - INFO - Adjusting columns from 4 to 5
2025-04-08 18:58:44,511 - parts_navigation.components.tiles_grid - INFO - Setting grid to 5 columns
2025-04-08 18:58:44,512 - parts_navigation.components.tiles_grid - INFO - Adjusting columns from 4 to 5
2025-04-08 18:58:44,513 - parts_navigation.components.tiles_grid - INFO - Setting grid to 5 columns
2025-04-08 18:58:44,513 - parts_navigation.components.tiles_grid - INFO - Adjusting columns from 3 to 5
2025-04-08 18:58:44,513 - parts_navigation.components.tiles_grid - INFO - Setting grid to 5 columns
2025-04-08 18:58:44,514 - parts_navigation.components.tiles_grid - INFO - Adjusting columns from 4 to 5
2025-04-08 18:58:44,514 - parts_navigation.components.tiles_grid - INFO - Setting grid to 5 columns
2025-04-08 18:58:44,514 - parts_navigation.components.tiles_grid - INFO - Adjusting columns from 4 to 6
2025-04-08 18:58:44,515 - parts_navigation.components.tiles_grid - INFO - Setting grid to 6 columns
2025-04-08 18:58:46,599 - translations - WARNING - Missing translation for 'barcode' in 'he'
2025-04-08 18:58:46,599 - translations - WARNING - Missing translation for 'barcode_placeholder' in 'he'
2025-04-08 18:58:46,753 - translations - WARNING - Missing translation for 'scan_barcode_tooltip' in 'he'
2025-04-08 18:58:48,330 - translations - WARNING - Missing translation for 'scan_barcode' in 'he'
2025-04-08 18:58:48,330 - translations - WARNING - Missing translation for 'enter_barcode' in 'he'
2025-04-08 18:58:53,903 - gui.event_handlers - INFO - Closing database connection...
2025-04-08 18:58:53,916 - __main__ - INFO - Cleaning up application resources...
2025-04-08 18:58:53,916 - __main__ - INFO - Closing database connection...
2025-04-08 18:58:53,916 - __main__ - INFO - Cleaning up parts navigation resources...
2025-04-08 18:58:53,931 - database.car_parts_db - INFO - Thread 12768: New database connection established
2025-04-08 18:58:53,934 - __main__ - INFO - Application shutdown complete
2025-04-08 19:03:49,472 - root - INFO - Logging system initialized (level: INFO)
2025-04-08 19:03:49,473 - root - INFO - Log files directory: C:\Users\97253\Desktop\BeastMode-CSIntro-Excercises\CousinTestProject\logs
2025-04-08 19:03:49,719 - config - INFO - Determined application root: C:\Users\97253\Desktop\BeastMode-CSIntro-Excercises\CousinTestProject
2025-04-08 19:03:52,738 - __main__ - INFO - Application starting at: 2025-04-08 19:03:52
2025-04-08 19:03:52,739 - __main__ - INFO - Current user: BaselAM
2025-04-08 19:03:52,820 - __main__ - INFO - Initializing database connection...
2025-04-08 19:03:53,198 - database.car_parts_db - INFO - Thread 2948: Database connection established
2025-04-08 19:03:53,198 - database.car_parts_db - INFO - Initialized database connection to localhost
2025-04-08 19:03:53,238 - __main__ - INFO - Connected to database. Found 2845 parts.
2025-04-08 19:03:53,239 - translations - INFO - Loading translation files from C:\Users\97253\Desktop\BeastMode-CSIntro-Excercises\CousinTestProject\translations\data
2025-04-08 19:03:53,241 - translations - INFO - Loaded translations for namespace 'car_parts' from C:\Users\97253\Desktop\BeastMode-CSIntro-Excercises\CousinTestProject\translations\data\car_parts.json
2025-04-08 19:03:53,241 - translations - INFO - Loaded translations for namespace 'errors' from C:\Users\97253\Desktop\BeastMode-CSIntro-Excercises\CousinTestProject\translations\data\errors.json
2025-04-08 19:03:53,241 - translations - INFO - Loaded translations for namespace 'filters' from C:\Users\97253\Desktop\BeastMode-CSIntro-Excercises\CousinTestProject\translations\data\filters.json
2025-04-08 19:03:53,242 - translations - INFO - Loaded translations for namespace 'help' from C:\Users\97253\Desktop\BeastMode-CSIntro-Excercises\CousinTestProject\translations\data\help.json
2025-04-08 19:03:53,242 - translations - INFO - Loaded translations for namespace 'login' from C:\Users\97253\Desktop\BeastMode-CSIntro-Excercises\CousinTestProject\translations\data\login.json
2025-04-08 19:03:53,243 - translations - INFO - Loaded translations for namespace 'navigation' from C:\Users\97253\Desktop\BeastMode-CSIntro-Excercises\CousinTestProject\translations\data\navigation.json
2025-04-08 19:03:53,243 - translations - INFO - Loaded translations for namespace 'notifications' from C:\Users\97253\Desktop\BeastMode-CSIntro-Excercises\CousinTestProject\translations\data\notifications.json
2025-04-08 19:03:53,245 - translations - INFO - Loaded translations for namespace 'parts_nav_translations' from C:\Users\97253\Desktop\BeastMode-CSIntro-Excercises\CousinTestProject\translations\data\parts_nav_translations.json
2025-04-08 19:03:53,245 - translations - INFO - Loaded translations for namespace 'products' from C:\Users\97253\Desktop\BeastMode-CSIntro-Excercises\CousinTestProject\translations\data\products.json
2025-04-08 19:03:53,246 - translations - INFO - Loaded translations for namespace 'settings' from C:\Users\97253\Desktop\BeastMode-CSIntro-Excercises\CousinTestProject\translations\data\settings.json
2025-04-08 19:03:53,246 - translations - INFO - Loaded translations for namespace 'ui' from C:\Users\97253\Desktop\BeastMode-CSIntro-Excercises\CousinTestProject\translations\data\ui.json
2025-04-08 19:03:53,247 - translations - INFO - Loaded translations for namespace 'validations' from C:\Users\97253\Desktop\BeastMode-CSIntro-Excercises\CousinTestProject\translations\data\validations.json
2025-04-08 19:03:53,247 - translations - INFO - Loaded 12 translation files from C:\Users\97253\Desktop\BeastMode-CSIntro-Excercises\CousinTestProject\translations\data
2025-04-08 19:03:53,247 - translations - INFO - Loaded 12 translation files
2025-04-08 19:03:53,475 - UsersDB - INFO - Connected to user database at C:\Users\97253\Desktop\BeastMode-CSIntro-Excercises\CousinTestProject\database\users.db
2025-04-08 19:03:53,477 - UsersDB - INFO - Database tables created successfully
2025-04-08 19:03:54,299 - widgets.header.chatbot.api_key_manager - INFO - API key loaded successfully
2025-04-08 19:03:54,407 - widgets.header.chatbot.openai_client - INFO - OpenAI client initialized successfully
2025-04-08 19:03:54,662 - translations - WARNING - Missing translation for 'inventory_insights' in 'he'
2025-04-08 19:03:54,662 - translations - WARNING - Missing translation for 'categories' in 'he'
2025-04-08 19:03:54,662 - translations - WARNING - Missing translation for 'brands' in 'he'
2025-04-08 19:03:54,662 - translations - WARNING - Missing translation for 'low_stock' in 'he'
2025-04-08 19:03:54,662 - translations - WARNING - Missing translation for 'total_parts' in 'he'
2025-04-08 19:03:54,662 - translations - WARNING - Missing translation for 'total_value' in 'he'
2025-04-08 19:03:54,662 - translations - WARNING - Missing translation for 'average_price' in 'he'
2025-04-08 19:03:54,827 - parts_navigation.components.tiles_grid - INFO - Populating grid with 8 items using 4 columns
2025-04-08 19:03:54,890 - parts_navigation.components.tiles_grid - INFO - Grid has 4 active columns configured
2025-04-08 19:03:54,890 - parts_navigation.components.tiles_grid - INFO - Total tiles: 8
2025-04-08 19:03:54,890 - parts_navigation.components.tiles_grid - INFO - Visible tiles: 0
2025-04-08 19:03:54,890 - parts_navigation.container - INFO - Navigated to step 0
2025-04-08 19:03:55,181 - parts_navigation.container - INFO - All navigation steps created successfully
2025-04-08 19:03:55,181 - parts_navigation.container - INFO - Starting delayed brand preloading
2025-04-08 19:03:55,181 - parts_navigation.steps.brand - INFO - Starting to preload brands data
2025-04-08 19:03:55,395 - translations - WARNING - Missing translation for 'Internet: Connected' in 'he'
2025-04-08 19:03:55,463 - database.car_parts_db - INFO - Found 43 unique car brands in database
2025-04-08 19:03:55,463 - database.car_parts_db - INFO - Processed 43 unique car brands
2025-04-08 19:03:55,800 - parts_navigation.container - INFO - All navigation steps created successfully
2025-04-08 19:03:55,801 - parts_navigation.steps.brand - INFO - Preloaded 43 brands
2025-04-08 19:03:55,801 - parts_navigation.logo_manager - INFO - Preloading logos for 43 brands
2025-04-08 19:03:55,935 - parts_navigation.steps.brand - INFO - Loaded 43 unique brands
2025-04-08 19:03:55,935 - parts_navigation.components.tiles_grid - INFO - Populating grid with 43 items using 4 columns
2025-04-08 19:03:56,880 - parts_navigation.components.tiles_grid - INFO - Grid has 4 active columns configured
2025-04-08 19:03:56,880 - parts_navigation.components.tiles_grid - INFO - Total tiles: 43
2025-04-08 19:03:56,880 - parts_navigation.components.tiles_grid - INFO - Visible tiles: 0
2025-04-08 19:03:56,913 - parts_navigation.logo_manager - INFO - Found 31 already cached logos out of 43
2025-04-08 19:03:56,913 - parts_navigation.steps.brand - INFO - Started preloading 43 brand logos
2025-04-08 19:03:59,481 - UsersDB - INFO - User fahed authenticated successfully
2025-04-08 19:03:59,494 - __main__ - INFO - User logged in: {'id': 2, 'username': 'fahed', 'full_name': 'Fahed Abu Mukh', 'role': 'manager', 'settings': {'theme': 'classic', 'language': 'en', 'rtl': False}}
2025-04-08 19:04:00,423 - parts_navigation.components.tiles_grid - INFO - Adjusting columns from 3 to 5
2025-04-08 19:04:00,423 - parts_navigation.components.tiles_grid - INFO - Setting grid to 5 columns
2025-04-08 19:04:00,425 - parts_navigation.components.tiles_grid - INFO - Adjusting columns from 4 to 5
2025-04-08 19:04:00,425 - parts_navigation.components.tiles_grid - INFO - Setting grid to 5 columns
2025-04-08 19:04:00,427 - parts_navigation.components.tiles_grid - INFO - Adjusting columns from 4 to 5
2025-04-08 19:04:00,428 - parts_navigation.components.tiles_grid - INFO - Setting grid to 5 columns
2025-04-08 19:04:00,428 - parts_navigation.components.tiles_grid - INFO - Adjusting columns from 3 to 5
2025-04-08 19:04:00,429 - parts_navigation.components.tiles_grid - INFO - Setting grid to 5 columns
2025-04-08 19:04:00,429 - parts_navigation.components.tiles_grid - INFO - Adjusting columns from 4 to 5
2025-04-08 19:04:00,430 - parts_navigation.components.tiles_grid - INFO - Setting grid to 5 columns
2025-04-08 19:04:00,430 - parts_navigation.components.tiles_grid - INFO - Adjusting columns from 4 to 6
2025-04-08 19:04:00,430 - parts_navigation.components.tiles_grid - INFO - Setting grid to 6 columns
2025-04-08 19:04:02,032 - translations - WARNING - Missing translation for 'barcode' in 'he'
2025-04-08 19:04:02,032 - translations - WARNING - Missing translation for 'barcode_placeholder' in 'he'
2025-04-08 19:04:02,158 - translations - WARNING - Missing translation for 'scan_barcode_tooltip' in 'he'
2025-04-08 19:07:31,974 - root - INFO - Logging system initialized (level: INFO)
2025-04-08 19:07:31,975 - root - INFO - Log files directory: C:\Users\97253\Desktop\BeastMode-CSIntro-Excercises\CousinTestProject\logs
2025-04-08 19:07:32,138 - config - INFO - Determined application root: C:\Users\97253\Desktop\BeastMode-CSIntro-Excercises\CousinTestProject
2025-04-08 19:07:37,127 - __main__ - INFO - Application starting at: 2025-04-08 19:07:37
2025-04-08 19:07:37,129 - __main__ - INFO - Current user: BaselAM
2025-04-08 19:07:37,227 - __main__ - INFO - Initializing database connection...
2025-04-08 19:07:37,802 - database.car_parts_db - INFO - Thread 9840: Database connection established
2025-04-08 19:07:37,802 - database.car_parts_db - INFO - Initialized database connection to localhost
2025-04-08 19:07:37,834 - __main__ - INFO - Connected to database. Found 2845 parts.
2025-04-08 19:07:37,835 - translations - INFO - Loading translation files from C:\Users\97253\Desktop\BeastMode-CSIntro-Excercises\CousinTestProject\translations\data
2025-04-08 19:07:37,836 - translations - INFO - Loaded translations for namespace 'car_parts' from C:\Users\97253\Desktop\BeastMode-CSIntro-Excercises\CousinTestProject\translations\data\car_parts.json
2025-04-08 19:07:37,836 - translations - INFO - Loaded translations for namespace 'errors' from C:\Users\97253\Desktop\BeastMode-CSIntro-Excercises\CousinTestProject\translations\data\errors.json
2025-04-08 19:07:37,837 - translations - INFO - Loaded translations for namespace 'filters' from C:\Users\97253\Desktop\BeastMode-CSIntro-Excercises\CousinTestProject\translations\data\filters.json
2025-04-08 19:07:37,838 - translations - INFO - Loaded translations for namespace 'help' from C:\Users\97253\Desktop\BeastMode-CSIntro-Excercises\CousinTestProject\translations\data\help.json
2025-04-08 19:07:37,838 - translations - INFO - Loaded translations for namespace 'login' from C:\Users\97253\Desktop\BeastMode-CSIntro-Excercises\CousinTestProject\translations\data\login.json
2025-04-08 19:07:37,839 - translations - INFO - Loaded translations for namespace 'navigation' from C:\Users\97253\Desktop\BeastMode-CSIntro-Excercises\CousinTestProject\translations\data\navigation.json
2025-04-08 19:07:37,839 - translations - INFO - Loaded translations for namespace 'notifications' from C:\Users\97253\Desktop\BeastMode-CSIntro-Excercises\CousinTestProject\translations\data\notifications.json
2025-04-08 19:07:37,840 - translations - INFO - Loaded translations for namespace 'parts_nav_translations' from C:\Users\97253\Desktop\BeastMode-CSIntro-Excercises\CousinTestProject\translations\data\parts_nav_translations.json
2025-04-08 19:07:37,840 - translations - INFO - Loaded translations for namespace 'products' from C:\Users\97253\Desktop\BeastMode-CSIntro-Excercises\CousinTestProject\translations\data\products.json
2025-04-08 19:07:37,841 - translations - INFO - Loaded translations for namespace 'settings' from C:\Users\97253\Desktop\BeastMode-CSIntro-Excercises\CousinTestProject\translations\data\settings.json
2025-04-08 19:07:37,841 - translations - INFO - Loaded translations for namespace 'ui' from C:\Users\97253\Desktop\BeastMode-CSIntro-Excercises\CousinTestProject\translations\data\ui.json
2025-04-08 19:07:37,842 - translations - INFO - Loaded translations for namespace 'validations' from C:\Users\97253\Desktop\BeastMode-CSIntro-Excercises\CousinTestProject\translations\data\validations.json
2025-04-08 19:07:37,842 - translations - INFO - Loaded 12 translation files from C:\Users\97253\Desktop\BeastMode-CSIntro-Excercises\CousinTestProject\translations\data
2025-04-08 19:07:37,842 - translations - INFO - Loaded 12 translation files
2025-04-08 19:07:38,070 - UsersDB - INFO - Connected to user database at C:\Users\97253\Desktop\BeastMode-CSIntro-Excercises\CousinTestProject\database\users.db
2025-04-08 19:07:38,071 - UsersDB - INFO - Database tables created successfully
2025-04-08 19:07:38,847 - widgets.header.chatbot.api_key_manager - INFO - API key loaded successfully
2025-04-08 19:07:38,947 - widgets.header.chatbot.openai_client - INFO - OpenAI client initialized successfully
2025-04-08 19:07:39,124 - translations - WARNING - Missing translation for 'inventory_insights' in 'he'
2025-04-08 19:07:39,124 - translations - WARNING - Missing translation for 'categories' in 'he'
2025-04-08 19:07:39,124 - translations - WARNING - Missing translation for 'brands' in 'he'
2025-04-08 19:07:39,124 - translations - WARNING - Missing translation for 'low_stock' in 'he'
2025-04-08 19:07:39,124 - translations - WARNING - Missing translation for 'total_parts' in 'he'
2025-04-08 19:07:39,124 - translations - WARNING - Missing translation for 'total_value' in 'he'
2025-04-08 19:07:39,124 - translations - WARNING - Missing translation for 'average_price' in 'he'
2025-04-08 19:07:39,268 - parts_navigation.components.tiles_grid - INFO - Populating grid with 8 items using 4 columns
2025-04-08 19:07:39,324 - parts_navigation.components.tiles_grid - INFO - Grid has 4 active columns configured
2025-04-08 19:07:39,324 - parts_navigation.components.tiles_grid - INFO - Total tiles: 8
2025-04-08 19:07:39,324 - parts_navigation.components.tiles_grid - INFO - Visible tiles: 0
2025-04-08 19:07:39,325 - parts_navigation.container - INFO - Navigated to step 0
2025-04-08 19:07:39,600 - parts_navigation.container - INFO - All navigation steps created successfully
2025-04-08 19:07:39,600 - parts_navigation.container - INFO - Starting delayed brand preloading
2025-04-08 19:07:39,600 - parts_navigation.steps.brand - INFO - Starting to preload brands data
2025-04-08 19:07:39,886 - translations - WARNING - Missing translation for 'Internet: Connected' in 'he'
2025-04-08 19:07:39,948 - database.car_parts_db - INFO - Found 43 unique car brands in database
2025-04-08 19:07:39,949 - database.car_parts_db - INFO - Processed 43 unique car brands
2025-04-08 19:07:40,302 - parts_navigation.container - INFO - All navigation steps created successfully
2025-04-08 19:07:40,302 - parts_navigation.steps.brand - INFO - Preloaded 43 brands
2025-04-08 19:07:40,303 - parts_navigation.logo_manager - INFO - Preloading logos for 43 brands
2025-04-08 19:07:40,962 - parts_navigation.steps.brand - INFO - Loaded 43 unique brands
2025-04-08 19:07:40,962 - parts_navigation.components.tiles_grid - INFO - Populating grid with 43 items using 4 columns
2025-04-08 19:07:41,440 - parts_navigation.components.tiles_grid - INFO - Grid has 4 active columns configured
2025-04-08 19:07:41,440 - parts_navigation.components.tiles_grid - INFO - Total tiles: 43
2025-04-08 19:07:41,440 - parts_navigation.components.tiles_grid - INFO - Visible tiles: 0
2025-04-08 19:07:41,481 - parts_navigation.logo_manager - INFO - Found 31 already cached logos out of 43
2025-04-08 19:07:41,481 - parts_navigation.steps.brand - INFO - Started preloading 43 brand logos
2025-04-08 19:08:04,402 - UsersDB - INFO - User fahed authenticated successfully
2025-04-08 19:08:04,420 - __main__ - INFO - User logged in: {'id': 2, 'username': 'fahed', 'full_name': 'Fahed Abu Mukh', 'role': 'manager', 'settings': {'theme': 'classic', 'language': 'en', 'rtl': False}}
2025-04-08 19:08:05,692 - parts_navigation.components.tiles_grid - INFO - Adjusting columns from 3 to 5
2025-04-08 19:08:05,692 - parts_navigation.components.tiles_grid - INFO - Setting grid to 5 columns
2025-04-08 19:08:05,693 - parts_navigation.components.tiles_grid - INFO - Adjusting columns from 4 to 5
2025-04-08 19:08:05,693 - parts_navigation.components.tiles_grid - INFO - Setting grid to 5 columns
2025-04-08 19:08:05,694 - parts_navigation.components.tiles_grid - INFO - Adjusting columns from 4 to 5
2025-04-08 19:08:05,694 - parts_navigation.components.tiles_grid - INFO - Setting grid to 5 columns
2025-04-08 19:08:05,694 - parts_navigation.components.tiles_grid - INFO - Adjusting columns from 3 to 5
2025-04-08 19:08:05,694 - parts_navigation.components.tiles_grid - INFO - Setting grid to 5 columns
2025-04-08 19:08:05,695 - parts_navigation.components.tiles_grid - INFO - Adjusting columns from 4 to 5
2025-04-08 19:08:05,695 - parts_navigation.components.tiles_grid - INFO - Setting grid to 5 columns
2025-04-08 19:08:05,695 - parts_navigation.components.tiles_grid - INFO - Adjusting columns from 4 to 6
2025-04-08 19:08:05,695 - parts_navigation.components.tiles_grid - INFO - Setting grid to 6 columns
2025-04-08 19:08:08,247 - translations - WARNING - Missing translation for 'barcode' in 'he'
2025-04-08 19:08:08,247 - translations - WARNING - Missing translation for 'barcode_placeholder' in 'he'
2025-04-08 19:08:08,431 - translations - WARNING - Missing translation for 'scan_barcode_tooltip' in 'he'
2025-04-08 19:30:24,049 - root - INFO - Logging system initialized (level: INFO)
2025-04-08 19:30:24,050 - root - INFO - Log files directory: C:\Users\97253\Desktop\BeastMode-CSIntro-Excercises\CousinTestProject\logs
2025-04-08 19:30:24,239 - config - INFO - Determined application root: C:\Users\97253\Desktop\BeastMode-CSIntro-Excercises\CousinTestProject
2025-04-08 19:30:28,238 - __main__ - INFO - Application starting at: 2025-04-08 19:30:28
2025-04-08 19:30:28,238 - __main__ - INFO - Current user: BaselAM
2025-04-08 19:30:28,320 - __main__ - INFO - Initializing database connection...
2025-04-08 19:30:28,911 - database.car_parts_db - INFO - Thread 9380: Database connection established
2025-04-08 19:30:28,912 - database.car_parts_db - INFO - Initialized database connection to localhost
2025-04-08 19:30:28,972 - __main__ - INFO - Connected to database. Found 2845 parts.
2025-04-08 19:30:28,973 - translations - INFO - Loading translation files from C:\Users\97253\Desktop\BeastMode-CSIntro-Excercises\CousinTestProject\translations\data
2025-04-08 19:30:28,975 - translations - INFO - Loaded translations for namespace 'car_parts' from C:\Users\97253\Desktop\BeastMode-CSIntro-Excercises\CousinTestProject\translations\data\car_parts.json
2025-04-08 19:30:28,976 - translations - INFO - Loaded translations for namespace 'errors' from C:\Users\97253\Desktop\BeastMode-CSIntro-Excercises\CousinTestProject\translations\data\errors.json
2025-04-08 19:30:28,976 - translations - INFO - Loaded translations for namespace 'filters' from C:\Users\97253\Desktop\BeastMode-CSIntro-Excercises\CousinTestProject\translations\data\filters.json
2025-04-08 19:30:28,977 - translations - INFO - Loaded translations for namespace 'help' from C:\Users\97253\Desktop\BeastMode-CSIntro-Excercises\CousinTestProject\translations\data\help.json
2025-04-08 19:30:28,979 - translations - INFO - Loaded translations for namespace 'login' from C:\Users\97253\Desktop\BeastMode-CSIntro-Excercises\CousinTestProject\translations\data\login.json
2025-04-08 19:30:28,980 - translations - INFO - Loaded translations for namespace 'navigation' from C:\Users\97253\Desktop\BeastMode-CSIntro-Excercises\CousinTestProject\translations\data\navigation.json
2025-04-08 19:30:28,982 - translations - INFO - Loaded translations for namespace 'notifications' from C:\Users\97253\Desktop\BeastMode-CSIntro-Excercises\CousinTestProject\translations\data\notifications.json
2025-04-08 19:30:28,983 - translations - INFO - Loaded translations for namespace 'parts_nav_translations' from C:\Users\97253\Desktop\BeastMode-CSIntro-Excercises\CousinTestProject\translations\data\parts_nav_translations.json
2025-04-08 19:30:28,984 - translations - INFO - Loaded translations for namespace 'products' from C:\Users\97253\Desktop\BeastMode-CSIntro-Excercises\CousinTestProject\translations\data\products.json
2025-04-08 19:30:28,985 - translations - INFO - Loaded translations for namespace 'settings' from C:\Users\97253\Desktop\BeastMode-CSIntro-Excercises\CousinTestProject\translations\data\settings.json
2025-04-08 19:30:28,987 - translations - INFO - Loaded translations for namespace 'ui' from C:\Users\97253\Desktop\BeastMode-CSIntro-Excercises\CousinTestProject\translations\data\ui.json
2025-04-08 19:30:28,989 - translations - INFO - Loaded translations for namespace 'validations' from C:\Users\97253\Desktop\BeastMode-CSIntro-Excercises\CousinTestProject\translations\data\validations.json
2025-04-08 19:30:28,989 - translations - INFO - Loaded 12 translation files from C:\Users\97253\Desktop\BeastMode-CSIntro-Excercises\CousinTestProject\translations\data
2025-04-08 19:30:28,989 - translations - INFO - Loaded 12 translation files
2025-04-08 19:30:29,286 - UsersDB - INFO - Connected to user database at C:\Users\97253\Desktop\BeastMode-CSIntro-Excercises\CousinTestProject\database\users.db
2025-04-08 19:30:29,287 - UsersDB - INFO - Database tables created successfully
2025-04-08 19:30:30,277 - widgets.header.chatbot.api_key_manager - INFO - API key loaded successfully
2025-04-08 19:30:30,413 - widgets.header.chatbot.openai_client - INFO - OpenAI client initialized successfully
2025-04-08 19:30:30,663 - translations - WARNING - Missing translation for 'inventory_insights' in 'he'
2025-04-08 19:30:30,664 - translations - WARNING - Missing translation for 'categories' in 'he'
2025-04-08 19:30:30,664 - translations - WARNING - Missing translation for 'brands' in 'he'
2025-04-08 19:30:30,664 - translations - WARNING - Missing translation for 'low_stock' in 'he'
2025-04-08 19:30:30,664 - translations - WARNING - Missing translation for 'total_parts' in 'he'
2025-04-08 19:30:30,664 - translations - WARNING - Missing translation for 'total_value' in 'he'
2025-04-08 19:30:30,664 - translations - WARNING - Missing translation for 'average_price' in 'he'
2025-04-08 19:30:30,864 - parts_navigation.components.tiles_grid - INFO - Populating grid with 8 items using 4 columns
2025-04-08 19:30:30,978 - parts_navigation.container - INFO - All navigation steps created successfully
2025-04-08 19:30:31,012 - parts_navigation.container - INFO - Starting delayed brand preloading
2025-04-08 19:30:31,013 - parts_navigation.steps.brand - INFO - Starting to preload brands data
2025-04-08 19:30:31,016 - parts_navigation.components.tiles_grid - INFO - Grid has 4 active columns configured
2025-04-08 19:30:31,016 - parts_navigation.components.tiles_grid - INFO - Total tiles: 8
2025-04-08 19:30:31,016 - parts_navigation.components.tiles_grid - INFO - Visible tiles: 0
2025-04-08 19:30:31,016 - parts_navigation.container - INFO - Navigated to step 0
2025-04-08 19:30:31,449 - database.car_parts_db - INFO - Found 43 unique car brands in database
2025-04-08 19:30:31,449 - database.car_parts_db - INFO - Processed 43 unique car brands
2025-04-08 19:30:31,453 - translations - WARNING - Missing translation for 'Internet: Connected' in 'he'
2025-04-08 19:30:31,706 - parts_navigation.steps.brand - INFO - Preloaded 43 brands
2025-04-08 19:30:31,707 - parts_navigation.logo_manager - INFO - Preloading logos for 43 brands
2025-04-08 19:30:31,849 - parts_navigation.container - INFO - All navigation steps created successfully
2025-04-08 19:30:32,453 - parts_navigation.steps.brand - INFO - Loaded 43 unique brands
2025-04-08 19:30:32,453 - parts_navigation.components.tiles_grid - INFO - Populating grid with 43 items using 4 columns
2025-04-08 19:30:32,966 - parts_navigation.components.tiles_grid - INFO - Grid has 4 active columns configured
2025-04-08 19:30:32,966 - parts_navigation.components.tiles_grid - INFO - Total tiles: 43
2025-04-08 19:30:32,966 - parts_navigation.components.tiles_grid - INFO - Visible tiles: 0
2025-04-08 19:30:32,991 - parts_navigation.logo_manager - INFO - Found 31 already cached logos out of 43
2025-04-08 19:30:32,991 - parts_navigation.steps.brand - INFO - Started preloading 43 brand logos
2025-04-08 19:30:34,293 - UsersDB - INFO - User fahed authenticated successfully
2025-04-08 19:30:34,304 - __main__ - INFO - User logged in: {'id': 2, 'username': 'fahed', 'full_name': 'Fahed Abu Mukh', 'role': 'manager', 'settings': {'theme': 'classic', 'language': 'en', 'rtl': False}}
2025-04-08 19:30:35,259 - parts_navigation.components.tiles_grid - INFO - Adjusting columns from 3 to 5
2025-04-08 19:30:35,259 - parts_navigation.components.tiles_grid - INFO - Setting grid to 5 columns
2025-04-08 19:30:35,260 - parts_navigation.components.tiles_grid - INFO - Adjusting columns from 4 to 5
2025-04-08 19:30:35,260 - parts_navigation.components.tiles_grid - INFO - Setting grid to 5 columns
2025-04-08 19:30:35,261 - parts_navigation.components.tiles_grid - INFO - Adjusting columns from 4 to 5
2025-04-08 19:30:35,262 - parts_navigation.components.tiles_grid - INFO - Setting grid to 5 columns
2025-04-08 19:30:35,262 - parts_navigation.components.tiles_grid - INFO - Adjusting columns from 3 to 5
2025-04-08 19:30:35,262 - parts_navigation.components.tiles_grid - INFO - Setting grid to 5 columns
2025-04-08 19:30:35,263 - parts_navigation.components.tiles_grid - INFO - Adjusting columns from 4 to 5
2025-04-08 19:30:35,263 - parts_navigation.components.tiles_grid - INFO - Setting grid to 5 columns
2025-04-08 19:30:35,263 - parts_navigation.components.tiles_grid - INFO - Adjusting columns from 4 to 6
2025-04-08 19:30:35,263 - parts_navigation.components.tiles_grid - INFO - Setting grid to 6 columns
2025-04-08 19:30:37,040 - translations - WARNING - Missing translation for 'barcode' in 'he'
2025-04-08 19:30:37,040 - translations - WARNING - Missing translation for 'barcode_placeholder' in 'he'
2025-04-08 19:30:37,175 - translations - WARNING - Missing translation for 'scan_barcode_tooltip' in 'he'
2025-04-08 19:50:00,107 - root - INFO - Logging system initialized (level: INFO)
2025-04-08 19:50:00,107 - root - INFO - Log files directory: C:\Users\97253\Desktop\BeastMode-CSIntro-Excercises\CousinTestProject\logs
2025-04-08 19:50:00,340 - config - INFO - Determined application root: C:\Users\97253\Desktop\BeastMode-CSIntro-Excercises\CousinTestProject
2025-04-08 19:50:09,928 - __main__ - INFO - Application starting at: 2025-04-08 19:50:09
2025-04-08 19:50:09,929 - __main__ - INFO - Current user: BaselAM
2025-04-08 19:50:10,126 - __main__ - INFO - Initializing database connection...
2025-04-08 19:50:11,210 - database.car_parts_db - INFO - Thread 6548: Database connection established
2025-04-08 19:50:11,210 - database.car_parts_db - INFO - Initialized database connection to localhost
2025-04-08 19:50:11,278 - __main__ - INFO - Connected to database. Found 2845 parts.
2025-04-08 19:50:11,279 - translations - INFO - Loading translation files from C:\Users\97253\Desktop\BeastMode-CSIntro-Excercises\CousinTestProject\translations\data
2025-04-08 19:50:11,281 - translations - INFO - Loaded translations for namespace 'car_parts' from C:\Users\97253\Desktop\BeastMode-CSIntro-Excercises\CousinTestProject\translations\data\car_parts.json
2025-04-08 19:50:11,282 - translations - INFO - Loaded translations for namespace 'errors' from C:\Users\97253\Desktop\BeastMode-CSIntro-Excercises\CousinTestProject\translations\data\errors.json
2025-04-08 19:50:11,283 - translations - INFO - Loaded translations for namespace 'filters' from C:\Users\97253\Desktop\BeastMode-CSIntro-Excercises\CousinTestProject\translations\data\filters.json
2025-04-08 19:50:11,284 - translations - INFO - Loaded translations for namespace 'help' from C:\Users\97253\Desktop\BeastMode-CSIntro-Excercises\CousinTestProject\translations\data\help.json
2025-04-08 19:50:11,285 - translations - INFO - Loaded translations for namespace 'login' from C:\Users\97253\Desktop\BeastMode-CSIntro-Excercises\CousinTestProject\translations\data\login.json
2025-04-08 19:50:11,286 - translations - INFO - Loaded translations for namespace 'navigation' from C:\Users\97253\Desktop\BeastMode-CSIntro-Excercises\CousinTestProject\translations\data\navigation.json
2025-04-08 19:50:11,287 - translations - INFO - Loaded translations for namespace 'notifications' from C:\Users\97253\Desktop\BeastMode-CSIntro-Excercises\CousinTestProject\translations\data\notifications.json
2025-04-08 19:50:11,288 - translations - INFO - Loaded translations for namespace 'parts_nav_translations' from C:\Users\97253\Desktop\BeastMode-CSIntro-Excercises\CousinTestProject\translations\data\parts_nav_translations.json
2025-04-08 19:50:11,288 - translations - INFO - Loaded translations for namespace 'products' from C:\Users\97253\Desktop\BeastMode-CSIntro-Excercises\CousinTestProject\translations\data\products.json
2025-04-08 19:50:11,290 - translations - INFO - Loaded translations for namespace 'settings' from C:\Users\97253\Desktop\BeastMode-CSIntro-Excercises\CousinTestProject\translations\data\settings.json
2025-04-08 19:50:11,291 - translations - INFO - Loaded translations for namespace 'ui' from C:\Users\97253\Desktop\BeastMode-CSIntro-Excercises\CousinTestProject\translations\data\ui.json
2025-04-08 19:50:11,292 - translations - INFO - Loaded translations for namespace 'validations' from C:\Users\97253\Desktop\BeastMode-CSIntro-Excercises\CousinTestProject\translations\data\validations.json
2025-04-08 19:50:11,292 - translations - INFO - Loaded 12 translation files from C:\Users\97253\Desktop\BeastMode-CSIntro-Excercises\CousinTestProject\translations\data
2025-04-08 19:50:11,292 - translations - INFO - Loaded 12 translation files
2025-04-08 19:50:11,867 - UsersDB - INFO - Connected to user database at C:\Users\97253\Desktop\BeastMode-CSIntro-Excercises\CousinTestProject\database\users.db
2025-04-08 19:50:11,869 - UsersDB - INFO - Database tables created successfully
2025-04-08 19:50:13,535 - widgets.header.chatbot.api_key_manager - INFO - API key loaded successfully
2025-04-08 19:50:13,705 - widgets.header.chatbot.openai_client - INFO - OpenAI client initialized successfully
2025-04-08 19:50:14,065 - translations - WARNING - Missing translation for 'inventory_insights' in 'he'
2025-04-08 19:50:14,066 - translations - WARNING - Missing translation for 'categories' in 'he'
2025-04-08 19:50:14,066 - translations - WARNING - Missing translation for 'brands' in 'he'
2025-04-08 19:50:14,066 - translations - WARNING - Missing translation for 'low_stock' in 'he'
2025-04-08 19:50:14,066 - translations - WARNING - Missing translation for 'total_parts' in 'he'
2025-04-08 19:50:14,066 - translations - WARNING - Missing translation for 'total_value' in 'he'
2025-04-08 19:50:14,066 - translations - WARNING - Missing translation for 'average_price' in 'he'
2025-04-08 19:50:14,368 - parts_navigation.components.tiles_grid - INFO - Populating grid with 8 items using 4 columns
2025-04-08 19:50:14,636 - parts_navigation.container - INFO - All navigation steps created successfully
2025-04-08 19:50:14,636 - parts_navigation.container - INFO - Starting delayed brand preloading
2025-04-08 19:50:14,636 - parts_navigation.steps.brand - INFO - Starting to preload brands data
2025-04-08 19:50:14,666 - parts_navigation.components.tiles_grid - INFO - Grid has 4 active columns configured
2025-04-08 19:50:14,666 - parts_navigation.components.tiles_grid - INFO - Total tiles: 8
2025-04-08 19:50:14,667 - parts_navigation.components.tiles_grid - INFO - Visible tiles: 0
2025-04-08 19:50:14,667 - parts_navigation.container - INFO - Navigated to step 0
2025-04-08 19:50:15,312 - database.car_parts_db - INFO - Found 43 unique car brands in database
2025-04-08 19:50:15,312 - database.car_parts_db - INFO - Processed 43 unique car brands
2025-04-08 19:50:15,358 - parts_navigation.container - INFO - All navigation steps created successfully
2025-04-08 19:50:15,364 - translations - WARNING - Missing translation for 'Internet: Connected' in 'he'
2025-04-08 19:50:15,622 - parts_navigation.steps.brand - INFO - Preloaded 43 brands
2025-04-08 19:50:15,623 - parts_navigation.logo_manager - INFO - Preloading logos for 43 brands
2025-04-08 19:50:16,573 - parts_navigation.steps.brand - INFO - Loaded 43 unique brands
2025-04-08 19:50:16,573 - parts_navigation.components.tiles_grid - INFO - Populating grid with 43 items using 4 columns
2025-04-08 19:50:17,320 - parts_navigation.components.tiles_grid - INFO - Grid has 4 active columns configured
2025-04-08 19:50:17,320 - parts_navigation.components.tiles_grid - INFO - Total tiles: 43
2025-04-08 19:50:17,321 - parts_navigation.components.tiles_grid - INFO - Visible tiles: 0
2025-04-08 19:50:17,355 - parts_navigation.logo_manager - INFO - Found 31 already cached logos out of 43
2025-04-08 19:50:17,356 - parts_navigation.steps.brand - INFO - Started preloading 43 brand logos
2025-04-08 19:50:19,908 - UsersDB - INFO - User fahed authenticated successfully
2025-04-08 19:50:19,922 - __main__ - INFO - User logged in: {'id': 2, 'username': 'fahed', 'full_name': 'Fahed Abu Mukh', 'role': 'manager', 'settings': {'theme': 'classic', 'language': 'en', 'rtl': False}}
2025-04-08 19:50:21,452 - parts_navigation.components.tiles_grid - INFO - Adjusting columns from 3 to 5
2025-04-08 19:50:21,453 - parts_navigation.components.tiles_grid - INFO - Setting grid to 5 columns
2025-04-08 19:50:21,455 - parts_navigation.components.tiles_grid - INFO - Adjusting columns from 4 to 5
2025-04-08 19:50:21,456 - parts_navigation.components.tiles_grid - INFO - Setting grid to 5 columns
2025-04-08 19:50:21,460 - parts_navigation.components.tiles_grid - INFO - Adjusting columns from 4 to 5
2025-04-08 19:50:21,461 - parts_navigation.components.tiles_grid - INFO - Setting grid to 5 columns
2025-04-08 19:50:21,462 - parts_navigation.components.tiles_grid - INFO - Adjusting columns from 3 to 5
2025-04-08 19:50:21,462 - parts_navigation.components.tiles_grid - INFO - Setting grid to 5 columns
2025-04-08 19:50:21,465 - parts_navigation.components.tiles_grid - INFO - Adjusting columns from 4 to 5
2025-04-08 19:50:21,465 - parts_navigation.components.tiles_grid - INFO - Setting grid to 5 columns
2025-04-08 19:50:21,466 - parts_navigation.components.tiles_grid - INFO - Adjusting columns from 4 to 6
2025-04-08 19:50:21,466 - parts_navigation.components.tiles_grid - INFO - Setting grid to 6 columns
2025-04-08 19:50:23,903 - translations - WARNING - Missing translation for 'barcode' in 'he'
2025-04-08 19:50:23,903 - translations - WARNING - Missing translation for 'barcode_placeholder' in 'he'
2025-04-08 19:50:24,096 - translations - WARNING - Missing translation for 'scan_barcode_tooltip' in 'he'
2025-04-08 19:51:06,333 - root - INFO - Logging system initialized (level: INFO)
2025-04-08 19:51:06,334 - root - INFO - Log files directory: C:\Users\97253\Desktop\BeastMode-CSIntro-Excercises\CousinTestProject\logs
2025-04-08 19:53:45,185 - root - INFO - Logging system initialized (level: INFO)
2025-04-08 19:53:45,186 - root - INFO - Log files directory: C:\Users\97253\Desktop\BeastMode-CSIntro-Excercises\CousinTestProject\logs
2025-04-08 19:55:05,225 - root - INFO - Logging system initialized (level: INFO)
2025-04-08 19:55:05,225 - root - INFO - Log files directory: C:\Users\97253\Desktop\BeastMode-CSIntro-Excercises\CousinTestProject\logs
2025-04-08 19:58:31,673 - root - INFO - Logging system initialized (level: INFO)
2025-04-08 19:58:31,674 - root - INFO - Log files directory: C:\Users\97253\Desktop\BeastMode-CSIntro-Excercises\CousinTestProject\logs
2025-04-08 19:58:31,879 - config - INFO - Determined application root: C:\Users\97253\Desktop\BeastMode-CSIntro-Excercises\CousinTestProject
2025-04-08 19:58:35,804 - __main__ - INFO - Application starting at: 2025-04-08 19:58:35
2025-04-08 19:58:35,804 - __main__ - INFO - Current user: BaselAM
2025-04-08 19:58:35,908 - __main__ - INFO - Initializing database connection...
2025-04-08 19:58:36,575 - database.car_parts_db - INFO - Thread 15752: Database connection established
2025-04-08 19:58:36,575 - database.car_parts_db - INFO - Initialized database connection to localhost
2025-04-08 19:58:36,627 - __main__ - INFO - Connected to database. Found 2845 parts.
2025-04-08 19:58:36,627 - translations - INFO - Loading translation files from C:\Users\97253\Desktop\BeastMode-CSIntro-Excercises\CousinTestProject\translations\data
2025-04-08 19:58:36,629 - translations - INFO - Loaded translations for namespace 'car_parts' from C:\Users\97253\Desktop\BeastMode-CSIntro-Excercises\CousinTestProject\translations\data\car_parts.json
2025-04-08 19:58:36,632 - translations - INFO - Loaded translations for namespace 'errors' from C:\Users\97253\Desktop\BeastMode-CSIntro-Excercises\CousinTestProject\translations\data\errors.json
2025-04-08 19:58:36,633 - translations - INFO - Loaded translations for namespace 'filters' from C:\Users\97253\Desktop\BeastMode-CSIntro-Excercises\CousinTestProject\translations\data\filters.json
2025-04-08 19:58:36,634 - translations - INFO - Loaded translations for namespace 'help' from C:\Users\97253\Desktop\BeastMode-CSIntro-Excercises\CousinTestProject\translations\data\help.json
2025-04-08 19:58:36,635 - translations - INFO - Loaded translations for namespace 'login' from C:\Users\97253\Desktop\BeastMode-CSIntro-Excercises\CousinTestProject\translations\data\login.json
2025-04-08 19:58:36,637 - translations - INFO - Loaded translations for namespace 'navigation' from C:\Users\97253\Desktop\BeastMode-CSIntro-Excercises\CousinTestProject\translations\data\navigation.json
2025-04-08 19:58:36,638 - translations - INFO - Loaded translations for namespace 'notifications' from C:\Users\97253\Desktop\BeastMode-CSIntro-Excercises\CousinTestProject\translations\data\notifications.json
2025-04-08 19:58:36,639 - translations - INFO - Loaded translations for namespace 'parts_nav_translations' from C:\Users\97253\Desktop\BeastMode-CSIntro-Excercises\CousinTestProject\translations\data\parts_nav_translations.json
2025-04-08 19:58:36,641 - translations - INFO - Loaded translations for namespace 'products' from C:\Users\97253\Desktop\BeastMode-CSIntro-Excercises\CousinTestProject\translations\data\products.json
2025-04-08 19:58:36,641 - translations - INFO - Loaded translations for namespace 'settings' from C:\Users\97253\Desktop\BeastMode-CSIntro-Excercises\CousinTestProject\translations\data\settings.json
2025-04-08 19:58:36,643 - translations - INFO - Loaded translations for namespace 'ui' from C:\Users\97253\Desktop\BeastMode-CSIntro-Excercises\CousinTestProject\translations\data\ui.json
2025-04-08 19:58:36,644 - translations - INFO - Loaded translations for namespace 'validations' from C:\Users\97253\Desktop\BeastMode-CSIntro-Excercises\CousinTestProject\translations\data\validations.json
2025-04-08 19:58:36,644 - translations - INFO - Loaded 12 translation files from C:\Users\97253\Desktop\BeastMode-CSIntro-Excercises\CousinTestProject\translations\data
2025-04-08 19:58:36,644 - translations - INFO - Loaded 12 translation files
2025-04-08 19:58:36,925 - UsersDB - INFO - Connected to user database at C:\Users\97253\Desktop\BeastMode-CSIntro-Excercises\CousinTestProject\database\users.db
2025-04-08 19:58:36,927 - UsersDB - INFO - Database tables created successfully
2025-04-08 19:58:38,584 - widgets.header.chatbot.api_key_manager - INFO - API key loaded successfully
2025-04-08 19:58:38,719 - widgets.header.chatbot.openai_client - INFO - OpenAI client initialized successfully
2025-04-08 19:58:38,978 - translations - WARNING - Missing translation for 'inventory_insights' in 'he'
2025-04-08 19:58:38,978 - translations - WARNING - Missing translation for 'categories' in 'he'
2025-04-08 19:58:38,978 - translations - WARNING - Missing translation for 'brands' in 'he'
2025-04-08 19:58:38,978 - translations - WARNING - Missing translation for 'low_stock' in 'he'
2025-04-08 19:58:38,978 - translations - WARNING - Missing translation for 'total_parts' in 'he'
2025-04-08 19:58:38,978 - translations - WARNING - Missing translation for 'total_value' in 'he'
2025-04-08 19:58:38,978 - translations - WARNING - Missing translation for 'average_price' in 'he'
2025-04-08 19:58:39,165 - parts_navigation.components.tiles_grid - INFO - Populating grid with 8 items using 4 columns
2025-04-08 19:58:39,406 - parts_navigation.container - INFO - All navigation steps created successfully
2025-04-08 19:58:39,407 - parts_navigation.container - INFO - Starting delayed brand preloading
2025-04-08 19:58:39,408 - parts_navigation.steps.brand - INFO - Starting to preload brands data
2025-04-08 19:58:39,437 - parts_navigation.components.tiles_grid - INFO - Grid has 4 active columns configured
2025-04-08 19:58:39,437 - parts_navigation.components.tiles_grid - INFO - Total tiles: 8
2025-04-08 19:58:39,437 - parts_navigation.components.tiles_grid - INFO - Visible tiles: 0
2025-04-08 19:58:39,438 - parts_navigation.container - INFO - Navigated to step 0
2025-04-08 19:58:40,004 - database.car_parts_db - INFO - Found 43 unique car brands in database
2025-04-08 19:58:40,004 - database.car_parts_db - INFO - Processed 43 unique car brands
2025-04-08 19:58:40,067 - parts_navigation.container - INFO - All navigation steps created successfully
2025-04-08 19:58:40,073 - translations - WARNING - Missing translation for 'Internet: Connected' in 'he'
2025-04-08 19:58:40,295 - parts_navigation.steps.brand - INFO - Preloaded 43 brands
2025-04-08 19:58:40,295 - parts_navigation.logo_manager - INFO - Preloading logos for 43 brands
2025-04-08 19:58:41,225 - parts_navigation.steps.brand - INFO - Loaded 43 unique brands
2025-04-08 19:58:41,226 - parts_navigation.components.tiles_grid - INFO - Populating grid with 43 items using 4 columns
2025-04-08 19:58:41,817 - parts_navigation.components.tiles_grid - INFO - Grid has 4 active columns configured
2025-04-08 19:58:41,817 - parts_navigation.components.tiles_grid - INFO - Total tiles: 43
2025-04-08 19:58:41,817 - parts_navigation.components.tiles_grid - INFO - Visible tiles: 0
2025-04-08 19:58:41,850 - parts_navigation.logo_manager - INFO - Found 31 already cached logos out of 43
2025-04-08 19:58:41,850 - parts_navigation.steps.brand - INFO - Started preloading 43 brand logos
2025-04-08 19:58:43,969 - UsersDB - INFO - User fahed authenticated successfully
2025-04-08 19:58:43,987 - __main__ - INFO - User logged in: {'id': 2, 'username': 'fahed', 'full_name': 'Fahed Abu Mukh', 'role': 'manager', 'settings': {'theme': 'classic', 'language': 'en', 'rtl': False}}
2025-04-08 19:58:45,266 - parts_navigation.components.tiles_grid - INFO - Adjusting columns from 3 to 5
2025-04-08 19:58:45,266 - parts_navigation.components.tiles_grid - INFO - Setting grid to 5 columns
2025-04-08 19:58:45,269 - parts_navigation.components.tiles_grid - INFO - Adjusting columns from 4 to 5
2025-04-08 19:58:45,269 - parts_navigation.components.tiles_grid - INFO - Setting grid to 5 columns
2025-04-08 19:58:45,272 - parts_navigation.components.tiles_grid - INFO - Adjusting columns from 4 to 5
2025-04-08 19:58:45,272 - parts_navigation.components.tiles_grid - INFO - Setting grid to 5 columns
2025-04-08 19:58:45,272 - parts_navigation.components.tiles_grid - INFO - Adjusting columns from 3 to 5
2025-04-08 19:58:45,272 - parts_navigation.components.tiles_grid - INFO - Setting grid to 5 columns
2025-04-08 19:58:45,273 - parts_navigation.components.tiles_grid - INFO - Adjusting columns from 4 to 5
2025-04-08 19:58:45,274 - parts_navigation.components.tiles_grid - INFO - Setting grid to 5 columns
2025-04-08 19:58:45,274 - parts_navigation.components.tiles_grid - INFO - Adjusting columns from 4 to 6
2025-04-08 19:58:45,274 - parts_navigation.components.tiles_grid - INFO - Setting grid to 6 columns
2025-04-08 19:58:47,790 - translations - WARNING - Missing translation for 'barcode' in 'he'
2025-04-08 19:58:47,790 - translations - WARNING - Missing translation for 'barcode_placeholder' in 'he'
2025-04-08 19:58:48,079 - translations - WARNING - Missing translation for 'scan_barcode_tooltip' in 'he'
2025-04-08 19:58:48,079 - widgets.products.components.barcode_scanner_button - INFO - BarcodeScannerButton initialized successfully
2025-04-08 19:58:49,577 - translations - WARNING - Missing translation for 'scan_barcode' in 'he'
2025-04-08 19:58:49,577 - translations - WARNING - Missing translation for 'enter_barcode' in 'he'
2025-04-08 19:58:54,893 - gui.event_handlers - INFO - Closing database connection...
2025-04-08 19:58:54,922 - __main__ - INFO - Cleaning up application resources...
2025-04-08 19:58:54,922 - __main__ - INFO - Closing database connection...
2025-04-08 19:58:54,922 - __main__ - INFO - Cleaning up parts navigation resources...
2025-04-08 19:58:54,943 - database.car_parts_db - INFO - Thread 15752: New database connection established
2025-04-08 19:58:54,947 - __main__ - INFO - Application shutdown complete
2025-04-08 19:59:56,669 - root - INFO - Logging system initialized (level: INFO)
2025-04-08 19:59:56,669 - root - INFO - Log files directory: C:\Users\97253\Desktop\BeastMode-CSIntro-Excercises\CousinTestProject\logs
2025-04-08 19:59:56,828 - config - INFO - Determined application root: C:\Users\97253\Desktop\BeastMode-CSIntro-Excercises\CousinTestProject
2025-04-08 20:00:00,670 - __main__ - INFO - Application starting at: 2025-04-08 20:00:00
2025-04-08 20:00:00,670 - __main__ - INFO - Current user: BaselAM
2025-04-08 20:00:00,747 - __main__ - INFO - Initializing database connection...
2025-04-08 20:00:01,164 - database.car_parts_db - INFO - Thread 9916: Database connection established
2025-04-08 20:00:01,164 - database.car_parts_db - INFO - Initialized database connection to localhost
2025-04-08 20:00:01,219 - __main__ - INFO - Connected to database. Found 2845 parts.
2025-04-08 20:00:01,219 - translations - INFO - Loading translation files from C:\Users\97253\Desktop\BeastMode-CSIntro-Excercises\CousinTestProject\translations\data
2025-04-08 20:00:01,220 - translations - INFO - Loaded translations for namespace 'car_parts' from C:\Users\97253\Desktop\BeastMode-CSIntro-Excercises\CousinTestProject\translations\data\car_parts.json
2025-04-08 20:00:01,222 - translations - INFO - Loaded translations for namespace 'errors' from C:\Users\97253\Desktop\BeastMode-CSIntro-Excercises\CousinTestProject\translations\data\errors.json
2025-04-08 20:00:01,223 - translations - INFO - Loaded translations for namespace 'filters' from C:\Users\97253\Desktop\BeastMode-CSIntro-Excercises\CousinTestProject\translations\data\filters.json
2025-04-08 20:00:01,224 - translations - INFO - Loaded translations for namespace 'help' from C:\Users\97253\Desktop\BeastMode-CSIntro-Excercises\CousinTestProject\translations\data\help.json
2025-04-08 20:00:01,225 - translations - INFO - Loaded translations for namespace 'login' from C:\Users\97253\Desktop\BeastMode-CSIntro-Excercises\CousinTestProject\translations\data\login.json
2025-04-08 20:00:01,226 - translations - INFO - Loaded translations for namespace 'navigation' from C:\Users\97253\Desktop\BeastMode-CSIntro-Excercises\CousinTestProject\translations\data\navigation.json
2025-04-08 20:00:01,228 - translations - INFO - Loaded translations for namespace 'notifications' from C:\Users\97253\Desktop\BeastMode-CSIntro-Excercises\CousinTestProject\translations\data\notifications.json
2025-04-08 20:00:01,229 - translations - INFO - Loaded translations for namespace 'parts_nav_translations' from C:\Users\97253\Desktop\BeastMode-CSIntro-Excercises\CousinTestProject\translations\data\parts_nav_translations.json
2025-04-08 20:00:01,230 - translations - INFO - Loaded translations for namespace 'products' from C:\Users\97253\Desktop\BeastMode-CSIntro-Excercises\CousinTestProject\translations\data\products.json
2025-04-08 20:00:01,232 - translations - INFO - Loaded translations for namespace 'settings' from C:\Users\97253\Desktop\BeastMode-CSIntro-Excercises\CousinTestProject\translations\data\settings.json
2025-04-08 20:00:01,233 - translations - INFO - Loaded translations for namespace 'ui' from C:\Users\97253\Desktop\BeastMode-CSIntro-Excercises\CousinTestProject\translations\data\ui.json
2025-04-08 20:00:01,234 - translations - INFO - Loaded translations for namespace 'validations' from C:\Users\97253\Desktop\BeastMode-CSIntro-Excercises\CousinTestProject\translations\data\validations.json
2025-04-08 20:00:01,234 - translations - INFO - Loaded 12 translation files from C:\Users\97253\Desktop\BeastMode-CSIntro-Excercises\CousinTestProject\translations\data
2025-04-08 20:00:01,234 - translations - INFO - Loaded 12 translation files
2025-04-08 20:00:01,516 - UsersDB - INFO - Connected to user database at C:\Users\97253\Desktop\BeastMode-CSIntro-Excercises\CousinTestProject\database\users.db
2025-04-08 20:00:01,517 - UsersDB - INFO - Database tables created successfully
2025-04-08 20:00:02,522 - widgets.header.chatbot.api_key_manager - INFO - API key loaded successfully
2025-04-08 20:00:02,665 - widgets.header.chatbot.openai_client - INFO - OpenAI client initialized successfully
2025-04-08 20:00:02,933 - translations - WARNING - Missing translation for 'inventory_insights' in 'he'
2025-04-08 20:00:02,934 - translations - WARNING - Missing translation for 'categories' in 'he'
2025-04-08 20:00:02,934 - translations - WARNING - Missing translation for 'brands' in 'he'
2025-04-08 20:00:02,934 - translations - WARNING - Missing translation for 'low_stock' in 'he'
2025-04-08 20:00:02,934 - translations - WARNING - Missing translation for 'total_parts' in 'he'
2025-04-08 20:00:02,934 - translations - WARNING - Missing translation for 'total_value' in 'he'
2025-04-08 20:00:02,934 - translations - WARNING - Missing translation for 'average_price' in 'he'
2025-04-08 20:00:03,127 - parts_navigation.components.tiles_grid - INFO - Populating grid with 8 items using 4 columns
2025-04-08 20:00:03,237 - parts_navigation.container - INFO - All navigation steps created successfully
2025-04-08 20:00:03,241 - parts_navigation.components.tiles_grid - INFO - Grid has 4 active columns configured
2025-04-08 20:00:03,241 - parts_navigation.components.tiles_grid - INFO - Total tiles: 8
2025-04-08 20:00:03,241 - parts_navigation.components.tiles_grid - INFO - Visible tiles: 0
2025-04-08 20:00:03,241 - parts_navigation.container - INFO - Navigated to step 0
2025-04-08 20:00:03,522 - parts_navigation.container - INFO - Starting delayed brand preloading
2025-04-08 20:00:03,522 - parts_navigation.steps.brand - INFO - Starting to preload brands data
2025-04-08 20:00:03,765 - translations - WARNING - Missing translation for 'Internet: Connected' in 'he'
2025-04-08 20:00:03,934 - database.car_parts_db - INFO - Found 43 unique car brands in database
2025-04-08 20:00:03,934 - database.car_parts_db - INFO - Processed 43 unique car brands
2025-04-08 20:00:04,132 - parts_navigation.container - INFO - All navigation steps created successfully
2025-04-08 20:00:04,138 - parts_navigation.steps.brand - INFO - Preloaded 43 brands
2025-04-08 20:00:04,138 - parts_navigation.logo_manager - INFO - Preloading logos for 43 brands
2025-04-08 20:00:04,958 - parts_navigation.steps.brand - INFO - Loaded 43 unique brands
2025-04-08 20:00:04,959 - parts_navigation.components.tiles_grid - INFO - Populating grid with 43 items using 4 columns
2025-04-08 20:00:05,530 - parts_navigation.components.tiles_grid - INFO - Grid has 4 active columns configured
2025-04-08 20:00:05,530 - parts_navigation.components.tiles_grid - INFO - Total tiles: 43
2025-04-08 20:00:05,530 - parts_navigation.components.tiles_grid - INFO - Visible tiles: 0
2025-04-08 20:00:05,578 - parts_navigation.logo_manager - INFO - Found 31 already cached logos out of 43
2025-04-08 20:00:05,578 - parts_navigation.steps.brand - INFO - Started preloading 43 brand logos
2025-04-08 20:00:07,281 - UsersDB - INFO - User fahed authenticated successfully
2025-04-08 20:00:07,298 - __main__ - INFO - User logged in: {'id': 2, 'username': 'fahed', 'full_name': 'Fahed Abu Mukh', 'role': 'manager', 'settings': {'theme': 'classic', 'language': 'en', 'rtl': False}}
2025-04-08 20:00:09,402 - parts_navigation.components.tiles_grid - INFO - Adjusting columns from 3 to 5
2025-04-08 20:00:09,403 - parts_navigation.components.tiles_grid - INFO - Setting grid to 5 columns
2025-04-08 20:00:09,404 - parts_navigation.components.tiles_grid - INFO - Adjusting columns from 4 to 5
2025-04-08 20:00:09,404 - parts_navigation.components.tiles_grid - INFO - Setting grid to 5 columns
2025-04-08 20:00:09,407 - parts_navigation.components.tiles_grid - INFO - Adjusting columns from 4 to 5
2025-04-08 20:00:09,407 - parts_navigation.components.tiles_grid - INFO - Setting grid to 5 columns
2025-04-08 20:00:09,408 - parts_navigation.components.tiles_grid - INFO - Adjusting columns from 3 to 5
2025-04-08 20:00:09,408 - parts_navigation.components.tiles_grid - INFO - Setting grid to 5 columns
2025-04-08 20:00:09,409 - parts_navigation.components.tiles_grid - INFO - Adjusting columns from 4 to 5
2025-04-08 20:00:09,410 - parts_navigation.components.tiles_grid - INFO - Setting grid to 5 columns
2025-04-08 20:00:09,410 - parts_navigation.components.tiles_grid - INFO - Adjusting columns from 4 to 6
2025-04-08 20:00:09,410 - parts_navigation.components.tiles_grid - INFO - Setting grid to 6 columns
2025-04-08 20:00:12,330 - translations - WARNING - Missing translation for 'barcode' in 'he'
2025-04-08 20:00:12,332 - translations - WARNING - Missing translation for 'barcode_placeholder' in 'he'
2025-04-08 20:00:12,504 - translations - WARNING - Missing translation for 'scan_barcode_tooltip' in 'he'
2025-04-08 20:09:22,721 - root - INFO - Logging system initialized (level: INFO)
2025-04-08 20:09:22,721 - root - INFO - Log files directory: C:\Users\97253\Desktop\BeastMode-CSIntro-Excercises\CousinTestProject\logs
2025-04-08 20:09:22,974 - config - INFO - Determined application root: C:\Users\97253\Desktop\BeastMode-CSIntro-Excercises\CousinTestProject
2025-04-08 20:09:27,691 - __main__ - INFO - Application starting at: 2025-04-08 20:09:27
2025-04-08 20:09:27,691 - __main__ - INFO - Current user: BaselAM
2025-04-08 20:09:27,818 - __main__ - INFO - Initializing database connection...
2025-04-08 20:09:28,510 - database.car_parts_db - INFO - Thread 7840: Database connection established
2025-04-08 20:09:28,510 - database.car_parts_db - INFO - Initialized database connection to localhost
2025-04-08 20:09:28,562 - __main__ - INFO - Connected to database. Found 2845 parts.
2025-04-08 20:09:28,563 - translations - INFO - Loading translation files from C:\Users\97253\Desktop\BeastMode-CSIntro-Excercises\CousinTestProject\translations\data
2025-04-08 20:09:28,567 - translations - INFO - Loaded translations for namespace 'car_parts' from C:\Users\97253\Desktop\BeastMode-CSIntro-Excercises\CousinTestProject\translations\data\car_parts.json
2025-04-08 20:09:28,569 - translations - INFO - Loaded translations for namespace 'errors' from C:\Users\97253\Desktop\BeastMode-CSIntro-Excercises\CousinTestProject\translations\data\errors.json
2025-04-08 20:09:28,571 - translations - INFO - Loaded translations for namespace 'filters' from C:\Users\97253\Desktop\BeastMode-CSIntro-Excercises\CousinTestProject\translations\data\filters.json
2025-04-08 20:09:28,572 - translations - INFO - Loaded translations for namespace 'help' from C:\Users\97253\Desktop\BeastMode-CSIntro-Excercises\CousinTestProject\translations\data\help.json
2025-04-08 20:09:28,573 - translations - INFO - Loaded translations for namespace 'login' from C:\Users\97253\Desktop\BeastMode-CSIntro-Excercises\CousinTestProject\translations\data\login.json
2025-04-08 20:09:28,574 - translations - INFO - Loaded translations for namespace 'navigation' from C:\Users\97253\Desktop\BeastMode-CSIntro-Excercises\CousinTestProject\translations\data\navigation.json
2025-04-08 20:09:28,578 - translations - INFO - Loaded translations for namespace 'notifications' from C:\Users\97253\Desktop\BeastMode-CSIntro-Excercises\CousinTestProject\translations\data\notifications.json
2025-04-08 20:09:28,579 - translations - INFO - Loaded translations for namespace 'parts_nav_translations' from C:\Users\97253\Desktop\BeastMode-CSIntro-Excercises\CousinTestProject\translations\data\parts_nav_translations.json
2025-04-08 20:09:28,580 - translations - INFO - Loaded translations for namespace 'products' from C:\Users\97253\Desktop\BeastMode-CSIntro-Excercises\CousinTestProject\translations\data\products.json
2025-04-08 20:09:28,581 - translations - INFO - Loaded translations for namespace 'settings' from C:\Users\97253\Desktop\BeastMode-CSIntro-Excercises\CousinTestProject\translations\data\settings.json
2025-04-08 20:09:28,584 - translations - INFO - Loaded translations for namespace 'ui' from C:\Users\97253\Desktop\BeastMode-CSIntro-Excercises\CousinTestProject\translations\data\ui.json
2025-04-08 20:09:28,586 - translations - INFO - Loaded translations for namespace 'validations' from C:\Users\97253\Desktop\BeastMode-CSIntro-Excercises\CousinTestProject\translations\data\validations.json
2025-04-08 20:09:28,586 - translations - INFO - Loaded 12 translation files from C:\Users\97253\Desktop\BeastMode-CSIntro-Excercises\CousinTestProject\translations\data
2025-04-08 20:09:28,586 - translations - INFO - Loaded 12 translation files
2025-04-08 20:09:28,914 - UsersDB - INFO - Connected to user database at C:\Users\97253\Desktop\BeastMode-CSIntro-Excercises\CousinTestProject\database\users.db
2025-04-08 20:09:28,915 - UsersDB - INFO - Database tables created successfully
2025-04-08 20:09:30,126 - widgets.header.chatbot.api_key_manager - INFO - API key loaded successfully
2025-04-08 20:09:30,316 - widgets.header.chatbot.openai_client - INFO - OpenAI client initialized successfully
2025-04-08 20:09:30,576 - translations - WARNING - Missing translation for 'inventory_insights' in 'he'
2025-04-08 20:09:30,576 - translations - WARNING - Missing translation for 'categories' in 'he'
2025-04-08 20:09:30,576 - translations - WARNING - Missing translation for 'brands' in 'he'
2025-04-08 20:09:30,576 - translations - WARNING - Missing translation for 'low_stock' in 'he'
2025-04-08 20:09:30,576 - translations - WARNING - Missing translation for 'total_parts' in 'he'
2025-04-08 20:09:30,577 - translations - WARNING - Missing translation for 'total_value' in 'he'
2025-04-08 20:09:30,577 - translations - WARNING - Missing translation for 'average_price' in 'he'
2025-04-08 20:09:30,724 - parts_navigation.components.tiles_grid - INFO - Populating grid with 8 items using 4 columns
2025-04-08 20:09:30,836 - parts_navigation.container - INFO - All navigation steps created successfully
2025-04-08 20:09:30,837 - parts_navigation.components.tiles_grid - INFO - Grid has 4 active columns configured
2025-04-08 20:09:30,837 - parts_navigation.components.tiles_grid - INFO - Total tiles: 8
2025-04-08 20:09:30,838 - parts_navigation.components.tiles_grid - INFO - Visible tiles: 0
2025-04-08 20:09:30,838 - parts_navigation.container - INFO - Navigated to step 0
2025-04-08 20:09:31,215 - parts_navigation.container - INFO - Starting delayed brand preloading
2025-04-08 20:09:31,215 - parts_navigation.steps.brand - INFO - Starting to preload brands data
2025-04-08 20:09:31,434 - translations - WARNING - Missing translation for 'Internet: Connected' in 'he'
2025-04-08 20:09:31,491 - database.car_parts_db - INFO - Found 43 unique car brands in database
2025-04-08 20:09:31,491 - database.car_parts_db - INFO - Processed 43 unique car brands
2025-04-08 20:09:31,673 - parts_navigation.container - INFO - All navigation steps created successfully
2025-04-08 20:09:31,674 - parts_navigation.steps.brand - INFO - Preloaded 43 brands
2025-04-08 20:09:31,674 - parts_navigation.logo_manager - INFO - Preloading logos for 43 brands
2025-04-08 20:09:31,878 - parts_navigation.steps.brand - INFO - Loaded 43 unique brands
2025-04-08 20:09:31,878 - parts_navigation.components.tiles_grid - INFO - Populating grid with 43 items using 4 columns
2025-04-08 20:09:33,137 - parts_navigation.components.tiles_grid - INFO - Grid has 4 active columns configured
2025-04-08 20:09:33,137 - parts_navigation.components.tiles_grid - INFO - Total tiles: 43
2025-04-08 20:09:33,137 - parts_navigation.components.tiles_grid - INFO - Visible tiles: 0
2025-04-08 20:09:33,182 - parts_navigation.logo_manager - INFO - Found 31 already cached logos out of 43
2025-04-08 20:09:33,182 - parts_navigation.steps.brand - INFO - Started preloading 43 brand logos
2025-04-08 20:09:34,262 - UsersDB - INFO - User fahed authenticated successfully
2025-04-08 20:09:34,280 - __main__ - INFO - User logged in: {'id': 2, 'username': 'fahed', 'full_name': 'Fahed Abu Mukh', 'role': 'manager', 'settings': {'theme': 'classic', 'language': 'en', 'rtl': False}}
2025-04-08 20:09:35,660 - parts_navigation.components.tiles_grid - INFO - Adjusting columns from 3 to 5
2025-04-08 20:09:35,660 - parts_navigation.components.tiles_grid - INFO - Setting grid to 5 columns
2025-04-08 20:09:35,662 - parts_navigation.components.tiles_grid - INFO - Adjusting columns from 4 to 5
2025-04-08 20:09:35,662 - parts_navigation.components.tiles_grid - INFO - Setting grid to 5 columns
2025-04-08 20:09:35,664 - parts_navigation.components.tiles_grid - INFO - Adjusting columns from 4 to 5
2025-04-08 20:09:35,665 - parts_navigation.components.tiles_grid - INFO - Setting grid to 5 columns
2025-04-08 20:09:35,665 - parts_navigation.components.tiles_grid - INFO - Adjusting columns from 3 to 5
2025-04-08 20:09:35,666 - parts_navigation.components.tiles_grid - INFO - Setting grid to 5 columns
2025-04-08 20:09:35,667 - parts_navigation.components.tiles_grid - INFO - Adjusting columns from 4 to 5
2025-04-08 20:09:35,667 - parts_navigation.components.tiles_grid - INFO - Setting grid to 5 columns
2025-04-08 20:09:35,667 - parts_navigation.components.tiles_grid - INFO - Adjusting columns from 4 to 6
2025-04-08 20:09:35,667 - parts_navigation.components.tiles_grid - INFO - Setting grid to 6 columns
2025-04-08 20:09:54,841 - widgets.statistics - INFO - Time range changed: Today (2025-04-08 to 2025-04-08)
2025-04-08 20:09:59,461 - widgets.statistics - INFO - Applying filters: {'date_from': '2025-03-08', 'date_to': '2025-04-08', 'category': None, 'brand': None, 'stock_status': {'in_stock': True, 'low_stock': True, 'out_of_stock': True}, 'price_min': None, 'price_max': None}
2025-04-08 20:10:22,782 - gui.event_handlers - INFO - Closing database connection...
2025-04-08 20:10:22,807 - __main__ - INFO - Cleaning up application resources...
2025-04-08 20:10:22,807 - __main__ - INFO - Closing database connection...
2025-04-08 20:10:22,808 - __main__ - INFO - Cleaning up parts navigation resources...
2025-04-08 20:10:22,821 - database.car_parts_db - INFO - Thread 7840: New database connection established
2025-04-08 20:10:22,824 - __main__ - INFO - Application shutdown complete
2025-04-08 20:15:45,343 - root - INFO - Logging system initialized (level: INFO)
2025-04-08 20:15:45,344 - root - INFO - Log files directory: C:\Users\97253\Desktop\BeastMode-CSIntro-Excercises\CousinTestProject\logs
2025-04-08 20:15:45,579 - config - INFO - Determined application root: C:\Users\97253\Desktop\BeastMode-CSIntro-Excercises\CousinTestProject
2025-04-08 20:15:50,038 - __main__ - INFO - Application starting at: 2025-04-08 20:15:50
2025-04-08 20:15:50,038 - __main__ - INFO - Current user: BaselAM
2025-04-08 20:15:50,139 - __main__ - INFO - Initializing database connection...
2025-04-08 20:15:50,721 - database.car_parts_db - INFO - Thread 9128: Database connection established
2025-04-08 20:15:50,721 - database.car_parts_db - INFO - Initialized database connection to localhost
2025-04-08 20:15:50,771 - __main__ - INFO - Connected to database. Found 2845 parts.
2025-04-08 20:15:50,771 - translations - INFO - Loading translation files from C:\Users\97253\Desktop\BeastMode-CSIntro-Excercises\CousinTestProject\translations\data
2025-04-08 20:15:50,774 - translations - INFO - Loaded translations for namespace 'car_parts' from C:\Users\97253\Desktop\BeastMode-CSIntro-Excercises\CousinTestProject\translations\data\car_parts.json
2025-04-08 20:15:50,775 - translations - INFO - Loaded translations for namespace 'errors' from C:\Users\97253\Desktop\BeastMode-CSIntro-Excercises\CousinTestProject\translations\data\errors.json
2025-04-08 20:15:50,775 - translations - INFO - Loaded translations for namespace 'filters' from C:\Users\97253\Desktop\BeastMode-CSIntro-Excercises\CousinTestProject\translations\data\filters.json
2025-04-08 20:15:50,776 - translations - INFO - Loaded translations for namespace 'help' from C:\Users\97253\Desktop\BeastMode-CSIntro-Excercises\CousinTestProject\translations\data\help.json
2025-04-08 20:15:50,776 - translations - INFO - Loaded translations for namespace 'login' from C:\Users\97253\Desktop\BeastMode-CSIntro-Excercises\CousinTestProject\translations\data\login.json
2025-04-08 20:15:50,778 - translations - INFO - Loaded translations for namespace 'navigation' from C:\Users\97253\Desktop\BeastMode-CSIntro-Excercises\CousinTestProject\translations\data\navigation.json
2025-04-08 20:15:50,779 - translations - INFO - Loaded translations for namespace 'notifications' from C:\Users\97253\Desktop\BeastMode-CSIntro-Excercises\CousinTestProject\translations\data\notifications.json
2025-04-08 20:15:50,780 - translations - INFO - Loaded translations for namespace 'parts_nav_translations' from C:\Users\97253\Desktop\BeastMode-CSIntro-Excercises\CousinTestProject\translations\data\parts_nav_translations.json
2025-04-08 20:15:50,780 - translations - INFO - Loaded translations for namespace 'products' from C:\Users\97253\Desktop\BeastMode-CSIntro-Excercises\CousinTestProject\translations\data\products.json
2025-04-08 20:15:50,782 - translations - INFO - Loaded translations for namespace 'settings' from C:\Users\97253\Desktop\BeastMode-CSIntro-Excercises\CousinTestProject\translations\data\settings.json
2025-04-08 20:15:50,784 - translations - INFO - Loaded translations for namespace 'ui' from C:\Users\97253\Desktop\BeastMode-CSIntro-Excercises\CousinTestProject\translations\data\ui.json
2025-04-08 20:15:50,785 - translations - INFO - Loaded translations for namespace 'validations' from C:\Users\97253\Desktop\BeastMode-CSIntro-Excercises\CousinTestProject\translations\data\validations.json
2025-04-08 20:15:50,785 - translations - INFO - Loaded 12 translation files from C:\Users\97253\Desktop\BeastMode-CSIntro-Excercises\CousinTestProject\translations\data
2025-04-08 20:15:50,785 - translations - INFO - Loaded 12 translation files
2025-04-08 20:15:51,066 - UsersDB - INFO - Connected to user database at C:\Users\97253\Desktop\BeastMode-CSIntro-Excercises\CousinTestProject\database\users.db
2025-04-08 20:15:51,068 - UsersDB - INFO - Database tables created successfully
2025-04-08 20:15:52,126 - widgets.header.chatbot.api_key_manager - INFO - API key loaded successfully
2025-04-08 20:15:52,241 - widgets.header.chatbot.openai_client - INFO - OpenAI client initialized successfully
2025-04-08 20:15:52,468 - translations - WARNING - Missing translation for 'inventory_insights' in 'he'
2025-04-08 20:15:52,468 - translations - WARNING - Missing translation for 'categories' in 'he'
2025-04-08 20:15:52,468 - translations - WARNING - Missing translation for 'brands' in 'he'
2025-04-08 20:15:52,468 - translations - WARNING - Missing translation for 'low_stock' in 'he'
2025-04-08 20:15:52,468 - translations - WARNING - Missing translation for 'total_parts' in 'he'
2025-04-08 20:15:52,468 - translations - WARNING - Missing translation for 'total_value' in 'he'
2025-04-08 20:15:52,468 - translations - WARNING - Missing translation for 'average_price' in 'he'
2025-04-08 20:15:52,647 - parts_navigation.components.tiles_grid - INFO - Populating grid with 8 items using 4 columns
2025-04-08 20:15:52,759 - parts_navigation.container - INFO - All navigation steps created successfully
2025-04-08 20:15:52,761 - parts_navigation.components.tiles_grid - INFO - Grid has 4 active columns configured
2025-04-08 20:15:52,762 - parts_navigation.components.tiles_grid - INFO - Total tiles: 8
2025-04-08 20:15:52,762 - parts_navigation.components.tiles_grid - INFO - Visible tiles: 0
2025-04-08 20:15:52,762 - parts_navigation.container - INFO - Navigated to step 0
2025-04-08 20:15:53,073 - parts_navigation.container - INFO - Starting delayed brand preloading
2025-04-08 20:15:53,073 - parts_navigation.steps.brand - INFO - Starting to preload brands data
2025-04-08 20:15:53,310 - translations - WARNING - Missing translation for 'Internet: Connected' in 'he'
2025-04-08 20:15:53,573 - database.car_parts_db - INFO - Found 43 unique car brands in database
2025-04-08 20:15:53,574 - database.car_parts_db - INFO - Processed 43 unique car brands
2025-04-08 20:15:53,948 - parts_navigation.container - INFO - All navigation steps created successfully
2025-04-08 20:15:55,063 - parts_navigation.steps.brand - INFO - Preloaded 43 brands
2025-04-08 20:15:55,063 - parts_navigation.logo_manager - INFO - Preloading logos for 43 brands
2025-04-08 20:15:55,283 - parts_navigation.steps.brand - INFO - Loaded 43 unique brands
2025-04-08 20:15:55,283 - parts_navigation.components.tiles_grid - INFO - Populating grid with 43 items using 4 columns
2025-04-08 20:15:56,081 - parts_navigation.components.tiles_grid - INFO - Grid has 4 active columns configured
2025-04-08 20:15:56,082 - parts_navigation.components.tiles_grid - INFO - Total tiles: 43
2025-04-08 20:15:56,082 - parts_navigation.components.tiles_grid - INFO - Visible tiles: 0
2025-04-08 20:15:56,141 - parts_navigation.logo_manager - INFO - Found 31 already cached logos out of 43
2025-04-08 20:15:56,141 - parts_navigation.steps.brand - INFO - Started preloading 43 brand logos
2025-04-08 20:15:59,227 - UsersDB - INFO - User fahed authenticated successfully
2025-04-08 20:15:59,243 - __main__ - INFO - User logged in: {'id': 2, 'username': 'fahed', 'full_name': 'Fahed Abu Mukh', 'role': 'manager', 'settings': {'theme': 'classic', 'language': 'en', 'rtl': False}}
2025-04-08 20:16:00,934 - parts_navigation.components.tiles_grid - INFO - Adjusting columns from 3 to 5
2025-04-08 20:16:00,934 - parts_navigation.components.tiles_grid - INFO - Setting grid to 5 columns
2025-04-08 20:16:00,936 - parts_navigation.components.tiles_grid - INFO - Adjusting columns from 4 to 5
2025-04-08 20:16:00,936 - parts_navigation.components.tiles_grid - INFO - Setting grid to 5 columns
2025-04-08 20:16:00,938 - parts_navigation.components.tiles_grid - INFO - Adjusting columns from 4 to 5
2025-04-08 20:16:00,938 - parts_navigation.components.tiles_grid - INFO - Setting grid to 5 columns
2025-04-08 20:16:00,939 - parts_navigation.components.tiles_grid - INFO - Adjusting columns from 3 to 5
2025-04-08 20:16:00,940 - parts_navigation.components.tiles_grid - INFO - Setting grid to 5 columns
2025-04-08 20:16:00,941 - parts_navigation.components.tiles_grid - INFO - Adjusting columns from 4 to 5
2025-04-08 20:16:00,941 - parts_navigation.components.tiles_grid - INFO - Setting grid to 5 columns
2025-04-08 20:16:00,941 - parts_navigation.components.tiles_grid - INFO - Adjusting columns from 4 to 6
2025-04-08 20:16:00,941 - parts_navigation.components.tiles_grid - INFO - Setting grid to 6 columns
2025-04-08 20:16:03,092 - translations - WARNING - Missing translation for 'barcode' in 'he'
2025-04-08 20:16:03,093 - translations - WARNING - Missing translation for 'barcode_placeholder' in 'he'
2025-04-08 20:16:03,276 - translations - WARNING - Missing translation for 'scan_barcode_tooltip' in 'he'
2025-04-09 06:20:29,995 - root - INFO - Logging system initialized (level: INFO)
2025-04-09 06:20:29,995 - root - INFO - Log files directory: C:\Users\97253\Desktop\BeastMode-CSIntro-Excercises\CousinTestProject\logs
2025-04-09 06:20:30,977 - config - INFO - Determined application root: C:\Users\97253\Desktop\BeastMode-CSIntro-Excercises\CousinTestProject
2025-04-09 06:20:35,489 - __main__ - INFO - Application starting at: 2025-04-09 06:20:35
2025-04-09 06:20:35,490 - __main__ - INFO - Current user: BaselAM
2025-04-09 06:20:35,576 - __main__ - INFO - Initializing database connection...
2025-04-09 06:20:36,092 - database.car_parts_db - INFO - Thread 508: Database connection established
2025-04-09 06:20:36,092 - database.car_parts_db - INFO - Initialized database connection to localhost
2025-04-09 06:20:36,124 - __main__ - INFO - Connected to database. Found 2845 parts.
2025-04-09 06:20:36,124 - translations - INFO - Loading translation files from C:\Users\97253\Desktop\BeastMode-CSIntro-Excercises\CousinTestProject\translations\data
2025-04-09 06:20:36,137 - translations - INFO - Loaded translations for namespace 'car_parts' from C:\Users\97253\Desktop\BeastMode-CSIntro-Excercises\CousinTestProject\translations\data\car_parts.json
2025-04-09 06:20:36,148 - translations - INFO - Loaded translations for namespace 'errors' from C:\Users\97253\Desktop\BeastMode-CSIntro-Excercises\CousinTestProject\translations\data\errors.json
2025-04-09 06:20:36,159 - translations - INFO - Loaded translations for namespace 'filters' from C:\Users\97253\Desktop\BeastMode-CSIntro-Excercises\CousinTestProject\translations\data\filters.json
2025-04-09 06:20:36,174 - translations - INFO - Loaded translations for namespace 'help' from C:\Users\97253\Desktop\BeastMode-CSIntro-Excercises\CousinTestProject\translations\data\help.json
2025-04-09 06:20:36,192 - translations - INFO - Loaded translations for namespace 'login' from C:\Users\97253\Desktop\BeastMode-CSIntro-Excercises\CousinTestProject\translations\data\login.json
2025-04-09 06:20:36,207 - translations - INFO - Loaded translations for namespace 'navigation' from C:\Users\97253\Desktop\BeastMode-CSIntro-Excercises\CousinTestProject\translations\data\navigation.json
2025-04-09 06:20:36,216 - translations - INFO - Loaded translations for namespace 'notifications' from C:\Users\97253\Desktop\BeastMode-CSIntro-Excercises\CousinTestProject\translations\data\notifications.json
2025-04-09 06:20:36,230 - translations - INFO - Loaded translations for namespace 'parts_nav_translations' from C:\Users\97253\Desktop\BeastMode-CSIntro-Excercises\CousinTestProject\translations\data\parts_nav_translations.json
2025-04-09 06:20:36,240 - translations - INFO - Loaded translations for namespace 'products' from C:\Users\97253\Desktop\BeastMode-CSIntro-Excercises\CousinTestProject\translations\data\products.json
2025-04-09 06:20:36,253 - translations - INFO - Loaded translations for namespace 'settings' from C:\Users\97253\Desktop\BeastMode-CSIntro-Excercises\CousinTestProject\translations\data\settings.json
2025-04-09 06:20:36,266 - translations - INFO - Loaded translations for namespace 'ui' from C:\Users\97253\Desktop\BeastMode-CSIntro-Excercises\CousinTestProject\translations\data\ui.json
2025-04-09 06:20:36,278 - translations - INFO - Loaded translations for namespace 'validations' from C:\Users\97253\Desktop\BeastMode-CSIntro-Excercises\CousinTestProject\translations\data\validations.json
2025-04-09 06:20:36,278 - translations - INFO - Loaded 12 translation files from C:\Users\97253\Desktop\BeastMode-CSIntro-Excercises\CousinTestProject\translations\data
2025-04-09 06:20:36,278 - translations - INFO - Loaded 12 translation files
2025-04-09 06:20:36,578 - UsersDB - INFO - Connected to user database at C:\Users\97253\Desktop\BeastMode-CSIntro-Excercises\CousinTestProject\database\users.db
2025-04-09 06:20:36,580 - UsersDB - INFO - Database tables created successfully
2025-04-09 06:20:37,854 - widgets.header.chatbot.api_key_manager - INFO - API key loaded successfully
2025-04-09 06:20:37,985 - widgets.header.chatbot.openai_client - INFO - OpenAI client initialized successfully
2025-04-09 06:20:38,333 - translations - WARNING - Missing translation for 'inventory_insights' in 'he'
2025-04-09 06:20:38,335 - translations - WARNING - Missing translation for 'categories' in 'he'
2025-04-09 06:20:38,335 - translations - WARNING - Missing translation for 'brands' in 'he'
2025-04-09 06:20:38,335 - translations - WARNING - Missing translation for 'low_stock' in 'he'
2025-04-09 06:20:38,335 - translations - WARNING - Missing translation for 'total_parts' in 'he'
2025-04-09 06:20:38,335 - translations - WARNING - Missing translation for 'total_value' in 'he'
2025-04-09 06:20:38,335 - translations - WARNING - Missing translation for 'average_price' in 'he'
2025-04-09 06:20:38,475 - parts_navigation.components.tiles_grid - INFO - Populating grid with 8 items using 4 columns
2025-04-09 06:20:38,522 - parts_navigation.components.tiles_grid - INFO - Grid has 4 active columns configured
2025-04-09 06:20:38,522 - parts_navigation.components.tiles_grid - INFO - Total tiles: 8
2025-04-09 06:20:38,522 - parts_navigation.components.tiles_grid - INFO - Visible tiles: 0
2025-04-09 06:20:38,522 - parts_navigation.container - INFO - Navigated to step 0
2025-04-09 06:20:38,854 - parts_navigation.container - INFO - All navigation steps created successfully
2025-04-09 06:20:38,989 - parts_navigation.container - INFO - Starting delayed brand preloading
2025-04-09 06:20:38,989 - parts_navigation.steps.brand - INFO - Starting to preload brands data
2025-04-09 06:20:39,011 - translations - WARNING - Missing translation for 'Internet: Connected' in 'he'
2025-04-09 06:20:39,061 - database.car_parts_db - INFO - Found 43 unique car brands in database
2025-04-09 06:20:39,061 - database.car_parts_db - INFO - Processed 43 unique car brands
2025-04-09 06:20:39,239 - parts_navigation.container - INFO - All navigation steps created successfully
2025-04-09 06:20:39,239 - parts_navigation.steps.brand - INFO - Preloaded 43 brands
2025-04-09 06:20:39,239 - parts_navigation.logo_manager - INFO - Preloading logos for 43 brands
2025-04-09 06:20:39,554 - parts_navigation.steps.brand - INFO - Loaded 43 unique brands
2025-04-09 06:20:39,554 - parts_navigation.components.tiles_grid - INFO - Populating grid with 43 items using 4 columns
2025-04-09 06:20:40,573 - parts_navigation.components.tiles_grid - INFO - Grid has 4 active columns configured
2025-04-09 06:20:40,573 - parts_navigation.components.tiles_grid - INFO - Total tiles: 43
2025-04-09 06:20:40,573 - parts_navigation.components.tiles_grid - INFO - Visible tiles: 0
2025-04-09 06:20:40,610 - parts_navigation.logo_manager - INFO - Found 31 already cached logos out of 43
2025-04-09 06:20:40,610 - parts_navigation.steps.brand - INFO - Started preloading 43 brand logos
2025-04-09 06:20:44,559 - UsersDB - INFO - User fahed authenticated successfully
2025-04-09 06:20:44,572 - __main__ - INFO - User logged in: {'id': 2, 'username': 'fahed', 'full_name': 'Fahed Abu Mukh', 'role': 'manager', 'settings': {'theme': 'classic', 'language': 'en', 'rtl': False}}
2025-04-09 06:21:09,574 - translations - WARNING - Missing translation for 'Internet: Disconnected' in 'he'
2025-04-09 06:21:21,566 - parts_navigation.components.tiles_grid - INFO - Adjusting columns from 3 to 5
2025-04-09 06:21:21,566 - parts_navigation.components.tiles_grid - INFO - Setting grid to 5 columns
2025-04-09 06:21:21,567 - parts_navigation.components.tiles_grid - INFO - Adjusting columns from 4 to 5
2025-04-09 06:21:21,567 - parts_navigation.components.tiles_grid - INFO - Setting grid to 5 columns
2025-04-09 06:21:21,568 - parts_navigation.components.tiles_grid - INFO - Adjusting columns from 4 to 5
2025-04-09 06:21:21,568 - parts_navigation.components.tiles_grid - INFO - Setting grid to 5 columns
2025-04-09 06:21:21,568 - parts_navigation.components.tiles_grid - INFO - Adjusting columns from 3 to 5
2025-04-09 06:21:21,568 - parts_navigation.components.tiles_grid - INFO - Setting grid to 5 columns
2025-04-09 06:21:21,569 - parts_navigation.components.tiles_grid - INFO - Adjusting columns from 4 to 5
2025-04-09 06:21:21,569 - parts_navigation.components.tiles_grid - INFO - Setting grid to 5 columns
2025-04-09 06:21:21,569 - parts_navigation.components.tiles_grid - INFO - Adjusting columns from 4 to 6
2025-04-09 06:21:21,569 - parts_navigation.components.tiles_grid - INFO - Setting grid to 6 columns
2025-04-09 06:21:28,888 - parts_navigation.components.tiles_grid - INFO - Populating grid with 8 items using 4 columns
2025-04-09 06:21:28,900 - parts_navigation.components.tiles_grid - INFO - Grid has 4 active columns configured
2025-04-09 06:21:28,900 - parts_navigation.components.tiles_grid - INFO - Total tiles: 8
2025-04-09 06:21:28,900 - parts_navigation.components.tiles_grid - INFO - Visible tiles: 0
2025-04-09 06:21:28,900 - parts_navigation.container - INFO - Navigated to step 0
2025-04-09 06:21:28,931 - parts_navigation.components.tiles_grid - INFO - Adjusting columns from 4 to 9
2025-04-09 06:21:28,931 - parts_navigation.components.tiles_grid - INFO - Setting grid to 9 columns
2025-04-09 06:21:28,969 - parts_navigation.container - INFO - All navigation steps created successfully
2025-04-09 06:21:28,970 - parts_navigation.container - INFO - Starting delayed brand preloading
2025-04-09 06:21:28,970 - parts_navigation.steps.brand - INFO - Starting to preload brands data
2025-04-09 06:21:28,988 - parts_navigation.components.tiles_grid - INFO - Adjusting columns from 4 to 5
2025-04-09 06:21:28,988 - parts_navigation.components.tiles_grid - INFO - Setting grid to 5 columns
2025-04-09 06:21:28,990 - parts_navigation.components.tiles_grid - INFO - Adjusting columns from 3 to 5
2025-04-09 06:21:28,990 - parts_navigation.components.tiles_grid - INFO - Setting grid to 5 columns
2025-04-09 06:21:28,990 - parts_navigation.components.tiles_grid - INFO - Adjusting columns from 4 to 5
2025-04-09 06:21:28,990 - parts_navigation.components.tiles_grid - INFO - Setting grid to 5 columns
2025-04-09 06:21:29,025 - parts_navigation.steps.brand - INFO - Preloaded 43 brands
2025-04-09 06:21:29,025 - parts_navigation.logo_manager - INFO - Preloading logos for 43 brands
2025-04-09 06:21:29,061 - parts_navigation.steps.brand - INFO - Loaded 43 unique brands
2025-04-09 06:21:29,061 - parts_navigation.components.tiles_grid - INFO - Populating grid with 43 items using 9 columns
2025-04-09 06:21:29,128 - parts_navigation.components.tiles_grid - INFO - Adjusting columns from 3 to 5
2025-04-09 06:21:29,128 - parts_navigation.components.tiles_grid - INFO - Setting grid to 5 columns
2025-04-09 06:21:29,131 - parts_navigation.components.tiles_grid - INFO - Adjusting columns from 4 to 5
2025-04-09 06:21:29,131 - parts_navigation.components.tiles_grid - INFO - Setting grid to 5 columns
2025-04-09 06:21:29,157 - parts_navigation.container - INFO - All navigation steps created successfully
2025-04-09 06:21:29,519 - parts_navigation.components.tiles_grid - INFO - Grid has 9 active columns configured
2025-04-09 06:21:29,519 - parts_navigation.components.tiles_grid - INFO - Total tiles: 43
2025-04-09 06:21:29,520 - parts_navigation.components.tiles_grid - INFO - Visible tiles: 43
2025-04-09 06:21:29,544 - parts_navigation.logo_manager - INFO - Found 31 already cached logos out of 43
2025-04-09 06:21:29,544 - parts_navigation.steps.brand - INFO - Started preloading 43 brand logos
2025-04-09 06:25:38,497 - database.car_parts_db - WARNING - Error closing cursor: Unread result found
2025-04-09 06:25:38,498 - database.car_parts_db - WARNING - Error closing connection: Unread result found
2025-04-09 06:30:38,443 - database.car_parts_db - INFO - Thread 508: New database connection established
2025-04-09 07:22:49,417 - translations - WARNING - Missing translation for 'barcode' in 'he'
2025-04-09 07:22:49,436 - translations - WARNING - Missing translation for 'barcode_placeholder' in 'he'
2025-04-09 07:22:49,587 - translations - WARNING - Missing translation for 'scan_barcode_tooltip' in 'he'
2025-04-09 08:46:43,623 - root - INFO - Logging system initialized (level: INFO)
2025-04-09 08:46:43,623 - root - INFO - Log files directory: C:\Users\97253\Desktop\BeastMode-CSIntro-Excercises\CousinTestProject\logs
2025-04-09 08:46:44,629 - config - INFO - Determined application root: C:\Users\97253\Desktop\BeastMode-CSIntro-Excercises\CousinTestProject
2025-04-09 08:46:50,280 - __main__ - INFO - Application starting at: 2025-04-09 08:46:50
2025-04-09 08:46:50,280 - __main__ - INFO - Current user: BaselAM
2025-04-09 08:46:50,366 - __main__ - INFO - Initializing database connection...
2025-04-09 08:46:50,784 - database.car_parts_db - INFO - Thread 8560: Database connection established
2025-04-09 08:46:50,784 - database.car_parts_db - INFO - Initialized database connection to localhost
2025-04-09 08:46:50,829 - __main__ - INFO - Connected to database. Found 2845 parts.
2025-04-09 08:46:50,829 - translations - INFO - Loading translation files from C:\Users\97253\Desktop\BeastMode-CSIntro-Excercises\CousinTestProject\translations\data
2025-04-09 08:46:50,838 - translations - INFO - Loaded translations for namespace 'car_parts' from C:\Users\97253\Desktop\BeastMode-CSIntro-Excercises\CousinTestProject\translations\data\car_parts.json
2025-04-09 08:46:50,847 - translations - INFO - Loaded translations for namespace 'errors' from C:\Users\97253\Desktop\BeastMode-CSIntro-Excercises\CousinTestProject\translations\data\errors.json
2025-04-09 08:46:50,855 - translations - INFO - Loaded translations for namespace 'filters' from C:\Users\97253\Desktop\BeastMode-CSIntro-Excercises\CousinTestProject\translations\data\filters.json
2025-04-09 08:46:50,863 - translations - INFO - Loaded translations for namespace 'help' from C:\Users\97253\Desktop\BeastMode-CSIntro-Excercises\CousinTestProject\translations\data\help.json
2025-04-09 08:46:50,873 - translations - INFO - Loaded translations for namespace 'login' from C:\Users\97253\Desktop\BeastMode-CSIntro-Excercises\CousinTestProject\translations\data\login.json
2025-04-09 08:46:50,882 - translations - INFO - Loaded translations for namespace 'navigation' from C:\Users\97253\Desktop\BeastMode-CSIntro-Excercises\CousinTestProject\translations\data\navigation.json
2025-04-09 08:46:50,889 - translations - INFO - Loaded translations for namespace 'notifications' from C:\Users\97253\Desktop\BeastMode-CSIntro-Excercises\CousinTestProject\translations\data\notifications.json
2025-04-09 08:46:50,898 - translations - INFO - Loaded translations for namespace 'parts_nav_translations' from C:\Users\97253\Desktop\BeastMode-CSIntro-Excercises\CousinTestProject\translations\data\parts_nav_translations.json
2025-04-09 08:46:50,909 - translations - INFO - Loaded translations for namespace 'products' from C:\Users\97253\Desktop\BeastMode-CSIntro-Excercises\CousinTestProject\translations\data\products.json
2025-04-09 08:46:50,918 - translations - INFO - Loaded translations for namespace 'settings' from C:\Users\97253\Desktop\BeastMode-CSIntro-Excercises\CousinTestProject\translations\data\settings.json
2025-04-09 08:46:50,927 - translations - INFO - Loaded translations for namespace 'ui' from C:\Users\97253\Desktop\BeastMode-CSIntro-Excercises\CousinTestProject\translations\data\ui.json
2025-04-09 08:46:50,937 - translations - INFO - Loaded translations for namespace 'validations' from C:\Users\97253\Desktop\BeastMode-CSIntro-Excercises\CousinTestProject\translations\data\validations.json
2025-04-09 08:46:50,937 - translations - INFO - Loaded 12 translation files from C:\Users\97253\Desktop\BeastMode-CSIntro-Excercises\CousinTestProject\translations\data
2025-04-09 08:46:50,937 - translations - INFO - Loaded 12 translation files
2025-04-09 08:46:51,199 - UsersDB - INFO - Connected to user database at C:\Users\97253\Desktop\BeastMode-CSIntro-Excercises\CousinTestProject\database\users.db
2025-04-09 08:46:51,200 - UsersDB - INFO - Database tables created successfully
2025-04-09 08:46:52,365 - widgets.header.chatbot.api_key_manager - INFO - API key loaded successfully
2025-04-09 08:46:52,504 - widgets.header.chatbot.openai_client - INFO - OpenAI client initialized successfully
2025-04-09 08:46:52,846 - translations - WARNING - Missing translation for 'inventory_insights' in 'he'
2025-04-09 08:46:52,847 - translations - WARNING - Missing translation for 'categories' in 'he'
2025-04-09 08:46:52,847 - translations - WARNING - Missing translation for 'brands' in 'he'
2025-04-09 08:46:52,847 - translations - WARNING - Missing translation for 'low_stock' in 'he'
2025-04-09 08:46:52,847 - translations - WARNING - Missing translation for 'total_parts' in 'he'
2025-04-09 08:46:52,847 - translations - WARNING - Missing translation for 'total_value' in 'he'
2025-04-09 08:46:52,847 - translations - WARNING - Missing translation for 'average_price' in 'he'
2025-04-09 08:46:53,016 - parts_navigation.components.tiles_grid - INFO - Populating grid with 8 items using 4 columns
2025-04-09 08:46:53,139 - parts_navigation.container - INFO - All navigation steps created successfully
2025-04-09 08:46:53,142 - parts_navigation.components.tiles_grid - INFO - Grid has 4 active columns configured
2025-04-09 08:46:53,142 - parts_navigation.components.tiles_grid - INFO - Total tiles: 8
2025-04-09 08:46:53,142 - parts_navigation.components.tiles_grid - INFO - Visible tiles: 0
2025-04-09 08:46:53,142 - parts_navigation.container - INFO - Navigated to step 0
2025-04-09 08:46:53,536 - parts_navigation.container - INFO - Starting delayed brand preloading
2025-04-09 08:46:53,536 - parts_navigation.steps.brand - INFO - Starting to preload brands data
2025-04-09 08:46:53,716 - translations - WARNING - Missing translation for 'Internet: Connected' in 'he'
2025-04-09 08:46:53,775 - database.car_parts_db - INFO - Found 43 unique car brands in database
2025-04-09 08:46:53,775 - database.car_parts_db - INFO - Processed 43 unique car brands
2025-04-09 08:46:53,938 - parts_navigation.container - INFO - All navigation steps created successfully
2025-04-09 08:46:53,938 - parts_navigation.steps.brand - INFO - Preloaded 43 brands
2025-04-09 08:46:53,938 - parts_navigation.logo_manager - INFO - Preloading logos for 43 brands
2025-04-09 08:46:54,198 - parts_navigation.steps.brand - INFO - Loaded 43 unique brands
2025-04-09 08:46:54,198 - parts_navigation.components.tiles_grid - INFO - Populating grid with 43 items using 4 columns
2025-04-09 08:46:55,371 - parts_navigation.components.tiles_grid - INFO - Grid has 4 active columns configured
2025-04-09 08:46:55,371 - parts_navigation.components.tiles_grid - INFO - Total tiles: 43
2025-04-09 08:46:55,371 - parts_navigation.components.tiles_grid - INFO - Visible tiles: 0
2025-04-09 08:46:55,407 - parts_navigation.logo_manager - INFO - Found 31 already cached logos out of 43
2025-04-09 08:46:55,409 - parts_navigation.steps.brand - INFO - Started preloading 43 brand logos
2025-04-09 08:46:56,628 - UsersDB - INFO - User fahed authenticated successfully
2025-04-09 08:46:56,640 - __main__ - INFO - User logged in: {'id': 2, 'username': 'fahed', 'full_name': 'Fahed Abu Mukh', 'role': 'manager', 'settings': {'theme': 'classic', 'language': 'en', 'rtl': False}}
2025-04-09 08:46:57,514 - parts_navigation.components.tiles_grid - INFO - Adjusting columns from 3 to 5
2025-04-09 08:46:57,514 - parts_navigation.components.tiles_grid - INFO - Setting grid to 5 columns
2025-04-09 08:46:57,516 - parts_navigation.components.tiles_grid - INFO - Adjusting columns from 4 to 5
2025-04-09 08:46:57,516 - parts_navigation.components.tiles_grid - INFO - Setting grid to 5 columns
2025-04-09 08:46:57,519 - parts_navigation.components.tiles_grid - INFO - Adjusting columns from 4 to 5
2025-04-09 08:46:57,519 - parts_navigation.components.tiles_grid - INFO - Setting grid to 5 columns
2025-04-09 08:46:57,520 - parts_navigation.components.tiles_grid - INFO - Adjusting columns from 3 to 5
2025-04-09 08:46:57,520 - parts_navigation.components.tiles_grid - INFO - Setting grid to 5 columns
2025-04-09 08:46:57,523 - parts_navigation.components.tiles_grid - INFO - Adjusting columns from 4 to 5
2025-04-09 08:46:57,523 - parts_navigation.components.tiles_grid - INFO - Setting grid to 5 columns
2025-04-09 08:46:57,524 - parts_navigation.components.tiles_grid - INFO - Adjusting columns from 4 to 6
2025-04-09 08:46:57,524 - parts_navigation.components.tiles_grid - INFO - Setting grid to 6 columns
2025-04-09 08:46:59,176 - translations - WARNING - Missing translation for 'barcode' in 'he'
2025-04-09 08:46:59,176 - translations - WARNING - Missing translation for 'barcode_placeholder' in 'he'
2025-04-09 08:46:59,319 - translations - WARNING - Missing translation for 'scan_barcode_tooltip' in 'he'
2025-04-09 08:47:00,353 - translations - WARNING - Missing translation for 'scan_barcode' in 'he'
2025-04-09 08:47:00,353 - translations - WARNING - Missing translation for 'enter_barcode' in 'he'
2025-04-09 08:47:19,639 - gui.event_handlers - INFO - Closing database connection...
2025-04-09 08:47:19,661 - __main__ - INFO - Cleaning up application resources...
2025-04-09 08:47:19,661 - __main__ - INFO - Closing database connection...
2025-04-09 08:47:19,661 - __main__ - INFO - Cleaning up parts navigation resources...
2025-04-09 08:47:19,678 - database.car_parts_db - INFO - Thread 8560: New database connection established
2025-04-09 08:47:19,681 - __main__ - INFO - Application shutdown complete
2025-04-09 08:48:54,066 - root - INFO - Logging system initialized (level: INFO)
2025-04-09 08:48:54,066 - root - INFO - Log files directory: C:\Users\97253\Desktop\BeastMode-CSIntro-Excercises\CousinTestProject\logs
2025-04-09 08:48:54,220 - config - INFO - Determined application root: C:\Users\97253\Desktop\BeastMode-CSIntro-Excercises\CousinTestProject
2025-04-09 08:48:56,101 - __main__ - INFO - Application starting at: 2025-04-09 08:48:56
2025-04-09 08:48:56,101 - __main__ - INFO - Current user: BaselAM
2025-04-09 08:48:56,148 - __main__ - INFO - Initializing database connection...
2025-04-09 08:48:56,369 - database.car_parts_db - INFO - Thread 15052: Database connection established
2025-04-09 08:48:56,369 - database.car_parts_db - INFO - Initialized database connection to localhost
2025-04-09 08:48:56,401 - __main__ - INFO - Connected to database. Found 2845 parts.
2025-04-09 08:48:56,401 - translations - INFO - Loading translation files from C:\Users\97253\Desktop\BeastMode-CSIntro-Excercises\CousinTestProject\translations\data
2025-04-09 08:48:56,401 - translations - INFO - Loaded translations for namespace 'car_parts' from C:\Users\97253\Desktop\BeastMode-CSIntro-Excercises\CousinTestProject\translations\data\car_parts.json
2025-04-09 08:48:56,401 - translations - INFO - Loaded translations for namespace 'errors' from C:\Users\97253\Desktop\BeastMode-CSIntro-Excercises\CousinTestProject\translations\data\errors.json
2025-04-09 08:48:56,401 - translations - INFO - Loaded translations for namespace 'filters' from C:\Users\97253\Desktop\BeastMode-CSIntro-Excercises\CousinTestProject\translations\data\filters.json
2025-04-09 08:48:56,401 - translations - INFO - Loaded translations for namespace 'help' from C:\Users\97253\Desktop\BeastMode-CSIntro-Excercises\CousinTestProject\translations\data\help.json
2025-04-09 08:48:56,401 - translations - INFO - Loaded translations for namespace 'login' from C:\Users\97253\Desktop\BeastMode-CSIntro-Excercises\CousinTestProject\translations\data\login.json
2025-04-09 08:48:56,401 - translations - INFO - Loaded translations for namespace 'navigation' from C:\Users\97253\Desktop\BeastMode-CSIntro-Excercises\CousinTestProject\translations\data\navigation.json
2025-04-09 08:48:56,401 - translations - INFO - Loaded translations for namespace 'notifications' from C:\Users\97253\Desktop\BeastMode-CSIntro-Excercises\CousinTestProject\translations\data\notifications.json
2025-04-09 08:48:56,401 - translations - INFO - Loaded translations for namespace 'parts_nav_translations' from C:\Users\97253\Desktop\BeastMode-CSIntro-Excercises\CousinTestProject\translations\data\parts_nav_translations.json
2025-04-09 08:48:56,401 - translations - INFO - Loaded translations for namespace 'products' from C:\Users\97253\Desktop\BeastMode-CSIntro-Excercises\CousinTestProject\translations\data\products.json
2025-04-09 08:48:56,401 - translations - INFO - Loaded translations for namespace 'settings' from C:\Users\97253\Desktop\BeastMode-CSIntro-Excercises\CousinTestProject\translations\data\settings.json
2025-04-09 08:48:56,401 - translations - INFO - Loaded translations for namespace 'ui' from C:\Users\97253\Desktop\BeastMode-CSIntro-Excercises\CousinTestProject\translations\data\ui.json
2025-04-09 08:48:56,401 - translations - INFO - Loaded translations for namespace 'validations' from C:\Users\97253\Desktop\BeastMode-CSIntro-Excercises\CousinTestProject\translations\data\validations.json
2025-04-09 08:48:56,417 - translations - INFO - Loaded 12 translation files from C:\Users\97253\Desktop\BeastMode-CSIntro-Excercises\CousinTestProject\translations\data
2025-04-09 08:48:56,417 - translations - INFO - Loaded 12 translation files
2025-04-09 08:48:56,667 - UsersDB - INFO - Connected to user database at C:\Users\97253\Desktop\BeastMode-CSIntro-Excercises\CousinTestProject\database\users.db
2025-04-09 08:48:56,668 - UsersDB - INFO - Database tables created successfully
2025-04-09 08:48:57,386 - widgets.header.chatbot.api_key_manager - INFO - API key loaded successfully
2025-04-09 08:48:57,474 - widgets.header.chatbot.openai_client - INFO - OpenAI client initialized successfully
2025-04-09 08:48:57,684 - translations - WARNING - Missing translation for 'inventory_insights' in 'he'
2025-04-09 08:48:57,684 - translations - WARNING - Missing translation for 'categories' in 'he'
2025-04-09 08:48:57,684 - translations - WARNING - Missing translation for 'brands' in 'he'
2025-04-09 08:48:57,684 - translations - WARNING - Missing translation for 'low_stock' in 'he'
2025-04-09 08:48:57,684 - translations - WARNING - Missing translation for 'total_parts' in 'he'
2025-04-09 08:48:57,684 - translations - WARNING - Missing translation for 'total_value' in 'he'
2025-04-09 08:48:57,684 - translations - WARNING - Missing translation for 'average_price' in 'he'
2025-04-09 08:48:57,832 - parts_navigation.components.tiles_grid - INFO - Populating grid with 8 items using 4 columns
2025-04-09 08:48:57,879 - parts_navigation.components.tiles_grid - INFO - Grid has 4 active columns configured
2025-04-09 08:48:57,879 - parts_navigation.components.tiles_grid - INFO - Total tiles: 8
2025-04-09 08:48:57,879 - parts_navigation.components.tiles_grid - INFO - Visible tiles: 0
2025-04-09 08:48:57,879 - parts_navigation.container - INFO - Navigated to step 0
2025-04-09 08:48:58,087 - parts_navigation.container - INFO - All navigation steps created successfully
2025-04-09 08:48:58,218 - parts_navigation.container - INFO - Starting delayed brand preloading
2025-04-09 08:48:58,218 - parts_navigation.steps.brand - INFO - Starting to preload brands data
2025-04-09 08:48:58,221 - translations - WARNING - Missing translation for 'Internet: Connected' in 'he'
2025-04-09 08:48:58,269 - database.car_parts_db - INFO - Found 43 unique car brands in database
2025-04-09 08:48:58,269 - database.car_parts_db - INFO - Processed 43 unique car brands
2025-04-09 08:48:58,388 - parts_navigation.steps.brand - INFO - Preloaded 43 brands
2025-04-09 08:48:58,388 - parts_navigation.logo_manager - INFO - Preloading logos for 43 brands
2025-04-09 08:48:58,484 - parts_navigation.steps.brand - INFO - Loaded 43 unique brands
2025-04-09 08:48:58,484 - parts_navigation.components.tiles_grid - INFO - Populating grid with 43 items using 4 columns
2025-04-09 08:48:58,578 - parts_navigation.container - INFO - All navigation steps created successfully
2025-04-09 08:48:59,539 - parts_navigation.components.tiles_grid - INFO - Grid has 4 active columns configured
2025-04-09 08:48:59,539 - parts_navigation.components.tiles_grid - INFO - Total tiles: 43
2025-04-09 08:48:59,540 - parts_navigation.components.tiles_grid - INFO - Visible tiles: 0
2025-04-09 08:48:59,578 - parts_navigation.logo_manager - INFO - Found 31 already cached logos out of 43
2025-04-09 08:48:59,578 - parts_navigation.steps.brand - INFO - Started preloading 43 brand logos
2025-04-09 08:49:02,526 - UsersDB - INFO - User fahed authenticated successfully
2025-04-09 08:49:02,536 - __main__ - INFO - User logged in: {'id': 2, 'username': 'fahed', 'full_name': 'Fahed Abu Mukh', 'role': 'manager', 'settings': {'theme': 'classic', 'language': 'en', 'rtl': False}}
2025-04-09 08:49:17,726 - parts_navigation.components.tiles_grid - INFO - Adjusting columns from 3 to 5
2025-04-09 08:49:17,726 - parts_navigation.components.tiles_grid - INFO - Setting grid to 5 columns
2025-04-09 08:49:17,726 - parts_navigation.components.tiles_grid - INFO - Adjusting columns from 4 to 5
2025-04-09 08:49:17,726 - parts_navigation.components.tiles_grid - INFO - Setting grid to 5 columns
2025-04-09 08:49:17,727 - parts_navigation.components.tiles_grid - INFO - Adjusting columns from 4 to 5
2025-04-09 08:49:17,727 - parts_navigation.components.tiles_grid - INFO - Setting grid to 5 columns
2025-04-09 08:49:17,728 - parts_navigation.components.tiles_grid - INFO - Adjusting columns from 3 to 5
2025-04-09 08:49:17,728 - parts_navigation.components.tiles_grid - INFO - Setting grid to 5 columns
2025-04-09 08:49:17,728 - parts_navigation.components.tiles_grid - INFO - Adjusting columns from 4 to 5
2025-04-09 08:49:17,728 - parts_navigation.components.tiles_grid - INFO - Setting grid to 5 columns
2025-04-09 08:49:17,729 - parts_navigation.components.tiles_grid - INFO - Adjusting columns from 4 to 6
2025-04-09 08:49:17,729 - parts_navigation.components.tiles_grid - INFO - Setting grid to 6 columns
2025-04-09 08:49:27,500 - widgets.statistics - INFO - Applying filters: {'date_from': '2025-03-09', 'date_to': '2025-04-09', 'category': None, 'brand': None, 'stock_status': {'in_stock': True, 'low_stock': True, 'out_of_stock': True}, 'price_min': None, 'price_max': None}
2025-04-09 08:49:31,616 - widgets.statistics - INFO - Applying filters: {'date_from': '2025-03-09', 'date_to': '2025-04-09', 'category': 'Battery', 'brand': None, 'stock_status': {'in_stock': True, 'low_stock': True, 'out_of_stock': True}, 'price_min': None, 'price_max': None}
2025-04-09 08:49:51,461 - widgets.statistics - INFO - Applying filters: {'date_from': '2025-03-09', 'date_to': '2025-04-09', 'category': None, 'brand': None, 'stock_status': {'in_stock': False, 'low_stock': True, 'out_of_stock': True}, 'price_min': None, 'price_max': None}
2025-04-09 08:49:54,734 - widgets.statistics - INFO - Applying filters: {'date_from': '2025-03-09', 'date_to': '2025-04-09', 'category': None, 'brand': None, 'stock_status': {'in_stock': True, 'low_stock': True, 'out_of_stock': True}, 'price_min': None, 'price_max': None}
2025-04-09 08:50:08,365 - gui.event_handlers - INFO - Closing database connection...
2025-04-09 08:50:08,397 - __main__ - INFO - Cleaning up application resources...
2025-04-09 08:50:08,397 - __main__ - INFO - Closing database connection...
2025-04-09 08:50:08,397 - __main__ - INFO - Cleaning up parts navigation resources...
2025-04-09 08:50:08,414 - database.car_parts_db - INFO - Thread 15052: New database connection established
2025-04-09 08:50:08,420 - __main__ - INFO - Application shutdown complete
2025-04-09 08:52:26,722 - root - INFO - Logging system initialized (level: INFO)
2025-04-09 08:52:26,723 - root - INFO - Log files directory: C:\Users\97253\Desktop\BeastMode-CSIntro-Excercises\CousinTestProject\logs
2025-04-09 08:52:26,888 - config - INFO - Determined application root: C:\Users\97253\Desktop\BeastMode-CSIntro-Excercises\CousinTestProject
2025-04-09 08:52:29,785 - __main__ - INFO - Application starting at: 2025-04-09 08:52:29
2025-04-09 08:52:29,785 - __main__ - INFO - Current user: BaselAM
2025-04-09 08:52:29,856 - __main__ - INFO - Initializing database connection...
2025-04-09 08:52:30,189 - database.car_parts_db - INFO - Thread 4492: Database connection established
2025-04-09 08:52:30,189 - database.car_parts_db - INFO - Initialized database connection to localhost
2025-04-09 08:52:30,219 - __main__ - INFO - Connected to database. Found 2845 parts.
2025-04-09 08:52:30,219 - translations - INFO - Loading translation files from C:\Users\97253\Desktop\BeastMode-CSIntro-Excercises\CousinTestProject\translations\data
2025-04-09 08:52:30,222 - translations - INFO - Loaded translations for namespace 'car_parts' from C:\Users\97253\Desktop\BeastMode-CSIntro-Excercises\CousinTestProject\translations\data\car_parts.json
2025-04-09 08:52:30,222 - translations - INFO - Loaded translations for namespace 'errors' from C:\Users\97253\Desktop\BeastMode-CSIntro-Excercises\CousinTestProject\translations\data\errors.json
2025-04-09 08:52:30,223 - translations - INFO - Loaded translations for namespace 'filters' from C:\Users\97253\Desktop\BeastMode-CSIntro-Excercises\CousinTestProject\translations\data\filters.json
2025-04-09 08:52:30,224 - translations - INFO - Loaded translations for namespace 'help' from C:\Users\97253\Desktop\BeastMode-CSIntro-Excercises\CousinTestProject\translations\data\help.json
2025-04-09 08:52:30,225 - translations - INFO - Loaded translations for namespace 'login' from C:\Users\97253\Desktop\BeastMode-CSIntro-Excercises\CousinTestProject\translations\data\login.json
2025-04-09 08:52:30,226 - translations - INFO - Loaded translations for namespace 'navigation' from C:\Users\97253\Desktop\BeastMode-CSIntro-Excercises\CousinTestProject\translations\data\navigation.json
2025-04-09 08:52:30,227 - translations - INFO - Loaded translations for namespace 'notifications' from C:\Users\97253\Desktop\BeastMode-CSIntro-Excercises\CousinTestProject\translations\data\notifications.json
2025-04-09 08:52:30,228 - translations - INFO - Loaded translations for namespace 'parts_nav_translations' from C:\Users\97253\Desktop\BeastMode-CSIntro-Excercises\CousinTestProject\translations\data\parts_nav_translations.json
2025-04-09 08:52:30,230 - translations - INFO - Loaded translations for namespace 'products' from C:\Users\97253\Desktop\BeastMode-CSIntro-Excercises\CousinTestProject\translations\data\products.json
2025-04-09 08:52:30,230 - translations - INFO - Loaded translations for namespace 'settings' from C:\Users\97253\Desktop\BeastMode-CSIntro-Excercises\CousinTestProject\translations\data\settings.json
2025-04-09 08:52:30,231 - translations - INFO - Loaded translations for namespace 'ui' from C:\Users\97253\Desktop\BeastMode-CSIntro-Excercises\CousinTestProject\translations\data\ui.json
2025-04-09 08:52:30,232 - translations - INFO - Loaded translations for namespace 'validations' from C:\Users\97253\Desktop\BeastMode-CSIntro-Excercises\CousinTestProject\translations\data\validations.json
2025-04-09 08:52:30,232 - translations - INFO - Loaded 12 translation files from C:\Users\97253\Desktop\BeastMode-CSIntro-Excercises\CousinTestProject\translations\data
2025-04-09 08:52:30,232 - translations - INFO - Loaded 12 translation files
2025-04-09 08:52:30,450 - UsersDB - INFO - Connected to user database at C:\Users\97253\Desktop\BeastMode-CSIntro-Excercises\CousinTestProject\database\users.db
2025-04-09 08:52:30,452 - UsersDB - INFO - Database tables created successfully
2025-04-09 08:52:31,525 - widgets.header.chatbot.api_key_manager - INFO - API key loaded successfully
2025-04-09 08:52:31,728 - widgets.header.chatbot.openai_client - INFO - OpenAI client initialized successfully
2025-04-09 08:52:32,110 - translations - WARNING - Missing translation for 'inventory_insights' in 'he'
2025-04-09 08:52:32,112 - translations - WARNING - Missing translation for 'categories' in 'he'
2025-04-09 08:52:32,112 - translations - WARNING - Missing translation for 'brands' in 'he'
2025-04-09 08:52:32,112 - translations - WARNING - Missing translation for 'low_stock' in 'he'
2025-04-09 08:52:32,112 - translations - WARNING - Missing translation for 'total_parts' in 'he'
2025-04-09 08:52:32,112 - translations - WARNING - Missing translation for 'total_value' in 'he'
2025-04-09 08:52:32,112 - translations - WARNING - Missing translation for 'average_price' in 'he'
2025-04-09 08:52:32,366 - parts_navigation.components.tiles_grid - INFO - Populating grid with 8 items using 4 columns
2025-04-09 08:52:32,457 - parts_navigation.container - INFO - All navigation steps created successfully
2025-04-09 08:52:32,510 - parts_navigation.components.tiles_grid - INFO - Grid has 4 active columns configured
2025-04-09 08:52:32,511 - parts_navigation.components.tiles_grid - INFO - Total tiles: 8
2025-04-09 08:52:32,511 - parts_navigation.components.tiles_grid - INFO - Visible tiles: 0
2025-04-09 08:52:32,511 - parts_navigation.container - INFO - Navigated to step 0
2025-04-09 08:52:32,974 - parts_navigation.container - INFO - Starting delayed brand preloading
2025-04-09 08:52:32,974 - parts_navigation.steps.brand - INFO - Starting to preload brands data
2025-04-09 08:52:33,207 - translations - WARNING - Missing translation for 'Internet: Connected' in 'he'
2025-04-09 08:52:33,277 - database.car_parts_db - INFO - Found 43 unique car brands in database
2025-04-09 08:52:33,278 - database.car_parts_db - INFO - Processed 43 unique car brands
2025-04-09 08:52:33,637 - parts_navigation.container - INFO - All navigation steps created successfully
2025-04-09 08:52:33,637 - parts_navigation.steps.brand - INFO - Preloaded 43 brands
2025-04-09 08:52:33,638 - parts_navigation.logo_manager - INFO - Preloading logos for 43 brands
2025-04-09 08:52:34,868 - parts_navigation.steps.brand - INFO - Loaded 43 unique brands
2025-04-09 08:52:34,869 - parts_navigation.components.tiles_grid - INFO - Populating grid with 43 items using 4 columns
2025-04-09 08:52:35,804 - parts_navigation.components.tiles_grid - INFO - Grid has 4 active columns configured
2025-04-09 08:52:35,805 - parts_navigation.components.tiles_grid - INFO - Total tiles: 43
2025-04-09 08:52:35,805 - parts_navigation.components.tiles_grid - INFO - Visible tiles: 0
2025-04-09 08:52:35,863 - parts_navigation.logo_manager - INFO - Found 31 already cached logos out of 43
2025-04-09 08:52:35,864 - parts_navigation.steps.brand - INFO - Started preloading 43 brand logos
2025-04-09 08:52:38,017 - UsersDB - INFO - User fahed authenticated successfully
2025-04-09 08:52:38,116 - __main__ - INFO - User logged in: {'id': 2, 'username': 'fahed', 'full_name': 'Fahed Abu Mukh', 'role': 'manager', 'settings': {'theme': 'classic', 'language': 'en', 'rtl': False}}
2025-04-09 08:52:39,265 - parts_navigation.components.tiles_grid - INFO - Adjusting columns from 3 to 5
2025-04-09 08:52:39,266 - parts_navigation.components.tiles_grid - INFO - Setting grid to 5 columns
2025-04-09 08:52:39,267 - parts_navigation.components.tiles_grid - INFO - Adjusting columns from 4 to 5
2025-04-09 08:52:39,267 - parts_navigation.components.tiles_grid - INFO - Setting grid to 5 columns
2025-04-09 08:52:39,269 - parts_navigation.components.tiles_grid - INFO - Adjusting columns from 4 to 5
2025-04-09 08:52:39,269 - parts_navigation.components.tiles_grid - INFO - Setting grid to 5 columns
2025-04-09 08:52:39,269 - parts_navigation.components.tiles_grid - INFO - Adjusting columns from 3 to 5
2025-04-09 08:52:39,269 - parts_navigation.components.tiles_grid - INFO - Setting grid to 5 columns
2025-04-09 08:52:39,270 - parts_navigation.components.tiles_grid - INFO - Adjusting columns from 4 to 5
2025-04-09 08:52:39,270 - parts_navigation.components.tiles_grid - INFO - Setting grid to 5 columns
2025-04-09 08:52:39,270 - parts_navigation.components.tiles_grid - INFO - Adjusting columns from 4 to 6
2025-04-09 08:52:39,270 - parts_navigation.components.tiles_grid - INFO - Setting grid to 6 columns
2025-04-09 08:52:42,045 - translations - WARNING - Missing translation for 'barcode' in 'he'
2025-04-09 08:52:42,046 - translations - WARNING - Missing translation for 'barcode_placeholder' in 'he'
2025-04-09 08:52:43,220 - translations - WARNING - Missing translation for 'scan_barcode' in 'he'
2025-04-09 08:52:43,222 - translations - WARNING - Missing translation for 'enter_barcode' in 'he'
2025-04-09 08:53:05,301 - gui.event_handlers - INFO - Closing database connection...
2025-04-09 08:53:05,311 - __main__ - INFO - Cleaning up application resources...
2025-04-09 08:53:05,311 - __main__ - INFO - Closing database connection...
2025-04-09 08:53:05,311 - __main__ - INFO - Cleaning up parts navigation resources...
2025-04-09 08:53:05,329 - database.car_parts_db - INFO - Thread 4492: New database connection established
2025-04-09 08:53:05,330 - __main__ - INFO - Application shutdown complete
2025-04-09 09:02:50,735 - root - INFO - Logging system initialized (level: INFO)
2025-04-09 09:02:50,785 - root - INFO - Log files directory: C:\Users\97253\Desktop\BeastMode-CSIntro-Excercises\CousinTestProject\logs
2025-04-09 09:02:53,577 - config - INFO - Determined application root: C:\Users\97253\Desktop\BeastMode-CSIntro-Excercises\CousinTestProject
2025-04-09 09:02:57,904 - __main__ - INFO - Application starting at: 2025-04-09 09:02:57
2025-04-09 09:02:57,904 - __main__ - INFO - Current user: BaselAM
2025-04-09 09:02:58,005 - __main__ - INFO - Initializing database connection...
2025-04-09 09:02:58,475 - database.car_parts_db - INFO - Thread 12460: Database connection established
2025-04-09 09:02:58,475 - database.car_parts_db - INFO - Initialized database connection to localhost
2025-04-09 09:02:58,514 - __main__ - INFO - Connected to database. Found 2845 parts.
2025-04-09 09:02:58,516 - translations - INFO - Loading translation files from C:\Users\97253\Desktop\BeastMode-CSIntro-Excercises\CousinTestProject\translations\data
2025-04-09 09:02:58,518 - translations - INFO - Loaded translations for namespace 'car_parts' from C:\Users\97253\Desktop\BeastMode-CSIntro-Excercises\CousinTestProject\translations\data\car_parts.json
2025-04-09 09:02:58,518 - translations - INFO - Loaded translations for namespace 'errors' from C:\Users\97253\Desktop\BeastMode-CSIntro-Excercises\CousinTestProject\translations\data\errors.json
2025-04-09 09:02:58,519 - translations - INFO - Loaded translations for namespace 'filters' from C:\Users\97253\Desktop\BeastMode-CSIntro-Excercises\CousinTestProject\translations\data\filters.json
2025-04-09 09:02:58,520 - translations - INFO - Loaded translations for namespace 'help' from C:\Users\97253\Desktop\BeastMode-CSIntro-Excercises\CousinTestProject\translations\data\help.json
2025-04-09 09:02:58,520 - translations - INFO - Loaded translations for namespace 'login' from C:\Users\97253\Desktop\BeastMode-CSIntro-Excercises\CousinTestProject\translations\data\login.json
2025-04-09 09:02:58,522 - translations - INFO - Loaded translations for namespace 'navigation' from C:\Users\97253\Desktop\BeastMode-CSIntro-Excercises\CousinTestProject\translations\data\navigation.json
2025-04-09 09:02:58,522 - translations - INFO - Loaded translations for namespace 'notifications' from C:\Users\97253\Desktop\BeastMode-CSIntro-Excercises\CousinTestProject\translations\data\notifications.json
2025-04-09 09:02:58,524 - translations - INFO - Loaded translations for namespace 'parts_nav_translations' from C:\Users\97253\Desktop\BeastMode-CSIntro-Excercises\CousinTestProject\translations\data\parts_nav_translations.json
2025-04-09 09:02:58,524 - translations - INFO - Loaded translations for namespace 'products' from C:\Users\97253\Desktop\BeastMode-CSIntro-Excercises\CousinTestProject\translations\data\products.json
2025-04-09 09:02:58,526 - translations - INFO - Loaded translations for namespace 'settings' from C:\Users\97253\Desktop\BeastMode-CSIntro-Excercises\CousinTestProject\translations\data\settings.json
2025-04-09 09:02:58,527 - translations - INFO - Loaded translations for namespace 'ui' from C:\Users\97253\Desktop\BeastMode-CSIntro-Excercises\CousinTestProject\translations\data\ui.json
2025-04-09 09:02:58,529 - translations - INFO - Loaded translations for namespace 'validations' from C:\Users\97253\Desktop\BeastMode-CSIntro-Excercises\CousinTestProject\translations\data\validations.json
2025-04-09 09:02:58,529 - translations - INFO - Loaded 12 translation files from C:\Users\97253\Desktop\BeastMode-CSIntro-Excercises\CousinTestProject\translations\data
2025-04-09 09:02:58,530 - translations - INFO - Loaded 12 translation files
2025-04-09 09:02:58,885 - UsersDB - INFO - Connected to user database at C:\Users\97253\Desktop\BeastMode-CSIntro-Excercises\CousinTestProject\database\users.db
2025-04-09 09:02:58,886 - UsersDB - INFO - Database tables created successfully
2025-04-09 09:03:00,169 - widgets.header.chatbot.api_key_manager - INFO - API key loaded successfully
2025-04-09 09:03:00,293 - widgets.header.chatbot.openai_client - INFO - OpenAI client initialized successfully
2025-04-09 09:03:00,544 - translations - WARNING - Missing translation for 'inventory_insights' in 'he'
2025-04-09 09:03:00,544 - translations - WARNING - Missing translation for 'categories' in 'he'
2025-04-09 09:03:00,545 - translations - WARNING - Missing translation for 'brands' in 'he'
2025-04-09 09:03:00,545 - translations - WARNING - Missing translation for 'low_stock' in 'he'
2025-04-09 09:03:00,545 - translations - WARNING - Missing translation for 'total_parts' in 'he'
2025-04-09 09:03:00,545 - translations - WARNING - Missing translation for 'total_value' in 'he'
2025-04-09 09:03:00,545 - translations - WARNING - Missing translation for 'average_price' in 'he'
2025-04-09 09:03:00,696 - parts_navigation.components.tiles_grid - INFO - Populating grid with 8 items using 4 columns
2025-04-09 09:03:00,819 - parts_navigation.container - INFO - All navigation steps created successfully
2025-04-09 09:03:00,821 - parts_navigation.components.tiles_grid - INFO - Grid has 4 active columns configured
2025-04-09 09:03:00,821 - parts_navigation.components.tiles_grid - INFO - Total tiles: 8
2025-04-09 09:03:00,821 - parts_navigation.components.tiles_grid - INFO - Visible tiles: 0
2025-04-09 09:03:00,822 - parts_navigation.container - INFO - Navigated to step 0
2025-04-09 09:03:01,250 - parts_navigation.container - INFO - Starting delayed brand preloading
2025-04-09 09:03:01,251 - parts_navigation.steps.brand - INFO - Starting to preload brands data
2025-04-09 09:03:01,460 - translations - WARNING - Missing translation for 'Internet: Connected' in 'he'
2025-04-09 09:03:01,526 - database.car_parts_db - INFO - Found 43 unique car brands in database
2025-04-09 09:03:01,526 - database.car_parts_db - INFO - Processed 43 unique car brands
2025-04-09 09:03:01,800 - parts_navigation.container - INFO - All navigation steps created successfully
2025-04-09 09:03:01,800 - parts_navigation.steps.brand - INFO - Preloaded 43 brands
2025-04-09 09:03:01,800 - parts_navigation.logo_manager - INFO - Preloading logos for 43 brands
2025-04-09 09:03:01,884 - parts_navigation.steps.brand - INFO - Loaded 43 unique brands
2025-04-09 09:03:01,884 - parts_navigation.components.tiles_grid - INFO - Populating grid with 43 items using 4 columns
2025-04-09 09:03:03,253 - parts_navigation.components.tiles_grid - INFO - Grid has 4 active columns configured
2025-04-09 09:03:03,253 - parts_navigation.components.tiles_grid - INFO - Total tiles: 43
2025-04-09 09:03:03,253 - parts_navigation.components.tiles_grid - INFO - Visible tiles: 0
2025-04-09 09:03:03,297 - parts_navigation.logo_manager - INFO - Found 31 already cached logos out of 43
2025-04-09 09:03:03,297 - parts_navigation.steps.brand - INFO - Started preloading 43 brand logos
2025-04-09 09:03:04,953 - UsersDB - INFO - User fahed authenticated successfully
2025-04-09 09:03:04,965 - __main__ - INFO - User logged in: {'id': 2, 'username': 'fahed', 'full_name': 'Fahed Abu Mukh', 'role': 'manager', 'settings': {'theme': 'classic', 'language': 'en', 'rtl': False}}
2025-04-09 09:03:05,739 - parts_navigation.components.tiles_grid - INFO - Adjusting columns from 3 to 5
2025-04-09 09:03:05,739 - parts_navigation.components.tiles_grid - INFO - Setting grid to 5 columns
2025-04-09 09:03:05,740 - parts_navigation.components.tiles_grid - INFO - Adjusting columns from 4 to 5
2025-04-09 09:03:05,740 - parts_navigation.components.tiles_grid - INFO - Setting grid to 5 columns
2025-04-09 09:03:05,743 - parts_navigation.components.tiles_grid - INFO - Adjusting columns from 4 to 5
2025-04-09 09:03:05,743 - parts_navigation.components.tiles_grid - INFO - Setting grid to 5 columns
2025-04-09 09:03:05,743 - parts_navigation.components.tiles_grid - INFO - Adjusting columns from 3 to 5
2025-04-09 09:03:05,744 - parts_navigation.components.tiles_grid - INFO - Setting grid to 5 columns
2025-04-09 09:03:05,745 - parts_navigation.components.tiles_grid - INFO - Adjusting columns from 4 to 5
2025-04-09 09:03:05,745 - parts_navigation.components.tiles_grid - INFO - Setting grid to 5 columns
2025-04-09 09:03:05,746 - parts_navigation.components.tiles_grid - INFO - Adjusting columns from 4 to 6
2025-04-09 09:03:05,746 - parts_navigation.components.tiles_grid - INFO - Setting grid to 6 columns
2025-04-09 09:03:07,445 - translations - WARNING - Missing translation for 'barcode' in 'he'
2025-04-09 09:03:07,445 - translations - WARNING - Missing translation for 'barcode_placeholder' in 'he'
2025-04-09 09:03:07,445 - translations - WARNING - Missing translation for 'scan_barcode_tooltip' in 'he'
2025-04-09 09:03:08,413 - translations - WARNING - Missing translation for 'scan_barcode' in 'he'
2025-04-09 09:03:08,549 - translations - WARNING - Missing translation for 'waiting_for_scan' in 'he'
2025-04-09 09:03:08,550 - translations - WARNING - Missing translation for 'scan_note' in 'he'
2025-04-09 09:03:23,290 - gui.event_handlers - INFO - Closing database connection...
2025-04-09 09:03:23,310 - __main__ - INFO - Cleaning up application resources...
2025-04-09 09:03:23,311 - __main__ - INFO - Closing database connection...
2025-04-09 09:03:23,311 - __main__ - INFO - Cleaning up parts navigation resources...
2025-04-09 09:03:23,326 - database.car_parts_db - INFO - Thread 12460: New database connection established
2025-04-09 09:03:23,330 - __main__ - INFO - Application shutdown complete
2025-04-09 09:10:12,416 - root - INFO - Logging system initialized (level: INFO)
2025-04-09 09:10:12,418 - root - INFO - Log files directory: C:\Users\97253\Desktop\BeastMode-CSIntro-Excercises\CousinTestProject\logs
2025-04-09 09:10:12,585 - config - INFO - Determined application root: C:\Users\97253\Desktop\BeastMode-CSIntro-Excercises\CousinTestProject
2025-04-09 09:10:14,781 - __main__ - INFO - Application starting at: 2025-04-09 09:10:14
2025-04-09 09:10:14,781 - __main__ - INFO - Current user: BaselAM
2025-04-09 09:10:14,844 - __main__ - INFO - Initializing database connection...
2025-04-09 09:10:15,255 - database.car_parts_db - INFO - Thread 20164: Database connection established
2025-04-09 09:10:15,255 - database.car_parts_db - INFO - Initialized database connection to localhost
2025-04-09 09:10:15,285 - __main__ - INFO - Connected to database. Found 2845 parts.
2025-04-09 09:10:15,285 - translations - INFO - Loading translation files from C:\Users\97253\Desktop\BeastMode-CSIntro-Excercises\CousinTestProject\translations\data
2025-04-09 09:10:15,287 - translations - INFO - Loaded translations for namespace 'car_parts' from C:\Users\97253\Desktop\BeastMode-CSIntro-Excercises\CousinTestProject\translations\data\car_parts.json
2025-04-09 09:10:15,288 - translations - INFO - Loaded translations for namespace 'errors' from C:\Users\97253\Desktop\BeastMode-CSIntro-Excercises\CousinTestProject\translations\data\errors.json
2025-04-09 09:10:15,288 - translations - INFO - Loaded translations for namespace 'filters' from C:\Users\97253\Desktop\BeastMode-CSIntro-Excercises\CousinTestProject\translations\data\filters.json
2025-04-09 09:10:15,289 - translations - INFO - Loaded translations for namespace 'help' from C:\Users\97253\Desktop\BeastMode-CSIntro-Excercises\CousinTestProject\translations\data\help.json
2025-04-09 09:10:15,290 - translations - INFO - Loaded translations for namespace 'login' from C:\Users\97253\Desktop\BeastMode-CSIntro-Excercises\CousinTestProject\translations\data\login.json
2025-04-09 09:10:15,291 - translations - INFO - Loaded translations for namespace 'navigation' from C:\Users\97253\Desktop\BeastMode-CSIntro-Excercises\CousinTestProject\translations\data\navigation.json
2025-04-09 09:10:15,291 - translations - INFO - Loaded translations for namespace 'notifications' from C:\Users\97253\Desktop\BeastMode-CSIntro-Excercises\CousinTestProject\translations\data\notifications.json
2025-04-09 09:10:15,292 - translations - INFO - Loaded translations for namespace 'parts_nav_translations' from C:\Users\97253\Desktop\BeastMode-CSIntro-Excercises\CousinTestProject\translations\data\parts_nav_translations.json
2025-04-09 09:10:15,293 - translations - INFO - Loaded translations for namespace 'products' from C:\Users\97253\Desktop\BeastMode-CSIntro-Excercises\CousinTestProject\translations\data\products.json
2025-04-09 09:10:15,293 - translations - INFO - Loaded translations for namespace 'settings' from C:\Users\97253\Desktop\BeastMode-CSIntro-Excercises\CousinTestProject\translations\data\settings.json
2025-04-09 09:10:15,294 - translations - INFO - Loaded translations for namespace 'ui' from C:\Users\97253\Desktop\BeastMode-CSIntro-Excercises\CousinTestProject\translations\data\ui.json
2025-04-09 09:10:15,294 - translations - INFO - Loaded translations for namespace 'validations' from C:\Users\97253\Desktop\BeastMode-CSIntro-Excercises\CousinTestProject\translations\data\validations.json
2025-04-09 09:10:15,294 - translations - INFO - Loaded 12 translation files from C:\Users\97253\Desktop\BeastMode-CSIntro-Excercises\CousinTestProject\translations\data
2025-04-09 09:10:15,294 - translations - INFO - Loaded 12 translation files
2025-04-09 09:10:15,521 - UsersDB - INFO - Connected to user database at C:\Users\97253\Desktop\BeastMode-CSIntro-Excercises\CousinTestProject\database\users.db
2025-04-09 09:10:15,522 - UsersDB - INFO - Database tables created successfully
2025-04-09 09:10:16,349 - widgets.header.chatbot.api_key_manager - INFO - API key loaded successfully
2025-04-09 09:10:16,437 - widgets.header.chatbot.openai_client - INFO - OpenAI client initialized successfully
2025-04-09 09:10:16,635 - translations - WARNING - Missing translation for 'inventory_insights' in 'he'
2025-04-09 09:10:16,635 - translations - WARNING - Missing translation for 'categories' in 'he'
2025-04-09 09:10:16,636 - translations - WARNING - Missing translation for 'brands' in 'he'
2025-04-09 09:10:16,636 - translations - WARNING - Missing translation for 'low_stock' in 'he'
2025-04-09 09:10:16,636 - translations - WARNING - Missing translation for 'total_parts' in 'he'
2025-04-09 09:10:16,636 - translations - WARNING - Missing translation for 'total_value' in 'he'
2025-04-09 09:10:16,636 - translations - WARNING - Missing translation for 'average_price' in 'he'
2025-04-09 09:10:16,770 - parts_navigation.components.tiles_grid - INFO - Populating grid with 8 items using 4 columns
2025-04-09 09:10:16,820 - parts_navigation.components.tiles_grid - INFO - Grid has 4 active columns configured
2025-04-09 09:10:16,820 - parts_navigation.components.tiles_grid - INFO - Total tiles: 8
2025-04-09 09:10:16,820 - parts_navigation.components.tiles_grid - INFO - Visible tiles: 0
2025-04-09 09:10:16,820 - parts_navigation.container - INFO - Navigated to step 0
2025-04-09 09:10:17,017 - parts_navigation.container - INFO - All navigation steps created successfully
2025-04-09 09:10:17,167 - parts_navigation.container - INFO - Starting delayed brand preloading
2025-04-09 09:10:17,167 - parts_navigation.steps.brand - INFO - Starting to preload brands data
2025-04-09 09:10:17,189 - translations - WARNING - Missing translation for 'Internet: Connected' in 'he'
2025-04-09 09:10:17,245 - database.car_parts_db - INFO - Found 43 unique car brands in database
2025-04-09 09:10:17,245 - database.car_parts_db - INFO - Processed 43 unique car brands
2025-04-09 09:10:17,399 - parts_navigation.container - INFO - All navigation steps created successfully
2025-04-09 09:10:17,399 - parts_navigation.steps.brand - INFO - Preloaded 43 brands
2025-04-09 09:10:17,399 - parts_navigation.logo_manager - INFO - Preloading logos for 43 brands
2025-04-09 09:10:17,522 - parts_navigation.steps.brand - INFO - Loaded 43 unique brands
2025-04-09 09:10:17,522 - parts_navigation.components.tiles_grid - INFO - Populating grid with 43 items using 4 columns
2025-04-09 09:10:18,602 - parts_navigation.components.tiles_grid - INFO - Grid has 4 active columns configured
2025-04-09 09:10:18,602 - parts_navigation.components.tiles_grid - INFO - Total tiles: 43
2025-04-09 09:10:18,602 - parts_navigation.components.tiles_grid - INFO - Visible tiles: 0
2025-04-09 09:10:18,658 - parts_navigation.logo_manager - INFO - Found 31 already cached logos out of 43
2025-04-09 09:10:18,658 - parts_navigation.steps.brand - INFO - Started preloading 43 brand logos
2025-04-09 09:10:20,987 - UsersDB - INFO - User fahed authenticated successfully
2025-04-09 09:10:20,996 - __main__ - INFO - User logged in: {'id': 2, 'username': 'fahed', 'full_name': 'Fahed Abu Mukh', 'role': 'manager', 'settings': {'theme': 'classic', 'language': 'en', 'rtl': False}}
2025-04-09 09:10:22,206 - parts_navigation.components.tiles_grid - INFO - Adjusting columns from 3 to 5
2025-04-09 09:10:22,207 - parts_navigation.components.tiles_grid - INFO - Setting grid to 5 columns
2025-04-09 09:10:22,207 - parts_navigation.components.tiles_grid - INFO - Adjusting columns from 4 to 5
2025-04-09 09:10:22,208 - parts_navigation.components.tiles_grid - INFO - Setting grid to 5 columns
2025-04-09 09:10:22,209 - parts_navigation.components.tiles_grid - INFO - Adjusting columns from 4 to 5
2025-04-09 09:10:22,209 - parts_navigation.components.tiles_grid - INFO - Setting grid to 5 columns
2025-04-09 09:10:22,209 - parts_navigation.components.tiles_grid - INFO - Adjusting columns from 3 to 5
2025-04-09 09:10:22,209 - parts_navigation.components.tiles_grid - INFO - Setting grid to 5 columns
2025-04-09 09:10:22,210 - parts_navigation.components.tiles_grid - INFO - Adjusting columns from 4 to 5
2025-04-09 09:10:22,210 - parts_navigation.components.tiles_grid - INFO - Setting grid to 5 columns
2025-04-09 09:10:22,210 - parts_navigation.components.tiles_grid - INFO - Adjusting columns from 4 to 6
2025-04-09 09:10:22,210 - parts_navigation.components.tiles_grid - INFO - Setting grid to 6 columns
2025-04-09 09:10:23,956 - translations - WARNING - Missing translation for 'barcode' in 'he'
2025-04-09 09:10:23,956 - translations - WARNING - Missing translation for 'barcode_placeholder' in 'he'
2025-04-09 09:10:23,956 - translations - WARNING - Missing translation for 'scan_barcode_tooltip' in 'he'
2025-04-09 09:10:24,968 - translations - WARNING - Missing translation for 'scan_barcode' in 'he'
2025-04-09 09:10:24,969 - translations - WARNING - Missing translation for 'waiting_for_scan' in 'he'
2025-04-09 09:10:24,970 - translations - WARNING - Missing translation for 'scan_note' in 'he'
2025-04-09 09:14:10,768 - root - INFO - Logging system initialized (level: INFO)
2025-04-09 09:14:10,769 - root - INFO - Log files directory: C:\Users\97253\Desktop\BeastMode-CSIntro-Excercises\CousinTestProject\logs
2025-04-09 09:14:10,908 - config - INFO - Determined application root: C:\Users\97253\Desktop\BeastMode-CSIntro-Excercises\CousinTestProject
2025-04-09 09:14:14,811 - __main__ - INFO - Application starting at: 2025-04-09 09:14:14
2025-04-09 09:14:14,811 - __main__ - INFO - Current user: BaselAM
2025-04-09 09:14:14,892 - __main__ - INFO - Initializing database connection...
2025-04-09 09:14:15,235 - database.car_parts_db - INFO - Thread 14792: Database connection established
2025-04-09 09:14:15,235 - database.car_parts_db - INFO - Initialized database connection to localhost
2025-04-09 09:14:15,288 - __main__ - INFO - Connected to database. Found 2845 parts.
2025-04-09 09:14:15,289 - translations - INFO - Loading translation files from C:\Users\97253\Desktop\BeastMode-CSIntro-Excercises\CousinTestProject\translations\data
2025-04-09 09:14:15,290 - translations - INFO - Loaded translations for namespace 'car_parts' from C:\Users\97253\Desktop\BeastMode-CSIntro-Excercises\CousinTestProject\translations\data\car_parts.json
2025-04-09 09:14:15,291 - translations - INFO - Loaded translations for namespace 'errors' from C:\Users\97253\Desktop\BeastMode-CSIntro-Excercises\CousinTestProject\translations\data\errors.json
2025-04-09 09:14:15,292 - translations - INFO - Loaded translations for namespace 'filters' from C:\Users\97253\Desktop\BeastMode-CSIntro-Excercises\CousinTestProject\translations\data\filters.json
2025-04-09 09:14:15,292 - translations - INFO - Loaded translations for namespace 'help' from C:\Users\97253\Desktop\BeastMode-CSIntro-Excercises\CousinTestProject\translations\data\help.json
2025-04-09 09:14:15,293 - translations - INFO - Loaded translations for namespace 'login' from C:\Users\97253\Desktop\BeastMode-CSIntro-Excercises\CousinTestProject\translations\data\login.json
2025-04-09 09:14:15,293 - translations - INFO - Loaded translations for namespace 'navigation' from C:\Users\97253\Desktop\BeastMode-CSIntro-Excercises\CousinTestProject\translations\data\navigation.json
2025-04-09 09:14:15,294 - translations - INFO - Loaded translations for namespace 'notifications' from C:\Users\97253\Desktop\BeastMode-CSIntro-Excercises\CousinTestProject\translations\data\notifications.json
2025-04-09 09:14:15,296 - translations - INFO - Loaded translations for namespace 'parts_nav_translations' from C:\Users\97253\Desktop\BeastMode-CSIntro-Excercises\CousinTestProject\translations\data\parts_nav_translations.json
2025-04-09 09:14:15,296 - translations - INFO - Loaded translations for namespace 'products' from C:\Users\97253\Desktop\BeastMode-CSIntro-Excercises\CousinTestProject\translations\data\products.json
2025-04-09 09:14:15,297 - translations - INFO - Loaded translations for namespace 'settings' from C:\Users\97253\Desktop\BeastMode-CSIntro-Excercises\CousinTestProject\translations\data\settings.json
2025-04-09 09:14:15,298 - translations - INFO - Loaded translations for namespace 'ui' from C:\Users\97253\Desktop\BeastMode-CSIntro-Excercises\CousinTestProject\translations\data\ui.json
2025-04-09 09:14:15,298 - translations - INFO - Loaded translations for namespace 'validations' from C:\Users\97253\Desktop\BeastMode-CSIntro-Excercises\CousinTestProject\translations\data\validations.json
2025-04-09 09:14:15,298 - translations - INFO - Loaded 12 translation files from C:\Users\97253\Desktop\BeastMode-CSIntro-Excercises\CousinTestProject\translations\data
2025-04-09 09:14:15,298 - translations - INFO - Loaded 12 translation files
2025-04-09 09:14:15,598 - UsersDB - INFO - Connected to user database at C:\Users\97253\Desktop\BeastMode-CSIntro-Excercises\CousinTestProject\database\users.db
2025-04-09 09:14:15,599 - UsersDB - INFO - Database tables created successfully
2025-04-09 09:14:16,730 - widgets.header.chatbot.api_key_manager - INFO - API key loaded successfully
2025-04-09 09:14:16,840 - widgets.header.chatbot.openai_client - INFO - OpenAI client initialized successfully
2025-04-09 09:14:17,078 - translations - WARNING - Missing translation for 'inventory_insights' in 'he'
2025-04-09 09:14:17,079 - translations - WARNING - Missing translation for 'categories' in 'he'
2025-04-09 09:14:17,079 - translations - WARNING - Missing translation for 'brands' in 'he'
2025-04-09 09:14:17,079 - translations - WARNING - Missing translation for 'low_stock' in 'he'
2025-04-09 09:14:17,079 - translations - WARNING - Missing translation for 'total_parts' in 'he'
2025-04-09 09:14:17,079 - translations - WARNING - Missing translation for 'total_value' in 'he'
2025-04-09 09:14:17,079 - translations - WARNING - Missing translation for 'average_price' in 'he'
2025-04-09 09:14:17,224 - parts_navigation.components.tiles_grid - INFO - Populating grid with 8 items using 4 columns
2025-04-09 09:14:17,293 - parts_navigation.components.tiles_grid - INFO - Grid has 4 active columns configured
2025-04-09 09:14:17,293 - parts_navigation.components.tiles_grid - INFO - Total tiles: 8
2025-04-09 09:14:17,293 - parts_navigation.components.tiles_grid - INFO - Visible tiles: 0
2025-04-09 09:14:17,294 - parts_navigation.container - INFO - Navigated to step 0
2025-04-09 09:14:17,618 - parts_navigation.container - INFO - All navigation steps created successfully
2025-04-09 09:14:17,618 - parts_navigation.container - INFO - Starting delayed brand preloading
2025-04-09 09:14:17,618 - parts_navigation.steps.brand - INFO - Starting to preload brands data
2025-04-09 09:14:17,924 - translations - WARNING - Missing translation for 'Internet: Connected' in 'he'
2025-04-09 09:14:18,156 - database.car_parts_db - INFO - Found 43 unique car brands in database
2025-04-09 09:14:18,156 - database.car_parts_db - INFO - Processed 43 unique car brands
2025-04-09 09:14:18,439 - parts_navigation.container - INFO - All navigation steps created successfully
2025-04-09 09:14:19,318 - parts_navigation.steps.brand - INFO - Preloaded 43 brands
2025-04-09 09:14:19,318 - parts_navigation.logo_manager - INFO - Preloading logos for 43 brands
2025-04-09 09:14:19,472 - parts_navigation.steps.brand - INFO - Loaded 43 unique brands
2025-04-09 09:14:19,472 - parts_navigation.components.tiles_grid - INFO - Populating grid with 43 items using 4 columns
2025-04-09 09:14:19,938 - parts_navigation.components.tiles_grid - INFO - Grid has 4 active columns configured
2025-04-09 09:14:19,938 - parts_navigation.components.tiles_grid - INFO - Total tiles: 43
2025-04-09 09:14:19,938 - parts_navigation.components.tiles_grid - INFO - Visible tiles: 0
2025-04-09 09:14:19,976 - parts_navigation.logo_manager - INFO - Found 31 already cached logos out of 43
2025-04-09 09:14:19,977 - parts_navigation.steps.brand - INFO - Started preloading 43 brand logos
2025-04-09 09:14:21,988 - UsersDB - INFO - User fahed authenticated successfully
2025-04-09 09:14:21,997 - __main__ - INFO - User logged in: {'id': 2, 'username': 'fahed', 'full_name': 'Fahed Abu Mukh', 'role': 'manager', 'settings': {'theme': 'classic', 'language': 'en', 'rtl': False}}
2025-04-09 09:14:58,338 - parts_navigation.components.tiles_grid - INFO - Adjusting columns from 3 to 5
2025-04-09 09:14:58,338 - parts_navigation.components.tiles_grid - INFO - Setting grid to 5 columns
2025-04-09 09:14:58,339 - parts_navigation.components.tiles_grid - INFO - Adjusting columns from 4 to 5
2025-04-09 09:14:58,339 - parts_navigation.components.tiles_grid - INFO - Setting grid to 5 columns
2025-04-09 09:14:58,340 - parts_navigation.components.tiles_grid - INFO - Adjusting columns from 4 to 5
2025-04-09 09:14:58,340 - parts_navigation.components.tiles_grid - INFO - Setting grid to 5 columns
2025-04-09 09:14:58,341 - parts_navigation.components.tiles_grid - INFO - Adjusting columns from 3 to 5
2025-04-09 09:14:58,341 - parts_navigation.components.tiles_grid - INFO - Setting grid to 5 columns
2025-04-09 09:14:58,341 - parts_navigation.components.tiles_grid - INFO - Adjusting columns from 4 to 5
2025-04-09 09:14:58,341 - parts_navigation.components.tiles_grid - INFO - Setting grid to 5 columns
2025-04-09 09:14:58,341 - parts_navigation.components.tiles_grid - INFO - Adjusting columns from 4 to 6
2025-04-09 09:14:58,342 - parts_navigation.components.tiles_grid - INFO - Setting grid to 6 columns
2025-04-09 09:14:59,670 - translations - WARNING - Missing translation for 'barcode' in 'he'
2025-04-09 09:14:59,671 - translations - WARNING - Missing translation for 'barcode_placeholder' in 'he'
2025-04-09 09:14:59,671 - translations - WARNING - Missing translation for 'scan_barcode_tooltip' in 'he'
2025-04-09 09:15:00,683 - translations - WARNING - Missing translation for 'scan_barcode' in 'he'
2025-04-09 09:15:00,684 - translations - WARNING - Missing translation for 'waiting_for_scan' in 'he'
2025-04-09 09:15:00,684 - translations - WARNING - Missing translation for 'scan_note' in 'he'
2025-04-09 09:20:01,711 - root - INFO - Logging system initialized (level: INFO)
2025-04-09 09:20:01,711 - root - INFO - Log files directory: C:\Users\97253\Desktop\BeastMode-CSIntro-Excercises\CousinTestProject\logs
2025-04-09 09:20:01,922 - config - INFO - Determined application root: C:\Users\97253\Desktop\BeastMode-CSIntro-Excercises\CousinTestProject
2025-04-09 09:20:08,146 - __main__ - INFO - Application starting at: 2025-04-09 09:20:08
2025-04-09 09:20:08,146 - __main__ - INFO - Current user: BaselAM
2025-04-09 09:20:08,251 - __main__ - INFO - Initializing database connection...
2025-04-09 09:20:08,921 - database.car_parts_db - INFO - Thread 16664: Database connection established
2025-04-09 09:20:08,922 - database.car_parts_db - INFO - Initialized database connection to localhost
2025-04-09 09:20:09,015 - __main__ - INFO - Connected to database. Found 2845 parts.
2025-04-09 09:20:09,015 - translations - INFO - Loading translation files from C:\Users\97253\Desktop\BeastMode-CSIntro-Excercises\CousinTestProject\translations\data
2025-04-09 09:20:09,017 - translations - INFO - Loaded translations for namespace 'car_parts' from C:\Users\97253\Desktop\BeastMode-CSIntro-Excercises\CousinTestProject\translations\data\car_parts.json
2025-04-09 09:20:09,020 - translations - INFO - Loaded translations for namespace 'errors' from C:\Users\97253\Desktop\BeastMode-CSIntro-Excercises\CousinTestProject\translations\data\errors.json
2025-04-09 09:20:09,026 - translations - INFO - Loaded translations for namespace 'filters' from C:\Users\97253\Desktop\BeastMode-CSIntro-Excercises\CousinTestProject\translations\data\filters.json
2025-04-09 09:20:09,042 - translations - INFO - Loaded translations for namespace 'help' from C:\Users\97253\Desktop\BeastMode-CSIntro-Excercises\CousinTestProject\translations\data\help.json
2025-04-09 09:20:09,047 - translations - INFO - Loaded translations for namespace 'login' from C:\Users\97253\Desktop\BeastMode-CSIntro-Excercises\CousinTestProject\translations\data\login.json
2025-04-09 09:20:09,055 - translations - INFO - Loaded translations for namespace 'navigation' from C:\Users\97253\Desktop\BeastMode-CSIntro-Excercises\CousinTestProject\translations\data\navigation.json
2025-04-09 09:20:09,064 - translations - INFO - Loaded translations for namespace 'notifications' from C:\Users\97253\Desktop\BeastMode-CSIntro-Excercises\CousinTestProject\translations\data\notifications.json
2025-04-09 09:20:09,068 - translations - INFO - Loaded translations for namespace 'parts_nav_translations' from C:\Users\97253\Desktop\BeastMode-CSIntro-Excercises\CousinTestProject\translations\data\parts_nav_translations.json
2025-04-09 09:20:09,073 - translations - INFO - Loaded translations for namespace 'products' from C:\Users\97253\Desktop\BeastMode-CSIntro-Excercises\CousinTestProject\translations\data\products.json
2025-04-09 09:20:09,087 - translations - INFO - Loaded translations for namespace 'settings' from C:\Users\97253\Desktop\BeastMode-CSIntro-Excercises\CousinTestProject\translations\data\settings.json
2025-04-09 09:20:09,090 - translations - INFO - Loaded translations for namespace 'ui' from C:\Users\97253\Desktop\BeastMode-CSIntro-Excercises\CousinTestProject\translations\data\ui.json
2025-04-09 09:20:09,092 - translations - INFO - Loaded translations for namespace 'validations' from C:\Users\97253\Desktop\BeastMode-CSIntro-Excercises\CousinTestProject\translations\data\validations.json
2025-04-09 09:20:09,093 - translations - INFO - Loaded 12 translation files from C:\Users\97253\Desktop\BeastMode-CSIntro-Excercises\CousinTestProject\translations\data
2025-04-09 09:20:09,093 - translations - INFO - Loaded 12 translation files
2025-04-09 09:20:09,506 - UsersDB - INFO - Connected to user database at C:\Users\97253\Desktop\BeastMode-CSIntro-Excercises\CousinTestProject\database\users.db
2025-04-09 09:20:09,508 - UsersDB - INFO - Database tables created successfully
2025-04-09 09:20:11,180 - widgets.header.chatbot.api_key_manager - INFO - API key loaded successfully
2025-04-09 09:20:11,342 - widgets.header.chatbot.openai_client - INFO - OpenAI client initialized successfully
2025-04-09 09:20:11,697 - translations - WARNING - Missing translation for 'inventory_insights' in 'he'
2025-04-09 09:20:11,697 - translations - WARNING - Missing translation for 'categories' in 'he'
2025-04-09 09:20:11,697 - translations - WARNING - Missing translation for 'brands' in 'he'
2025-04-09 09:20:11,698 - translations - WARNING - Missing translation for 'low_stock' in 'he'
2025-04-09 09:20:11,698 - translations - WARNING - Missing translation for 'total_parts' in 'he'
2025-04-09 09:20:11,698 - translations - WARNING - Missing translation for 'total_value' in 'he'
2025-04-09 09:20:11,698 - translations - WARNING - Missing translation for 'average_price' in 'he'
2025-04-09 09:20:11,934 - parts_navigation.components.tiles_grid - INFO - Populating grid with 8 items using 4 columns
2025-04-09 09:20:12,158 - parts_navigation.container - INFO - All navigation steps created successfully
2025-04-09 09:20:12,195 - parts_navigation.container - INFO - Starting delayed brand preloading
2025-04-09 09:20:12,195 - parts_navigation.steps.brand - INFO - Starting to preload brands data
2025-04-09 09:20:12,231 - parts_navigation.components.tiles_grid - INFO - Grid has 4 active columns configured
2025-04-09 09:20:12,231 - parts_navigation.components.tiles_grid - INFO - Total tiles: 8
2025-04-09 09:20:12,231 - parts_navigation.components.tiles_grid - INFO - Visible tiles: 0
2025-04-09 09:20:12,232 - parts_navigation.container - INFO - Navigated to step 0
2025-04-09 09:20:12,861 - database.car_parts_db - INFO - Found 43 unique car brands in database
2025-04-09 09:20:12,862 - database.car_parts_db - INFO - Processed 43 unique car brands
2025-04-09 09:20:12,901 - parts_navigation.container - INFO - All navigation steps created successfully
2025-04-09 09:20:12,910 - translations - WARNING - Missing translation for 'Internet: Connected' in 'he'
2025-04-09 09:20:13,136 - parts_navigation.steps.brand - INFO - Preloaded 43 brands
2025-04-09 09:20:13,136 - parts_navigation.logo_manager - INFO - Preloading logos for 43 brands
2025-04-09 09:20:13,958 - parts_navigation.steps.brand - INFO - Loaded 43 unique brands
2025-04-09 09:20:13,959 - parts_navigation.components.tiles_grid - INFO - Populating grid with 43 items using 4 columns
2025-04-09 09:20:14,690 - parts_navigation.components.tiles_grid - INFO - Grid has 4 active columns configured
2025-04-09 09:20:14,690 - parts_navigation.components.tiles_grid - INFO - Total tiles: 43
2025-04-09 09:20:14,690 - parts_navigation.components.tiles_grid - INFO - Visible tiles: 0
2025-04-09 09:20:14,711 - parts_navigation.logo_manager - INFO - Found 31 already cached logos out of 43
2025-04-09 09:20:14,711 - parts_navigation.steps.brand - INFO - Started preloading 43 brand logos
2025-04-09 09:20:16,081 - UsersDB - INFO - User fahed authenticated successfully
2025-04-09 09:20:16,096 - __main__ - INFO - User logged in: {'id': 2, 'username': 'fahed', 'full_name': 'Fahed Abu Mukh', 'role': 'manager', 'settings': {'theme': 'classic', 'language': 'en', 'rtl': False}}
2025-04-09 09:20:17,081 - parts_navigation.components.tiles_grid - INFO - Adjusting columns from 3 to 5
2025-04-09 09:20:17,081 - parts_navigation.components.tiles_grid - INFO - Setting grid to 5 columns
2025-04-09 09:20:17,083 - parts_navigation.components.tiles_grid - INFO - Adjusting columns from 4 to 5
2025-04-09 09:20:17,083 - parts_navigation.components.tiles_grid - INFO - Setting grid to 5 columns
2025-04-09 09:20:17,086 - parts_navigation.components.tiles_grid - INFO - Adjusting columns from 4 to 5
2025-04-09 09:20:17,086 - parts_navigation.components.tiles_grid - INFO - Setting grid to 5 columns
2025-04-09 09:20:17,087 - parts_navigation.components.tiles_grid - INFO - Adjusting columns from 3 to 5
2025-04-09 09:20:17,087 - parts_navigation.components.tiles_grid - INFO - Setting grid to 5 columns
2025-04-09 09:20:17,088 - parts_navigation.components.tiles_grid - INFO - Adjusting columns from 4 to 5
2025-04-09 09:20:17,089 - parts_navigation.components.tiles_grid - INFO - Setting grid to 5 columns
2025-04-09 09:20:17,089 - parts_navigation.components.tiles_grid - INFO - Adjusting columns from 4 to 6
2025-04-09 09:20:17,089 - parts_navigation.components.tiles_grid - INFO - Setting grid to 6 columns
2025-04-09 09:20:18,708 - translations - WARNING - Missing translation for 'barcode' in 'he'
2025-04-09 09:20:18,708 - translations - WARNING - Missing translation for 'barcode_placeholder' in 'he'
2025-04-09 09:20:18,708 - translations - WARNING - Missing translation for 'scan_barcode_tooltip' in 'he'
2025-04-09 09:20:19,841 - translations - WARNING - Missing translation for 'scan_barcode' in 'he'
2025-04-09 09:20:19,842 - translations - WARNING - Missing translation for 'waiting_for_scan' in 'he'
2025-04-09 09:20:19,842 - translations - WARNING - Missing translation for 'scan_note' in 'he'
2025-04-09 09:20:39,020 - gui.event_handlers - INFO - Closing database connection...
2025-04-09 09:20:39,036 - __main__ - INFO - Cleaning up application resources...
2025-04-09 09:20:39,036 - __main__ - INFO - Closing database connection...
2025-04-09 09:20:39,037 - __main__ - INFO - Cleaning up parts navigation resources...
2025-04-09 09:20:39,047 - database.car_parts_db - INFO - Thread 16664: New database connection established
2025-04-09 09:20:39,051 - __main__ - INFO - Application shutdown complete
2025-04-09 09:31:02,068 - root - INFO - Logging system initialized (level: INFO)
2025-04-09 09:31:02,068 - root - INFO - Log files directory: C:\Users\97253\Desktop\BeastMode-CSIntro-Excercises\CousinTestProject\logs
2025-04-09 09:31:02,339 - config - INFO - Determined application root: C:\Users\97253\Desktop\BeastMode-CSIntro-Excercises\CousinTestProject
2025-04-09 09:31:09,979 - __main__ - INFO - Application starting at: 2025-04-09 09:31:09
2025-04-09 09:31:09,979 - __main__ - INFO - Current user: BaselAM
2025-04-09 09:31:10,169 - __main__ - INFO - Initializing database connection...
2025-04-09 09:31:10,726 - database.car_parts_db - INFO - Thread 2124: Database connection established
2025-04-09 09:31:10,726 - database.car_parts_db - INFO - Initialized database connection to localhost
2025-04-09 09:31:10,773 - __main__ - INFO - Connected to database. Found 2845 parts.
2025-04-09 09:31:10,773 - translations - INFO - Loading translation files from C:\Users\97253\Desktop\BeastMode-CSIntro-Excercises\CousinTestProject\translations\data
2025-04-09 09:31:10,775 - translations - INFO - Loaded translations for namespace 'car_parts' from C:\Users\97253\Desktop\BeastMode-CSIntro-Excercises\CousinTestProject\translations\data\car_parts.json
2025-04-09 09:31:10,775 - translations - INFO - Loaded translations for namespace 'errors' from C:\Users\97253\Desktop\BeastMode-CSIntro-Excercises\CousinTestProject\translations\data\errors.json
2025-04-09 09:31:10,776 - translations - INFO - Loaded translations for namespace 'filters' from C:\Users\97253\Desktop\BeastMode-CSIntro-Excercises\CousinTestProject\translations\data\filters.json
2025-04-09 09:31:10,777 - translations - INFO - Loaded translations for namespace 'help' from C:\Users\97253\Desktop\BeastMode-CSIntro-Excercises\CousinTestProject\translations\data\help.json
2025-04-09 09:31:10,777 - translations - INFO - Loaded translations for namespace 'login' from C:\Users\97253\Desktop\BeastMode-CSIntro-Excercises\CousinTestProject\translations\data\login.json
2025-04-09 09:31:10,778 - translations - INFO - Loaded translations for namespace 'navigation' from C:\Users\97253\Desktop\BeastMode-CSIntro-Excercises\CousinTestProject\translations\data\navigation.json
2025-04-09 09:31:10,779 - translations - INFO - Loaded translations for namespace 'notifications' from C:\Users\97253\Desktop\BeastMode-CSIntro-Excercises\CousinTestProject\translations\data\notifications.json
2025-04-09 09:31:10,780 - translations - INFO - Loaded translations for namespace 'parts_nav_translations' from C:\Users\97253\Desktop\BeastMode-CSIntro-Excercises\CousinTestProject\translations\data\parts_nav_translations.json
2025-04-09 09:31:10,781 - translations - INFO - Loaded translations for namespace 'products' from C:\Users\97253\Desktop\BeastMode-CSIntro-Excercises\CousinTestProject\translations\data\products.json
2025-04-09 09:31:10,782 - translations - INFO - Loaded translations for namespace 'settings' from C:\Users\97253\Desktop\BeastMode-CSIntro-Excercises\CousinTestProject\translations\data\settings.json
2025-04-09 09:31:10,783 - translations - INFO - Loaded translations for namespace 'ui' from C:\Users\97253\Desktop\BeastMode-CSIntro-Excercises\CousinTestProject\translations\data\ui.json
2025-04-09 09:31:10,783 - translations - INFO - Loaded translations for namespace 'validations' from C:\Users\97253\Desktop\BeastMode-CSIntro-Excercises\CousinTestProject\translations\data\validations.json
2025-04-09 09:31:10,783 - translations - INFO - Loaded 12 translation files from C:\Users\97253\Desktop\BeastMode-CSIntro-Excercises\CousinTestProject\translations\data
2025-04-09 09:31:10,784 - translations - INFO - Loaded 12 translation files
2025-04-09 09:31:11,060 - UsersDB - INFO - Connected to user database at C:\Users\97253\Desktop\BeastMode-CSIntro-Excercises\CousinTestProject\database\users.db
2025-04-09 09:31:11,061 - UsersDB - INFO - Database tables created successfully
2025-04-09 09:31:12,282 - widgets.header.chatbot.api_key_manager - INFO - API key loaded successfully
2025-04-09 09:31:12,460 - widgets.header.chatbot.openai_client - INFO - OpenAI client initialized successfully
2025-04-09 09:31:12,861 - translations - WARNING - Missing translation for 'inventory_insights' in 'he'
2025-04-09 09:31:12,862 - translations - WARNING - Missing translation for 'categories' in 'he'
2025-04-09 09:31:12,862 - translations - WARNING - Missing translation for 'brands' in 'he'
2025-04-09 09:31:12,862 - translations - WARNING - Missing translation for 'low_stock' in 'he'
2025-04-09 09:31:12,862 - translations - WARNING - Missing translation for 'total_parts' in 'he'
2025-04-09 09:31:12,862 - translations - WARNING - Missing translation for 'total_value' in 'he'
2025-04-09 09:31:12,862 - translations - WARNING - Missing translation for 'average_price' in 'he'
2025-04-09 09:31:13,092 - parts_navigation.components.tiles_grid - INFO - Populating grid with 8 items using 4 columns
2025-04-09 09:31:13,325 - parts_navigation.container - INFO - All navigation steps created successfully
2025-04-09 09:31:13,371 - parts_navigation.container - INFO - Starting delayed brand preloading
2025-04-09 09:31:13,371 - parts_navigation.steps.brand - INFO - Starting to preload brands data
2025-04-09 09:31:13,412 - parts_navigation.components.tiles_grid - INFO - Grid has 4 active columns configured
2025-04-09 09:31:13,412 - parts_navigation.components.tiles_grid - INFO - Total tiles: 8
2025-04-09 09:31:13,412 - parts_navigation.components.tiles_grid - INFO - Visible tiles: 0
2025-04-09 09:31:13,412 - parts_navigation.container - INFO - Navigated to step 0
2025-04-09 09:31:14,121 - database.car_parts_db - INFO - Found 43 unique car brands in database
2025-04-09 09:31:14,121 - database.car_parts_db - INFO - Processed 43 unique car brands
2025-04-09 09:31:14,152 - parts_navigation.container - INFO - All navigation steps created successfully
2025-04-09 09:31:14,156 - translations - WARNING - Missing translation for 'Internet: Connected' in 'he'
2025-04-09 09:31:14,319 - parts_navigation.steps.brand - INFO - Preloaded 43 brands
2025-04-09 09:31:14,319 - parts_navigation.logo_manager - INFO - Preloading logos for 43 brands
2025-04-09 09:31:14,937 - parts_navigation.steps.brand - INFO - Loaded 43 unique brands
2025-04-09 09:31:14,937 - parts_navigation.components.tiles_grid - INFO - Populating grid with 43 items using 4 columns
2025-04-09 09:31:15,472 - parts_navigation.components.tiles_grid - INFO - Grid has 4 active columns configured
2025-04-09 09:31:15,472 - parts_navigation.components.tiles_grid - INFO - Total tiles: 43
2025-04-09 09:31:15,472 - parts_navigation.components.tiles_grid - INFO - Visible tiles: 0
2025-04-09 09:31:15,495 - parts_navigation.logo_manager - INFO - Found 31 already cached logos out of 43
2025-04-09 09:31:15,495 - parts_navigation.steps.brand - INFO - Started preloading 43 brand logos
2025-04-09 09:31:15,495 - __main__ - INFO - Cleaning up application resources...
2025-04-09 09:31:15,496 - __main__ - INFO - Closing database connection...
2025-04-09 09:31:15,501 - __main__ - INFO - Cleaning up parts navigation resources...
2025-04-09 09:31:15,526 - database.car_parts_db - INFO - Thread 2124: New database connection established
2025-04-09 09:31:15,530 - __main__ - INFO - Application shutdown complete
2025-04-09 09:34:46,420 - root - INFO - Logging system initialized (level: INFO)
2025-04-09 09:34:46,420 - root - INFO - Log files directory: C:\Users\97253\Desktop\BeastMode-CSIntro-Excercises\CousinTestProject\logs
2025-04-09 09:34:46,595 - config - INFO - Determined application root: C:\Users\97253\Desktop\BeastMode-CSIntro-Excercises\CousinTestProject
2025-04-09 09:34:50,647 - __main__ - INFO - Application starting at: 2025-04-09 09:34:50
2025-04-09 09:34:50,647 - __main__ - INFO - Current user: BaselAM
2025-04-09 09:34:50,722 - __main__ - INFO - Initializing database connection...
2025-04-09 09:34:51,054 - database.car_parts_db - INFO - Thread 17668: Database connection established
2025-04-09 09:34:51,054 - database.car_parts_db - INFO - Initialized database connection to localhost
2025-04-09 09:34:51,116 - __main__ - INFO - Connected to database. Found 2845 parts.
2025-04-09 09:34:51,117 - translations - INFO - Loading translation files from C:\Users\97253\Desktop\BeastMode-CSIntro-Excercises\CousinTestProject\translations\data
2025-04-09 09:34:51,118 - translations - INFO - Loaded translations for namespace 'car_parts' from C:\Users\97253\Desktop\BeastMode-CSIntro-Excercises\CousinTestProject\translations\data\car_parts.json
2025-04-09 09:34:51,119 - translations - INFO - Loaded translations for namespace 'errors' from C:\Users\97253\Desktop\BeastMode-CSIntro-Excercises\CousinTestProject\translations\data\errors.json
2025-04-09 09:34:51,120 - translations - INFO - Loaded translations for namespace 'filters' from C:\Users\97253\Desktop\BeastMode-CSIntro-Excercises\CousinTestProject\translations\data\filters.json
2025-04-09 09:34:51,121 - translations - INFO - Loaded translations for namespace 'help' from C:\Users\97253\Desktop\BeastMode-CSIntro-Excercises\CousinTestProject\translations\data\help.json
2025-04-09 09:34:51,122 - translations - INFO - Loaded translations for namespace 'login' from C:\Users\97253\Desktop\BeastMode-CSIntro-Excercises\CousinTestProject\translations\data\login.json
2025-04-09 09:34:51,124 - translations - INFO - Loaded translations for namespace 'navigation' from C:\Users\97253\Desktop\BeastMode-CSIntro-Excercises\CousinTestProject\translations\data\navigation.json
2025-04-09 09:34:51,125 - translations - INFO - Loaded translations for namespace 'notifications' from C:\Users\97253\Desktop\BeastMode-CSIntro-Excercises\CousinTestProject\translations\data\notifications.json
2025-04-09 09:34:51,126 - translations - INFO - Loaded translations for namespace 'parts_nav_translations' from C:\Users\97253\Desktop\BeastMode-CSIntro-Excercises\CousinTestProject\translations\data\parts_nav_translations.json
2025-04-09 09:34:51,128 - translations - INFO - Loaded translations for namespace 'products' from C:\Users\97253\Desktop\BeastMode-CSIntro-Excercises\CousinTestProject\translations\data\products.json
2025-04-09 09:34:51,129 - translations - INFO - Loaded translations for namespace 'settings' from C:\Users\97253\Desktop\BeastMode-CSIntro-Excercises\CousinTestProject\translations\data\settings.json
2025-04-09 09:34:51,131 - translations - INFO - Loaded translations for namespace 'ui' from C:\Users\97253\Desktop\BeastMode-CSIntro-Excercises\CousinTestProject\translations\data\ui.json
2025-04-09 09:34:51,132 - translations - INFO - Loaded translations for namespace 'validations' from C:\Users\97253\Desktop\BeastMode-CSIntro-Excercises\CousinTestProject\translations\data\validations.json
2025-04-09 09:34:51,133 - translations - INFO - Loaded 12 translation files from C:\Users\97253\Desktop\BeastMode-CSIntro-Excercises\CousinTestProject\translations\data
2025-04-09 09:34:51,133 - translations - INFO - Loaded 12 translation files
2025-04-09 09:34:51,395 - UsersDB - INFO - Connected to user database at C:\Users\97253\Desktop\BeastMode-CSIntro-Excercises\CousinTestProject\database\users.db
2025-04-09 09:34:51,396 - UsersDB - INFO - Database tables created successfully
2025-04-09 09:34:52,052 - widgets.header.chatbot.api_key_manager - INFO - API key loaded successfully
2025-04-09 09:34:52,136 - widgets.header.chatbot.openai_client - INFO - OpenAI client initialized successfully
2025-04-09 09:34:52,299 - translations - WARNING - Missing translation for 'inventory_insights' in 'he'
2025-04-09 09:34:52,299 - translations - WARNING - Missing translation for 'categories' in 'he'
2025-04-09 09:34:52,300 - translations - WARNING - Missing translation for 'brands' in 'he'
2025-04-09 09:34:52,300 - translations - WARNING - Missing translation for 'low_stock' in 'he'
2025-04-09 09:34:52,300 - translations - WARNING - Missing translation for 'total_parts' in 'he'
2025-04-09 09:34:52,300 - translations - WARNING - Missing translation for 'total_value' in 'he'
2025-04-09 09:34:52,300 - translations - WARNING - Missing translation for 'average_price' in 'he'
2025-04-09 09:34:52,425 - parts_navigation.components.tiles_grid - INFO - Populating grid with 8 items using 4 columns
2025-04-09 09:34:52,481 - parts_navigation.components.tiles_grid - INFO - Grid has 4 active columns configured
2025-04-09 09:34:52,481 - parts_navigation.components.tiles_grid - INFO - Total tiles: 8
2025-04-09 09:34:52,481 - parts_navigation.components.tiles_grid - INFO - Visible tiles: 0
2025-04-09 09:34:52,482 - parts_navigation.container - INFO - Navigated to step 0
2025-04-09 09:34:52,717 - parts_navigation.container - INFO - All navigation steps created successfully
2025-04-09 09:34:52,717 - parts_navigation.container - INFO - Starting delayed brand preloading
2025-04-09 09:34:52,717 - parts_navigation.steps.brand - INFO - Starting to preload brands data
2025-04-09 09:34:52,892 - translations - WARNING - Missing translation for 'Internet: Connected' in 'he'
2025-04-09 09:34:52,937 - database.car_parts_db - INFO - Found 43 unique car brands in database
2025-04-09 09:34:52,937 - database.car_parts_db - INFO - Processed 43 unique car brands
2025-04-09 09:34:53,074 - parts_navigation.steps.brand - INFO - Preloaded 43 brands
2025-04-09 09:34:53,074 - parts_navigation.logo_manager - INFO - Preloading logos for 43 brands
2025-04-09 09:34:53,195 - parts_navigation.container - INFO - All navigation steps created successfully
2025-04-09 09:34:53,196 - parts_navigation.steps.brand - INFO - Loaded 43 unique brands
2025-04-09 09:34:53,196 - parts_navigation.components.tiles_grid - INFO - Populating grid with 43 items using 4 columns
2025-04-09 09:34:54,292 - parts_navigation.components.tiles_grid - INFO - Grid has 4 active columns configured
2025-04-09 09:34:54,293 - parts_navigation.components.tiles_grid - INFO - Total tiles: 43
2025-04-09 09:34:54,293 - parts_navigation.components.tiles_grid - INFO - Visible tiles: 0
2025-04-09 09:34:54,337 - parts_navigation.logo_manager - INFO - Found 31 already cached logos out of 43
2025-04-09 09:34:54,337 - parts_navigation.steps.brand - INFO - Started preloading 43 brand logos
2025-04-09 09:34:56,505 - UsersDB - INFO - User fahed authenticated successfully
2025-04-09 09:34:56,517 - __main__ - INFO - User logged in: {'id': 2, 'username': 'fahed', 'full_name': 'Fahed Abu Mukh', 'role': 'manager', 'settings': {'theme': 'classic', 'language': 'en', 'rtl': False}}
2025-04-09 09:34:57,413 - parts_navigation.components.tiles_grid - INFO - Adjusting columns from 3 to 5
2025-04-09 09:34:57,413 - parts_navigation.components.tiles_grid - INFO - Setting grid to 5 columns
2025-04-09 09:34:57,415 - parts_navigation.components.tiles_grid - INFO - Adjusting columns from 4 to 5
2025-04-09 09:34:57,415 - parts_navigation.components.tiles_grid - INFO - Setting grid to 5 columns
2025-04-09 09:34:57,417 - parts_navigation.components.tiles_grid - INFO - Adjusting columns from 4 to 5
2025-04-09 09:34:57,417 - parts_navigation.components.tiles_grid - INFO - Setting grid to 5 columns
2025-04-09 09:34:57,417 - parts_navigation.components.tiles_grid - INFO - Adjusting columns from 3 to 5
2025-04-09 09:34:57,417 - parts_navigation.components.tiles_grid - INFO - Setting grid to 5 columns
2025-04-09 09:34:57,418 - parts_navigation.components.tiles_grid - INFO - Adjusting columns from 4 to 5
2025-04-09 09:34:57,418 - parts_navigation.components.tiles_grid - INFO - Setting grid to 5 columns
2025-04-09 09:34:57,419 - parts_navigation.components.tiles_grid - INFO - Adjusting columns from 4 to 6
2025-04-09 09:34:57,419 - parts_navigation.components.tiles_grid - INFO - Setting grid to 6 columns
2025-04-09 09:34:58,998 - translations - WARNING - Missing translation for 'barcode' in 'he'
2025-04-09 09:34:58,998 - translations - WARNING - Missing translation for 'barcode_placeholder' in 'he'
2025-04-09 09:35:00,484 - translations - WARNING - Missing translation for 'scan_barcode' in 'he'
2025-04-09 09:35:00,484 - translations - WARNING - Missing translation for 'enter_barcode' in 'he'
2025-04-09 09:35:07,908 - gui.event_handlers - INFO - Closing database connection...
2025-04-09 09:35:07,921 - __main__ - INFO - Cleaning up application resources...
2025-04-09 09:35:07,921 - __main__ - INFO - Closing database connection...
2025-04-09 09:35:07,921 - __main__ - INFO - Cleaning up parts navigation resources...
2025-04-09 09:35:07,933 - database.car_parts_db - INFO - Thread 17668: New database connection established
2025-04-09 09:35:07,937 - __main__ - INFO - Application shutdown complete
2025-04-09 09:39:41,500 - root - INFO - Logging system initialized (level: INFO)
2025-04-09 09:39:41,500 - root - INFO - Log files directory: C:\Users\97253\Desktop\BeastMode-CSIntro-Excercises\CousinTestProject\logs
2025-04-09 09:39:41,545 - config - INFO - Determined application root: C:\Users\97253\Desktop\BeastMode-CSIntro-Excercises\CousinTestProject
2025-04-09 09:39:43,268 - __main__ - INFO - Application starting at: 2025-04-09 09:39:43
2025-04-09 09:39:43,268 - __main__ - INFO - Current user: BaselAM
2025-04-09 09:39:43,286 - __main__ - INFO - Initializing database connection...
2025-04-09 09:39:43,417 - database.car_parts_db - INFO - Thread 16920: Database connection established
2025-04-09 09:39:43,417 - database.car_parts_db - INFO - Initialized database connection to localhost
2025-04-09 09:39:43,465 - __main__ - INFO - Connected to database. Found 2845 parts.
2025-04-09 09:39:43,466 - translations - INFO - Loading translation files from C:\Users\97253\Desktop\BeastMode-CSIntro-Excercises\CousinTestProject\translations\data
2025-04-09 09:39:43,466 - translations - INFO - Loaded translations for namespace 'car_parts' from C:\Users\97253\Desktop\BeastMode-CSIntro-Excercises\CousinTestProject\translations\data\car_parts.json
2025-04-09 09:39:43,467 - translations - INFO - Loaded translations for namespace 'errors' from C:\Users\97253\Desktop\BeastMode-CSIntro-Excercises\CousinTestProject\translations\data\errors.json
2025-04-09 09:39:43,468 - translations - INFO - Loaded translations for namespace 'filters' from C:\Users\97253\Desktop\BeastMode-CSIntro-Excercises\CousinTestProject\translations\data\filters.json
2025-04-09 09:39:43,469 - translations - INFO - Loaded translations for namespace 'help' from C:\Users\97253\Desktop\BeastMode-CSIntro-Excercises\CousinTestProject\translations\data\help.json
2025-04-09 09:39:43,469 - translations - INFO - Loaded translations for namespace 'login' from C:\Users\97253\Desktop\BeastMode-CSIntro-Excercises\CousinTestProject\translations\data\login.json
2025-04-09 09:39:43,470 - translations - INFO - Loaded translations for namespace 'navigation' from C:\Users\97253\Desktop\BeastMode-CSIntro-Excercises\CousinTestProject\translations\data\navigation.json
2025-04-09 09:39:43,471 - translations - INFO - Loaded translations for namespace 'notifications' from C:\Users\97253\Desktop\BeastMode-CSIntro-Excercises\CousinTestProject\translations\data\notifications.json
2025-04-09 09:39:43,472 - translations - INFO - Loaded translations for namespace 'parts_nav_translations' from C:\Users\97253\Desktop\BeastMode-CSIntro-Excercises\CousinTestProject\translations\data\parts_nav_translations.json
2025-04-09 09:39:43,472 - translations - INFO - Loaded translations for namespace 'products' from C:\Users\97253\Desktop\BeastMode-CSIntro-Excercises\CousinTestProject\translations\data\products.json
2025-04-09 09:39:43,473 - translations - INFO - Loaded translations for namespace 'settings' from C:\Users\97253\Desktop\BeastMode-CSIntro-Excercises\CousinTestProject\translations\data\settings.json
2025-04-09 09:39:43,474 - translations - INFO - Loaded translations for namespace 'ui' from C:\Users\97253\Desktop\BeastMode-CSIntro-Excercises\CousinTestProject\translations\data\ui.json
2025-04-09 09:39:43,475 - translations - INFO - Loaded translations for namespace 'validations' from C:\Users\97253\Desktop\BeastMode-CSIntro-Excercises\CousinTestProject\translations\data\validations.json
2025-04-09 09:39:43,475 - translations - INFO - Loaded 12 translation files from C:\Users\97253\Desktop\BeastMode-CSIntro-Excercises\CousinTestProject\translations\data
2025-04-09 09:39:43,475 - translations - INFO - Loaded 12 translation files
2025-04-09 09:39:43,623 - UsersDB - INFO - Connected to user database at C:\Users\97253\Desktop\BeastMode-CSIntro-Excercises\CousinTestProject\database\users.db
2025-04-09 09:39:43,623 - UsersDB - INFO - Database tables created successfully
2025-04-09 09:39:44,335 - widgets.header.chatbot.api_key_manager - INFO - API key loaded successfully
2025-04-09 09:39:44,399 - widgets.header.chatbot.openai_client - INFO - OpenAI client initialized successfully
2025-04-09 09:39:44,532 - translations - WARNING - Missing translation for 'inventory_insights' in 'he'
2025-04-09 09:39:44,532 - translations - WARNING - Missing translation for 'categories' in 'he'
2025-04-09 09:39:44,532 - translations - WARNING - Missing translation for 'brands' in 'he'
2025-04-09 09:39:44,532 - translations - WARNING - Missing translation for 'low_stock' in 'he'
2025-04-09 09:39:44,532 - translations - WARNING - Missing translation for 'total_parts' in 'he'
2025-04-09 09:39:44,532 - translations - WARNING - Missing translation for 'total_value' in 'he'
2025-04-09 09:39:44,532 - translations - WARNING - Missing translation for 'average_price' in 'he'
2025-04-09 09:39:44,662 - parts_navigation.components.tiles_grid - INFO - Populating grid with 8 items using 4 columns
2025-04-09 09:39:44,719 - parts_navigation.components.tiles_grid - INFO - Grid has 4 active columns configured
2025-04-09 09:39:44,719 - parts_navigation.components.tiles_grid - INFO - Total tiles: 8
2025-04-09 09:39:44,719 - parts_navigation.components.tiles_grid - INFO - Visible tiles: 0
2025-04-09 09:39:44,720 - parts_navigation.container - INFO - Navigated to step 0
2025-04-09 09:39:44,919 - parts_navigation.container - INFO - All navigation steps created successfully
2025-04-09 09:39:44,920 - parts_navigation.container - INFO - Starting delayed brand preloading
2025-04-09 09:39:44,920 - parts_navigation.steps.brand - INFO - Starting to preload brands data
2025-04-09 09:39:45,068 - translations - WARNING - Missing translation for 'Internet: Connected' in 'he'
2025-04-09 09:39:45,090 - database.car_parts_db - INFO - Found 43 unique car brands in database
2025-04-09 09:39:45,091 - database.car_parts_db - INFO - Processed 43 unique car brands
2025-04-09 09:39:45,227 - parts_navigation.steps.brand - INFO - Preloaded 43 brands
2025-04-09 09:39:45,227 - parts_navigation.logo_manager - INFO - Preloading logos for 43 brands
2025-04-09 09:39:45,303 - parts_navigation.steps.brand - INFO - Loaded 43 unique brands
2025-04-09 09:39:45,303 - parts_navigation.components.tiles_grid - INFO - Populating grid with 43 items using 4 columns
2025-04-09 09:39:45,398 - parts_navigation.container - INFO - All navigation steps created successfully
2025-04-09 09:39:46,403 - parts_navigation.components.tiles_grid - INFO - Grid has 4 active columns configured
2025-04-09 09:39:46,403 - parts_navigation.components.tiles_grid - INFO - Total tiles: 43
2025-04-09 09:39:46,403 - parts_navigation.components.tiles_grid - INFO - Visible tiles: 0
2025-04-09 09:39:46,449 - parts_navigation.logo_manager - INFO - Found 31 already cached logos out of 43
2025-04-09 09:39:46,450 - parts_navigation.steps.brand - INFO - Started preloading 43 brand logos
2025-04-09 09:39:49,104 - UsersDB - INFO - User fahed authenticated successfully
2025-04-09 09:39:49,114 - __main__ - INFO - User logged in: {'id': 2, 'username': 'fahed', 'full_name': 'Fahed Abu Mukh', 'role': 'manager', 'settings': {'theme': 'classic', 'language': 'en', 'rtl': False}}
2025-04-09 09:39:50,091 - parts_navigation.components.tiles_grid - INFO - Adjusting columns from 3 to 5
2025-04-09 09:39:50,091 - parts_navigation.components.tiles_grid - INFO - Setting grid to 5 columns
2025-04-09 09:39:50,092 - parts_navigation.components.tiles_grid - INFO - Adjusting columns from 4 to 5
2025-04-09 09:39:50,093 - parts_navigation.components.tiles_grid - INFO - Setting grid to 5 columns
2025-04-09 09:39:50,095 - parts_navigation.components.tiles_grid - INFO - Adjusting columns from 4 to 5
2025-04-09 09:39:50,096 - parts_navigation.components.tiles_grid - INFO - Setting grid to 5 columns
2025-04-09 09:39:50,097 - parts_navigation.components.tiles_grid - INFO - Adjusting columns from 3 to 5
2025-04-09 09:39:50,097 - parts_navigation.components.tiles_grid - INFO - Setting grid to 5 columns
2025-04-09 09:39:50,098 - parts_navigation.components.tiles_grid - INFO - Adjusting columns from 4 to 5
2025-04-09 09:39:50,099 - parts_navigation.components.tiles_grid - INFO - Setting grid to 5 columns
2025-04-09 09:39:50,099 - parts_navigation.components.tiles_grid - INFO - Adjusting columns from 4 to 6
2025-04-09 09:39:50,099 - parts_navigation.components.tiles_grid - INFO - Setting grid to 6 columns
2025-04-09 09:39:51,283 - translations - WARNING - Missing translation for 'barcode' in 'he'
2025-04-09 09:39:51,283 - translations - WARNING - Missing translation for 'barcode_placeholder' in 'he'
2025-04-09 09:39:52,081 - translations - WARNING - Missing translation for 'scan_barcode' in 'he'
2025-04-09 09:39:52,081 - translations - WARNING - Missing translation for 'enter_barcode' in 'he'
2025-04-09 09:39:54,462 - gui.event_handlers - INFO - Closing database connection...
2025-04-09 09:39:54,474 - __main__ - INFO - Cleaning up application resources...
2025-04-09 09:39:54,474 - __main__ - INFO - Closing database connection...
2025-04-09 09:39:54,476 - __main__ - INFO - Cleaning up parts navigation resources...
2025-04-09 09:39:54,489 - database.car_parts_db - INFO - Thread 16920: New database connection established
2025-04-09 09:39:54,491 - __main__ - INFO - Application shutdown complete
2025-04-09 09:43:39,106 - root - INFO - Logging system initialized (level: INFO)
2025-04-09 09:43:39,106 - root - INFO - Log files directory: C:\Users\97253\Desktop\BeastMode-CSIntro-Excercises\CousinTestProject\logs
2025-04-09 09:43:39,154 - config - INFO - Determined application root: C:\Users\97253\Desktop\BeastMode-CSIntro-Excercises\CousinTestProject
2025-04-09 09:43:43,379 - __main__ - INFO - Application starting at: 2025-04-09 09:43:43
2025-04-09 09:43:43,379 - __main__ - INFO - Current user: BaselAM
2025-04-09 09:43:43,407 - __main__ - INFO - Initializing database connection...
2025-04-09 09:43:43,568 - database.car_parts_db - INFO - Thread 16112: Database connection established
2025-04-09 09:43:43,569 - database.car_parts_db - INFO - Initialized database connection to localhost
2025-04-09 09:43:43,610 - __main__ - INFO - Connected to database. Found 2845 parts.
2025-04-09 09:43:43,610 - translations - INFO - Loading translation files from C:\Users\97253\Desktop\BeastMode-CSIntro-Excercises\CousinTestProject\translations\data
2025-04-09 09:43:43,611 - translations - INFO - Loaded translations for namespace 'car_parts' from C:\Users\97253\Desktop\BeastMode-CSIntro-Excercises\CousinTestProject\translations\data\car_parts.json
2025-04-09 09:43:43,612 - translations - INFO - Loaded translations for namespace 'errors' from C:\Users\97253\Desktop\BeastMode-CSIntro-Excercises\CousinTestProject\translations\data\errors.json
2025-04-09 09:43:43,615 - translations - INFO - Loaded translations for namespace 'filters' from C:\Users\97253\Desktop\BeastMode-CSIntro-Excercises\CousinTestProject\translations\data\filters.json
2025-04-09 09:43:43,616 - translations - INFO - Loaded translations for namespace 'help' from C:\Users\97253\Desktop\BeastMode-CSIntro-Excercises\CousinTestProject\translations\data\help.json
2025-04-09 09:43:43,616 - translations - INFO - Loaded translations for namespace 'login' from C:\Users\97253\Desktop\BeastMode-CSIntro-Excercises\CousinTestProject\translations\data\login.json
2025-04-09 09:43:43,617 - translations - INFO - Loaded translations for namespace 'navigation' from C:\Users\97253\Desktop\BeastMode-CSIntro-Excercises\CousinTestProject\translations\data\navigation.json
2025-04-09 09:43:43,618 - translations - INFO - Loaded translations for namespace 'notifications' from C:\Users\97253\Desktop\BeastMode-CSIntro-Excercises\CousinTestProject\translations\data\notifications.json
2025-04-09 09:43:43,618 - translations - INFO - Loaded translations for namespace 'parts_nav_translations' from C:\Users\97253\Desktop\BeastMode-CSIntro-Excercises\CousinTestProject\translations\data\parts_nav_translations.json
2025-04-09 09:43:43,619 - translations - INFO - Loaded translations for namespace 'products' from C:\Users\97253\Desktop\BeastMode-CSIntro-Excercises\CousinTestProject\translations\data\products.json
2025-04-09 09:43:43,620 - translations - INFO - Loaded translations for namespace 'settings' from C:\Users\97253\Desktop\BeastMode-CSIntro-Excercises\CousinTestProject\translations\data\settings.json
2025-04-09 09:43:43,620 - translations - INFO - Loaded translations for namespace 'ui' from C:\Users\97253\Desktop\BeastMode-CSIntro-Excercises\CousinTestProject\translations\data\ui.json
2025-04-09 09:43:43,621 - translations - INFO - Loaded translations for namespace 'validations' from C:\Users\97253\Desktop\BeastMode-CSIntro-Excercises\CousinTestProject\translations\data\validations.json
2025-04-09 09:43:43,621 - translations - INFO - Loaded 12 translation files from C:\Users\97253\Desktop\BeastMode-CSIntro-Excercises\CousinTestProject\translations\data
2025-04-09 09:43:43,621 - translations - INFO - Loaded 12 translation files
2025-04-09 09:43:43,763 - UsersDB - INFO - Connected to user database at C:\Users\97253\Desktop\BeastMode-CSIntro-Excercises\CousinTestProject\database\users.db
2025-04-09 09:43:43,764 - UsersDB - INFO - Database tables created successfully
2025-04-09 09:43:44,407 - widgets.header.chatbot.api_key_manager - INFO - API key loaded successfully
2025-04-09 09:43:44,490 - widgets.header.chatbot.openai_client - INFO - OpenAI client initialized successfully
2025-04-09 09:43:44,678 - translations - WARNING - Missing translation for 'inventory_insights' in 'he'
2025-04-09 09:43:44,678 - translations - WARNING - Missing translation for 'categories' in 'he'
2025-04-09 09:43:44,678 - translations - WARNING - Missing translation for 'brands' in 'he'
2025-04-09 09:43:44,678 - translations - WARNING - Missing translation for 'low_stock' in 'he'
2025-04-09 09:43:44,678 - translations - WARNING - Missing translation for 'total_parts' in 'he'
2025-04-09 09:43:44,678 - translations - WARNING - Missing translation for 'total_value' in 'he'
2025-04-09 09:43:44,678 - translations - WARNING - Missing translation for 'average_price' in 'he'
2025-04-09 09:43:44,812 - parts_navigation.components.tiles_grid - INFO - Populating grid with 8 items using 4 columns
2025-04-09 09:43:44,862 - parts_navigation.components.tiles_grid - INFO - Grid has 4 active columns configured
2025-04-09 09:43:44,863 - parts_navigation.components.tiles_grid - INFO - Total tiles: 8
2025-04-09 09:43:44,863 - parts_navigation.components.tiles_grid - INFO - Visible tiles: 0
2025-04-09 09:43:44,863 - parts_navigation.container - INFO - Navigated to step 0
2025-04-09 09:43:45,062 - parts_navigation.container - INFO - All navigation steps created successfully
2025-04-09 09:43:45,062 - parts_navigation.container - INFO - Starting delayed brand preloading
2025-04-09 09:43:45,062 - parts_navigation.steps.brand - INFO - Starting to preload brands data
2025-04-09 09:43:45,213 - translations - WARNING - Missing translation for 'Internet: Connected' in 'he'
2025-04-09 09:43:45,272 - database.car_parts_db - INFO - Found 43 unique car brands in database
2025-04-09 09:43:45,272 - database.car_parts_db - INFO - Processed 43 unique car brands
2025-04-09 09:43:45,442 - parts_navigation.steps.brand - INFO - Preloaded 43 brands
2025-04-09 09:43:45,442 - parts_navigation.logo_manager - INFO - Preloading logos for 43 brands
2025-04-09 09:43:45,503 - parts_navigation.steps.brand - INFO - Loaded 43 unique brands
2025-04-09 09:43:45,503 - parts_navigation.components.tiles_grid - INFO - Populating grid with 43 items using 4 columns
2025-04-09 09:43:45,627 - parts_navigation.container - INFO - All navigation steps created successfully
2025-04-09 09:43:46,777 - parts_navigation.components.tiles_grid - INFO - Grid has 4 active columns configured
2025-04-09 09:43:46,777 - parts_navigation.components.tiles_grid - INFO - Total tiles: 43
2025-04-09 09:43:46,777 - parts_navigation.components.tiles_grid - INFO - Visible tiles: 0
2025-04-09 09:43:46,818 - parts_navigation.logo_manager - INFO - Found 31 already cached logos out of 43
2025-04-09 09:43:46,818 - parts_navigation.steps.brand - INFO - Started preloading 43 brand logos
2025-04-09 09:45:43,951 - UsersDB - INFO - User fahed authenticated successfully
2025-04-09 09:45:43,967 - __main__ - INFO - User logged in: {'id': 2, 'username': 'fahed', 'full_name': 'Fahed Abu Mukh', 'role': 'manager', 'settings': {'theme': 'classic', 'language': 'en', 'rtl': False}}
2025-04-09 09:45:44,885 - parts_navigation.components.tiles_grid - INFO - Adjusting columns from 3 to 5
2025-04-09 09:45:44,885 - parts_navigation.components.tiles_grid - INFO - Setting grid to 5 columns
2025-04-09 09:45:44,886 - parts_navigation.components.tiles_grid - INFO - Adjusting columns from 4 to 5
2025-04-09 09:45:44,886 - parts_navigation.components.tiles_grid - INFO - Setting grid to 5 columns
2025-04-09 09:45:44,887 - parts_navigation.components.tiles_grid - INFO - Adjusting columns from 4 to 5
2025-04-09 09:45:44,888 - parts_navigation.components.tiles_grid - INFO - Setting grid to 5 columns
2025-04-09 09:45:44,888 - parts_navigation.components.tiles_grid - INFO - Adjusting columns from 3 to 5
2025-04-09 09:45:44,888 - parts_navigation.components.tiles_grid - INFO - Setting grid to 5 columns
2025-04-09 09:45:44,889 - parts_navigation.components.tiles_grid - INFO - Adjusting columns from 4 to 5
2025-04-09 09:45:44,889 - parts_navigation.components.tiles_grid - INFO - Setting grid to 5 columns
2025-04-09 09:45:44,889 - parts_navigation.components.tiles_grid - INFO - Adjusting columns from 4 to 6
2025-04-09 09:45:44,889 - parts_navigation.components.tiles_grid - INFO - Setting grid to 6 columns
2025-04-09 09:45:46,162 - translations - WARNING - Missing translation for 'barcode' in 'he'
2025-04-09 09:45:46,163 - translations - WARNING - Missing translation for 'barcode_placeholder' in 'he'
2025-04-09 09:45:46,163 - translations - WARNING - Missing translation for 'scan_barcode_tooltip' in 'he'
2025-04-09 09:45:47,579 - translations - WARNING - Missing translation for 'scan_barcode' in 'he'
2025-04-09 09:45:47,585 - translations - WARNING - Missing translation for 'waiting_for_scan' in 'he'
2025-04-09 09:45:47,585 - translations - WARNING - Missing translation for 'scan_note' in 'he'
2025-04-09 09:46:03,256 - gui.event_handlers - INFO - Closing database connection...
2025-04-09 09:46:03,271 - __main__ - INFO - Cleaning up application resources...
2025-04-09 09:46:03,271 - __main__ - INFO - Closing database connection...
2025-04-09 09:46:03,271 - __main__ - INFO - Cleaning up parts navigation resources...
2025-04-09 09:46:03,286 - database.car_parts_db - INFO - Thread 16112: New database connection established
2025-04-09 09:46:03,289 - __main__ - INFO - Application shutdown complete
2025-04-09 09:51:07,581 - root - INFO - Logging system initialized (level: INFO)
2025-04-09 09:51:07,581 - root - INFO - Log files directory: C:\Users\97253\Desktop\BeastMode-CSIntro-Excercises\CousinTestProject\logs
2025-04-09 09:51:07,636 - config - INFO - Determined application root: C:\Users\97253\Desktop\BeastMode-CSIntro-Excercises\CousinTestProject
2025-04-09 09:51:10,994 - __main__ - INFO - Application starting at: 2025-04-09 09:51:10
2025-04-09 09:51:10,994 - __main__ - INFO - Current user: BaselAM
2025-04-09 09:51:11,019 - __main__ - INFO - Initializing database connection...
2025-04-09 09:51:11,192 - database.car_parts_db - INFO - Thread 20284: Database connection established
2025-04-09 09:51:11,192 - database.car_parts_db - INFO - Initialized database connection to localhost
2025-04-09 09:51:11,249 - __main__ - INFO - Connected to database. Found 2845 parts.
2025-04-09 09:51:11,249 - translations - INFO - Loading translation files from C:\Users\97253\Desktop\BeastMode-CSIntro-Excercises\CousinTestProject\translations\data
2025-04-09 09:51:11,252 - translations - INFO - Loaded translations for namespace 'car_parts' from C:\Users\97253\Desktop\BeastMode-CSIntro-Excercises\CousinTestProject\translations\data\car_parts.json
2025-04-09 09:51:11,270 - translations - INFO - Loaded translations for namespace 'errors' from C:\Users\97253\Desktop\BeastMode-CSIntro-Excercises\CousinTestProject\translations\data\errors.json
2025-04-09 09:51:11,270 - translations - INFO - Loaded translations for namespace 'filters' from C:\Users\97253\Desktop\BeastMode-CSIntro-Excercises\CousinTestProject\translations\data\filters.json
2025-04-09 09:51:11,270 - translations - INFO - Loaded translations for namespace 'help' from C:\Users\97253\Desktop\BeastMode-CSIntro-Excercises\CousinTestProject\translations\data\help.json
2025-04-09 09:51:11,270 - translations - INFO - Loaded translations for namespace 'login' from C:\Users\97253\Desktop\BeastMode-CSIntro-Excercises\CousinTestProject\translations\data\login.json
2025-04-09 09:51:11,274 - translations - INFO - Loaded translations for namespace 'navigation' from C:\Users\97253\Desktop\BeastMode-CSIntro-Excercises\CousinTestProject\translations\data\navigation.json
2025-04-09 09:51:11,281 - translations - INFO - Loaded translations for namespace 'notifications' from C:\Users\97253\Desktop\BeastMode-CSIntro-Excercises\CousinTestProject\translations\data\notifications.json
2025-04-09 09:51:11,282 - translations - INFO - Loaded translations for namespace 'parts_nav_translations' from C:\Users\97253\Desktop\BeastMode-CSIntro-Excercises\CousinTestProject\translations\data\parts_nav_translations.json
2025-04-09 09:51:11,283 - translations - INFO - Loaded translations for namespace 'products' from C:\Users\97253\Desktop\BeastMode-CSIntro-Excercises\CousinTestProject\translations\data\products.json
2025-04-09 09:51:11,284 - translations - INFO - Loaded translations for namespace 'settings' from C:\Users\97253\Desktop\BeastMode-CSIntro-Excercises\CousinTestProject\translations\data\settings.json
2025-04-09 09:51:11,284 - translations - INFO - Loaded translations for namespace 'ui' from C:\Users\97253\Desktop\BeastMode-CSIntro-Excercises\CousinTestProject\translations\data\ui.json
2025-04-09 09:51:11,285 - translations - INFO - Loaded translations for namespace 'validations' from C:\Users\97253\Desktop\BeastMode-CSIntro-Excercises\CousinTestProject\translations\data\validations.json
2025-04-09 09:51:11,286 - translations - INFO - Loaded 12 translation files from C:\Users\97253\Desktop\BeastMode-CSIntro-Excercises\CousinTestProject\translations\data
2025-04-09 09:51:11,286 - translations - INFO - Loaded 12 translation files
2025-04-09 09:51:11,463 - UsersDB - INFO - Connected to user database at C:\Users\97253\Desktop\BeastMode-CSIntro-Excercises\CousinTestProject\database\users.db
2025-04-09 09:51:11,464 - UsersDB - INFO - Database tables created successfully
2025-04-09 09:51:12,225 - widgets.header.chatbot.api_key_manager - INFO - API key loaded successfully
2025-04-09 09:51:12,288 - widgets.header.chatbot.openai_client - INFO - OpenAI client initialized successfully
2025-04-09 09:51:12,439 - translations - WARNING - Missing translation for 'inventory_insights' in 'he'
2025-04-09 09:51:12,439 - translations - WARNING - Missing translation for 'categories' in 'he'
2025-04-09 09:51:12,439 - translations - WARNING - Missing translation for 'brands' in 'he'
2025-04-09 09:51:12,439 - translations - WARNING - Missing translation for 'low_stock' in 'he'
2025-04-09 09:51:12,439 - translations - WARNING - Missing translation for 'total_parts' in 'he'
2025-04-09 09:51:12,440 - translations - WARNING - Missing translation for 'total_value' in 'he'
2025-04-09 09:51:12,440 - translations - WARNING - Missing translation for 'average_price' in 'he'
2025-04-09 09:51:12,574 - parts_navigation.components.tiles_grid - INFO - Populating grid with 8 items using 4 columns
2025-04-09 09:51:12,628 - parts_navigation.components.tiles_grid - INFO - Grid has 4 active columns configured
2025-04-09 09:51:12,629 - parts_navigation.components.tiles_grid - INFO - Total tiles: 8
2025-04-09 09:51:12,629 - parts_navigation.components.tiles_grid - INFO - Visible tiles: 0
2025-04-09 09:51:12,629 - parts_navigation.container - INFO - Navigated to step 0
2025-04-09 09:51:12,851 - parts_navigation.container - INFO - All navigation steps created successfully
2025-04-09 09:51:12,851 - parts_navigation.container - INFO - Starting delayed brand preloading
2025-04-09 09:51:12,851 - parts_navigation.steps.brand - INFO - Starting to preload brands data
2025-04-09 09:51:13,037 - translations - WARNING - Missing translation for 'Internet: Connected' in 'he'
2025-04-09 09:51:13,065 - database.car_parts_db - INFO - Found 43 unique car brands in database
2025-04-09 09:51:13,065 - database.car_parts_db - INFO - Processed 43 unique car brands
2025-04-09 09:51:13,196 - parts_navigation.steps.brand - INFO - Preloaded 43 brands
2025-04-09 09:51:13,196 - parts_navigation.logo_manager - INFO - Preloading logos for 43 brands
2025-04-09 09:51:13,246 - parts_navigation.steps.brand - INFO - Loaded 43 unique brands
2025-04-09 09:51:13,246 - parts_navigation.components.tiles_grid - INFO - Populating grid with 43 items using 4 columns
2025-04-09 09:51:13,361 - parts_navigation.container - INFO - All navigation steps created successfully
2025-04-09 09:51:14,414 - parts_navigation.components.tiles_grid - INFO - Grid has 4 active columns configured
2025-04-09 09:51:14,414 - parts_navigation.components.tiles_grid - INFO - Total tiles: 43
2025-04-09 09:51:14,414 - parts_navigation.components.tiles_grid - INFO - Visible tiles: 0
2025-04-09 09:51:14,453 - parts_navigation.logo_manager - INFO - Found 31 already cached logos out of 43
2025-04-09 09:51:14,453 - parts_navigation.steps.brand - INFO - Started preloading 43 brand logos
2025-04-09 09:51:15,935 - UsersDB - INFO - User fahed authenticated successfully
2025-04-09 09:51:15,944 - __main__ - INFO - User logged in: {'id': 2, 'username': 'fahed', 'full_name': 'Fahed Abu Mukh', 'role': 'manager', 'settings': {'theme': 'classic', 'language': 'en', 'rtl': False}}
2025-04-09 09:51:16,804 - parts_navigation.components.tiles_grid - INFO - Adjusting columns from 3 to 5
2025-04-09 09:51:16,804 - parts_navigation.components.tiles_grid - INFO - Setting grid to 5 columns
2025-04-09 09:51:16,806 - parts_navigation.components.tiles_grid - INFO - Adjusting columns from 4 to 5
2025-04-09 09:51:16,806 - parts_navigation.components.tiles_grid - INFO - Setting grid to 5 columns
2025-04-09 09:51:16,809 - parts_navigation.components.tiles_grid - INFO - Adjusting columns from 4 to 5
2025-04-09 09:51:16,809 - parts_navigation.components.tiles_grid - INFO - Setting grid to 5 columns
2025-04-09 09:51:16,810 - parts_navigation.components.tiles_grid - INFO - Adjusting columns from 3 to 5
2025-04-09 09:51:16,810 - parts_navigation.components.tiles_grid - INFO - Setting grid to 5 columns
2025-04-09 09:51:16,812 - parts_navigation.components.tiles_grid - INFO - Adjusting columns from 4 to 5
2025-04-09 09:51:16,812 - parts_navigation.components.tiles_grid - INFO - Setting grid to 5 columns
2025-04-09 09:51:16,812 - parts_navigation.components.tiles_grid - INFO - Adjusting columns from 4 to 6
2025-04-09 09:51:16,813 - parts_navigation.components.tiles_grid - INFO - Setting grid to 6 columns
2025-04-09 09:51:18,259 - translations - WARNING - Missing translation for 'barcode' in 'he'
2025-04-09 09:51:18,259 - translations - WARNING - Missing translation for 'barcode_placeholder' in 'he'
2025-04-09 09:51:18,259 - translations - WARNING - Missing translation for 'scan_barcode_tooltip' in 'he'
2025-04-09 09:51:19,528 - translations - WARNING - Missing translation for 'scan_barcode' in 'he'
2025-04-09 09:51:19,529 - translations - WARNING - Missing translation for 'waiting_for_scan' in 'he'
2025-04-09 09:51:19,529 - translations - WARNING - Missing translation for 'scan_note' in 'he'
2025-04-09 09:51:24,089 - gui.event_handlers - INFO - Closing database connection...
2025-04-09 09:51:24,104 - __main__ - INFO - Cleaning up application resources...
2025-04-09 09:51:24,104 - __main__ - INFO - Closing database connection...
2025-04-09 09:51:24,104 - __main__ - INFO - Cleaning up parts navigation resources...
2025-04-09 09:51:24,121 - database.car_parts_db - INFO - Thread 20284: New database connection established
2025-04-09 09:51:24,123 - __main__ - INFO - Application shutdown complete
2025-04-09 09:54:58,757 - root - INFO - Logging system initialized (level: INFO)
2025-04-09 09:54:58,757 - root - INFO - Log files directory: C:\Users\97253\Desktop\BeastMode-CSIntro-Excercises\CousinTestProject\logs
2025-04-09 09:54:58,821 - config - INFO - Determined application root: C:\Users\97253\Desktop\BeastMode-CSIntro-Excercises\CousinTestProject
2025-04-09 09:55:00,071 - __main__ - INFO - Application starting at: 2025-04-09 09:55:00
2025-04-09 09:55:00,071 - __main__ - INFO - Current user: BaselAM
2025-04-09 09:55:00,087 - __main__ - INFO - Initializing database connection...
2025-04-09 09:55:00,213 - database.car_parts_db - INFO - Thread 17300: Database connection established
2025-04-09 09:55:00,213 - database.car_parts_db - INFO - Initialized database connection to localhost
2025-04-09 09:55:00,242 - __main__ - INFO - Connected to database. Found 2845 parts.
2025-04-09 09:55:00,242 - translations - INFO - Loading translation files from C:\Users\97253\Desktop\BeastMode-CSIntro-Excercises\CousinTestProject\translations\data
2025-04-09 09:55:00,242 - translations - INFO - Loaded translations for namespace 'car_parts' from C:\Users\97253\Desktop\BeastMode-CSIntro-Excercises\CousinTestProject\translations\data\car_parts.json
2025-04-09 09:55:00,244 - translations - INFO - Loaded translations for namespace 'errors' from C:\Users\97253\Desktop\BeastMode-CSIntro-Excercises\CousinTestProject\translations\data\errors.json
2025-04-09 09:55:00,244 - translations - INFO - Loaded translations for namespace 'filters' from C:\Users\97253\Desktop\BeastMode-CSIntro-Excercises\CousinTestProject\translations\data\filters.json
2025-04-09 09:55:00,244 - translations - INFO - Loaded translations for namespace 'help' from C:\Users\97253\Desktop\BeastMode-CSIntro-Excercises\CousinTestProject\translations\data\help.json
2025-04-09 09:55:00,244 - translations - INFO - Loaded translations for namespace 'login' from C:\Users\97253\Desktop\BeastMode-CSIntro-Excercises\CousinTestProject\translations\data\login.json
2025-04-09 09:55:00,244 - translations - INFO - Loaded translations for namespace 'navigation' from C:\Users\97253\Desktop\BeastMode-CSIntro-Excercises\CousinTestProject\translations\data\navigation.json
2025-04-09 09:55:00,244 - translations - INFO - Loaded translations for namespace 'notifications' from C:\Users\97253\Desktop\BeastMode-CSIntro-Excercises\CousinTestProject\translations\data\notifications.json
2025-04-09 09:55:00,244 - translations - INFO - Loaded translations for namespace 'parts_nav_translations' from C:\Users\97253\Desktop\BeastMode-CSIntro-Excercises\CousinTestProject\translations\data\parts_nav_translations.json
2025-04-09 09:55:00,244 - translations - INFO - Loaded translations for namespace 'products' from C:\Users\97253\Desktop\BeastMode-CSIntro-Excercises\CousinTestProject\translations\data\products.json
2025-04-09 09:55:00,244 - translations - INFO - Loaded translations for namespace 'settings' from C:\Users\97253\Desktop\BeastMode-CSIntro-Excercises\CousinTestProject\translations\data\settings.json
2025-04-09 09:55:00,244 - translations - INFO - Loaded translations for namespace 'ui' from C:\Users\97253\Desktop\BeastMode-CSIntro-Excercises\CousinTestProject\translations\data\ui.json
2025-04-09 09:55:00,244 - translations - INFO - Loaded translations for namespace 'validations' from C:\Users\97253\Desktop\BeastMode-CSIntro-Excercises\CousinTestProject\translations\data\validations.json
2025-04-09 09:55:00,244 - translations - INFO - Loaded 12 translation files from C:\Users\97253\Desktop\BeastMode-CSIntro-Excercises\CousinTestProject\translations\data
2025-04-09 09:55:00,244 - translations - INFO - Loaded 12 translation files
2025-04-09 09:55:00,302 - UsersDB - INFO - Connected to user database at C:\Users\97253\Desktop\BeastMode-CSIntro-Excercises\CousinTestProject\database\users.db
2025-04-09 09:55:00,303 - UsersDB - INFO - Database tables created successfully
2025-04-09 09:55:00,593 - widgets.header.chatbot.api_key_manager - INFO - API key loaded successfully
2025-04-09 09:55:00,643 - widgets.header.chatbot.openai_client - INFO - OpenAI client initialized successfully
2025-04-09 09:55:00,771 - translations - WARNING - Missing translation for 'inventory_insights' in 'he'
2025-04-09 09:55:00,771 - translations - WARNING - Missing translation for 'categories' in 'he'
2025-04-09 09:55:00,771 - translations - WARNING - Missing translation for 'brands' in 'he'
2025-04-09 09:55:00,772 - translations - WARNING - Missing translation for 'low_stock' in 'he'
2025-04-09 09:55:00,772 - translations - WARNING - Missing translation for 'total_parts' in 'he'
2025-04-09 09:55:00,772 - translations - WARNING - Missing translation for 'total_value' in 'he'
2025-04-09 09:55:00,772 - translations - WARNING - Missing translation for 'average_price' in 'he'
2025-04-09 09:55:00,884 - parts_navigation.components.tiles_grid - INFO - Populating grid with 8 items using 4 columns
2025-04-09 09:55:00,926 - parts_navigation.components.tiles_grid - INFO - Grid has 4 active columns configured
2025-04-09 09:55:00,927 - parts_navigation.components.tiles_grid - INFO - Total tiles: 8
2025-04-09 09:55:00,927 - parts_navigation.components.tiles_grid - INFO - Visible tiles: 0
2025-04-09 09:55:00,927 - parts_navigation.container - INFO - Navigated to step 0
2025-04-09 09:55:01,099 - parts_navigation.container - INFO - All navigation steps created successfully
2025-04-09 09:55:01,223 - parts_navigation.container - INFO - Starting delayed brand preloading
2025-04-09 09:55:01,223 - parts_navigation.steps.brand - INFO - Starting to preload brands data
2025-04-09 09:55:01,248 - translations - WARNING - Missing translation for 'Internet: Disconnected' in 'he'
2025-04-09 09:55:01,269 - database.car_parts_db - INFO - Found 43 unique car brands in database
2025-04-09 09:55:01,269 - database.car_parts_db - INFO - Processed 43 unique car brands
2025-04-09 09:55:01,376 - parts_navigation.steps.brand - INFO - Preloaded 43 brands
2025-04-09 09:55:01,377 - parts_navigation.logo_manager - INFO - Preloading logos for 43 brands
2025-04-09 09:55:01,418 - parts_navigation.steps.brand - INFO - Loaded 43 unique brands
2025-04-09 09:55:01,418 - parts_navigation.components.tiles_grid - INFO - Populating grid with 43 items using 4 columns
2025-04-09 09:55:01,496 - parts_navigation.container - INFO - All navigation steps created successfully
2025-04-09 09:55:01,497 - translations - WARNING - Missing translation for 'Internet: Connected' in 'he'
2025-04-09 09:55:02,236 - parts_navigation.components.tiles_grid - INFO - Grid has 4 active columns configured
2025-04-09 09:55:02,236 - parts_navigation.components.tiles_grid - INFO - Total tiles: 43
2025-04-09 09:55:02,236 - parts_navigation.components.tiles_grid - INFO - Visible tiles: 0
2025-04-09 09:55:02,270 - parts_navigation.logo_manager - INFO - Found 31 already cached logos out of 43
2025-04-09 09:55:02,270 - parts_navigation.steps.brand - INFO - Started preloading 43 brand logos
2025-04-09 09:55:04,815 - UsersDB - INFO - User fahed authenticated successfully
2025-04-09 09:55:04,832 - __main__ - INFO - User logged in: {'id': 2, 'username': 'fahed', 'full_name': 'Fahed Abu Mukh', 'role': 'manager', 'settings': {'theme': 'classic', 'language': 'en', 'rtl': False}}
2025-04-09 09:55:05,573 - parts_navigation.components.tiles_grid - INFO - Adjusting columns from 3 to 5
2025-04-09 09:55:05,573 - parts_navigation.components.tiles_grid - INFO - Setting grid to 5 columns
2025-04-09 09:55:05,574 - parts_navigation.components.tiles_grid - INFO - Adjusting columns from 4 to 5
2025-04-09 09:55:05,575 - parts_navigation.components.tiles_grid - INFO - Setting grid to 5 columns
2025-04-09 09:55:05,577 - parts_navigation.components.tiles_grid - INFO - Adjusting columns from 4 to 5
2025-04-09 09:55:05,577 - parts_navigation.components.tiles_grid - INFO - Setting grid to 5 columns
2025-04-09 09:55:05,578 - parts_navigation.components.tiles_grid - INFO - Adjusting columns from 3 to 5
2025-04-09 09:55:05,578 - parts_navigation.components.tiles_grid - INFO - Setting grid to 5 columns
2025-04-09 09:55:05,579 - parts_navigation.components.tiles_grid - INFO - Adjusting columns from 4 to 5
2025-04-09 09:55:05,579 - parts_navigation.components.tiles_grid - INFO - Setting grid to 5 columns
2025-04-09 09:55:05,580 - parts_navigation.components.tiles_grid - INFO - Adjusting columns from 4 to 6
2025-04-09 09:55:05,580 - parts_navigation.components.tiles_grid - INFO - Setting grid to 6 columns
2025-04-09 09:55:06,729 - translations - WARNING - Missing translation for 'barcode' in 'he'
2025-04-09 09:55:06,729 - translations - WARNING - Missing translation for 'barcode_placeholder' in 'he'
2025-04-09 09:55:06,730 - translations - WARNING - Missing translation for 'scan_barcode_tooltip' in 'he'
2025-04-09 09:55:07,676 - translations - WARNING - Missing translation for 'scan_barcode' in 'he'
2025-04-09 09:55:07,677 - translations - WARNING - Missing translation for 'waiting_for_scan' in 'he'
2025-04-09 09:55:07,678 - translations - WARNING - Missing translation for 'scan_note' in 'he'
2025-04-09 09:57:09,395 - gui.event_handlers - INFO - Closing database connection...
2025-04-09 09:57:09,411 - __main__ - INFO - Cleaning up application resources...
2025-04-09 09:57:09,411 - __main__ - INFO - Closing database connection...
2025-04-09 09:57:09,411 - __main__ - INFO - Cleaning up parts navigation resources...
2025-04-09 09:57:09,424 - database.car_parts_db - INFO - Thread 17300: New database connection established
2025-04-09 09:57:09,426 - __main__ - INFO - Application shutdown complete
2025-04-09 09:57:19,544 - root - INFO - Logging system initialized (level: INFO)
2025-04-09 09:57:19,544 - root - INFO - Log files directory: C:\Users\97253\Desktop\BeastMode-CSIntro-Excercises\CousinTestProject\logs
2025-04-09 09:57:19,583 - config - INFO - Determined application root: C:\Users\97253\Desktop\BeastMode-CSIntro-Excercises\CousinTestProject
2025-04-09 09:57:23,731 - __main__ - INFO - Application starting at: 2025-04-09 09:57:23
2025-04-09 09:57:23,731 - __main__ - INFO - Current user: BaselAM
2025-04-09 09:57:23,745 - __main__ - INFO - Initializing database connection...
2025-04-09 09:57:23,847 - database.car_parts_db - INFO - Thread 15408: Database connection established
2025-04-09 09:57:23,847 - database.car_parts_db - INFO - Initialized database connection to localhost
2025-04-09 09:57:23,872 - __main__ - INFO - Connected to database. Found 2845 parts.
2025-04-09 09:57:23,873 - translations - INFO - Loading translation files from C:\Users\97253\Desktop\BeastMode-CSIntro-Excercises\CousinTestProject\translations\data
2025-04-09 09:57:23,873 - translations - INFO - Loaded translations for namespace 'car_parts' from C:\Users\97253\Desktop\BeastMode-CSIntro-Excercises\CousinTestProject\translations\data\car_parts.json
2025-04-09 09:57:23,873 - translations - INFO - Loaded translations for namespace 'errors' from C:\Users\97253\Desktop\BeastMode-CSIntro-Excercises\CousinTestProject\translations\data\errors.json
2025-04-09 09:57:23,874 - translations - INFO - Loaded translations for namespace 'filters' from C:\Users\97253\Desktop\BeastMode-CSIntro-Excercises\CousinTestProject\translations\data\filters.json
2025-04-09 09:57:23,874 - translations - INFO - Loaded translations for namespace 'help' from C:\Users\97253\Desktop\BeastMode-CSIntro-Excercises\CousinTestProject\translations\data\help.json
2025-04-09 09:57:23,874 - translations - INFO - Loaded translations for namespace 'login' from C:\Users\97253\Desktop\BeastMode-CSIntro-Excercises\CousinTestProject\translations\data\login.json
2025-04-09 09:57:23,874 - translations - INFO - Loaded translations for namespace 'navigation' from C:\Users\97253\Desktop\BeastMode-CSIntro-Excercises\CousinTestProject\translations\data\navigation.json
2025-04-09 09:57:23,874 - translations - INFO - Loaded translations for namespace 'notifications' from C:\Users\97253\Desktop\BeastMode-CSIntro-Excercises\CousinTestProject\translations\data\notifications.json
2025-04-09 09:57:23,875 - translations - INFO - Loaded translations for namespace 'parts_nav_translations' from C:\Users\97253\Desktop\BeastMode-CSIntro-Excercises\CousinTestProject\translations\data\parts_nav_translations.json
2025-04-09 09:57:23,875 - translations - INFO - Loaded translations for namespace 'products' from C:\Users\97253\Desktop\BeastMode-CSIntro-Excercises\CousinTestProject\translations\data\products.json
2025-04-09 09:57:23,875 - translations - INFO - Loaded translations for namespace 'settings' from C:\Users\97253\Desktop\BeastMode-CSIntro-Excercises\CousinTestProject\translations\data\settings.json
2025-04-09 09:57:23,875 - translations - INFO - Loaded translations for namespace 'ui' from C:\Users\97253\Desktop\BeastMode-CSIntro-Excercises\CousinTestProject\translations\data\ui.json
2025-04-09 09:57:23,875 - translations - INFO - Loaded translations for namespace 'validations' from C:\Users\97253\Desktop\BeastMode-CSIntro-Excercises\CousinTestProject\translations\data\validations.json
2025-04-09 09:57:23,875 - translations - INFO - Loaded 12 translation files from C:\Users\97253\Desktop\BeastMode-CSIntro-Excercises\CousinTestProject\translations\data
2025-04-09 09:57:23,876 - translations - INFO - Loaded 12 translation files
2025-04-09 09:57:23,939 - UsersDB - INFO - Connected to user database at C:\Users\97253\Desktop\BeastMode-CSIntro-Excercises\CousinTestProject\database\users.db
2025-04-09 09:57:23,940 - UsersDB - INFO - Database tables created successfully
2025-04-09 09:57:24,300 - widgets.header.chatbot.api_key_manager - INFO - API key loaded successfully
2025-04-09 09:57:24,369 - widgets.header.chatbot.openai_client - INFO - OpenAI client initialized successfully
2025-04-09 09:57:24,511 - translations - WARNING - Missing translation for 'inventory_insights' in 'he'
2025-04-09 09:57:24,511 - translations - WARNING - Missing translation for 'categories' in 'he'
2025-04-09 09:57:24,512 - translations - WARNING - Missing translation for 'brands' in 'he'
2025-04-09 09:57:24,512 - translations - WARNING - Missing translation for 'low_stock' in 'he'
2025-04-09 09:57:24,512 - translations - WARNING - Missing translation for 'total_parts' in 'he'
2025-04-09 09:57:24,512 - translations - WARNING - Missing translation for 'total_value' in 'he'
2025-04-09 09:57:24,512 - translations - WARNING - Missing translation for 'average_price' in 'he'
2025-04-09 09:57:24,647 - parts_navigation.components.tiles_grid - INFO - Populating grid with 8 items using 4 columns
2025-04-09 09:57:24,746 - parts_navigation.container - INFO - All navigation steps created successfully
2025-04-09 09:57:24,748 - parts_navigation.components.tiles_grid - INFO - Grid has 4 active columns configured
2025-04-09 09:57:24,748 - parts_navigation.components.tiles_grid - INFO - Total tiles: 8
2025-04-09 09:57:24,748 - parts_navigation.components.tiles_grid - INFO - Visible tiles: 0
2025-04-09 09:57:24,748 - parts_navigation.container - INFO - Navigated to step 0
2025-04-09 09:57:24,963 - parts_navigation.container - INFO - Starting delayed brand preloading
2025-04-09 09:57:24,963 - parts_navigation.steps.brand - INFO - Starting to preload brands data
2025-04-09 09:57:25,138 - translations - WARNING - Missing translation for 'Internet: Connected' in 'he'
2025-04-09 09:57:25,154 - database.car_parts_db - INFO - Found 43 unique car brands in database
2025-04-09 09:57:25,155 - database.car_parts_db - INFO - Processed 43 unique car brands
2025-04-09 09:57:25,318 - parts_navigation.steps.brand - INFO - Preloaded 43 brands
2025-04-09 09:57:25,318 - parts_navigation.logo_manager - INFO - Preloading logos for 43 brands
2025-04-09 09:57:25,367 - parts_navigation.steps.brand - INFO - Loaded 43 unique brands
2025-04-09 09:57:25,367 - parts_navigation.components.tiles_grid - INFO - Populating grid with 43 items using 4 columns
2025-04-09 09:57:25,473 - parts_navigation.container - INFO - All navigation steps created successfully
2025-04-09 09:57:26,458 - parts_navigation.components.tiles_grid - INFO - Grid has 4 active columns configured
2025-04-09 09:57:26,459 - parts_navigation.components.tiles_grid - INFO - Total tiles: 43
2025-04-09 09:57:26,459 - parts_navigation.components.tiles_grid - INFO - Visible tiles: 0
2025-04-09 09:57:26,495 - parts_navigation.logo_manager - INFO - Found 31 already cached logos out of 43
2025-04-09 09:57:26,495 - parts_navigation.steps.brand - INFO - Started preloading 43 brand logos
2025-04-09 09:57:28,070 - UsersDB - INFO - User fahed authenticated successfully
2025-04-09 09:57:28,081 - __main__ - INFO - User logged in: {'id': 2, 'username': 'fahed', 'full_name': 'Fahed Abu Mukh', 'role': 'manager', 'settings': {'theme': 'classic', 'language': 'en', 'rtl': False}}
2025-04-09 09:57:28,835 - parts_navigation.components.tiles_grid - INFO - Adjusting columns from 3 to 5
2025-04-09 09:57:28,835 - parts_navigation.components.tiles_grid - INFO - Setting grid to 5 columns
2025-04-09 09:57:28,836 - parts_navigation.components.tiles_grid - INFO - Adjusting columns from 4 to 5
2025-04-09 09:57:28,836 - parts_navigation.components.tiles_grid - INFO - Setting grid to 5 columns
2025-04-09 09:57:28,838 - parts_navigation.components.tiles_grid - INFO - Adjusting columns from 4 to 5
2025-04-09 09:57:28,838 - parts_navigation.components.tiles_grid - INFO - Setting grid to 5 columns
2025-04-09 09:57:28,838 - parts_navigation.components.tiles_grid - INFO - Adjusting columns from 3 to 5
2025-04-09 09:57:28,838 - parts_navigation.components.tiles_grid - INFO - Setting grid to 5 columns
2025-04-09 09:57:28,839 - parts_navigation.components.tiles_grid - INFO - Adjusting columns from 4 to 5
2025-04-09 09:57:28,840 - parts_navigation.components.tiles_grid - INFO - Setting grid to 5 columns
2025-04-09 09:57:28,840 - parts_navigation.components.tiles_grid - INFO - Adjusting columns from 4 to 6
2025-04-09 09:57:28,840 - parts_navigation.components.tiles_grid - INFO - Setting grid to 6 columns
2025-04-09 09:57:30,342 - translations - WARNING - Missing translation for 'barcode' in 'he'
2025-04-09 09:57:30,343 - translations - WARNING - Missing translation for 'barcode_placeholder' in 'he'
2025-04-09 09:57:30,343 - translations - WARNING - Missing translation for 'scan_barcode_tooltip' in 'he'
2025-04-09 09:57:31,394 - translations - WARNING - Missing translation for 'scan_barcode' in 'he'
2025-04-09 09:57:31,395 - translations - WARNING - Missing translation for 'waiting_for_scan' in 'he'
2025-04-09 09:57:31,396 - translations - WARNING - Missing translation for 'scan_note' in 'he'
2025-04-09 09:57:44,801 - widgets.settings.settings_widget - INFO - Changing theme to light
2025-04-09 09:57:45,317 - gui.gui_main - INFO - Theme update completed synchronously
2025-04-09 09:57:46,266 - widgets.settings.settings_widget - INFO - Settings saved successfully
2025-04-09 09:58:22,851 - gui.event_handlers - INFO - Closing database connection...
2025-04-09 09:58:22,869 - __main__ - INFO - Cleaning up application resources...
2025-04-09 09:58:22,869 - __main__ - INFO - Closing database connection...
2025-04-09 09:58:22,869 - __main__ - INFO - Cleaning up parts navigation resources...
2025-04-09 09:58:22,884 - database.car_parts_db - INFO - Thread 15408: New database connection established
2025-04-09 09:58:22,888 - __main__ - INFO - Application shutdown complete
2025-04-09 10:02:37,468 - root - INFO - Logging system initialized (level: INFO)
2025-04-09 10:02:37,468 - root - INFO - Log files directory: C:\Users\97253\Desktop\BeastMode-CSIntro-Excercises\CousinTestProject\logs
2025-04-09 10:02:37,611 - config - INFO - Determined application root: C:\Users\97253\Desktop\BeastMode-CSIntro-Excercises\CousinTestProject
2025-04-09 10:02:41,676 - __main__ - INFO - Application starting at: 2025-04-09 10:02:41
2025-04-09 10:02:41,676 - __main__ - INFO - Current user: BaselAM
2025-04-09 10:02:41,738 - __main__ - INFO - Initializing database connection...
2025-04-09 10:02:41,957 - database.car_parts_db - INFO - Thread 3008: Database connection established
2025-04-09 10:02:41,957 - database.car_parts_db - INFO - Initialized database connection to localhost
2025-04-09 10:02:41,991 - __main__ - INFO - Connected to database. Found 2845 parts.
2025-04-09 10:02:41,991 - translations - INFO - Loading translation files from C:\Users\97253\Desktop\BeastMode-CSIntro-Excercises\CousinTestProject\translations\data
2025-04-09 10:02:41,992 - translations - INFO - Loaded translations for namespace 'car_parts' from C:\Users\97253\Desktop\BeastMode-CSIntro-Excercises\CousinTestProject\translations\data\car_parts.json
2025-04-09 10:02:41,992 - translations - INFO - Loaded translations for namespace 'errors' from C:\Users\97253\Desktop\BeastMode-CSIntro-Excercises\CousinTestProject\translations\data\errors.json
2025-04-09 10:02:41,993 - translations - INFO - Loaded translations for namespace 'filters' from C:\Users\97253\Desktop\BeastMode-CSIntro-Excercises\CousinTestProject\translations\data\filters.json
2025-04-09 10:02:41,994 - translations - INFO - Loaded translations for namespace 'help' from C:\Users\97253\Desktop\BeastMode-CSIntro-Excercises\CousinTestProject\translations\data\help.json
2025-04-09 10:02:41,995 - translations - INFO - Loaded translations for namespace 'login' from C:\Users\97253\Desktop\BeastMode-CSIntro-Excercises\CousinTestProject\translations\data\login.json
2025-04-09 10:02:41,995 - translations - INFO - Loaded translations for namespace 'navigation' from C:\Users\97253\Desktop\BeastMode-CSIntro-Excercises\CousinTestProject\translations\data\navigation.json
2025-04-09 10:02:41,996 - translations - INFO - Loaded translations for namespace 'notifications' from C:\Users\97253\Desktop\BeastMode-CSIntro-Excercises\CousinTestProject\translations\data\notifications.json
2025-04-09 10:02:41,997 - translations - INFO - Loaded translations for namespace 'parts_nav_translations' from C:\Users\97253\Desktop\BeastMode-CSIntro-Excercises\CousinTestProject\translations\data\parts_nav_translations.json
2025-04-09 10:02:41,997 - translations - INFO - Loaded translations for namespace 'products' from C:\Users\97253\Desktop\BeastMode-CSIntro-Excercises\CousinTestProject\translations\data\products.json
2025-04-09 10:02:41,998 - translations - INFO - Loaded translations for namespace 'settings' from C:\Users\97253\Desktop\BeastMode-CSIntro-Excercises\CousinTestProject\translations\data\settings.json
2025-04-09 10:02:41,999 - translations - INFO - Loaded translations for namespace 'ui' from C:\Users\97253\Desktop\BeastMode-CSIntro-Excercises\CousinTestProject\translations\data\ui.json
2025-04-09 10:02:41,999 - translations - INFO - Loaded translations for namespace 'validations' from C:\Users\97253\Desktop\BeastMode-CSIntro-Excercises\CousinTestProject\translations\data\validations.json
2025-04-09 10:02:41,999 - translations - INFO - Loaded 12 translation files from C:\Users\97253\Desktop\BeastMode-CSIntro-Excercises\CousinTestProject\translations\data
2025-04-09 10:02:41,999 - translations - INFO - Loaded 12 translation files
2025-04-09 10:02:42,221 - UsersDB - INFO - Connected to user database at C:\Users\97253\Desktop\BeastMode-CSIntro-Excercises\CousinTestProject\database\users.db
2025-04-09 10:02:42,222 - UsersDB - INFO - Database tables created successfully
2025-04-09 10:02:43,207 - widgets.header.chatbot.api_key_manager - INFO - API key loaded successfully
2025-04-09 10:02:43,325 - widgets.header.chatbot.openai_client - INFO - OpenAI client initialized successfully
2025-04-09 10:02:43,594 - translations - WARNING - Missing translation for 'inventory_insights' in 'he'
2025-04-09 10:02:43,595 - translations - WARNING - Missing translation for 'categories' in 'he'
2025-04-09 10:02:43,595 - translations - WARNING - Missing translation for 'brands' in 'he'
2025-04-09 10:02:43,595 - translations - WARNING - Missing translation for 'low_stock' in 'he'
2025-04-09 10:02:43,595 - translations - WARNING - Missing translation for 'total_parts' in 'he'
2025-04-09 10:02:43,595 - translations - WARNING - Missing translation for 'total_value' in 'he'
2025-04-09 10:02:43,595 - translations - WARNING - Missing translation for 'average_price' in 'he'
2025-04-09 10:02:43,729 - parts_navigation.components.tiles_grid - INFO - Populating grid with 8 items using 4 columns
2025-04-09 10:02:43,777 - parts_navigation.components.tiles_grid - INFO - Grid has 4 active columns configured
2025-04-09 10:02:43,777 - parts_navigation.components.tiles_grid - INFO - Total tiles: 8
2025-04-09 10:02:43,777 - parts_navigation.components.tiles_grid - INFO - Visible tiles: 0
2025-04-09 10:02:43,778 - parts_navigation.container - INFO - Navigated to step 0
2025-04-09 10:02:43,997 - parts_navigation.container - INFO - All navigation steps created successfully
2025-04-09 10:02:44,176 - parts_navigation.container - INFO - Starting delayed brand preloading
2025-04-09 10:02:44,176 - parts_navigation.steps.brand - INFO - Starting to preload brands data
2025-04-09 10:02:44,200 - translations - WARNING - Missing translation for 'Internet: Connected' in 'he'
2025-04-09 10:02:44,227 - database.car_parts_db - INFO - Found 43 unique car brands in database
2025-04-09 10:02:44,227 - database.car_parts_db - INFO - Processed 43 unique car brands
2025-04-09 10:02:44,406 - parts_navigation.steps.brand - INFO - Preloaded 43 brands
2025-04-09 10:02:44,406 - parts_navigation.logo_manager - INFO - Preloading logos for 43 brands
2025-04-09 10:02:44,519 - parts_navigation.steps.brand - INFO - Loaded 43 unique brands
2025-04-09 10:02:44,520 - parts_navigation.components.tiles_grid - INFO - Populating grid with 43 items using 4 columns
2025-04-09 10:02:44,623 - parts_navigation.container - INFO - All navigation steps created successfully
2025-04-09 10:02:45,649 - parts_navigation.components.tiles_grid - INFO - Grid has 4 active columns configured
2025-04-09 10:02:45,649 - parts_navigation.components.tiles_grid - INFO - Total tiles: 43
2025-04-09 10:02:45,650 - parts_navigation.components.tiles_grid - INFO - Visible tiles: 0
2025-04-09 10:02:45,688 - parts_navigation.logo_manager - INFO - Found 31 already cached logos out of 43
2025-04-09 10:02:45,688 - parts_navigation.steps.brand - INFO - Started preloading 43 brand logos
2025-04-09 10:02:47,226 - UsersDB - INFO - User fahed authenticated successfully
2025-04-09 10:02:47,234 - __main__ - INFO - User logged in: {'id': 2, 'username': 'fahed', 'full_name': 'Fahed Abu Mukh', 'role': 'manager', 'settings': {'theme': 'classic', 'language': 'en', 'rtl': False}}
2025-04-09 10:02:48,300 - parts_navigation.components.tiles_grid - INFO - Adjusting columns from 3 to 5
2025-04-09 10:02:48,300 - parts_navigation.components.tiles_grid - INFO - Setting grid to 5 columns
2025-04-09 10:02:48,301 - parts_navigation.components.tiles_grid - INFO - Adjusting columns from 4 to 5
2025-04-09 10:02:48,301 - parts_navigation.components.tiles_grid - INFO - Setting grid to 5 columns
2025-04-09 10:02:48,303 - parts_navigation.components.tiles_grid - INFO - Adjusting columns from 4 to 5
2025-04-09 10:02:48,303 - parts_navigation.components.tiles_grid - INFO - Setting grid to 5 columns
2025-04-09 10:02:48,304 - parts_navigation.components.tiles_grid - INFO - Adjusting columns from 3 to 5
2025-04-09 10:02:48,304 - parts_navigation.components.tiles_grid - INFO - Setting grid to 5 columns
2025-04-09 10:02:48,305 - parts_navigation.components.tiles_grid - INFO - Adjusting columns from 4 to 5
2025-04-09 10:02:48,305 - parts_navigation.components.tiles_grid - INFO - Setting grid to 5 columns
2025-04-09 10:02:48,305 - parts_navigation.components.tiles_grid - INFO - Adjusting columns from 4 to 6
2025-04-09 10:02:48,306 - parts_navigation.components.tiles_grid - INFO - Setting grid to 6 columns
2025-04-09 10:02:50,193 - translations - WARNING - Missing translation for 'barcode' in 'he'
2025-04-09 10:02:50,194 - translations - WARNING - Missing translation for 'barcode_placeholder' in 'he'
2025-04-09 10:02:50,194 - translations - WARNING - Missing translation for 'scan_barcode_tooltip' in 'he'
2025-04-09 10:02:51,022 - translations - WARNING - Missing translation for 'scan_barcode' in 'he'
2025-04-09 10:02:51,023 - translations - WARNING - Missing translation for 'waiting_for_scan' in 'he'
2025-04-09 10:02:51,023 - translations - WARNING - Missing translation for 'scan_note' in 'he'
2025-04-09 10:03:00,419 - widgets.settings.settings_widget - INFO - Changing theme to dark
2025-04-09 10:03:00,952 - gui.gui_main - INFO - Theme update completed synchronously
2025-04-09 10:03:01,823 - widgets.settings.settings_widget - INFO - Settings saved successfully
2025-04-09 10:12:12,123 - translations - WARNING - Missing translation for 'Internet: Disconnected' in 'he'
2025-04-09 10:12:44,416 - gui.event_handlers - INFO - Closing database connection...
2025-04-09 10:12:44,444 - __main__ - INFO - Cleaning up application resources...
2025-04-09 10:12:44,444 - __main__ - INFO - Closing database connection...
2025-04-09 10:12:44,444 - __main__ - INFO - Cleaning up parts navigation resources...
2025-04-09 10:12:44,470 - database.car_parts_db - INFO - Thread 3008: New database connection established
2025-04-09 10:12:44,472 - __main__ - INFO - Application shutdown complete
2025-04-09 10:17:45,137 - root - INFO - Logging system initialized (level: INFO)
2025-04-09 10:17:45,138 - root - INFO - Log files directory: C:\Users\97253\Desktop\BeastMode-CSIntro-Excercises\CousinTestProject\logs
2025-04-09 10:17:45,324 - config - INFO - Determined application root: C:\Users\97253\Desktop\BeastMode-CSIntro-Excercises\CousinTestProject
2025-04-09 10:17:48,615 - __main__ - INFO - Application starting at: 2025-04-09 10:17:48
2025-04-09 10:17:48,615 - __main__ - INFO - Current user: BaselAM
2025-04-09 10:17:48,700 - __main__ - INFO - Initializing database connection...
2025-04-09 10:17:49,284 - database.car_parts_db - INFO - Thread 17200: Database connection established
2025-04-09 10:17:49,284 - database.car_parts_db - INFO - Initialized database connection to localhost
2025-04-09 10:17:49,335 - __main__ - INFO - Connected to database. Found 2845 parts.
2025-04-09 10:17:49,335 - translations - INFO - Loading translation files from C:\Users\97253\Desktop\BeastMode-CSIntro-Excercises\CousinTestProject\translations\data
2025-04-09 10:17:49,336 - translations - INFO - Loaded translations for namespace 'car_parts' from C:\Users\97253\Desktop\BeastMode-CSIntro-Excercises\CousinTestProject\translations\data\car_parts.json
2025-04-09 10:17:49,337 - translations - INFO - Loaded translations for namespace 'errors' from C:\Users\97253\Desktop\BeastMode-CSIntro-Excercises\CousinTestProject\translations\data\errors.json
2025-04-09 10:17:49,338 - translations - INFO - Loaded translations for namespace 'filters' from C:\Users\97253\Desktop\BeastMode-CSIntro-Excercises\CousinTestProject\translations\data\filters.json
2025-04-09 10:17:49,338 - translations - INFO - Loaded translations for namespace 'help' from C:\Users\97253\Desktop\BeastMode-CSIntro-Excercises\CousinTestProject\translations\data\help.json
2025-04-09 10:17:49,338 - translations - INFO - Loaded translations for namespace 'login' from C:\Users\97253\Desktop\BeastMode-CSIntro-Excercises\CousinTestProject\translations\data\login.json
2025-04-09 10:17:49,339 - translations - INFO - Loaded translations for namespace 'navigation' from C:\Users\97253\Desktop\BeastMode-CSIntro-Excercises\CousinTestProject\translations\data\navigation.json
2025-04-09 10:17:49,340 - translations - INFO - Loaded translations for namespace 'notifications' from C:\Users\97253\Desktop\BeastMode-CSIntro-Excercises\CousinTestProject\translations\data\notifications.json
2025-04-09 10:17:49,341 - translations - INFO - Loaded translations for namespace 'parts_nav_translations' from C:\Users\97253\Desktop\BeastMode-CSIntro-Excercises\CousinTestProject\translations\data\parts_nav_translations.json
2025-04-09 10:17:49,342 - translations - INFO - Loaded translations for namespace 'products' from C:\Users\97253\Desktop\BeastMode-CSIntro-Excercises\CousinTestProject\translations\data\products.json
2025-04-09 10:17:49,344 - translations - INFO - Loaded translations for namespace 'settings' from C:\Users\97253\Desktop\BeastMode-CSIntro-Excercises\CousinTestProject\translations\data\settings.json
2025-04-09 10:17:49,344 - translations - INFO - Loaded translations for namespace 'ui' from C:\Users\97253\Desktop\BeastMode-CSIntro-Excercises\CousinTestProject\translations\data\ui.json
2025-04-09 10:17:49,346 - translations - INFO - Loaded translations for namespace 'validations' from C:\Users\97253\Desktop\BeastMode-CSIntro-Excercises\CousinTestProject\translations\data\validations.json
2025-04-09 10:17:49,346 - translations - INFO - Loaded 12 translation files from C:\Users\97253\Desktop\BeastMode-CSIntro-Excercises\CousinTestProject\translations\data
2025-04-09 10:17:49,346 - translations - INFO - Loaded 12 translation files
2025-04-09 10:17:49,552 - UsersDB - INFO - Connected to user database at C:\Users\97253\Desktop\BeastMode-CSIntro-Excercises\CousinTestProject\database\users.db
2025-04-09 10:17:49,553 - UsersDB - INFO - Database tables created successfully
2025-04-09 10:17:50,699 - widgets.header.chatbot.api_key_manager - INFO - API key loaded successfully
2025-04-09 10:17:50,863 - widgets.header.chatbot.openai_client - INFO - OpenAI client initialized successfully
2025-04-09 10:17:51,128 - translations - WARNING - Missing translation for 'inventory_insights' in 'he'
2025-04-09 10:17:51,129 - translations - WARNING - Missing translation for 'categories' in 'he'
2025-04-09 10:17:51,129 - translations - WARNING - Missing translation for 'brands' in 'he'
2025-04-09 10:17:51,129 - translations - WARNING - Missing translation for 'low_stock' in 'he'
2025-04-09 10:17:51,129 - translations - WARNING - Missing translation for 'total_parts' in 'he'
2025-04-09 10:17:51,129 - translations - WARNING - Missing translation for 'total_value' in 'he'
2025-04-09 10:17:51,129 - translations - WARNING - Missing translation for 'average_price' in 'he'
2025-04-09 10:17:51,291 - parts_navigation.components.tiles_grid - INFO - Populating grid with 8 items using 4 columns
2025-04-09 10:17:51,354 - parts_navigation.components.tiles_grid - INFO - Grid has 4 active columns configured
2025-04-09 10:17:51,354 - parts_navigation.components.tiles_grid - INFO - Total tiles: 8
2025-04-09 10:17:51,354 - parts_navigation.components.tiles_grid - INFO - Visible tiles: 0
2025-04-09 10:17:51,354 - parts_navigation.container - INFO - Navigated to step 0
2025-04-09 10:17:51,631 - parts_navigation.container - INFO - All navigation steps created successfully
2025-04-09 10:17:51,631 - parts_navigation.container - INFO - Starting delayed brand preloading
2025-04-09 10:17:51,631 - parts_navigation.steps.brand - INFO - Starting to preload brands data
2025-04-09 10:17:51,815 - translations - WARNING - Missing translation for 'Internet: Connected' in 'he'
2025-04-09 10:17:52,013 - database.car_parts_db - INFO - Found 43 unique car brands in database
2025-04-09 10:17:52,013 - database.car_parts_db - INFO - Processed 43 unique car brands
2025-04-09 10:17:52,219 - parts_navigation.container - INFO - All navigation steps created successfully
2025-04-09 10:17:52,225 - parts_navigation.steps.brand - INFO - Preloaded 43 brands
2025-04-09 10:17:52,225 - parts_navigation.logo_manager - INFO - Preloading logos for 43 brands
2025-04-09 10:17:52,343 - parts_navigation.steps.brand - INFO - Loaded 43 unique brands
2025-04-09 10:17:52,343 - parts_navigation.components.tiles_grid - INFO - Populating grid with 43 items using 4 columns
2025-04-09 10:17:53,441 - parts_navigation.components.tiles_grid - INFO - Grid has 4 active columns configured
2025-04-09 10:17:53,441 - parts_navigation.components.tiles_grid - INFO - Total tiles: 43
2025-04-09 10:17:53,442 - parts_navigation.components.tiles_grid - INFO - Visible tiles: 0
2025-04-09 10:17:53,483 - parts_navigation.logo_manager - INFO - Found 31 already cached logos out of 43
2025-04-09 10:17:53,484 - parts_navigation.steps.brand - INFO - Started preloading 43 brand logos
2025-04-09 10:17:54,972 - UsersDB - INFO - User fahed authenticated successfully
2025-04-09 10:17:54,983 - __main__ - INFO - User logged in: {'id': 2, 'username': 'fahed', 'full_name': 'Fahed Abu Mukh', 'role': 'manager', 'settings': {'theme': 'classic', 'language': 'en', 'rtl': False}}
2025-04-09 10:17:56,197 - parts_navigation.components.tiles_grid - INFO - Adjusting columns from 3 to 5
2025-04-09 10:17:56,197 - parts_navigation.components.tiles_grid - INFO - Setting grid to 5 columns
2025-04-09 10:17:56,198 - parts_navigation.components.tiles_grid - INFO - Adjusting columns from 4 to 5
2025-04-09 10:17:56,198 - parts_navigation.components.tiles_grid - INFO - Setting grid to 5 columns
2025-04-09 10:17:56,200 - parts_navigation.components.tiles_grid - INFO - Adjusting columns from 4 to 5
2025-04-09 10:17:56,200 - parts_navigation.components.tiles_grid - INFO - Setting grid to 5 columns
2025-04-09 10:17:56,201 - parts_navigation.components.tiles_grid - INFO - Adjusting columns from 3 to 5
2025-04-09 10:17:56,201 - parts_navigation.components.tiles_grid - INFO - Setting grid to 5 columns
2025-04-09 10:17:56,202 - parts_navigation.components.tiles_grid - INFO - Adjusting columns from 4 to 5
2025-04-09 10:17:56,202 - parts_navigation.components.tiles_grid - INFO - Setting grid to 5 columns
2025-04-09 10:17:56,202 - parts_navigation.components.tiles_grid - INFO - Adjusting columns from 4 to 6
2025-04-09 10:17:56,202 - parts_navigation.components.tiles_grid - INFO - Setting grid to 6 columns
2025-04-09 10:17:59,167 - parts_navigation.components.tiles_grid - INFO - Populating grid with 8 items using 4 columns
2025-04-09 10:17:59,185 - parts_navigation.components.tiles_grid - INFO - Grid has 4 active columns configured
2025-04-09 10:17:59,185 - parts_navigation.components.tiles_grid - INFO - Total tiles: 8
2025-04-09 10:17:59,185 - parts_navigation.components.tiles_grid - INFO - Visible tiles: 0
2025-04-09 10:17:59,187 - parts_navigation.container - INFO - Navigated to step 0
2025-04-09 10:17:59,222 - parts_navigation.components.tiles_grid - INFO - Adjusting columns from 4 to 9
2025-04-09 10:17:59,222 - parts_navigation.components.tiles_grid - INFO - Setting grid to 9 columns
2025-04-09 10:17:59,261 - parts_navigation.container - INFO - All navigation steps created successfully
2025-04-09 10:17:59,262 - parts_navigation.container - INFO - Starting delayed brand preloading
2025-04-09 10:17:59,262 - parts_navigation.steps.brand - INFO - Starting to preload brands data
2025-04-09 10:17:59,287 - parts_navigation.components.tiles_grid - INFO - Adjusting columns from 4 to 5
2025-04-09 10:17:59,287 - parts_navigation.components.tiles_grid - INFO - Setting grid to 5 columns
2025-04-09 10:17:59,287 - parts_navigation.components.tiles_grid - INFO - Adjusting columns from 3 to 5
2025-04-09 10:17:59,289 - parts_navigation.components.tiles_grid - INFO - Setting grid to 5 columns
2025-04-09 10:17:59,289 - parts_navigation.components.tiles_grid - INFO - Adjusting columns from 4 to 5
2025-04-09 10:17:59,289 - parts_navigation.components.tiles_grid - INFO - Setting grid to 5 columns
2025-04-09 10:17:59,352 - parts_navigation.steps.brand - INFO - Preloaded 43 brands
2025-04-09 10:17:59,352 - parts_navigation.logo_manager - INFO - Preloading logos for 43 brands
2025-04-09 10:17:59,375 - parts_navigation.components.tiles_grid - INFO - Adjusting columns from 3 to 5
2025-04-09 10:17:59,375 - parts_navigation.components.tiles_grid - INFO - Setting grid to 5 columns
2025-04-09 10:17:59,376 - parts_navigation.components.tiles_grid - INFO - Adjusting columns from 4 to 5
2025-04-09 10:17:59,376 - parts_navigation.components.tiles_grid - INFO - Setting grid to 5 columns
2025-04-09 10:17:59,394 - parts_navigation.steps.brand - INFO - Loaded 43 unique brands
2025-04-09 10:17:59,394 - parts_navigation.components.tiles_grid - INFO - Populating grid with 43 items using 9 columns
2025-04-09 10:17:59,494 - parts_navigation.container - INFO - All navigation steps created successfully
2025-04-09 10:17:59,950 - parts_navigation.components.tiles_grid - INFO - Grid has 9 active columns configured
2025-04-09 10:17:59,950 - parts_navigation.components.tiles_grid - INFO - Total tiles: 43
2025-04-09 10:17:59,950 - parts_navigation.components.tiles_grid - INFO - Visible tiles: 43
2025-04-09 10:17:59,976 - parts_navigation.logo_manager - INFO - Found 31 already cached logos out of 43
2025-04-09 10:17:59,976 - parts_navigation.steps.brand - INFO - Started preloading 43 brand logos
2025-04-09 10:18:37,308 - gui.event_handlers - INFO - Closing database connection...
2025-04-09 10:18:37,330 - __main__ - INFO - Cleaning up application resources...
2025-04-09 10:18:37,331 - __main__ - INFO - Closing database connection...
2025-04-09 10:18:37,331 - __main__ - INFO - Cleaning up parts navigation resources...
2025-04-09 10:18:37,346 - database.car_parts_db - INFO - Thread 17200: New database connection established
2025-04-09 10:18:37,356 - __main__ - INFO - Application shutdown complete
2025-04-09 10:18:44,907 - root - INFO - Logging system initialized (level: INFO)
2025-04-09 10:18:44,907 - root - INFO - Log files directory: C:\Users\97253\Desktop\BeastMode-CSIntro-Excercises\CousinTestProject\logs
2025-04-09 10:18:44,954 - config - INFO - Determined application root: C:\Users\97253\Desktop\BeastMode-CSIntro-Excercises\CousinTestProject
2025-04-09 10:18:46,923 - __main__ - INFO - Application starting at: 2025-04-09 10:18:46
2025-04-09 10:18:46,939 - __main__ - INFO - Current user: BaselAM
2025-04-09 10:18:46,954 - __main__ - INFO - Initializing database connection...
2025-04-09 10:18:47,161 - database.car_parts_db - INFO - Thread 11496: Database connection established
2025-04-09 10:18:47,161 - database.car_parts_db - INFO - Initialized database connection to localhost
2025-04-09 10:18:47,192 - __main__ - INFO - Connected to database. Found 2845 parts.
2025-04-09 10:18:47,192 - translations - INFO - Loading translation files from C:\Users\97253\Desktop\BeastMode-CSIntro-Excercises\CousinTestProject\translations\data
2025-04-09 10:18:47,192 - translations - INFO - Loaded translations for namespace 'car_parts' from C:\Users\97253\Desktop\BeastMode-CSIntro-Excercises\CousinTestProject\translations\data\car_parts.json
2025-04-09 10:18:47,192 - translations - INFO - Loaded translations for namespace 'errors' from C:\Users\97253\Desktop\BeastMode-CSIntro-Excercises\CousinTestProject\translations\data\errors.json
2025-04-09 10:18:47,192 - translations - INFO - Loaded translations for namespace 'filters' from C:\Users\97253\Desktop\BeastMode-CSIntro-Excercises\CousinTestProject\translations\data\filters.json
2025-04-09 10:18:47,192 - translations - INFO - Loaded translations for namespace 'help' from C:\Users\97253\Desktop\BeastMode-CSIntro-Excercises\CousinTestProject\translations\data\help.json
2025-04-09 10:18:47,192 - translations - INFO - Loaded translations for namespace 'login' from C:\Users\97253\Desktop\BeastMode-CSIntro-Excercises\CousinTestProject\translations\data\login.json
2025-04-09 10:18:47,192 - translations - INFO - Loaded translations for namespace 'navigation' from C:\Users\97253\Desktop\BeastMode-CSIntro-Excercises\CousinTestProject\translations\data\navigation.json
2025-04-09 10:18:47,192 - translations - INFO - Loaded translations for namespace 'notifications' from C:\Users\97253\Desktop\BeastMode-CSIntro-Excercises\CousinTestProject\translations\data\notifications.json
2025-04-09 10:18:47,192 - translations - INFO - Loaded translations for namespace 'parts_nav_translations' from C:\Users\97253\Desktop\BeastMode-CSIntro-Excercises\CousinTestProject\translations\data\parts_nav_translations.json
2025-04-09 10:18:47,192 - translations - INFO - Loaded translations for namespace 'products' from C:\Users\97253\Desktop\BeastMode-CSIntro-Excercises\CousinTestProject\translations\data\products.json
2025-04-09 10:18:47,192 - translations - INFO - Loaded translations for namespace 'settings' from C:\Users\97253\Desktop\BeastMode-CSIntro-Excercises\CousinTestProject\translations\data\settings.json
2025-04-09 10:18:47,192 - translations - INFO - Loaded translations for namespace 'ui' from C:\Users\97253\Desktop\BeastMode-CSIntro-Excercises\CousinTestProject\translations\data\ui.json
2025-04-09 10:18:47,192 - translations - INFO - Loaded translations for namespace 'validations' from C:\Users\97253\Desktop\BeastMode-CSIntro-Excercises\CousinTestProject\translations\data\validations.json
2025-04-09 10:18:47,192 - translations - INFO - Loaded 12 translation files from C:\Users\97253\Desktop\BeastMode-CSIntro-Excercises\CousinTestProject\translations\data
2025-04-09 10:18:47,192 - translations - INFO - Loaded 12 translation files
2025-04-09 10:18:47,279 - UsersDB - INFO - Connected to user database at C:\Users\97253\Desktop\BeastMode-CSIntro-Excercises\CousinTestProject\database\users.db
2025-04-09 10:18:47,280 - UsersDB - INFO - Database tables created successfully
2025-04-09 10:18:47,668 - widgets.header.chatbot.api_key_manager - INFO - API key loaded successfully
2025-04-09 10:18:47,721 - widgets.header.chatbot.openai_client - INFO - OpenAI client initialized successfully
2025-04-09 10:18:47,858 - translations - WARNING - Missing translation for 'inventory_insights' in 'he'
2025-04-09 10:18:47,858 - translations - WARNING - Missing translation for 'categories' in 'he'
2025-04-09 10:18:47,858 - translations - WARNING - Missing translation for 'brands' in 'he'
2025-04-09 10:18:47,858 - translations - WARNING - Missing translation for 'low_stock' in 'he'
2025-04-09 10:18:47,858 - translations - WARNING - Missing translation for 'total_parts' in 'he'
2025-04-09 10:18:47,858 - translations - WARNING - Missing translation for 'total_value' in 'he'
2025-04-09 10:18:47,859 - translations - WARNING - Missing translation for 'average_price' in 'he'
2025-04-09 10:18:47,992 - parts_navigation.components.tiles_grid - INFO - Populating grid with 8 items using 4 columns
2025-04-09 10:18:48,047 - parts_navigation.components.tiles_grid - INFO - Grid has 4 active columns configured
2025-04-09 10:18:48,048 - parts_navigation.components.tiles_grid - INFO - Total tiles: 8
2025-04-09 10:18:48,048 - parts_navigation.components.tiles_grid - INFO - Visible tiles: 0
2025-04-09 10:18:48,048 - parts_navigation.container - INFO - Navigated to step 0
2025-04-09 10:18:48,322 - parts_navigation.container - INFO - All navigation steps created successfully
2025-04-09 10:18:48,324 - parts_navigation.container - INFO - Starting delayed brand preloading
2025-04-09 10:18:48,324 - parts_navigation.steps.brand - INFO - Starting to preload brands data
2025-04-09 10:18:48,501 - translations - WARNING - Missing translation for 'Internet: Connected' in 'he'
2025-04-09 10:18:48,580 - database.car_parts_db - INFO - Found 43 unique car brands in database
2025-04-09 10:18:48,581 - database.car_parts_db - INFO - Processed 43 unique car brands
2025-04-09 10:18:48,765 - parts_navigation.container - INFO - All navigation steps created successfully
2025-04-09 10:18:48,766 - parts_navigation.steps.brand - INFO - Preloaded 43 brands
2025-04-09 10:18:48,766 - parts_navigation.logo_manager - INFO - Preloading logos for 43 brands
2025-04-09 10:18:48,817 - parts_navigation.steps.brand - INFO - Loaded 43 unique brands
2025-04-09 10:18:48,817 - parts_navigation.components.tiles_grid - INFO - Populating grid with 43 items using 4 columns
2025-04-09 10:18:50,000 - parts_navigation.components.tiles_grid - INFO - Grid has 4 active columns configured
2025-04-09 10:18:50,000 - parts_navigation.components.tiles_grid - INFO - Total tiles: 43
2025-04-09 10:18:50,001 - parts_navigation.components.tiles_grid - INFO - Visible tiles: 0
2025-04-09 10:18:50,046 - parts_navigation.logo_manager - INFO - Found 31 already cached logos out of 43
2025-04-09 10:18:50,046 - parts_navigation.steps.brand - INFO - Started preloading 43 brand logos
2025-04-09 10:18:52,121 - UsersDB - INFO - User fahed authenticated successfully
2025-04-09 10:18:52,141 - __main__ - INFO - User logged in: {'id': 2, 'username': 'fahed', 'full_name': 'Fahed Abu Mukh', 'role': 'manager', 'settings': {'theme': 'classic', 'language': 'en', 'rtl': False}}
2025-04-09 10:24:45,247 - gui.event_handlers - INFO - Closing database connection...
2025-04-09 10:24:45,268 - __main__ - INFO - Cleaning up application resources...
2025-04-09 10:24:45,268 - __main__ - INFO - Closing database connection...
2025-04-09 10:24:45,268 - __main__ - INFO - Cleaning up parts navigation resources...
2025-04-09 10:24:45,297 - database.car_parts_db - INFO - Thread 11496: New database connection established
2025-04-09 10:24:45,297 - __main__ - INFO - Application shutdown complete
2025-04-09 10:31:18,745 - root - INFO - Logging system initialized (level: INFO)
2025-04-09 10:31:18,745 - root - INFO - Log files directory: C:\Users\97253\Desktop\BeastMode-CSIntro-Excercises\CousinTestProject\logs
2025-04-09 10:31:19,302 - config - INFO - Determined application root: C:\Users\97253\Desktop\BeastMode-CSIntro-Excercises\CousinTestProject
2025-04-09 10:31:27,350 - __main__ - INFO - Application starting at: 2025-04-09 10:31:27
2025-04-09 10:31:27,350 - __main__ - INFO - Current user: BaselAM
2025-04-09 10:31:27,579 - __main__ - INFO - Initializing database connection...
2025-04-09 10:31:28,652 - database.car_parts_db - INFO - Thread 18872: Database connection established
2025-04-09 10:31:28,652 - database.car_parts_db - INFO - Initialized database connection to localhost
2025-04-09 10:31:28,737 - __main__ - INFO - Connected to database. Found 2845 parts.
2025-04-09 10:31:28,738 - translations - INFO - Loading translation files from C:\Users\97253\Desktop\BeastMode-CSIntro-Excercises\CousinTestProject\translations\data
2025-04-09 10:31:28,741 - translations - INFO - Loaded translations for namespace 'car_parts' from C:\Users\97253\Desktop\BeastMode-CSIntro-Excercises\CousinTestProject\translations\data\car_parts.json
2025-04-09 10:31:28,742 - translations - INFO - Loaded translations for namespace 'errors' from C:\Users\97253\Desktop\BeastMode-CSIntro-Excercises\CousinTestProject\translations\data\errors.json
2025-04-09 10:31:28,744 - translations - INFO - Loaded translations for namespace 'filters' from C:\Users\97253\Desktop\BeastMode-CSIntro-Excercises\CousinTestProject\translations\data\filters.json
2025-04-09 10:31:28,744 - translations - INFO - Loaded translations for namespace 'help' from C:\Users\97253\Desktop\BeastMode-CSIntro-Excercises\CousinTestProject\translations\data\help.json
2025-04-09 10:31:28,746 - translations - INFO - Loaded translations for namespace 'login' from C:\Users\97253\Desktop\BeastMode-CSIntro-Excercises\CousinTestProject\translations\data\login.json
2025-04-09 10:31:28,748 - translations - INFO - Loaded translations for namespace 'navigation' from C:\Users\97253\Desktop\BeastMode-CSIntro-Excercises\CousinTestProject\translations\data\navigation.json
2025-04-09 10:31:28,749 - translations - INFO - Loaded translations for namespace 'notifications' from C:\Users\97253\Desktop\BeastMode-CSIntro-Excercises\CousinTestProject\translations\data\notifications.json
2025-04-09 10:31:28,750 - translations - INFO - Loaded translations for namespace 'parts_nav_translations' from C:\Users\97253\Desktop\BeastMode-CSIntro-Excercises\CousinTestProject\translations\data\parts_nav_translations.json
2025-04-09 10:31:28,751 - translations - INFO - Loaded translations for namespace 'products' from C:\Users\97253\Desktop\BeastMode-CSIntro-Excercises\CousinTestProject\translations\data\products.json
2025-04-09 10:31:28,752 - translations - INFO - Loaded translations for namespace 'settings' from C:\Users\97253\Desktop\BeastMode-CSIntro-Excercises\CousinTestProject\translations\data\settings.json
2025-04-09 10:31:28,753 - translations - INFO - Loaded translations for namespace 'ui' from C:\Users\97253\Desktop\BeastMode-CSIntro-Excercises\CousinTestProject\translations\data\ui.json
2025-04-09 10:31:28,754 - translations - INFO - Loaded translations for namespace 'validations' from C:\Users\97253\Desktop\BeastMode-CSIntro-Excercises\CousinTestProject\translations\data\validations.json
2025-04-09 10:31:28,754 - translations - INFO - Loaded 12 translation files from C:\Users\97253\Desktop\BeastMode-CSIntro-Excercises\CousinTestProject\translations\data
2025-04-09 10:31:28,754 - translations - INFO - Loaded 12 translation files
2025-04-09 10:31:29,371 - UsersDB - INFO - Connected to user database at C:\Users\97253\Desktop\BeastMode-CSIntro-Excercises\CousinTestProject\database\users.db
2025-04-09 10:31:29,373 - UsersDB - INFO - Database tables created successfully
2025-04-09 10:31:30,688 - widgets.header.chatbot.api_key_manager - INFO - API key loaded successfully
2025-04-09 10:31:30,859 - widgets.header.chatbot.openai_client - INFO - OpenAI client initialized successfully
2025-04-09 10:31:31,003 - translations - WARNING - Missing translation for 'scan_barcode_tooltip' in 'he'
2025-04-09 10:31:31,617 - translations - WARNING - Missing translation for 'inventory_insights' in 'he'
2025-04-09 10:31:31,618 - translations - WARNING - Missing translation for 'categories' in 'he'
2025-04-09 10:31:31,618 - translations - WARNING - Missing translation for 'brands' in 'he'
2025-04-09 10:31:31,618 - translations - WARNING - Missing translation for 'low_stock' in 'he'
2025-04-09 10:31:31,618 - translations - WARNING - Missing translation for 'total_parts' in 'he'
2025-04-09 10:31:31,618 - translations - WARNING - Missing translation for 'total_value' in 'he'
2025-04-09 10:31:31,618 - translations - WARNING - Missing translation for 'average_price' in 'he'
2025-04-09 10:31:31,838 - parts_navigation.components.tiles_grid - INFO - Populating grid with 8 items using 4 columns
2025-04-09 10:31:32,119 - parts_navigation.container - INFO - All navigation steps created successfully
2025-04-09 10:31:32,174 - parts_navigation.container - INFO - Starting delayed brand preloading
2025-04-09 10:31:32,174 - parts_navigation.steps.brand - INFO - Starting to preload brands data
2025-04-09 10:31:32,213 - parts_navigation.components.tiles_grid - INFO - Grid has 4 active columns configured
2025-04-09 10:31:32,214 - parts_navigation.components.tiles_grid - INFO - Total tiles: 8
2025-04-09 10:31:32,214 - parts_navigation.components.tiles_grid - INFO - Visible tiles: 0
2025-04-09 10:31:32,215 - parts_navigation.container - INFO - Navigated to step 0
2025-04-09 10:31:33,127 - database.car_parts_db - INFO - Found 43 unique car brands in database
2025-04-09 10:31:33,127 - database.car_parts_db - INFO - Processed 43 unique car brands
2025-04-09 10:31:33,189 - parts_navigation.container - INFO - All navigation steps created successfully
2025-04-09 10:31:33,197 - translations - WARNING - Missing translation for 'Internet: Connected' in 'he'
2025-04-09 10:31:33,527 - parts_navigation.steps.brand - INFO - Preloaded 43 brands
2025-04-09 10:31:33,527 - parts_navigation.logo_manager - INFO - Preloading logos for 43 brands
2025-04-09 10:31:35,358 - parts_navigation.steps.brand - INFO - Loaded 43 unique brands
2025-04-09 10:31:35,359 - parts_navigation.components.tiles_grid - INFO - Populating grid with 43 items using 4 columns
2025-04-09 10:31:36,146 - parts_navigation.components.tiles_grid - INFO - Grid has 4 active columns configured
2025-04-09 10:31:36,147 - parts_navigation.components.tiles_grid - INFO - Total tiles: 43
2025-04-09 10:31:36,147 - parts_navigation.components.tiles_grid - INFO - Visible tiles: 0
2025-04-09 10:31:36,180 - parts_navigation.logo_manager - INFO - Found 31 already cached logos out of 43
2025-04-09 10:31:36,180 - parts_navigation.steps.brand - INFO - Started preloading 43 brand logos
2025-04-09 10:31:38,694 - UsersDB - INFO - User fahed authenticated successfully
2025-04-09 10:31:38,709 - __main__ - INFO - User logged in: {'id': 2, 'username': 'fahed', 'full_name': 'Fahed Abu Mukh', 'role': 'manager', 'settings': {'theme': 'classic', 'language': 'en', 'rtl': False}}
2025-04-09 10:31:41,078 - parts_navigation.components.tiles_grid - INFO - Adjusting columns from 3 to 5
2025-04-09 10:31:41,078 - parts_navigation.components.tiles_grid - INFO - Setting grid to 5 columns
2025-04-09 10:31:41,079 - parts_navigation.components.tiles_grid - INFO - Adjusting columns from 4 to 5
2025-04-09 10:31:41,079 - parts_navigation.components.tiles_grid - INFO - Setting grid to 5 columns
2025-04-09 10:31:41,082 - parts_navigation.components.tiles_grid - INFO - Adjusting columns from 4 to 5
2025-04-09 10:31:41,083 - parts_navigation.components.tiles_grid - INFO - Setting grid to 5 columns
2025-04-09 10:31:41,083 - parts_navigation.components.tiles_grid - INFO - Adjusting columns from 3 to 5
2025-04-09 10:31:41,084 - parts_navigation.components.tiles_grid - INFO - Setting grid to 5 columns
2025-04-09 10:31:41,084 - parts_navigation.components.tiles_grid - INFO - Adjusting columns from 4 to 5
2025-04-09 10:31:41,084 - parts_navigation.components.tiles_grid - INFO - Setting grid to 5 columns
2025-04-09 10:31:41,085 - parts_navigation.components.tiles_grid - INFO - Adjusting columns from 4 to 6
2025-04-09 10:31:41,085 - parts_navigation.components.tiles_grid - INFO - Setting grid to 6 columns
2025-04-09 10:31:47,748 - translations - WARNING - Missing translation for 'scan_barcode' in 'he'
2025-04-09 10:31:47,751 - translations - WARNING - Missing translation for 'waiting_for_scan' in 'he'
2025-04-09 10:31:47,751 - translations - WARNING - Missing translation for 'scan_note' in 'he'
2025-04-09 10:32:15,007 - gui.event_handlers - INFO - Closing database connection...
2025-04-09 10:32:15,031 - __main__ - INFO - Cleaning up application resources...
2025-04-09 10:32:15,031 - __main__ - INFO - Closing database connection...
2025-04-09 10:32:15,031 - __main__ - INFO - Cleaning up parts navigation resources...
2025-04-09 10:32:15,048 - database.car_parts_db - INFO - Thread 18872: New database connection established
2025-04-09 10:32:15,052 - __main__ - INFO - Application shutdown complete
2025-04-09 10:34:40,819 - root - INFO - Logging system initialized (level: INFO)
2025-04-09 10:34:40,819 - root - INFO - Log files directory: C:\Users\97253\Desktop\BeastMode-CSIntro-Excercises\CousinTestProject\logs
2025-04-09 10:34:40,895 - config - INFO - Determined application root: C:\Users\97253\Desktop\BeastMode-CSIntro-Excercises\CousinTestProject
2025-04-09 10:34:42,753 - __main__ - INFO - Application starting at: 2025-04-09 10:34:42
2025-04-09 10:34:42,753 - __main__ - INFO - Current user: BaselAM
2025-04-09 10:34:42,773 - __main__ - INFO - Initializing database connection...
2025-04-09 10:34:42,957 - database.car_parts_db - INFO - Thread 20896: Database connection established
2025-04-09 10:34:42,957 - database.car_parts_db - INFO - Initialized database connection to localhost
2025-04-09 10:34:42,990 - __main__ - INFO - Connected to database. Found 2845 parts.
2025-04-09 10:34:42,990 - translations - INFO - Loading translation files from C:\Users\97253\Desktop\BeastMode-CSIntro-Excercises\CousinTestProject\translations\data
2025-04-09 10:34:42,992 - translations - INFO - Loaded translations for namespace 'car_parts' from C:\Users\97253\Desktop\BeastMode-CSIntro-Excercises\CousinTestProject\translations\data\car_parts.json
2025-04-09 10:34:42,993 - translations - INFO - Loaded translations for namespace 'errors' from C:\Users\97253\Desktop\BeastMode-CSIntro-Excercises\CousinTestProject\translations\data\errors.json
2025-04-09 10:34:42,993 - translations - INFO - Loaded translations for namespace 'filters' from C:\Users\97253\Desktop\BeastMode-CSIntro-Excercises\CousinTestProject\translations\data\filters.json
2025-04-09 10:34:42,994 - translations - INFO - Loaded translations for namespace 'help' from C:\Users\97253\Desktop\BeastMode-CSIntro-Excercises\CousinTestProject\translations\data\help.json
2025-04-09 10:34:42,995 - translations - INFO - Loaded translations for namespace 'login' from C:\Users\97253\Desktop\BeastMode-CSIntro-Excercises\CousinTestProject\translations\data\login.json
2025-04-09 10:34:42,995 - translations - INFO - Loaded translations for namespace 'navigation' from C:\Users\97253\Desktop\BeastMode-CSIntro-Excercises\CousinTestProject\translations\data\navigation.json
2025-04-09 10:34:42,996 - translations - INFO - Loaded translations for namespace 'notifications' from C:\Users\97253\Desktop\BeastMode-CSIntro-Excercises\CousinTestProject\translations\data\notifications.json
2025-04-09 10:34:42,998 - translations - INFO - Loaded translations for namespace 'parts_nav_translations' from C:\Users\97253\Desktop\BeastMode-CSIntro-Excercises\CousinTestProject\translations\data\parts_nav_translations.json
2025-04-09 10:34:42,998 - translations - INFO - Loaded translations for namespace 'products' from C:\Users\97253\Desktop\BeastMode-CSIntro-Excercises\CousinTestProject\translations\data\products.json
2025-04-09 10:34:42,999 - translations - INFO - Loaded translations for namespace 'settings' from C:\Users\97253\Desktop\BeastMode-CSIntro-Excercises\CousinTestProject\translations\data\settings.json
2025-04-09 10:34:42,999 - translations - INFO - Loaded translations for namespace 'ui' from C:\Users\97253\Desktop\BeastMode-CSIntro-Excercises\CousinTestProject\translations\data\ui.json
2025-04-09 10:34:43,000 - translations - INFO - Loaded translations for namespace 'validations' from C:\Users\97253\Desktop\BeastMode-CSIntro-Excercises\CousinTestProject\translations\data\validations.json
2025-04-09 10:34:43,000 - translations - INFO - Loaded 12 translation files from C:\Users\97253\Desktop\BeastMode-CSIntro-Excercises\CousinTestProject\translations\data
2025-04-09 10:34:43,000 - translations - INFO - Loaded 12 translation files
2025-04-09 10:34:43,150 - UsersDB - INFO - Connected to user database at C:\Users\97253\Desktop\BeastMode-CSIntro-Excercises\CousinTestProject\database\users.db
2025-04-09 10:34:43,151 - UsersDB - INFO - Database tables created successfully
2025-04-09 10:34:43,866 - widgets.header.chatbot.api_key_manager - INFO - API key loaded successfully
2025-04-09 10:34:43,965 - widgets.header.chatbot.openai_client - INFO - OpenAI client initialized successfully
2025-04-09 10:34:44,026 - translations - WARNING - Missing translation for 'scan_barcode_tooltip' in 'he'
2025-04-09 10:34:44,312 - translations - WARNING - Missing translation for 'inventory_insights' in 'he'
2025-04-09 10:34:44,312 - translations - WARNING - Missing translation for 'categories' in 'he'
2025-04-09 10:34:44,312 - translations - WARNING - Missing translation for 'brands' in 'he'
2025-04-09 10:34:44,312 - translations - WARNING - Missing translation for 'low_stock' in 'he'
2025-04-09 10:34:44,313 - translations - WARNING - Missing translation for 'total_parts' in 'he'
2025-04-09 10:34:44,313 - translations - WARNING - Missing translation for 'total_value' in 'he'
2025-04-09 10:34:44,313 - translations - WARNING - Missing translation for 'average_price' in 'he'
2025-04-09 10:34:44,440 - parts_navigation.components.tiles_grid - INFO - Populating grid with 8 items using 4 columns
2025-04-09 10:34:44,497 - parts_navigation.components.tiles_grid - INFO - Grid has 4 active columns configured
2025-04-09 10:34:44,498 - parts_navigation.components.tiles_grid - INFO - Total tiles: 8
2025-04-09 10:34:44,498 - parts_navigation.components.tiles_grid - INFO - Visible tiles: 0
2025-04-09 10:34:44,498 - parts_navigation.container - INFO - Navigated to step 0
2025-04-09 10:34:44,715 - parts_navigation.container - INFO - All navigation steps created successfully
2025-04-09 10:34:44,715 - parts_navigation.container - INFO - Starting delayed brand preloading
2025-04-09 10:34:44,715 - parts_navigation.steps.brand - INFO - Starting to preload brands data
2025-04-09 10:34:44,877 - translations - WARNING - Missing translation for 'Internet: Connected' in 'he'
2025-04-09 10:34:44,947 - database.car_parts_db - INFO - Found 43 unique car brands in database
2025-04-09 10:34:44,948 - database.car_parts_db - INFO - Processed 43 unique car brands
2025-04-09 10:34:45,103 - parts_navigation.container - INFO - All navigation steps created successfully
2025-04-09 10:34:45,103 - parts_navigation.steps.brand - INFO - Preloaded 43 brands
2025-04-09 10:34:45,103 - parts_navigation.logo_manager - INFO - Preloading logos for 43 brands
2025-04-09 10:34:45,142 - parts_navigation.steps.brand - INFO - Loaded 43 unique brands
2025-04-09 10:34:45,170 - parts_navigation.components.tiles_grid - INFO - Populating grid with 43 items using 4 columns
2025-04-09 10:34:46,427 - parts_navigation.components.tiles_grid - INFO - Grid has 4 active columns configured
2025-04-09 10:34:46,427 - parts_navigation.components.tiles_grid - INFO - Total tiles: 43
2025-04-09 10:34:46,427 - parts_navigation.components.tiles_grid - INFO - Visible tiles: 0
2025-04-09 10:34:46,468 - parts_navigation.logo_manager - INFO - Found 31 already cached logos out of 43
2025-04-09 10:34:46,468 - parts_navigation.steps.brand - INFO - Started preloading 43 brand logos
2025-04-09 10:34:47,400 - __main__ - INFO - Cleaning up application resources...
2025-04-09 10:34:47,402 - __main__ - INFO - Closing database connection...
2025-04-09 10:34:47,443 - __main__ - INFO - Cleaning up parts navigation resources...
2025-04-09 10:34:47,496 - database.car_parts_db - INFO - Thread 20896: New database connection established
2025-04-09 10:34:47,501 - __main__ - INFO - Application shutdown complete
2025-04-09 10:34:57,570 - root - INFO - Logging system initialized (level: INFO)
2025-04-09 10:34:57,570 - root - INFO - Log files directory: C:\Users\97253\Desktop\BeastMode-CSIntro-Excercises\CousinTestProject\logs
2025-04-09 10:34:57,612 - config - INFO - Determined application root: C:\Users\97253\Desktop\BeastMode-CSIntro-Excercises\CousinTestProject
2025-04-09 10:34:59,078 - __main__ - INFO - Application starting at: 2025-04-09 10:34:59
2025-04-09 10:34:59,079 - __main__ - INFO - Current user: BaselAM
2025-04-09 10:34:59,093 - __main__ - INFO - Initializing database connection...
2025-04-09 10:34:59,283 - database.car_parts_db - INFO - Thread 1848: Database connection established
2025-04-09 10:34:59,284 - database.car_parts_db - INFO - Initialized database connection to localhost
2025-04-09 10:34:59,315 - __main__ - INFO - Connected to database. Found 2845 parts.
2025-04-09 10:34:59,315 - translations - INFO - Loading translation files from C:\Users\97253\Desktop\BeastMode-CSIntro-Excercises\CousinTestProject\translations\data
2025-04-09 10:34:59,316 - translations - INFO - Loaded translations for namespace 'car_parts' from C:\Users\97253\Desktop\BeastMode-CSIntro-Excercises\CousinTestProject\translations\data\car_parts.json
2025-04-09 10:34:59,316 - translations - INFO - Loaded translations for namespace 'errors' from C:\Users\97253\Desktop\BeastMode-CSIntro-Excercises\CousinTestProject\translations\data\errors.json
2025-04-09 10:34:59,317 - translations - INFO - Loaded translations for namespace 'filters' from C:\Users\97253\Desktop\BeastMode-CSIntro-Excercises\CousinTestProject\translations\data\filters.json
2025-04-09 10:34:59,317 - translations - INFO - Loaded translations for namespace 'help' from C:\Users\97253\Desktop\BeastMode-CSIntro-Excercises\CousinTestProject\translations\data\help.json
2025-04-09 10:34:59,317 - translations - INFO - Loaded translations for namespace 'login' from C:\Users\97253\Desktop\BeastMode-CSIntro-Excercises\CousinTestProject\translations\data\login.json
2025-04-09 10:34:59,317 - translations - INFO - Loaded translations for namespace 'navigation' from C:\Users\97253\Desktop\BeastMode-CSIntro-Excercises\CousinTestProject\translations\data\navigation.json
2025-04-09 10:34:59,317 - translations - INFO - Loaded translations for namespace 'notifications' from C:\Users\97253\Desktop\BeastMode-CSIntro-Excercises\CousinTestProject\translations\data\notifications.json
2025-04-09 10:34:59,319 - translations - INFO - Loaded translations for namespace 'parts_nav_translations' from C:\Users\97253\Desktop\BeastMode-CSIntro-Excercises\CousinTestProject\translations\data\parts_nav_translations.json
2025-04-09 10:34:59,319 - translations - INFO - Loaded translations for namespace 'products' from C:\Users\97253\Desktop\BeastMode-CSIntro-Excercises\CousinTestProject\translations\data\products.json
2025-04-09 10:34:59,319 - translations - INFO - Loaded translations for namespace 'settings' from C:\Users\97253\Desktop\BeastMode-CSIntro-Excercises\CousinTestProject\translations\data\settings.json
2025-04-09 10:34:59,320 - translations - INFO - Loaded translations for namespace 'ui' from C:\Users\97253\Desktop\BeastMode-CSIntro-Excercises\CousinTestProject\translations\data\ui.json
2025-04-09 10:34:59,320 - translations - INFO - Loaded translations for namespace 'validations' from C:\Users\97253\Desktop\BeastMode-CSIntro-Excercises\CousinTestProject\translations\data\validations.json
2025-04-09 10:34:59,320 - translations - INFO - Loaded 12 translation files from C:\Users\97253\Desktop\BeastMode-CSIntro-Excercises\CousinTestProject\translations\data
2025-04-09 10:34:59,320 - translations - INFO - Loaded 12 translation files
2025-04-09 10:34:59,398 - UsersDB - INFO - Connected to user database at C:\Users\97253\Desktop\BeastMode-CSIntro-Excercises\CousinTestProject\database\users.db
2025-04-09 10:34:59,398 - UsersDB - INFO - Database tables created successfully
2025-04-09 10:34:59,789 - widgets.header.chatbot.api_key_manager - INFO - API key loaded successfully
2025-04-09 10:34:59,845 - widgets.header.chatbot.openai_client - INFO - OpenAI client initialized successfully
2025-04-09 10:34:59,906 - translations - WARNING - Missing translation for 'scan_barcode_tooltip' in 'he'
2025-04-09 10:35:00,128 - translations - WARNING - Missing translation for 'inventory_insights' in 'he'
2025-04-09 10:35:00,128 - translations - WARNING - Missing translation for 'categories' in 'he'
2025-04-09 10:35:00,128 - translations - WARNING - Missing translation for 'brands' in 'he'
2025-04-09 10:35:00,128 - translations - WARNING - Missing translation for 'low_stock' in 'he'
2025-04-09 10:35:00,129 - translations - WARNING - Missing translation for 'total_parts' in 'he'
2025-04-09 10:35:00,129 - translations - WARNING - Missing translation for 'total_value' in 'he'
2025-04-09 10:35:00,129 - translations - WARNING - Missing translation for 'average_price' in 'he'
2025-04-09 10:35:00,258 - parts_navigation.components.tiles_grid - INFO - Populating grid with 8 items using 4 columns
2025-04-09 10:35:00,314 - parts_navigation.components.tiles_grid - INFO - Grid has 4 active columns configured
2025-04-09 10:35:00,314 - parts_navigation.components.tiles_grid - INFO - Total tiles: 8
2025-04-09 10:35:00,314 - parts_navigation.components.tiles_grid - INFO - Visible tiles: 0
2025-04-09 10:35:00,352 - parts_navigation.container - INFO - Navigated to step 0
2025-04-09 10:35:00,569 - parts_navigation.container - INFO - All navigation steps created successfully
2025-04-09 10:35:00,569 - parts_navigation.container - INFO - Starting delayed brand preloading
2025-04-09 10:35:00,569 - parts_navigation.steps.brand - INFO - Starting to preload brands data
2025-04-09 10:35:00,718 - translations - WARNING - Missing translation for 'Internet: Connected' in 'he'
2025-04-09 10:35:00,806 - database.car_parts_db - INFO - Found 43 unique car brands in database
2025-04-09 10:35:00,806 - database.car_parts_db - INFO - Processed 43 unique car brands
2025-04-09 10:35:00,978 - parts_navigation.container - INFO - All navigation steps created successfully
2025-04-09 10:35:00,978 - parts_navigation.steps.brand - INFO - Preloaded 43 brands
2025-04-09 10:35:00,978 - parts_navigation.logo_manager - INFO - Preloading logos for 43 brands
2025-04-09 10:35:01,032 - parts_navigation.steps.brand - INFO - Loaded 43 unique brands
2025-04-09 10:35:01,032 - parts_navigation.components.tiles_grid - INFO - Populating grid with 43 items using 4 columns
2025-04-09 10:35:02,133 - parts_navigation.components.tiles_grid - INFO - Grid has 4 active columns configured
2025-04-09 10:35:02,134 - parts_navigation.components.tiles_grid - INFO - Total tiles: 43
2025-04-09 10:35:02,134 - parts_navigation.components.tiles_grid - INFO - Visible tiles: 0
2025-04-09 10:35:02,190 - parts_navigation.logo_manager - INFO - Found 31 already cached logos out of 43
2025-04-09 10:35:02,190 - parts_navigation.steps.brand - INFO - Started preloading 43 brand logos
2025-04-09 10:35:03,405 - __main__ - INFO - Cleaning up application resources...
2025-04-09 10:35:03,405 - __main__ - INFO - Closing database connection...
2025-04-09 10:35:03,420 - __main__ - INFO - Cleaning up parts navigation resources...
2025-04-09 10:35:03,473 - database.car_parts_db - INFO - Thread 1848: New database connection established
2025-04-09 10:35:03,475 - __main__ - INFO - Application shutdown complete
2025-04-09 10:35:32,354 - root - INFO - Logging system initialized (level: INFO)
2025-04-09 10:35:32,354 - root - INFO - Log files directory: C:\Users\97253\Desktop\BeastMode-CSIntro-Excercises\CousinTestProject\logs
2025-04-09 10:35:32,392 - config - INFO - Determined application root: C:\Users\97253\Desktop\BeastMode-CSIntro-Excercises\CousinTestProject
2025-04-09 10:35:34,008 - __main__ - INFO - Application starting at: 2025-04-09 10:35:34
2025-04-09 10:35:34,008 - __main__ - INFO - Current user: BaselAM
2025-04-09 10:35:34,026 - __main__ - INFO - Initializing database connection...
2025-04-09 10:35:34,248 - database.car_parts_db - INFO - Thread 20316: Database connection established
2025-04-09 10:35:34,248 - database.car_parts_db - INFO - Initialized database connection to localhost
2025-04-09 10:35:34,285 - __main__ - INFO - Connected to database. Found 2845 parts.
2025-04-09 10:35:34,285 - translations - INFO - Loading translation files from C:\Users\97253\Desktop\BeastMode-CSIntro-Excercises\CousinTestProject\translations\data
2025-04-09 10:35:34,287 - translations - INFO - Loaded translations for namespace 'car_parts' from C:\Users\97253\Desktop\BeastMode-CSIntro-Excercises\CousinTestProject\translations\data\car_parts.json
2025-04-09 10:35:34,287 - translations - INFO - Loaded translations for namespace 'errors' from C:\Users\97253\Desktop\BeastMode-CSIntro-Excercises\CousinTestProject\translations\data\errors.json
2025-04-09 10:35:34,288 - translations - INFO - Loaded translations for namespace 'filters' from C:\Users\97253\Desktop\BeastMode-CSIntro-Excercises\CousinTestProject\translations\data\filters.json
2025-04-09 10:35:34,288 - translations - INFO - Loaded translations for namespace 'help' from C:\Users\97253\Desktop\BeastMode-CSIntro-Excercises\CousinTestProject\translations\data\help.json
2025-04-09 10:35:34,288 - translations - INFO - Loaded translations for namespace 'login' from C:\Users\97253\Desktop\BeastMode-CSIntro-Excercises\CousinTestProject\translations\data\login.json
2025-04-09 10:35:34,289 - translations - INFO - Loaded translations for namespace 'navigation' from C:\Users\97253\Desktop\BeastMode-CSIntro-Excercises\CousinTestProject\translations\data\navigation.json
2025-04-09 10:35:34,289 - translations - INFO - Loaded translations for namespace 'notifications' from C:\Users\97253\Desktop\BeastMode-CSIntro-Excercises\CousinTestProject\translations\data\notifications.json
2025-04-09 10:35:34,289 - translations - INFO - Loaded translations for namespace 'parts_nav_translations' from C:\Users\97253\Desktop\BeastMode-CSIntro-Excercises\CousinTestProject\translations\data\parts_nav_translations.json
2025-04-09 10:35:34,289 - translations - INFO - Loaded translations for namespace 'products' from C:\Users\97253\Desktop\BeastMode-CSIntro-Excercises\CousinTestProject\translations\data\products.json
2025-04-09 10:35:34,290 - translations - INFO - Loaded translations for namespace 'settings' from C:\Users\97253\Desktop\BeastMode-CSIntro-Excercises\CousinTestProject\translations\data\settings.json
2025-04-09 10:35:34,290 - translations - INFO - Loaded translations for namespace 'ui' from C:\Users\97253\Desktop\BeastMode-CSIntro-Excercises\CousinTestProject\translations\data\ui.json
2025-04-09 10:35:34,291 - translations - INFO - Loaded translations for namespace 'validations' from C:\Users\97253\Desktop\BeastMode-CSIntro-Excercises\CousinTestProject\translations\data\validations.json
2025-04-09 10:35:34,291 - translations - INFO - Loaded 12 translation files from C:\Users\97253\Desktop\BeastMode-CSIntro-Excercises\CousinTestProject\translations\data
2025-04-09 10:35:34,291 - translations - INFO - Loaded 12 translation files
2025-04-09 10:35:34,388 - UsersDB - INFO - Connected to user database at C:\Users\97253\Desktop\BeastMode-CSIntro-Excercises\CousinTestProject\database\users.db
2025-04-09 10:35:34,389 - UsersDB - INFO - Database tables created successfully
2025-04-09 10:35:34,783 - widgets.header.chatbot.api_key_manager - INFO - API key loaded successfully
2025-04-09 10:35:34,843 - widgets.header.chatbot.openai_client - INFO - OpenAI client initialized successfully
2025-04-09 10:35:34,900 - translations - WARNING - Missing translation for 'scan_barcode_tooltip' in 'he'
2025-04-09 10:35:35,140 - translations - WARNING - Missing translation for 'inventory_insights' in 'he'
2025-04-09 10:35:35,140 - translations - WARNING - Missing translation for 'categories' in 'he'
2025-04-09 10:35:35,140 - translations - WARNING - Missing translation for 'brands' in 'he'
2025-04-09 10:35:35,140 - translations - WARNING - Missing translation for 'low_stock' in 'he'
2025-04-09 10:35:35,140 - translations - WARNING - Missing translation for 'total_parts' in 'he'
2025-04-09 10:35:35,140 - translations - WARNING - Missing translation for 'total_value' in 'he'
2025-04-09 10:35:35,140 - translations - WARNING - Missing translation for 'average_price' in 'he'
2025-04-09 10:35:35,286 - parts_navigation.components.tiles_grid - INFO - Populating grid with 8 items using 4 columns
2025-04-09 10:35:35,385 - parts_navigation.container - INFO - All navigation steps created successfully
2025-04-09 10:35:35,387 - parts_navigation.components.tiles_grid - INFO - Grid has 4 active columns configured
2025-04-09 10:35:35,387 - parts_navigation.components.tiles_grid - INFO - Total tiles: 8
2025-04-09 10:35:35,387 - parts_navigation.components.tiles_grid - INFO - Visible tiles: 0
2025-04-09 10:35:35,387 - parts_navigation.container - INFO - Navigated to step 0
2025-04-09 10:35:35,602 - parts_navigation.container - INFO - Starting delayed brand preloading
2025-04-09 10:35:35,602 - parts_navigation.steps.brand - INFO - Starting to preload brands data
2025-04-09 10:35:35,785 - translations - WARNING - Missing translation for 'Internet: Connected' in 'he'
2025-04-09 10:35:35,822 - database.car_parts_db - INFO - Found 43 unique car brands in database
2025-04-09 10:35:35,822 - database.car_parts_db - INFO - Processed 43 unique car brands
2025-04-09 10:35:35,983 - parts_navigation.steps.brand - INFO - Preloaded 43 brands
2025-04-09 10:35:35,983 - parts_navigation.logo_manager - INFO - Preloading logos for 43 brands
2025-04-09 10:35:36,038 - parts_navigation.steps.brand - INFO - Loaded 43 unique brands
2025-04-09 10:35:36,038 - parts_navigation.components.tiles_grid - INFO - Populating grid with 43 items using 4 columns
2025-04-09 10:35:36,157 - parts_navigation.container - INFO - All navigation steps created successfully
2025-04-09 10:35:37,289 - parts_navigation.components.tiles_grid - INFO - Grid has 4 active columns configured
2025-04-09 10:35:37,289 - parts_navigation.components.tiles_grid - INFO - Total tiles: 43
2025-04-09 10:35:37,289 - parts_navigation.components.tiles_grid - INFO - Visible tiles: 0
2025-04-09 10:35:37,325 - parts_navigation.logo_manager - INFO - Found 31 already cached logos out of 43
2025-04-09 10:35:37,325 - parts_navigation.steps.brand - INFO - Started preloading 43 brand logos
2025-04-09 10:35:39,293 - UsersDB - INFO - User fahed authenticated successfully
2025-04-09 10:35:39,307 - __main__ - INFO - User logged in: {'id': 2, 'username': 'fahed', 'full_name': 'Fahed Abu Mukh', 'role': 'manager', 'settings': {'theme': 'classic', 'language': 'en', 'rtl': False}}
2025-04-09 10:35:41,484 - parts_navigation.components.tiles_grid - INFO - Adjusting columns from 3 to 5
2025-04-09 10:35:41,484 - parts_navigation.components.tiles_grid - INFO - Setting grid to 5 columns
2025-04-09 10:35:41,485 - parts_navigation.components.tiles_grid - INFO - Adjusting columns from 4 to 5
2025-04-09 10:35:41,485 - parts_navigation.components.tiles_grid - INFO - Setting grid to 5 columns
2025-04-09 10:35:41,487 - parts_navigation.components.tiles_grid - INFO - Adjusting columns from 4 to 5
2025-04-09 10:35:41,487 - parts_navigation.components.tiles_grid - INFO - Setting grid to 5 columns
2025-04-09 10:35:41,487 - parts_navigation.components.tiles_grid - INFO - Adjusting columns from 3 to 5
2025-04-09 10:35:41,487 - parts_navigation.components.tiles_grid - INFO - Setting grid to 5 columns
2025-04-09 10:35:41,488 - parts_navigation.components.tiles_grid - INFO - Adjusting columns from 4 to 5
2025-04-09 10:35:41,488 - parts_navigation.components.tiles_grid - INFO - Setting grid to 5 columns
2025-04-09 10:35:41,489 - parts_navigation.components.tiles_grid - INFO - Adjusting columns from 4 to 6
2025-04-09 10:35:41,489 - parts_navigation.components.tiles_grid - INFO - Setting grid to 6 columns
2025-04-09 10:35:46,958 - translations - WARNING - Missing translation for 'print_settings' in 'he'
2025-04-09 10:35:46,958 - translations - WARNING - Missing translation for 'print_setup_description' in 'he'
2025-04-09 10:35:46,959 - translations - WARNING - Missing translation for 'print_scope' in 'he'
2025-04-09 10:35:46,960 - translations - WARNING - Missing translation for 'print_all_products' in 'he'
2025-04-09 10:35:46,961 - translations - WARNING - Missing translation for 'print_selected_products' in 'he'
2025-04-09 10:35:46,961 - translations - WARNING - Missing translation for 'print_filtered_products' in 'he'
2025-04-09 10:35:46,963 - translations - WARNING - Missing translation for 'print_all_tooltip' in 'he'
2025-04-09 10:35:46,963 - translations - WARNING - Missing translation for 'print_selected_tooltip' in 'he'
2025-04-09 10:35:46,963 - translations - WARNING - Missing translation for 'print_filtered_tooltip' in 'he'
2025-04-09 10:35:46,964 - translations - WARNING - Missing translation for 'print_options' in 'he'
2025-04-09 10:35:46,964 - translations - WARNING - Missing translation for 'paper_size' in 'he'
2025-04-09 10:35:46,965 - translations - WARNING - Missing translation for 'paper_size_tooltip' in 'he'
2025-04-09 10:35:46,970 - translations - WARNING - Missing translation for 'orientation' in 'he'
2025-04-09 10:35:46,970 - translations - WARNING - Missing translation for 'orientation_tooltip' in 'he'
2025-04-09 10:35:46,972 - translations - WARNING - Missing translation for 'portrait' in 'he'
2025-04-09 10:35:46,972 - translations - WARNING - Missing translation for 'landscape' in 'he'
2025-04-09 10:35:46,973 - translations - WARNING - Missing translation for 'print_header' in 'he'
2025-04-09 10:35:46,973 - translations - WARNING - Missing translation for 'print_header_tooltip' in 'he'
2025-04-09 10:35:46,975 - translations - WARNING - Missing translation for 'print_date' in 'he'
2025-04-09 10:35:46,975 - translations - WARNING - Missing translation for 'print_date_tooltip' in 'he'
2025-04-09 10:35:46,975 - translations - WARNING - Missing translation for 'rtl_mode' in 'he'
2025-04-09 10:35:46,975 - translations - WARNING - Missing translation for 'rtl_mode_tooltip' in 'he'
2025-04-09 10:35:47,021 - translations - WARNING - Missing translation for 'preview_and_print' in 'he'
2025-04-09 10:35:52,317 - translations - WARNING - Missing translation for 'products_report' in 'he'
2025-04-09 10:35:54,902 - translations - WARNING - Missing translation for 'print_success' in 'he'
2025-04-09 10:36:13,386 - translations - WARNING - Missing translation for 'scan_barcode' in 'he'
2025-04-09 10:36:13,388 - translations - WARNING - Missing translation for 'waiting_for_scan' in 'he'
2025-04-09 10:36:13,388 - translations - WARNING - Missing translation for 'scan_note' in 'he'
2025-04-09 10:37:20,737 - translations - WARNING - Missing translation for 'barcode_detected' in 'he'
2025-04-09 10:37:52,291 - translations - WARNING - Missing translation for 'barcode' in 'he'
2025-04-09 10:37:52,291 - translations - WARNING - Missing translation for 'barcode_placeholder' in 'he'
2025-04-09 10:38:16,987 - gui.event_handlers - INFO - Closing database connection...
2025-04-09 10:38:17,004 - __main__ - INFO - Cleaning up application resources...
2025-04-09 10:38:17,004 - __main__ - INFO - Closing database connection...
2025-04-09 10:38:17,004 - __main__ - INFO - Cleaning up parts navigation resources...
2025-04-09 10:38:17,023 - database.car_parts_db - INFO - Thread 20316: New database connection established
2025-04-09 10:38:17,026 - __main__ - INFO - Application shutdown complete
2025-04-09 10:47:19,686 - root - INFO - Logging system initialized (level: INFO)
2025-04-09 10:47:19,686 - root - INFO - Log files directory: C:\Users\97253\Desktop\BeastMode-CSIntro-Excercises\CousinTestProject\logs
2025-04-09 10:47:19,726 - config - INFO - Determined application root: C:\Users\97253\Desktop\BeastMode-CSIntro-Excercises\CousinTestProject
2025-04-09 10:47:21,375 - __main__ - INFO - Application starting at: 2025-04-09 10:47:21
2025-04-09 10:47:21,375 - __main__ - INFO - Current user: BaselAM
2025-04-09 10:47:21,391 - __main__ - INFO - Initializing database connection...
2025-04-09 10:47:21,630 - database.car_parts_db - INFO - Thread 9044: Database connection established
2025-04-09 10:47:21,630 - database.car_parts_db - INFO - Initialized database connection to localhost
2025-04-09 10:47:21,661 - __main__ - INFO - Connected to database. Found 2845 parts.
2025-04-09 10:47:21,661 - translations - INFO - Loading translation files from C:\Users\97253\Desktop\BeastMode-CSIntro-Excercises\CousinTestProject\translations\data
2025-04-09 10:47:21,661 - translations - INFO - Loaded translations for namespace 'car_parts' from C:\Users\97253\Desktop\BeastMode-CSIntro-Excercises\CousinTestProject\translations\data\car_parts.json
2025-04-09 10:47:21,662 - translations - INFO - Loaded translations for namespace 'errors' from C:\Users\97253\Desktop\BeastMode-CSIntro-Excercises\CousinTestProject\translations\data\errors.json
2025-04-09 10:47:21,662 - translations - INFO - Loaded translations for namespace 'filters' from C:\Users\97253\Desktop\BeastMode-CSIntro-Excercises\CousinTestProject\translations\data\filters.json
2025-04-09 10:47:21,662 - translations - INFO - Loaded translations for namespace 'help' from C:\Users\97253\Desktop\BeastMode-CSIntro-Excercises\CousinTestProject\translations\data\help.json
2025-04-09 10:47:21,663 - translations - INFO - Loaded translations for namespace 'login' from C:\Users\97253\Desktop\BeastMode-CSIntro-Excercises\CousinTestProject\translations\data\login.json
2025-04-09 10:47:21,663 - translations - INFO - Loaded translations for namespace 'navigation' from C:\Users\97253\Desktop\BeastMode-CSIntro-Excercises\CousinTestProject\translations\data\navigation.json
2025-04-09 10:47:21,663 - translations - INFO - Loaded translations for namespace 'notifications' from C:\Users\97253\Desktop\BeastMode-CSIntro-Excercises\CousinTestProject\translations\data\notifications.json
2025-04-09 10:47:21,663 - translations - INFO - Loaded translations for namespace 'parts_nav_translations' from C:\Users\97253\Desktop\BeastMode-CSIntro-Excercises\CousinTestProject\translations\data\parts_nav_translations.json
2025-04-09 10:47:21,664 - translations - INFO - Loaded translations for namespace 'products' from C:\Users\97253\Desktop\BeastMode-CSIntro-Excercises\CousinTestProject\translations\data\products.json
2025-04-09 10:47:21,664 - translations - INFO - Loaded translations for namespace 'settings' from C:\Users\97253\Desktop\BeastMode-CSIntro-Excercises\CousinTestProject\translations\data\settings.json
2025-04-09 10:47:21,664 - translations - INFO - Loaded translations for namespace 'ui' from C:\Users\97253\Desktop\BeastMode-CSIntro-Excercises\CousinTestProject\translations\data\ui.json
2025-04-09 10:47:21,664 - translations - INFO - Loaded translations for namespace 'validations' from C:\Users\97253\Desktop\BeastMode-CSIntro-Excercises\CousinTestProject\translations\data\validations.json
2025-04-09 10:47:21,664 - translations - INFO - Loaded 12 translation files from C:\Users\97253\Desktop\BeastMode-CSIntro-Excercises\CousinTestProject\translations\data
2025-04-09 10:47:21,664 - translations - INFO - Loaded 12 translation files
2025-04-09 10:47:21,733 - UsersDB - INFO - Connected to user database at C:\Users\97253\Desktop\BeastMode-CSIntro-Excercises\CousinTestProject\database\users.db
2025-04-09 10:47:21,733 - UsersDB - INFO - Database tables created successfully
2025-04-09 10:47:22,131 - widgets.header.chatbot.api_key_manager - INFO - API key loaded successfully
2025-04-09 10:47:22,185 - widgets.header.chatbot.openai_client - INFO - OpenAI client initialized successfully
2025-04-09 10:47:22,244 - translations - WARNING - Missing translation for 'scan_barcode_tooltip' in 'he'
2025-04-09 10:47:22,526 - translations - WARNING - Missing translation for 'inventory_insights' in 'he'
2025-04-09 10:47:22,526 - translations - WARNING - Missing translation for 'categories' in 'he'
2025-04-09 10:47:22,526 - translations - WARNING - Missing translation for 'brands' in 'he'
2025-04-09 10:47:22,526 - translations - WARNING - Missing translation for 'low_stock' in 'he'
2025-04-09 10:47:22,526 - translations - WARNING - Missing translation for 'total_parts' in 'he'
2025-04-09 10:47:22,526 - translations - WARNING - Missing translation for 'total_value' in 'he'
2025-04-09 10:47:22,526 - translations - WARNING - Missing translation for 'average_price' in 'he'
2025-04-09 10:47:22,675 - parts_navigation.components.tiles_grid - INFO - Populating grid with 8 items using 4 columns
2025-04-09 10:47:22,732 - parts_navigation.components.tiles_grid - INFO - Grid has 4 active columns configured
2025-04-09 10:47:22,732 - parts_navigation.components.tiles_grid - INFO - Total tiles: 8
2025-04-09 10:47:22,732 - parts_navigation.components.tiles_grid - INFO - Visible tiles: 0
2025-04-09 10:47:22,732 - parts_navigation.container - INFO - Navigated to step 0
2025-04-09 10:47:22,952 - parts_navigation.container - INFO - All navigation steps created successfully
2025-04-09 10:47:22,953 - parts_navigation.container - INFO - Starting delayed brand preloading
2025-04-09 10:47:22,953 - parts_navigation.steps.brand - INFO - Starting to preload brands data
2025-04-09 10:47:23,126 - translations - WARNING - Missing translation for 'Internet: Connected' in 'he'
2025-04-09 10:47:23,203 - database.car_parts_db - INFO - Found 43 unique car brands in database
2025-04-09 10:47:23,203 - database.car_parts_db - INFO - Processed 43 unique car brands
2025-04-09 10:47:23,399 - parts_navigation.container - INFO - All navigation steps created successfully
2025-04-09 10:47:23,399 - parts_navigation.steps.brand - INFO - Preloaded 43 brands
2025-04-09 10:47:23,399 - parts_navigation.logo_manager - INFO - Preloading logos for 43 brands
2025-04-09 10:47:23,465 - parts_navigation.steps.brand - INFO - Loaded 43 unique brands
2025-04-09 10:47:23,465 - parts_navigation.components.tiles_grid - INFO - Populating grid with 43 items using 4 columns
2025-04-09 10:47:24,625 - parts_navigation.components.tiles_grid - INFO - Grid has 4 active columns configured
2025-04-09 10:47:24,625 - parts_navigation.components.tiles_grid - INFO - Total tiles: 43
2025-04-09 10:47:24,626 - parts_navigation.components.tiles_grid - INFO - Visible tiles: 0
2025-04-09 10:47:24,661 - parts_navigation.logo_manager - INFO - Found 31 already cached logos out of 43
2025-04-09 10:47:24,661 - parts_navigation.steps.brand - INFO - Started preloading 43 brand logos
2025-04-09 10:47:32,272 - UsersDB - INFO - User fahed authenticated successfully
2025-04-09 10:47:32,286 - __main__ - INFO - User logged in: {'id': 2, 'username': 'fahed', 'full_name': 'Fahed Abu Mukh', 'role': 'manager', 'settings': {'theme': 'classic', 'language': 'en', 'rtl': False}}
2025-04-09 10:47:34,473 - parts_navigation.components.tiles_grid - INFO - Adjusting columns from 3 to 5
2025-04-09 10:47:34,473 - parts_navigation.components.tiles_grid - INFO - Setting grid to 5 columns
2025-04-09 10:47:34,473 - parts_navigation.components.tiles_grid - INFO - Adjusting columns from 4 to 5
2025-04-09 10:47:34,474 - parts_navigation.components.tiles_grid - INFO - Setting grid to 5 columns
2025-04-09 10:47:34,475 - parts_navigation.components.tiles_grid - INFO - Adjusting columns from 4 to 5
2025-04-09 10:47:34,475 - parts_navigation.components.tiles_grid - INFO - Setting grid to 5 columns
2025-04-09 10:47:34,475 - parts_navigation.components.tiles_grid - INFO - Adjusting columns from 3 to 5
2025-04-09 10:47:34,475 - parts_navigation.components.tiles_grid - INFO - Setting grid to 5 columns
2025-04-09 10:47:34,476 - parts_navigation.components.tiles_grid - INFO - Adjusting columns from 4 to 5
2025-04-09 10:47:34,476 - parts_navigation.components.tiles_grid - INFO - Setting grid to 5 columns
2025-04-09 10:47:34,476 - parts_navigation.components.tiles_grid - INFO - Adjusting columns from 4 to 6
2025-04-09 10:47:34,476 - parts_navigation.components.tiles_grid - INFO - Setting grid to 6 columns
2025-04-09 10:47:37,673 - translations - WARNING - Missing translation for 'scan_barcode' in 'he'
2025-04-09 10:47:37,675 - translations - WARNING - Missing translation for 'waiting_for_scan' in 'he'
2025-04-09 10:47:37,675 - translations - WARNING - Missing translation for 'scan_note' in 'he'
2025-04-09 10:47:41,721 - translations - WARNING - Missing translation for 'barcode_detected' in 'he'
2025-04-09 10:48:03,928 - gui.event_handlers - INFO - Closing database connection...
2025-04-09 10:48:03,944 - __main__ - INFO - Cleaning up application resources...
2025-04-09 10:48:03,944 - __main__ - INFO - Closing database connection...
2025-04-09 10:48:03,944 - __main__ - INFO - Cleaning up parts navigation resources...
2025-04-09 10:48:03,960 - database.car_parts_db - INFO - Thread 9044: New database connection established
2025-04-09 10:48:03,985 - __main__ - INFO - Application shutdown complete
2025-04-09 10:52:21,532 - root - INFO - Logging system initialized (level: INFO)
2025-04-09 10:52:21,532 - root - INFO - Log files directory: C:\Users\97253\Desktop\BeastMode-CSIntro-Excercises\CousinTestProject\logs
2025-04-09 10:52:21,585 - config - INFO - Determined application root: C:\Users\97253\Desktop\BeastMode-CSIntro-Excercises\CousinTestProject
2025-04-09 10:52:23,548 - __main__ - INFO - Application starting at: 2025-04-09 10:52:23
2025-04-09 10:52:23,549 - __main__ - INFO - Current user: BaselAM
2025-04-09 10:52:23,566 - __main__ - INFO - Initializing database connection...
2025-04-09 10:52:23,727 - database.car_parts_db - INFO - Thread 7180: Database connection established
2025-04-09 10:52:23,727 - database.car_parts_db - INFO - Initialized database connection to localhost
2025-04-09 10:52:23,762 - __main__ - INFO - Connected to database. Found 2845 parts.
2025-04-09 10:52:23,763 - translations - INFO - Loading translation files from C:\Users\97253\Desktop\BeastMode-CSIntro-Excercises\CousinTestProject\translations\data
2025-04-09 10:52:23,763 - translations - INFO - Loaded translations for namespace 'car_parts' from C:\Users\97253\Desktop\BeastMode-CSIntro-Excercises\CousinTestProject\translations\data\car_parts.json
2025-04-09 10:52:23,763 - translations - INFO - Loaded translations for namespace 'errors' from C:\Users\97253\Desktop\BeastMode-CSIntro-Excercises\CousinTestProject\translations\data\errors.json
2025-04-09 10:52:23,765 - translations - INFO - Loaded translations for namespace 'filters' from C:\Users\97253\Desktop\BeastMode-CSIntro-Excercises\CousinTestProject\translations\data\filters.json
2025-04-09 10:52:23,765 - translations - INFO - Loaded translations for namespace 'help' from C:\Users\97253\Desktop\BeastMode-CSIntro-Excercises\CousinTestProject\translations\data\help.json
2025-04-09 10:52:23,765 - translations - INFO - Loaded translations for namespace 'login' from C:\Users\97253\Desktop\BeastMode-CSIntro-Excercises\CousinTestProject\translations\data\login.json
2025-04-09 10:52:23,766 - translations - INFO - Loaded translations for namespace 'navigation' from C:\Users\97253\Desktop\BeastMode-CSIntro-Excercises\CousinTestProject\translations\data\navigation.json
2025-04-09 10:52:23,766 - translations - INFO - Loaded translations for namespace 'notifications' from C:\Users\97253\Desktop\BeastMode-CSIntro-Excercises\CousinTestProject\translations\data\notifications.json
2025-04-09 10:52:23,767 - translations - INFO - Loaded translations for namespace 'parts_nav_translations' from C:\Users\97253\Desktop\BeastMode-CSIntro-Excercises\CousinTestProject\translations\data\parts_nav_translations.json
2025-04-09 10:52:23,767 - translations - INFO - Loaded translations for namespace 'products' from C:\Users\97253\Desktop\BeastMode-CSIntro-Excercises\CousinTestProject\translations\data\products.json
2025-04-09 10:52:23,768 - translations - INFO - Loaded translations for namespace 'settings' from C:\Users\97253\Desktop\BeastMode-CSIntro-Excercises\CousinTestProject\translations\data\settings.json
2025-04-09 10:52:23,768 - translations - INFO - Loaded translations for namespace 'ui' from C:\Users\97253\Desktop\BeastMode-CSIntro-Excercises\CousinTestProject\translations\data\ui.json
2025-04-09 10:52:23,768 - translations - INFO - Loaded translations for namespace 'validations' from C:\Users\97253\Desktop\BeastMode-CSIntro-Excercises\CousinTestProject\translations\data\validations.json
2025-04-09 10:52:23,769 - translations - INFO - Loaded 12 translation files from C:\Users\97253\Desktop\BeastMode-CSIntro-Excercises\CousinTestProject\translations\data
2025-04-09 10:52:23,769 - translations - INFO - Loaded 12 translation files
2025-04-09 10:52:23,843 - UsersDB - INFO - Connected to user database at C:\Users\97253\Desktop\BeastMode-CSIntro-Excercises\CousinTestProject\database\users.db
2025-04-09 10:52:23,844 - UsersDB - INFO - Database tables created successfully
2025-04-09 10:52:24,306 - widgets.header.chatbot.api_key_manager - INFO - API key loaded successfully
2025-04-09 10:52:24,432 - widgets.header.chatbot.openai_client - INFO - OpenAI client initialized successfully
2025-04-09 10:52:24,525 - translations - WARNING - Missing translation for 'scan_barcode_tooltip' in 'he'
2025-04-09 10:52:24,917 - translations - WARNING - Missing translation for 'inventory_insights' in 'he'
2025-04-09 10:52:24,917 - translations - WARNING - Missing translation for 'categories' in 'he'
2025-04-09 10:52:24,918 - translations - WARNING - Missing translation for 'brands' in 'he'
2025-04-09 10:52:24,918 - translations - WARNING - Missing translation for 'low_stock' in 'he'
2025-04-09 10:52:24,918 - translations - WARNING - Missing translation for 'total_parts' in 'he'
2025-04-09 10:52:24,918 - translations - WARNING - Missing translation for 'total_value' in 'he'
2025-04-09 10:52:24,918 - translations - WARNING - Missing translation for 'average_price' in 'he'
2025-04-09 10:52:25,070 - parts_navigation.components.tiles_grid - INFO - Populating grid with 8 items using 4 columns
2025-04-09 10:52:25,126 - parts_navigation.components.tiles_grid - INFO - Grid has 4 active columns configured
2025-04-09 10:52:25,126 - parts_navigation.components.tiles_grid - INFO - Total tiles: 8
2025-04-09 10:52:25,126 - parts_navigation.components.tiles_grid - INFO - Visible tiles: 0
2025-04-09 10:52:25,127 - parts_navigation.container - INFO - Navigated to step 0
2025-04-09 10:52:25,363 - parts_navigation.container - INFO - All navigation steps created successfully
2025-04-09 10:52:25,363 - parts_navigation.container - INFO - Starting delayed brand preloading
2025-04-09 10:52:25,364 - parts_navigation.steps.brand - INFO - Starting to preload brands data
2025-04-09 10:52:25,525 - translations - WARNING - Missing translation for 'Internet: Connected' in 'he'
2025-04-09 10:52:25,580 - database.car_parts_db - INFO - Found 43 unique car brands in database
2025-04-09 10:52:25,581 - database.car_parts_db - INFO - Processed 43 unique car brands
2025-04-09 10:52:25,747 - parts_navigation.steps.brand - INFO - Preloaded 43 brands
2025-04-09 10:52:25,747 - parts_navigation.logo_manager - INFO - Preloading logos for 43 brands
2025-04-09 10:52:25,813 - parts_navigation.steps.brand - INFO - Loaded 43 unique brands
2025-04-09 10:52:25,814 - parts_navigation.components.tiles_grid - INFO - Populating grid with 43 items using 4 columns
2025-04-09 10:52:25,934 - parts_navigation.container - INFO - All navigation steps created successfully
2025-04-09 10:52:27,062 - parts_navigation.components.tiles_grid - INFO - Grid has 4 active columns configured
2025-04-09 10:52:27,062 - parts_navigation.components.tiles_grid - INFO - Total tiles: 43
2025-04-09 10:52:27,062 - parts_navigation.components.tiles_grid - INFO - Visible tiles: 0
2025-04-09 10:52:27,099 - parts_navigation.logo_manager - INFO - Found 31 already cached logos out of 43
2025-04-09 10:52:27,100 - parts_navigation.steps.brand - INFO - Started preloading 43 brand logos
2025-04-09 10:52:28,399 - UsersDB - INFO - User fahed authenticated successfully
2025-04-09 10:52:28,410 - __main__ - INFO - User logged in: {'id': 2, 'username': 'fahed', 'full_name': 'Fahed Abu Mukh', 'role': 'manager', 'settings': {'theme': 'classic', 'language': 'en', 'rtl': False}}
2025-04-09 10:52:29,517 - parts_navigation.components.tiles_grid - INFO - Adjusting columns from 3 to 5
2025-04-09 10:52:29,517 - parts_navigation.components.tiles_grid - INFO - Setting grid to 5 columns
2025-04-09 10:52:29,518 - parts_navigation.components.tiles_grid - INFO - Adjusting columns from 4 to 5
2025-04-09 10:52:29,519 - parts_navigation.components.tiles_grid - INFO - Setting grid to 5 columns
2025-04-09 10:52:29,521 - parts_navigation.components.tiles_grid - INFO - Adjusting columns from 4 to 5
2025-04-09 10:52:29,521 - parts_navigation.components.tiles_grid - INFO - Setting grid to 5 columns
2025-04-09 10:52:29,522 - parts_navigation.components.tiles_grid - INFO - Adjusting columns from 3 to 5
2025-04-09 10:52:29,522 - parts_navigation.components.tiles_grid - INFO - Setting grid to 5 columns
2025-04-09 10:52:29,522 - parts_navigation.components.tiles_grid - INFO - Adjusting columns from 4 to 5
2025-04-09 10:52:29,523 - parts_navigation.components.tiles_grid - INFO - Setting grid to 5 columns
2025-04-09 10:52:29,523 - parts_navigation.components.tiles_grid - INFO - Adjusting columns from 4 to 6
2025-04-09 10:52:29,523 - parts_navigation.components.tiles_grid - INFO - Setting grid to 6 columns
2025-04-09 10:52:32,189 - translations - WARNING - Missing translation for 'scan_barcode' in 'he'
2025-04-09 10:52:32,190 - translations - WARNING - Missing translation for 'waiting_for_scan' in 'he'
2025-04-09 10:52:32,190 - translations - WARNING - Missing translation for 'scan_note' in 'he'
2025-04-09 10:52:39,047 - gui.event_handlers - INFO - Closing database connection...
2025-04-09 10:52:39,063 - __main__ - INFO - Cleaning up application resources...
2025-04-09 10:52:39,063 - __main__ - INFO - Closing database connection...
2025-04-09 10:52:39,063 - __main__ - INFO - Cleaning up parts navigation resources...
2025-04-09 10:52:39,078 - database.car_parts_db - INFO - Thread 7180: New database connection established
2025-04-09 10:52:39,084 - __main__ - INFO - Application shutdown complete
2025-04-09 10:54:29,898 - root - INFO - Logging system initialized (level: INFO)
2025-04-09 10:54:29,898 - root - INFO - Log files directory: C:\Users\97253\Desktop\BeastMode-CSIntro-Excercises\CousinTestProject\logs
2025-04-09 10:54:29,940 - config - INFO - Determined application root: C:\Users\97253\Desktop\BeastMode-CSIntro-Excercises\CousinTestProject
2025-04-09 10:54:32,015 - __main__ - INFO - Application starting at: 2025-04-09 10:54:32
2025-04-09 10:54:32,016 - __main__ - INFO - Current user: BaselAM
2025-04-09 10:54:32,032 - __main__ - INFO - Initializing database connection...
2025-04-09 10:54:32,178 - database.car_parts_db - INFO - Thread 5968: Database connection established
2025-04-09 10:54:32,179 - database.car_parts_db - INFO - Initialized database connection to localhost
2025-04-09 10:54:32,211 - __main__ - INFO - Connected to database. Found 2845 parts.
2025-04-09 10:54:32,211 - translations - INFO - Loading translation files from C:\Users\97253\Desktop\BeastMode-CSIntro-Excercises\CousinTestProject\translations\data
2025-04-09 10:54:32,211 - translations - INFO - Loaded translations for namespace 'car_parts' from C:\Users\97253\Desktop\BeastMode-CSIntro-Excercises\CousinTestProject\translations\data\car_parts.json
2025-04-09 10:54:32,212 - translations - INFO - Loaded translations for namespace 'errors' from C:\Users\97253\Desktop\BeastMode-CSIntro-Excercises\CousinTestProject\translations\data\errors.json
2025-04-09 10:54:32,212 - translations - INFO - Loaded translations for namespace 'filters' from C:\Users\97253\Desktop\BeastMode-CSIntro-Excercises\CousinTestProject\translations\data\filters.json
2025-04-09 10:54:32,212 - translations - INFO - Loaded translations for namespace 'help' from C:\Users\97253\Desktop\BeastMode-CSIntro-Excercises\CousinTestProject\translations\data\help.json
2025-04-09 10:54:32,213 - translations - INFO - Loaded translations for namespace 'login' from C:\Users\97253\Desktop\BeastMode-CSIntro-Excercises\CousinTestProject\translations\data\login.json
2025-04-09 10:54:32,213 - translations - INFO - Loaded translations for namespace 'navigation' from C:\Users\97253\Desktop\BeastMode-CSIntro-Excercises\CousinTestProject\translations\data\navigation.json
2025-04-09 10:54:32,213 - translations - INFO - Loaded translations for namespace 'notifications' from C:\Users\97253\Desktop\BeastMode-CSIntro-Excercises\CousinTestProject\translations\data\notifications.json
2025-04-09 10:54:32,213 - translations - INFO - Loaded translations for namespace 'parts_nav_translations' from C:\Users\97253\Desktop\BeastMode-CSIntro-Excercises\CousinTestProject\translations\data\parts_nav_translations.json
2025-04-09 10:54:32,214 - translations - INFO - Loaded translations for namespace 'products' from C:\Users\97253\Desktop\BeastMode-CSIntro-Excercises\CousinTestProject\translations\data\products.json
2025-04-09 10:54:32,214 - translations - INFO - Loaded translations for namespace 'settings' from C:\Users\97253\Desktop\BeastMode-CSIntro-Excercises\CousinTestProject\translations\data\settings.json
2025-04-09 10:54:32,214 - translations - INFO - Loaded translations for namespace 'ui' from C:\Users\97253\Desktop\BeastMode-CSIntro-Excercises\CousinTestProject\translations\data\ui.json
2025-04-09 10:54:32,214 - translations - INFO - Loaded translations for namespace 'validations' from C:\Users\97253\Desktop\BeastMode-CSIntro-Excercises\CousinTestProject\translations\data\validations.json
2025-04-09 10:54:32,215 - translations - INFO - Loaded 12 translation files from C:\Users\97253\Desktop\BeastMode-CSIntro-Excercises\CousinTestProject\translations\data
2025-04-09 10:54:32,215 - translations - INFO - Loaded 12 translation files
2025-04-09 10:54:32,292 - UsersDB - INFO - Connected to user database at C:\Users\97253\Desktop\BeastMode-CSIntro-Excercises\CousinTestProject\database\users.db
2025-04-09 10:54:32,293 - UsersDB - INFO - Database tables created successfully
2025-04-09 10:54:32,698 - widgets.header.chatbot.api_key_manager - INFO - API key loaded successfully
2025-04-09 10:54:32,759 - widgets.header.chatbot.openai_client - INFO - OpenAI client initialized successfully
2025-04-09 10:54:32,825 - translations - WARNING - Missing translation for 'scan_barcode_tooltip' in 'he'
2025-04-09 10:54:33,120 - translations - WARNING - Missing translation for 'inventory_insights' in 'he'
2025-04-09 10:54:33,120 - translations - WARNING - Missing translation for 'categories' in 'he'
2025-04-09 10:54:33,120 - translations - WARNING - Missing translation for 'brands' in 'he'
2025-04-09 10:54:33,120 - translations - WARNING - Missing translation for 'low_stock' in 'he'
2025-04-09 10:54:33,121 - translations - WARNING - Missing translation for 'total_parts' in 'he'
2025-04-09 10:54:33,121 - translations - WARNING - Missing translation for 'total_value' in 'he'
2025-04-09 10:54:33,121 - translations - WARNING - Missing translation for 'average_price' in 'he'
2025-04-09 10:54:33,261 - parts_navigation.components.tiles_grid - INFO - Populating grid with 8 items using 4 columns
2025-04-09 10:54:33,377 - parts_navigation.container - INFO - All navigation steps created successfully
2025-04-09 10:54:33,379 - parts_navigation.components.tiles_grid - INFO - Grid has 4 active columns configured
2025-04-09 10:54:33,379 - parts_navigation.components.tiles_grid - INFO - Total tiles: 8
2025-04-09 10:54:33,379 - parts_navigation.components.tiles_grid - INFO - Visible tiles: 0
2025-04-09 10:54:33,379 - parts_navigation.container - INFO - Navigated to step 0
2025-04-09 10:54:33,606 - parts_navigation.container - INFO - Starting delayed brand preloading
2025-04-09 10:54:33,606 - parts_navigation.steps.brand - INFO - Starting to preload brands data
2025-04-09 10:54:33,823 - translations - WARNING - Missing translation for 'Internet: Connected' in 'he'
2025-04-09 10:54:33,909 - database.car_parts_db - INFO - Found 43 unique car brands in database
2025-04-09 10:54:33,909 - database.car_parts_db - INFO - Processed 43 unique car brands
2025-04-09 10:54:34,119 - parts_navigation.container - INFO - All navigation steps created successfully
2025-04-09 10:54:34,120 - parts_navigation.steps.brand - INFO - Preloaded 43 brands
2025-04-09 10:54:34,120 - parts_navigation.logo_manager - INFO - Preloading logos for 43 brands
2025-04-09 10:54:34,172 - parts_navigation.steps.brand - INFO - Loaded 43 unique brands
2025-04-09 10:54:34,172 - parts_navigation.components.tiles_grid - INFO - Populating grid with 43 items using 4 columns
2025-04-09 10:54:35,436 - parts_navigation.components.tiles_grid - INFO - Grid has 4 active columns configured
2025-04-09 10:54:35,436 - parts_navigation.components.tiles_grid - INFO - Total tiles: 43
2025-04-09 10:54:35,436 - parts_navigation.components.tiles_grid - INFO - Visible tiles: 0
2025-04-09 10:54:35,488 - parts_navigation.logo_manager - INFO - Found 31 already cached logos out of 43
2025-04-09 10:54:35,488 - parts_navigation.steps.brand - INFO - Started preloading 43 brand logos
2025-04-09 10:54:38,859 - UsersDB - INFO - User fahed authenticated successfully
2025-04-09 10:54:38,874 - __main__ - INFO - User logged in: {'id': 2, 'username': 'fahed', 'full_name': 'Fahed Abu Mukh', 'role': 'manager', 'settings': {'theme': 'classic', 'language': 'en', 'rtl': False}}
2025-04-09 10:54:40,264 - parts_navigation.components.tiles_grid - INFO - Adjusting columns from 3 to 5
2025-04-09 10:54:40,265 - parts_navigation.components.tiles_grid - INFO - Setting grid to 5 columns
2025-04-09 10:54:40,265 - parts_navigation.components.tiles_grid - INFO - Adjusting columns from 4 to 5
2025-04-09 10:54:40,265 - parts_navigation.components.tiles_grid - INFO - Setting grid to 5 columns
2025-04-09 10:54:40,267 - parts_navigation.components.tiles_grid - INFO - Adjusting columns from 4 to 5
2025-04-09 10:54:40,267 - parts_navigation.components.tiles_grid - INFO - Setting grid to 5 columns
2025-04-09 10:54:40,267 - parts_navigation.components.tiles_grid - INFO - Adjusting columns from 3 to 5
2025-04-09 10:54:40,267 - parts_navigation.components.tiles_grid - INFO - Setting grid to 5 columns
2025-04-09 10:54:40,268 - parts_navigation.components.tiles_grid - INFO - Adjusting columns from 4 to 5
2025-04-09 10:54:40,268 - parts_navigation.components.tiles_grid - INFO - Setting grid to 5 columns
2025-04-09 10:54:40,268 - parts_navigation.components.tiles_grid - INFO - Adjusting columns from 4 to 6
2025-04-09 10:54:40,269 - parts_navigation.components.tiles_grid - INFO - Setting grid to 6 columns
2025-04-09 10:54:42,873 - gui.event_handlers - INFO - Closing database connection...
2025-04-09 10:54:42,888 - __main__ - INFO - Cleaning up application resources...
2025-04-09 10:54:42,888 - __main__ - INFO - Closing database connection...
2025-04-09 10:54:42,888 - __main__ - INFO - Cleaning up parts navigation resources...
2025-04-09 10:54:42,903 - database.car_parts_db - INFO - Thread 5968: New database connection established
2025-04-09 10:54:42,906 - __main__ - INFO - Application shutdown complete
2025-04-09 10:57:09,467 - root - INFO - Logging system initialized (level: INFO)
2025-04-09 10:57:09,467 - root - INFO - Log files directory: C:\Users\97253\Desktop\BeastMode-CSIntro-Excercises\CousinTestProject\logs
2025-04-09 10:57:09,510 - config - INFO - Determined application root: C:\Users\97253\Desktop\BeastMode-CSIntro-Excercises\CousinTestProject
2025-04-09 10:57:11,393 - __main__ - INFO - Application starting at: 2025-04-09 10:57:11
2025-04-09 10:57:11,393 - __main__ - INFO - Current user: BaselAM
2025-04-09 10:57:11,413 - __main__ - INFO - Initializing database connection...
2025-04-09 10:57:11,568 - database.car_parts_db - INFO - Thread 15328: Database connection established
2025-04-09 10:57:11,568 - database.car_parts_db - INFO - Initialized database connection to localhost
2025-04-09 10:57:11,600 - __main__ - INFO - Connected to database. Found 2845 parts.
2025-04-09 10:57:11,601 - translations - INFO - Loading translation files from C:\Users\97253\Desktop\BeastMode-CSIntro-Excercises\CousinTestProject\translations\data
2025-04-09 10:57:11,601 - translations - INFO - Loaded translations for namespace 'car_parts' from C:\Users\97253\Desktop\BeastMode-CSIntro-Excercises\CousinTestProject\translations\data\car_parts.json
2025-04-09 10:57:11,601 - translations - INFO - Loaded translations for namespace 'errors' from C:\Users\97253\Desktop\BeastMode-CSIntro-Excercises\CousinTestProject\translations\data\errors.json
2025-04-09 10:57:11,602 - translations - INFO - Loaded translations for namespace 'filters' from C:\Users\97253\Desktop\BeastMode-CSIntro-Excercises\CousinTestProject\translations\data\filters.json
2025-04-09 10:57:11,602 - translations - INFO - Loaded translations for namespace 'help' from C:\Users\97253\Desktop\BeastMode-CSIntro-Excercises\CousinTestProject\translations\data\help.json
2025-04-09 10:57:11,603 - translations - INFO - Loaded translations for namespace 'login' from C:\Users\97253\Desktop\BeastMode-CSIntro-Excercises\CousinTestProject\translations\data\login.json
2025-04-09 10:57:11,603 - translations - INFO - Loaded translations for namespace 'navigation' from C:\Users\97253\Desktop\BeastMode-CSIntro-Excercises\CousinTestProject\translations\data\navigation.json
2025-04-09 10:57:11,603 - translations - INFO - Loaded translations for namespace 'notifications' from C:\Users\97253\Desktop\BeastMode-CSIntro-Excercises\CousinTestProject\translations\data\notifications.json
2025-04-09 10:57:11,605 - translations - INFO - Loaded translations for namespace 'parts_nav_translations' from C:\Users\97253\Desktop\BeastMode-CSIntro-Excercises\CousinTestProject\translations\data\parts_nav_translations.json
2025-04-09 10:57:11,606 - translations - INFO - Loaded translations for namespace 'products' from C:\Users\97253\Desktop\BeastMode-CSIntro-Excercises\CousinTestProject\translations\data\products.json
2025-04-09 10:57:11,606 - translations - INFO - Loaded translations for namespace 'settings' from C:\Users\97253\Desktop\BeastMode-CSIntro-Excercises\CousinTestProject\translations\data\settings.json
2025-04-09 10:57:11,606 - translations - INFO - Loaded translations for namespace 'ui' from C:\Users\97253\Desktop\BeastMode-CSIntro-Excercises\CousinTestProject\translations\data\ui.json
2025-04-09 10:57:11,607 - translations - INFO - Loaded translations for namespace 'validations' from C:\Users\97253\Desktop\BeastMode-CSIntro-Excercises\CousinTestProject\translations\data\validations.json
2025-04-09 10:57:11,607 - translations - INFO - Loaded 12 translation files from C:\Users\97253\Desktop\BeastMode-CSIntro-Excercises\CousinTestProject\translations\data
2025-04-09 10:57:11,607 - translations - INFO - Loaded 12 translation files
2025-04-09 10:57:11,685 - UsersDB - INFO - Connected to user database at C:\Users\97253\Desktop\BeastMode-CSIntro-Excercises\CousinTestProject\database\users.db
2025-04-09 10:57:11,687 - UsersDB - INFO - Database tables created successfully
2025-04-09 10:57:12,261 - widgets.header.chatbot.api_key_manager - INFO - API key loaded successfully
2025-04-09 10:57:12,333 - widgets.header.chatbot.openai_client - INFO - OpenAI client initialized successfully
2025-04-09 10:57:26,521 - root - INFO - Logging system initialized (level: INFO)
2025-04-09 10:57:26,521 - root - INFO - Log files directory: C:\Users\97253\Desktop\BeastMode-CSIntro-Excercises\CousinTestProject\logs
2025-04-09 10:57:26,561 - config - INFO - Determined application root: C:\Users\97253\Desktop\BeastMode-CSIntro-Excercises\CousinTestProject
2025-04-09 10:57:28,096 - __main__ - INFO - Application starting at: 2025-04-09 10:57:28
2025-04-09 10:57:28,096 - __main__ - INFO - Current user: BaselAM
2025-04-09 10:57:28,111 - __main__ - INFO - Initializing database connection...
2025-04-09 10:57:28,328 - database.car_parts_db - INFO - Thread 5196: Database connection established
2025-04-09 10:57:28,328 - database.car_parts_db - INFO - Initialized database connection to localhost
2025-04-09 10:57:28,366 - __main__ - INFO - Connected to database. Found 2845 parts.
2025-04-09 10:57:28,366 - translations - INFO - Loading translation files from C:\Users\97253\Desktop\BeastMode-CSIntro-Excercises\CousinTestProject\translations\data
2025-04-09 10:57:28,367 - translations - INFO - Loaded translations for namespace 'car_parts' from C:\Users\97253\Desktop\BeastMode-CSIntro-Excercises\CousinTestProject\translations\data\car_parts.json
2025-04-09 10:57:28,367 - translations - INFO - Loaded translations for namespace 'errors' from C:\Users\97253\Desktop\BeastMode-CSIntro-Excercises\CousinTestProject\translations\data\errors.json
2025-04-09 10:57:28,367 - translations - INFO - Loaded translations for namespace 'filters' from C:\Users\97253\Desktop\BeastMode-CSIntro-Excercises\CousinTestProject\translations\data\filters.json
2025-04-09 10:57:28,368 - translations - INFO - Loaded translations for namespace 'help' from C:\Users\97253\Desktop\BeastMode-CSIntro-Excercises\CousinTestProject\translations\data\help.json
2025-04-09 10:57:28,368 - translations - INFO - Loaded translations for namespace 'login' from C:\Users\97253\Desktop\BeastMode-CSIntro-Excercises\CousinTestProject\translations\data\login.json
2025-04-09 10:57:28,368 - translations - INFO - Loaded translations for namespace 'navigation' from C:\Users\97253\Desktop\BeastMode-CSIntro-Excercises\CousinTestProject\translations\data\navigation.json
2025-04-09 10:57:28,368 - translations - INFO - Loaded translations for namespace 'notifications' from C:\Users\97253\Desktop\BeastMode-CSIntro-Excercises\CousinTestProject\translations\data\notifications.json
2025-04-09 10:57:28,369 - translations - INFO - Loaded translations for namespace 'parts_nav_translations' from C:\Users\97253\Desktop\BeastMode-CSIntro-Excercises\CousinTestProject\translations\data\parts_nav_translations.json
2025-04-09 10:57:28,369 - translations - INFO - Loaded translations for namespace 'products' from C:\Users\97253\Desktop\BeastMode-CSIntro-Excercises\CousinTestProject\translations\data\products.json
2025-04-09 10:57:28,369 - translations - INFO - Loaded translations for namespace 'settings' from C:\Users\97253\Desktop\BeastMode-CSIntro-Excercises\CousinTestProject\translations\data\settings.json
2025-04-09 10:57:28,369 - translations - INFO - Loaded translations for namespace 'ui' from C:\Users\97253\Desktop\BeastMode-CSIntro-Excercises\CousinTestProject\translations\data\ui.json
2025-04-09 10:57:28,370 - translations - INFO - Loaded translations for namespace 'validations' from C:\Users\97253\Desktop\BeastMode-CSIntro-Excercises\CousinTestProject\translations\data\validations.json
2025-04-09 10:57:28,370 - translations - INFO - Loaded 12 translation files from C:\Users\97253\Desktop\BeastMode-CSIntro-Excercises\CousinTestProject\translations\data
2025-04-09 10:57:28,370 - translations - INFO - Loaded 12 translation files
2025-04-09 10:57:28,441 - UsersDB - INFO - Connected to user database at C:\Users\97253\Desktop\BeastMode-CSIntro-Excercises\CousinTestProject\database\users.db
2025-04-09 10:57:28,442 - UsersDB - INFO - Database tables created successfully
2025-04-09 10:57:28,927 - widgets.header.chatbot.api_key_manager - INFO - API key loaded successfully
2025-04-09 10:57:28,994 - widgets.header.chatbot.openai_client - INFO - OpenAI client initialized successfully
2025-04-09 10:57:29,053 - translations - WARNING - Missing translation for 'scan_barcode_tooltip' in 'he'
2025-04-09 10:57:29,404 - translations - WARNING - Missing translation for 'inventory_insights' in 'he'
2025-04-09 10:57:29,404 - translations - WARNING - Missing translation for 'categories' in 'he'
2025-04-09 10:57:29,404 - translations - WARNING - Missing translation for 'brands' in 'he'
2025-04-09 10:57:29,404 - translations - WARNING - Missing translation for 'low_stock' in 'he'
2025-04-09 10:57:29,404 - translations - WARNING - Missing translation for 'total_parts' in 'he'
2025-04-09 10:57:29,404 - translations - WARNING - Missing translation for 'total_value' in 'he'
2025-04-09 10:57:29,404 - translations - WARNING - Missing translation for 'average_price' in 'he'
2025-04-09 10:57:29,592 - parts_navigation.components.tiles_grid - INFO - Populating grid with 8 items using 4 columns
2025-04-09 10:57:29,660 - parts_navigation.components.tiles_grid - INFO - Grid has 4 active columns configured
2025-04-09 10:57:29,661 - parts_navigation.components.tiles_grid - INFO - Total tiles: 8
2025-04-09 10:57:29,661 - parts_navigation.components.tiles_grid - INFO - Visible tiles: 0
2025-04-09 10:57:29,661 - parts_navigation.container - INFO - Navigated to step 0
2025-04-09 10:57:29,913 - parts_navigation.container - INFO - All navigation steps created successfully
2025-04-09 10:57:29,913 - parts_navigation.container - INFO - Starting delayed brand preloading
2025-04-09 10:57:29,913 - parts_navigation.steps.brand - INFO - Starting to preload brands data
2025-04-09 10:57:30,063 - translations - WARNING - Missing translation for 'Internet: Connected' in 'he'
2025-04-09 10:57:30,153 - database.car_parts_db - INFO - Found 43 unique car brands in database
2025-04-09 10:57:30,153 - database.car_parts_db - INFO - Processed 43 unique car brands
2025-04-09 10:57:30,382 - parts_navigation.container - INFO - All navigation steps created successfully
2025-04-09 10:57:30,382 - parts_navigation.steps.brand - INFO - Preloaded 43 brands
2025-04-09 10:57:30,382 - parts_navigation.logo_manager - INFO - Preloading logos for 43 brands
2025-04-09 10:57:30,435 - parts_navigation.steps.brand - INFO - Loaded 43 unique brands
2025-04-09 10:57:30,435 - parts_navigation.components.tiles_grid - INFO - Populating grid with 43 items using 4 columns
2025-04-09 10:57:31,749 - parts_navigation.components.tiles_grid - INFO - Grid has 4 active columns configured
2025-04-09 10:57:31,749 - parts_navigation.components.tiles_grid - INFO - Total tiles: 43
2025-04-09 10:57:31,749 - parts_navigation.components.tiles_grid - INFO - Visible tiles: 0
2025-04-09 10:57:31,841 - parts_navigation.logo_manager - INFO - Found 31 already cached logos out of 43
2025-04-09 10:57:31,842 - parts_navigation.steps.brand - INFO - Started preloading 43 brand logos
2025-04-09 10:57:36,916 - UsersDB - INFO - User fahed authenticated successfully
2025-04-09 10:57:36,930 - __main__ - INFO - User logged in: {'id': 2, 'username': 'fahed', 'full_name': 'Fahed Abu Mukh', 'role': 'manager', 'settings': {'theme': 'classic', 'language': 'en', 'rtl': False}}
2025-04-09 10:57:38,929 - parts_navigation.components.tiles_grid - INFO - Adjusting columns from 3 to 5
2025-04-09 10:57:38,929 - parts_navigation.components.tiles_grid - INFO - Setting grid to 5 columns
2025-04-09 10:57:38,930 - parts_navigation.components.tiles_grid - INFO - Adjusting columns from 4 to 5
2025-04-09 10:57:38,930 - parts_navigation.components.tiles_grid - INFO - Setting grid to 5 columns
2025-04-09 10:57:38,931 - parts_navigation.components.tiles_grid - INFO - Adjusting columns from 4 to 5
2025-04-09 10:57:38,931 - parts_navigation.components.tiles_grid - INFO - Setting grid to 5 columns
2025-04-09 10:57:38,932 - parts_navigation.components.tiles_grid - INFO - Adjusting columns from 3 to 5
2025-04-09 10:57:38,932 - parts_navigation.components.tiles_grid - INFO - Setting grid to 5 columns
2025-04-09 10:57:38,932 - parts_navigation.components.tiles_grid - INFO - Adjusting columns from 4 to 5
2025-04-09 10:57:38,932 - parts_navigation.components.tiles_grid - INFO - Setting grid to 5 columns
2025-04-09 10:57:38,933 - parts_navigation.components.tiles_grid - INFO - Adjusting columns from 4 to 6
2025-04-09 10:57:38,933 - parts_navigation.components.tiles_grid - INFO - Setting grid to 6 columns
2025-04-09 10:57:40,843 - translations - WARNING - Missing translation for 'scan_barcode' in 'he'
2025-04-09 10:57:40,844 - translations - WARNING - Missing translation for 'waiting_for_scan' in 'he'
2025-04-09 10:57:40,845 - translations - WARNING - Missing translation for 'scan_note' in 'he'
2025-04-09 10:57:46,896 - translations - WARNING - Missing translation for 'barcode' in 'he'
2025-04-09 10:57:46,896 - translations - WARNING - Missing translation for 'barcode_placeholder' in 'he'
2025-04-09 10:58:10,410 - parts_navigation.components.tiles_grid - INFO - Populating grid with 8 items using 4 columns
2025-04-09 10:58:10,425 - parts_navigation.components.tiles_grid - INFO - Grid has 4 active columns configured
2025-04-09 10:58:10,425 - parts_navigation.components.tiles_grid - INFO - Total tiles: 8
2025-04-09 10:58:10,425 - parts_navigation.components.tiles_grid - INFO - Visible tiles: 0
2025-04-09 10:58:10,425 - parts_navigation.container - INFO - Navigated to step 0
2025-04-09 10:58:10,467 - parts_navigation.components.tiles_grid - INFO - Adjusting columns from 4 to 9
2025-04-09 10:58:10,467 - parts_navigation.components.tiles_grid - INFO - Setting grid to 9 columns
2025-04-09 10:58:10,516 - parts_navigation.container - INFO - All navigation steps created successfully
2025-04-09 10:58:10,516 - parts_navigation.container - INFO - Starting delayed brand preloading
2025-04-09 10:58:10,517 - parts_navigation.steps.brand - INFO - Starting to preload brands data
2025-04-09 10:58:10,541 - parts_navigation.components.tiles_grid - INFO - Adjusting columns from 4 to 5
2025-04-09 10:58:10,541 - parts_navigation.components.tiles_grid - INFO - Setting grid to 5 columns
2025-04-09 10:58:10,542 - parts_navigation.components.tiles_grid - INFO - Adjusting columns from 3 to 5
2025-04-09 10:58:10,542 - parts_navigation.components.tiles_grid - INFO - Setting grid to 5 columns
2025-04-09 10:58:10,543 - parts_navigation.components.tiles_grid - INFO - Adjusting columns from 4 to 5
2025-04-09 10:58:10,543 - parts_navigation.components.tiles_grid - INFO - Setting grid to 5 columns
2025-04-09 10:58:10,607 - parts_navigation.steps.brand - INFO - Preloaded 43 brands
2025-04-09 10:58:10,607 - parts_navigation.logo_manager - INFO - Preloading logos for 43 brands
2025-04-09 10:58:10,627 - parts_navigation.components.tiles_grid - INFO - Adjusting columns from 3 to 5
2025-04-09 10:58:10,627 - parts_navigation.components.tiles_grid - INFO - Setting grid to 5 columns
2025-04-09 10:58:10,629 - parts_navigation.components.tiles_grid - INFO - Adjusting columns from 4 to 5
2025-04-09 10:58:10,629 - parts_navigation.components.tiles_grid - INFO - Setting grid to 5 columns
2025-04-09 10:58:10,650 - parts_navigation.steps.brand - INFO - Loaded 43 unique brands
2025-04-09 10:58:10,650 - parts_navigation.components.tiles_grid - INFO - Populating grid with 43 items using 9 columns
2025-04-09 10:58:10,750 - parts_navigation.container - INFO - All navigation steps created successfully
2025-04-09 10:58:11,193 - parts_navigation.components.tiles_grid - INFO - Grid has 9 active columns configured
2025-04-09 10:58:11,194 - parts_navigation.components.tiles_grid - INFO - Total tiles: 43
2025-04-09 10:58:11,194 - parts_navigation.components.tiles_grid - INFO - Visible tiles: 43
2025-04-09 10:58:11,230 - parts_navigation.logo_manager - INFO - Found 31 already cached logos out of 43
2025-04-09 10:58:11,230 - parts_navigation.steps.brand - INFO - Started preloading 43 brand logos
2025-04-09 10:58:41,733 - gui.event_handlers - INFO - Closing database connection...
2025-04-09 10:58:41,764 - __main__ - INFO - Cleaning up application resources...
2025-04-09 10:58:41,765 - __main__ - INFO - Closing database connection...
2025-04-09 10:58:41,767 - __main__ - INFO - Cleaning up parts navigation resources...
2025-04-09 10:58:41,780 - database.car_parts_db - INFO - Thread 5196: New database connection established
2025-04-09 10:58:41,785 - __main__ - INFO - Application shutdown complete
2025-04-09 11:10:21,620 - root - INFO - Logging system initialized (level: INFO)
2025-04-09 11:10:21,621 - root - INFO - Log files directory: C:\Users\97253\Desktop\BeastMode-CSIntro-Excercises\CousinTestProject\logs
2025-04-09 11:10:21,793 - config - INFO - Determined application root: C:\Users\97253\Desktop\BeastMode-CSIntro-Excercises\CousinTestProject
2025-04-09 11:10:24,123 - __main__ - INFO - Application starting at: 2025-04-09 11:10:24
2025-04-09 11:10:24,124 - __main__ - INFO - Current user: BaselAM
2025-04-09 11:10:24,188 - __main__ - INFO - Initializing database connection...
2025-04-09 11:10:24,436 - database.car_parts_db - INFO - Thread 10824: Database connection established
2025-04-09 11:10:24,436 - database.car_parts_db - INFO - Initialized database connection to localhost
2025-04-09 11:10:24,468 - __main__ - INFO - Connected to database. Found 2845 parts.
2025-04-09 11:10:24,468 - translations - INFO - Loading translation files from C:\Users\97253\Desktop\BeastMode-CSIntro-Excercises\CousinTestProject\translations\data
2025-04-09 11:10:24,469 - translations - INFO - Loaded translations for namespace 'car_parts' from C:\Users\97253\Desktop\BeastMode-CSIntro-Excercises\CousinTestProject\translations\data\car_parts.json
2025-04-09 11:10:24,470 - translations - INFO - Loaded translations for namespace 'errors' from C:\Users\97253\Desktop\BeastMode-CSIntro-Excercises\CousinTestProject\translations\data\errors.json
2025-04-09 11:10:24,470 - translations - INFO - Loaded translations for namespace 'filters' from C:\Users\97253\Desktop\BeastMode-CSIntro-Excercises\CousinTestProject\translations\data\filters.json
2025-04-09 11:10:24,471 - translations - INFO - Loaded translations for namespace 'help' from C:\Users\97253\Desktop\BeastMode-CSIntro-Excercises\CousinTestProject\translations\data\help.json
2025-04-09 11:10:24,471 - translations - INFO - Loaded translations for namespace 'login' from C:\Users\97253\Desktop\BeastMode-CSIntro-Excercises\CousinTestProject\translations\data\login.json
2025-04-09 11:10:24,473 - translations - INFO - Loaded translations for namespace 'navigation' from C:\Users\97253\Desktop\BeastMode-CSIntro-Excercises\CousinTestProject\translations\data\navigation.json
2025-04-09 11:10:24,473 - translations - INFO - Loaded translations for namespace 'notifications' from C:\Users\97253\Desktop\BeastMode-CSIntro-Excercises\CousinTestProject\translations\data\notifications.json
2025-04-09 11:10:24,474 - translations - INFO - Loaded translations for namespace 'parts_nav_translations' from C:\Users\97253\Desktop\BeastMode-CSIntro-Excercises\CousinTestProject\translations\data\parts_nav_translations.json
2025-04-09 11:10:24,475 - translations - INFO - Loaded translations for namespace 'products' from C:\Users\97253\Desktop\BeastMode-CSIntro-Excercises\CousinTestProject\translations\data\products.json
2025-04-09 11:10:24,475 - translations - INFO - Loaded translations for namespace 'settings' from C:\Users\97253\Desktop\BeastMode-CSIntro-Excercises\CousinTestProject\translations\data\settings.json
2025-04-09 11:10:24,476 - translations - INFO - Loaded translations for namespace 'ui' from C:\Users\97253\Desktop\BeastMode-CSIntro-Excercises\CousinTestProject\translations\data\ui.json
2025-04-09 11:10:24,477 - translations - INFO - Loaded translations for namespace 'validations' from C:\Users\97253\Desktop\BeastMode-CSIntro-Excercises\CousinTestProject\translations\data\validations.json
2025-04-09 11:10:24,477 - translations - INFO - Loaded 12 translation files from C:\Users\97253\Desktop\BeastMode-CSIntro-Excercises\CousinTestProject\translations\data
2025-04-09 11:10:24,477 - translations - INFO - Loaded 12 translation files
2025-04-09 11:10:24,659 - UsersDB - INFO - Connected to user database at C:\Users\97253\Desktop\BeastMode-CSIntro-Excercises\CousinTestProject\database\users.db
2025-04-09 11:10:24,660 - UsersDB - INFO - Database tables created successfully
2025-04-09 11:10:25,368 - widgets.header.chatbot.api_key_manager - INFO - API key loaded successfully
2025-04-09 11:10:25,460 - widgets.header.chatbot.openai_client - INFO - OpenAI client initialized successfully
2025-04-09 11:10:25,547 - translations - WARNING - Missing translation for 'scan_barcode_tooltip' in 'he'
2025-04-09 11:10:25,923 - translations - WARNING - Missing translation for 'inventory_insights' in 'he'
2025-04-09 11:10:25,923 - translations - WARNING - Missing translation for 'categories' in 'he'
2025-04-09 11:10:25,923 - translations - WARNING - Missing translation for 'brands' in 'he'
2025-04-09 11:10:25,923 - translations - WARNING - Missing translation for 'low_stock' in 'he'
2025-04-09 11:10:25,923 - translations - WARNING - Missing translation for 'total_parts' in 'he'
2025-04-09 11:10:25,923 - translations - WARNING - Missing translation for 'total_value' in 'he'
2025-04-09 11:10:25,923 - translations - WARNING - Missing translation for 'average_price' in 'he'
2025-04-09 11:10:26,099 - parts_navigation.components.tiles_grid - INFO - Populating grid with 8 items using 4 columns
2025-04-09 11:10:26,244 - parts_navigation.container - INFO - All navigation steps created successfully
2025-04-09 11:10:26,246 - parts_navigation.components.tiles_grid - INFO - Grid has 4 active columns configured
2025-04-09 11:10:26,246 - parts_navigation.components.tiles_grid - INFO - Total tiles: 8
2025-04-09 11:10:26,247 - parts_navigation.components.tiles_grid - INFO - Visible tiles: 0
2025-04-09 11:10:26,247 - parts_navigation.container - INFO - Navigated to step 0
2025-04-09 11:10:26,600 - parts_navigation.container - INFO - Starting delayed brand preloading
2025-04-09 11:10:26,600 - parts_navigation.steps.brand - INFO - Starting to preload brands data
2025-04-09 11:10:26,841 - translations - WARNING - Missing translation for 'Internet: Connected' in 'he'
2025-04-09 11:10:26,963 - database.car_parts_db - INFO - Found 43 unique car brands in database
2025-04-09 11:10:26,963 - database.car_parts_db - INFO - Processed 43 unique car brands
2025-04-09 11:10:27,166 - parts_navigation.container - INFO - All navigation steps created successfully
2025-04-09 11:10:27,169 - parts_navigation.steps.brand - INFO - Preloaded 43 brands
2025-04-09 11:10:27,169 - parts_navigation.logo_manager - INFO - Preloading logos for 43 brands
2025-04-09 11:10:27,282 - parts_navigation.steps.brand - INFO - Loaded 43 unique brands
2025-04-09 11:10:27,283 - parts_navigation.components.tiles_grid - INFO - Populating grid with 43 items using 4 columns
2025-04-09 11:10:28,575 - parts_navigation.components.tiles_grid - INFO - Grid has 4 active columns configured
2025-04-09 11:10:28,575 - parts_navigation.components.tiles_grid - INFO - Total tiles: 43
2025-04-09 11:10:28,575 - parts_navigation.components.tiles_grid - INFO - Visible tiles: 0
2025-04-09 11:10:28,619 - parts_navigation.logo_manager - INFO - Found 31 already cached logos out of 43
2025-04-09 11:10:28,619 - parts_navigation.steps.brand - INFO - Started preloading 43 brand logos
2025-04-09 11:10:29,983 - UsersDB - INFO - User fahed authenticated successfully
2025-04-09 11:10:29,998 - __main__ - INFO - User logged in: {'id': 2, 'username': 'fahed', 'full_name': 'Fahed Abu Mukh', 'role': 'manager', 'settings': {'theme': 'classic', 'language': 'en', 'rtl': False}}
2025-04-09 11:10:31,970 - parts_navigation.components.tiles_grid - INFO - Adjusting columns from 3 to 5
2025-04-09 11:10:31,970 - parts_navigation.components.tiles_grid - INFO - Setting grid to 5 columns
2025-04-09 11:10:31,971 - parts_navigation.components.tiles_grid - INFO - Adjusting columns from 4 to 5
2025-04-09 11:10:31,971 - parts_navigation.components.tiles_grid - INFO - Setting grid to 5 columns
2025-04-09 11:10:31,973 - parts_navigation.components.tiles_grid - INFO - Adjusting columns from 4 to 5
2025-04-09 11:10:31,973 - parts_navigation.components.tiles_grid - INFO - Setting grid to 5 columns
2025-04-09 11:10:31,973 - parts_navigation.components.tiles_grid - INFO - Adjusting columns from 3 to 5
2025-04-09 11:10:31,973 - parts_navigation.components.tiles_grid - INFO - Setting grid to 5 columns
2025-04-09 11:10:31,976 - parts_navigation.components.tiles_grid - INFO - Adjusting columns from 4 to 5
2025-04-09 11:10:31,976 - parts_navigation.components.tiles_grid - INFO - Setting grid to 5 columns
2025-04-09 11:10:31,976 - parts_navigation.components.tiles_grid - INFO - Adjusting columns from 4 to 6
2025-04-09 11:10:31,976 - parts_navigation.components.tiles_grid - INFO - Setting grid to 6 columns
2025-04-09 11:10:35,630 - translations - WARNING - Missing translation for 'barcode' in 'he'
2025-04-09 11:10:35,632 - translations - WARNING - Missing translation for 'barcode_placeholder' in 'he'
2025-04-09 11:10:37,910 - translations - WARNING - Missing translation for 'scan_barcode' in 'he'
2025-04-09 11:10:37,911 - translations - WARNING - Missing translation for 'waiting_for_scan' in 'he'
2025-04-09 11:10:37,911 - translations - WARNING - Missing translation for 'scan_note' in 'he'
2025-04-09 11:10:45,610 - translations - WARNING - Missing translation for 'barcode_detected' in 'he'
2025-04-09 11:17:33,335 - parts_navigation.components.tiles_grid - INFO - Populating grid with 8 items using 4 columns
2025-04-09 11:17:33,350 - parts_navigation.components.tiles_grid - INFO - Grid has 4 active columns configured
2025-04-09 11:17:33,350 - parts_navigation.components.tiles_grid - INFO - Total tiles: 8
2025-04-09 11:17:33,350 - parts_navigation.components.tiles_grid - INFO - Visible tiles: 0
2025-04-09 11:17:33,350 - parts_navigation.container - INFO - Navigated to step 0
2025-04-09 11:17:33,387 - parts_navigation.components.tiles_grid - INFO - Adjusting columns from 4 to 9
2025-04-09 11:17:33,387 - parts_navigation.components.tiles_grid - INFO - Setting grid to 9 columns
2025-04-09 11:17:33,483 - parts_navigation.container - INFO - All navigation steps created successfully
2025-04-09 11:17:33,483 - parts_navigation.container - INFO - Starting delayed brand preloading
2025-04-09 11:17:33,484 - parts_navigation.steps.brand - INFO - Starting to preload brands data
2025-04-09 11:17:33,509 - parts_navigation.components.tiles_grid - INFO - Adjusting columns from 4 to 5
2025-04-09 11:17:33,509 - parts_navigation.components.tiles_grid - INFO - Setting grid to 5 columns
2025-04-09 11:17:33,509 - parts_navigation.components.tiles_grid - INFO - Adjusting columns from 3 to 5
2025-04-09 11:17:33,509 - parts_navigation.components.tiles_grid - INFO - Setting grid to 5 columns
2025-04-09 11:17:33,510 - parts_navigation.components.tiles_grid - INFO - Adjusting columns from 4 to 5
2025-04-09 11:17:33,510 - parts_navigation.components.tiles_grid - INFO - Setting grid to 5 columns
2025-04-09 11:17:33,588 - parts_navigation.steps.brand - INFO - Preloaded 43 brands
2025-04-09 11:17:33,588 - parts_navigation.logo_manager - INFO - Preloading logos for 43 brands
2025-04-09 11:17:33,605 - parts_navigation.components.tiles_grid - INFO - Adjusting columns from 3 to 5
2025-04-09 11:17:33,605 - parts_navigation.components.tiles_grid - INFO - Setting grid to 5 columns
2025-04-09 11:17:33,608 - parts_navigation.components.tiles_grid - INFO - Adjusting columns from 4 to 5
2025-04-09 11:17:33,608 - parts_navigation.components.tiles_grid - INFO - Setting grid to 5 columns
2025-04-09 11:17:33,616 - parts_navigation.steps.brand - INFO - Loaded 43 unique brands
2025-04-09 11:17:33,616 - parts_navigation.components.tiles_grid - INFO - Populating grid with 43 items using 9 columns
2025-04-09 11:17:33,717 - parts_navigation.container - INFO - All navigation steps created successfully
2025-04-09 11:17:34,188 - parts_navigation.components.tiles_grid - INFO - Grid has 9 active columns configured
2025-04-09 11:17:34,188 - parts_navigation.components.tiles_grid - INFO - Total tiles: 43
2025-04-09 11:17:34,189 - parts_navigation.components.tiles_grid - INFO - Visible tiles: 43
2025-04-09 11:17:34,284 - parts_navigation.logo_manager - INFO - Found 31 already cached logos out of 43
2025-04-09 11:17:34,285 - parts_navigation.steps.brand - INFO - Started preloading 43 brand logos
2025-04-09 11:17:35,526 - translations - WARNING - Missing translation for 'missing_steps_message' in 'he'
2025-04-09 11:17:35,528 - translations - WARNING - Missing translation for 'navigation_error' in 'he'
2025-04-09 11:24:47,617 - translations - WARNING - Missing translation for 'Internet: Disconnected' in 'he'
2025-04-09 11:25:26,096 - database.car_parts_db - INFO - Thread 10824: New database connection established
2025-04-09 12:44:55,646 - database.car_parts_db - INFO - Thread 10824: New database connection established
2025-04-09 12:45:10,315 - gui.event_handlers - INFO - Closing database connection...
2025-04-09 12:45:10,345 - __main__ - INFO - Cleaning up application resources...
2025-04-09 12:45:10,347 - __main__ - INFO - Closing database connection...
2025-04-09 12:45:10,347 - __main__ - INFO - Cleaning up parts navigation resources...
2025-04-09 12:45:10,358 - database.car_parts_db - INFO - Thread 10824: New database connection established
2025-04-09 12:45:10,361 - __main__ - INFO - Application shutdown complete
2025-04-09 12:53:17,751 - root - INFO - Logging system initialized (level: INFO)
2025-04-09 12:53:17,752 - root - INFO - Log files directory: C:\Users\97253\Desktop\BeastMode-CSIntro-Excercises\CousinTestProject\logs
2025-04-09 12:53:17,862 - config - INFO - Determined application root: C:\Users\97253\Desktop\BeastMode-CSIntro-Excercises\CousinTestProject
2025-04-09 12:53:19,828 - __main__ - INFO - Application starting at: 2025-04-09 12:53:19
2025-04-09 12:53:19,828 - __main__ - INFO - Current user: BaselAM
2025-04-09 12:53:19,869 - __main__ - INFO - Initializing database connection...
2025-04-09 12:53:20,221 - database.car_parts_db - INFO - Thread 10984: Database connection established
2025-04-09 12:53:20,221 - database.car_parts_db - INFO - Initialized database connection to localhost
2025-04-09 12:53:20,248 - __main__ - INFO - Connected to database. Found 2845 parts.
2025-04-09 12:53:20,248 - translations - INFO - Loading translation files from C:\Users\97253\Desktop\BeastMode-CSIntro-Excercises\CousinTestProject\translations\data
2025-04-09 12:53:20,249 - translations - INFO - Loaded translations for namespace 'car_parts' from C:\Users\97253\Desktop\BeastMode-CSIntro-Excercises\CousinTestProject\translations\data\car_parts.json
2025-04-09 12:53:20,250 - translations - INFO - Loaded translations for namespace 'errors' from C:\Users\97253\Desktop\BeastMode-CSIntro-Excercises\CousinTestProject\translations\data\errors.json
2025-04-09 12:53:20,250 - translations - INFO - Loaded translations for namespace 'filters' from C:\Users\97253\Desktop\BeastMode-CSIntro-Excercises\CousinTestProject\translations\data\filters.json
2025-04-09 12:53:20,250 - translations - INFO - Loaded translations for namespace 'help' from C:\Users\97253\Desktop\BeastMode-CSIntro-Excercises\CousinTestProject\translations\data\help.json
2025-04-09 12:53:20,250 - translations - INFO - Loaded translations for namespace 'login' from C:\Users\97253\Desktop\BeastMode-CSIntro-Excercises\CousinTestProject\translations\data\login.json
2025-04-09 12:53:20,250 - translations - INFO - Loaded translations for namespace 'navigation' from C:\Users\97253\Desktop\BeastMode-CSIntro-Excercises\CousinTestProject\translations\data\navigation.json
2025-04-09 12:53:20,250 - translations - INFO - Loaded translations for namespace 'notifications' from C:\Users\97253\Desktop\BeastMode-CSIntro-Excercises\CousinTestProject\translations\data\notifications.json
2025-04-09 12:53:20,251 - translations - INFO - Loaded translations for namespace 'parts_nav_translations' from C:\Users\97253\Desktop\BeastMode-CSIntro-Excercises\CousinTestProject\translations\data\parts_nav_translations.json
2025-04-09 12:53:20,251 - translations - INFO - Loaded translations for namespace 'products' from C:\Users\97253\Desktop\BeastMode-CSIntro-Excercises\CousinTestProject\translations\data\products.json
2025-04-09 12:53:20,251 - translations - INFO - Loaded translations for namespace 'settings' from C:\Users\97253\Desktop\BeastMode-CSIntro-Excercises\CousinTestProject\translations\data\settings.json
2025-04-09 12:53:20,251 - translations - INFO - Loaded translations for namespace 'ui' from C:\Users\97253\Desktop\BeastMode-CSIntro-Excercises\CousinTestProject\translations\data\ui.json
2025-04-09 12:53:20,252 - translations - INFO - Loaded translations for namespace 'validations' from C:\Users\97253\Desktop\BeastMode-CSIntro-Excercises\CousinTestProject\translations\data\validations.json
2025-04-09 12:53:20,252 - translations - INFO - Loaded 12 translation files from C:\Users\97253\Desktop\BeastMode-CSIntro-Excercises\CousinTestProject\translations\data
2025-04-09 12:53:20,252 - translations - INFO - Loaded 12 translation files
2025-04-09 12:53:20,352 - UsersDB - INFO - Connected to user database at C:\Users\97253\Desktop\BeastMode-CSIntro-Excercises\CousinTestProject\database\users.db
2025-04-09 12:53:20,352 - UsersDB - INFO - Database tables created successfully
2025-04-09 12:53:21,032 - widgets.header.chatbot.api_key_manager - INFO - API key loaded successfully
2025-04-09 12:53:21,120 - widgets.header.chatbot.openai_client - INFO - OpenAI client initialized successfully
2025-04-09 12:53:21,206 - translations - WARNING - Missing translation for 'scan_barcode_tooltip' in 'he'
2025-04-09 12:53:21,442 - translations - WARNING - Missing translation for 'inventory_insights' in 'he'
2025-04-09 12:53:21,442 - translations - WARNING - Missing translation for 'categories' in 'he'
2025-04-09 12:53:21,442 - translations - WARNING - Missing translation for 'brands' in 'he'
2025-04-09 12:53:21,442 - translations - WARNING - Missing translation for 'low_stock' in 'he'
2025-04-09 12:53:21,442 - translations - WARNING - Missing translation for 'total_parts' in 'he'
2025-04-09 12:53:21,443 - translations - WARNING - Missing translation for 'total_value' in 'he'
2025-04-09 12:53:21,443 - translations - WARNING - Missing translation for 'average_price' in 'he'
2025-04-09 12:53:21,562 - parts_navigation.components.tiles_grid - INFO - Populating grid with 8 items using 4 columns
2025-04-09 12:53:21,605 - parts_navigation.components.tiles_grid - INFO - Grid has 4 active columns configured
2025-04-09 12:53:21,605 - parts_navigation.components.tiles_grid - INFO - Total tiles: 8
2025-04-09 12:53:21,605 - parts_navigation.components.tiles_grid - INFO - Visible tiles: 0
2025-04-09 12:53:21,605 - parts_navigation.container - INFO - Navigated to step 0
2025-04-09 12:53:21,791 - parts_navigation.container - INFO - All navigation steps created successfully
2025-04-09 12:53:21,911 - parts_navigation.container - INFO - Starting delayed brand preloading
2025-04-09 12:53:21,911 - parts_navigation.steps.brand - INFO - Starting to preload brands data
2025-04-09 12:53:21,936 - translations - WARNING - Missing translation for 'Internet: Connected' in 'he'
2025-04-09 12:53:21,973 - database.car_parts_db - INFO - Found 43 unique car brands in database
2025-04-09 12:53:21,973 - database.car_parts_db - INFO - Processed 43 unique car brands
2025-04-09 12:53:22,091 - parts_navigation.steps.brand - INFO - Preloaded 43 brands
2025-04-09 12:53:22,092 - parts_navigation.logo_manager - INFO - Preloading logos for 43 brands
2025-04-09 12:53:22,185 - parts_navigation.steps.brand - INFO - Loaded 43 unique brands
2025-04-09 12:53:22,185 - parts_navigation.components.tiles_grid - INFO - Populating grid with 43 items using 4 columns
2025-04-09 12:53:22,266 - parts_navigation.container - INFO - All navigation steps created successfully
2025-04-09 12:53:23,112 - parts_navigation.components.tiles_grid - INFO - Grid has 4 active columns configured
2025-04-09 12:53:23,112 - parts_navigation.components.tiles_grid - INFO - Total tiles: 43
2025-04-09 12:53:23,113 - parts_navigation.components.tiles_grid - INFO - Visible tiles: 0
2025-04-09 12:53:23,150 - parts_navigation.logo_manager - INFO - Found 31 already cached logos out of 43
2025-04-09 12:53:23,150 - parts_navigation.steps.brand - INFO - Started preloading 43 brand logos
2025-04-09 12:53:24,604 - UsersDB - INFO - User fahed authenticated successfully
2025-04-09 12:53:24,614 - __main__ - INFO - User logged in: {'id': 2, 'username': 'fahed', 'full_name': 'Fahed Abu Mukh', 'role': 'manager', 'settings': {'theme': 'classic', 'language': 'en', 'rtl': False}}
2025-04-09 12:53:25,490 - parts_navigation.components.tiles_grid - INFO - Adjusting columns from 3 to 5
2025-04-09 12:53:25,491 - parts_navigation.components.tiles_grid - INFO - Setting grid to 5 columns
2025-04-09 12:53:25,492 - parts_navigation.components.tiles_grid - INFO - Adjusting columns from 4 to 5
2025-04-09 12:53:25,492 - parts_navigation.components.tiles_grid - INFO - Setting grid to 5 columns
2025-04-09 12:53:25,495 - parts_navigation.components.tiles_grid - INFO - Adjusting columns from 4 to 5
2025-04-09 12:53:25,496 - parts_navigation.components.tiles_grid - INFO - Setting grid to 5 columns
2025-04-09 12:53:25,497 - parts_navigation.components.tiles_grid - INFO - Adjusting columns from 3 to 5
2025-04-09 12:53:25,497 - parts_navigation.components.tiles_grid - INFO - Setting grid to 5 columns
2025-04-09 12:53:25,499 - parts_navigation.components.tiles_grid - INFO - Adjusting columns from 4 to 5
2025-04-09 12:53:25,499 - parts_navigation.components.tiles_grid - INFO - Setting grid to 5 columns
2025-04-09 12:53:25,499 - parts_navigation.components.tiles_grid - INFO - Adjusting columns from 4 to 6
2025-04-09 12:53:25,500 - parts_navigation.components.tiles_grid - INFO - Setting grid to 6 columns
2025-04-09 12:53:59,893 - gui.event_handlers - INFO - Closing database connection...
2025-04-09 12:53:59,904 - __main__ - INFO - Cleaning up application resources...
2025-04-09 12:53:59,905 - __main__ - INFO - Closing database connection...
2025-04-09 12:53:59,905 - __main__ - INFO - Cleaning up parts navigation resources...
2025-04-09 12:53:59,917 - database.car_parts_db - INFO - Thread 10984: New database connection established
2025-04-09 12:53:59,920 - __main__ - INFO - Application shutdown complete
2025-04-09 12:56:20,341 - root - INFO - Logging system initialized (level: INFO)
2025-04-09 12:56:20,341 - root - INFO - Log files directory: C:\Users\97253\Desktop\BeastMode-CSIntro-Excercises\CousinTestProject\logs
2025-04-09 12:56:20,392 - config - INFO - Determined application root: C:\Users\97253\Desktop\BeastMode-CSIntro-Excercises\CousinTestProject
2025-04-09 12:58:57,667 - root - INFO - Logging system initialized (level: INFO)
2025-04-09 12:58:57,667 - root - INFO - Log files directory: C:\Users\97253\Desktop\BeastMode-CSIntro-Excercises\CousinTestProject\logs
2025-04-09 12:58:57,771 - config - INFO - Determined application root: C:\Users\97253\Desktop\BeastMode-CSIntro-Excercises\CousinTestProject
2025-04-09 12:59:00,067 - __main__ - INFO - Application starting at: 2025-04-09 12:59:00
2025-04-09 12:59:00,067 - __main__ - INFO - Current user: BaselAM
2025-04-09 12:59:00,124 - __main__ - INFO - Initializing database connection...
2025-04-09 12:59:00,319 - database.car_parts_db - INFO - Thread 7140: Database connection established
2025-04-09 12:59:00,319 - database.car_parts_db - INFO - Initialized database connection to localhost
2025-04-09 12:59:00,348 - __main__ - INFO - Connected to database. Found 2845 parts.
2025-04-09 12:59:00,348 - translations - INFO - Loading translation files from C:\Users\97253\Desktop\BeastMode-CSIntro-Excercises\CousinTestProject\translations\data
2025-04-09 12:59:00,350 - translations - INFO - Loaded translations for namespace 'barcode' from C:\Users\97253\Desktop\BeastMode-CSIntro-Excercises\CousinTestProject\translations\data\barcode.json
2025-04-09 12:59:00,350 - translations - INFO - Loaded translations for namespace 'car_parts' from C:\Users\97253\Desktop\BeastMode-CSIntro-Excercises\CousinTestProject\translations\data\car_parts.json
2025-04-09 12:59:00,351 - translations - INFO - Loaded translations for namespace 'errors' from C:\Users\97253\Desktop\BeastMode-CSIntro-Excercises\CousinTestProject\translations\data\errors.json
2025-04-09 12:59:00,352 - translations - INFO - Loaded translations for namespace 'filters' from C:\Users\97253\Desktop\BeastMode-CSIntro-Excercises\CousinTestProject\translations\data\filters.json
2025-04-09 12:59:00,352 - translations - INFO - Loaded translations for namespace 'help' from C:\Users\97253\Desktop\BeastMode-CSIntro-Excercises\CousinTestProject\translations\data\help.json
2025-04-09 12:59:00,353 - translations - INFO - Loaded translations for namespace 'login' from C:\Users\97253\Desktop\BeastMode-CSIntro-Excercises\CousinTestProject\translations\data\login.json
2025-04-09 12:59:00,353 - translations - INFO - Loaded translations for namespace 'navigation' from C:\Users\97253\Desktop\BeastMode-CSIntro-Excercises\CousinTestProject\translations\data\navigation.json
2025-04-09 12:59:00,354 - translations - INFO - Loaded translations for namespace 'notifications' from C:\Users\97253\Desktop\BeastMode-CSIntro-Excercises\CousinTestProject\translations\data\notifications.json
2025-04-09 12:59:00,355 - translations - INFO - Loaded translations for namespace 'parts_nav_translations' from C:\Users\97253\Desktop\BeastMode-CSIntro-Excercises\CousinTestProject\translations\data\parts_nav_translations.json
2025-04-09 12:59:00,355 - translations - INFO - Loaded translations for namespace 'products' from C:\Users\97253\Desktop\BeastMode-CSIntro-Excercises\CousinTestProject\translations\data\products.json
2025-04-09 12:59:00,356 - translations - INFO - Loaded translations for namespace 'settings' from C:\Users\97253\Desktop\BeastMode-CSIntro-Excercises\CousinTestProject\translations\data\settings.json
2025-04-09 12:59:00,356 - translations - INFO - Loaded translations for namespace 'ui' from C:\Users\97253\Desktop\BeastMode-CSIntro-Excercises\CousinTestProject\translations\data\ui.json
2025-04-09 12:59:00,356 - translations - INFO - Loaded translations for namespace 'validations' from C:\Users\97253\Desktop\BeastMode-CSIntro-Excercises\CousinTestProject\translations\data\validations.json
2025-04-09 12:59:00,357 - translations - INFO - Loaded 13 translation files from C:\Users\97253\Desktop\BeastMode-CSIntro-Excercises\CousinTestProject\translations\data
2025-04-09 12:59:00,357 - translations - INFO - Loaded 13 translation files
2025-04-09 12:59:00,524 - UsersDB - INFO - Connected to user database at C:\Users\97253\Desktop\BeastMode-CSIntro-Excercises\CousinTestProject\database\users.db
2025-04-09 12:59:00,526 - UsersDB - INFO - Database tables created successfully
2025-04-09 12:59:01,165 - widgets.header.chatbot.api_key_manager - INFO - API key loaded successfully
2025-04-09 12:59:01,262 - widgets.header.chatbot.openai_client - INFO - OpenAI client initialized successfully
2025-04-09 12:59:01,657 - translations - WARNING - Missing translation for 'inventory_insights' in 'he'
2025-04-09 12:59:01,657 - translations - WARNING - Missing translation for 'categories' in 'he'
2025-04-09 12:59:01,657 - translations - WARNING - Missing translation for 'brands' in 'he'
2025-04-09 12:59:01,657 - translations - WARNING - Missing translation for 'low_stock' in 'he'
2025-04-09 12:59:01,657 - translations - WARNING - Missing translation for 'total_parts' in 'he'
2025-04-09 12:59:01,657 - translations - WARNING - Missing translation for 'total_value' in 'he'
2025-04-09 12:59:01,657 - translations - WARNING - Missing translation for 'average_price' in 'he'
2025-04-09 12:59:01,796 - parts_navigation.components.tiles_grid - INFO - Populating grid with 8 items using 4 columns
2025-04-09 12:59:01,846 - parts_navigation.components.tiles_grid - INFO - Grid has 4 active columns configured
2025-04-09 12:59:01,846 - parts_navigation.components.tiles_grid - INFO - Total tiles: 8
2025-04-09 12:59:01,846 - parts_navigation.components.tiles_grid - INFO - Visible tiles: 0
2025-04-09 12:59:01,846 - parts_navigation.container - INFO - Navigated to step 0
2025-04-09 12:59:02,030 - parts_navigation.container - INFO - All navigation steps created successfully
2025-04-09 12:59:02,158 - parts_navigation.container - INFO - Starting delayed brand preloading
2025-04-09 12:59:02,158 - parts_navigation.steps.brand - INFO - Starting to preload brands data
2025-04-09 12:59:02,161 - translations - WARNING - Missing translation for 'Internet: Connected' in 'he'
2025-04-09 12:59:02,205 - database.car_parts_db - INFO - Found 43 unique car brands in database
2025-04-09 12:59:02,206 - database.car_parts_db - INFO - Processed 43 unique car brands
2025-04-09 12:59:02,327 - parts_navigation.steps.brand - INFO - Preloaded 43 brands
2025-04-09 12:59:02,327 - parts_navigation.logo_manager - INFO - Preloading logos for 43 brands
2025-04-09 12:59:02,430 - parts_navigation.steps.brand - INFO - Loaded 43 unique brands
2025-04-09 12:59:02,430 - parts_navigation.components.tiles_grid - INFO - Populating grid with 43 items using 4 columns
2025-04-09 12:59:02,517 - parts_navigation.container - INFO - All navigation steps created successfully
2025-04-09 12:59:03,454 - parts_navigation.components.tiles_grid - INFO - Grid has 4 active columns configured
2025-04-09 12:59:03,454 - parts_navigation.components.tiles_grid - INFO - Total tiles: 43
2025-04-09 12:59:03,454 - parts_navigation.components.tiles_grid - INFO - Visible tiles: 0
2025-04-09 12:59:03,495 - parts_navigation.logo_manager - INFO - Found 31 already cached logos out of 43
2025-04-09 12:59:03,495 - parts_navigation.steps.brand - INFO - Started preloading 43 brand logos
2025-04-09 12:59:07,583 - UsersDB - INFO - User fahed authenticated successfully
2025-04-09 12:59:07,592 - __main__ - INFO - User logged in: {'id': 2, 'username': 'fahed', 'full_name': 'Fahed Abu Mukh', 'role': 'manager', 'settings': {'theme': 'classic', 'language': 'en', 'rtl': False}}
2025-04-09 12:59:08,396 - parts_navigation.components.tiles_grid - INFO - Adjusting columns from 3 to 5
2025-04-09 12:59:08,396 - parts_navigation.components.tiles_grid - INFO - Setting grid to 5 columns
2025-04-09 12:59:08,397 - parts_navigation.components.tiles_grid - INFO - Adjusting columns from 4 to 5
2025-04-09 12:59:08,398 - parts_navigation.components.tiles_grid - INFO - Setting grid to 5 columns
2025-04-09 12:59:08,400 - parts_navigation.components.tiles_grid - INFO - Adjusting columns from 4 to 5
2025-04-09 12:59:08,400 - parts_navigation.components.tiles_grid - INFO - Setting grid to 5 columns
2025-04-09 12:59:08,401 - parts_navigation.components.tiles_grid - INFO - Adjusting columns from 3 to 5
2025-04-09 12:59:08,401 - parts_navigation.components.tiles_grid - INFO - Setting grid to 5 columns
2025-04-09 12:59:08,403 - parts_navigation.components.tiles_grid - INFO - Adjusting columns from 4 to 5
2025-04-09 12:59:08,404 - parts_navigation.components.tiles_grid - INFO - Setting grid to 5 columns
2025-04-09 12:59:08,404 - parts_navigation.components.tiles_grid - INFO - Adjusting columns from 4 to 6
2025-04-09 12:59:08,404 - parts_navigation.components.tiles_grid - INFO - Setting grid to 6 columns
2025-04-09 12:59:10,075 - translations - WARNING - Missing translation for 'barcode' in 'he'
2025-04-09 12:59:10,075 - translations - WARNING - Missing translation for 'barcode_placeholder' in 'he'
2025-04-09 12:59:24,522 - gui.event_handlers - INFO - Closing database connection...
2025-04-09 12:59:24,533 - __main__ - INFO - Cleaning up application resources...
2025-04-09 12:59:24,534 - __main__ - INFO - Closing database connection...
2025-04-09 12:59:24,534 - __main__ - INFO - Cleaning up parts navigation resources...
2025-04-09 12:59:24,544 - database.car_parts_db - INFO - Thread 7140: New database connection established
2025-04-09 12:59:24,547 - __main__ - INFO - Application shutdown complete
2025-04-09 13:00:15,177 - root - INFO - Logging system initialized (level: INFO)
2025-04-09 13:00:15,178 - root - INFO - Log files directory: C:\Users\97253\Desktop\BeastMode-CSIntro-Excercises\CousinTestProject\logs
2025-04-09 13:00:15,218 - config - INFO - Determined application root: C:\Users\97253\Desktop\BeastMode-CSIntro-Excercises\CousinTestProject
2025-04-09 13:00:23,246 - root - INFO - Logging system initialized (level: INFO)
2025-04-09 13:00:23,246 - root - INFO - Log files directory: C:\Users\97253\Desktop\BeastMode-CSIntro-Excercises\CousinTestProject\logs
2025-04-09 13:00:23,282 - config - INFO - Determined application root: C:\Users\97253\Desktop\BeastMode-CSIntro-Excercises\CousinTestProject
2025-04-09 13:00:24,323 - __main__ - INFO - Application starting at: 2025-04-09 13:00:24
2025-04-09 13:00:24,323 - __main__ - INFO - Current user: BaselAM
2025-04-09 13:00:24,335 - __main__ - INFO - Initializing database connection...
2025-04-09 13:00:24,434 - database.car_parts_db - INFO - Thread 13716: Database connection established
2025-04-09 13:00:24,434 - database.car_parts_db - INFO - Initialized database connection to localhost
2025-04-09 13:00:24,455 - __main__ - INFO - Connected to database. Found 2845 parts.
2025-04-09 13:00:24,455 - translations - INFO - Loading translation files from C:\Users\97253\Desktop\BeastMode-CSIntro-Excercises\CousinTestProject\translations\data
2025-04-09 13:00:24,455 - translations - INFO - Loaded translations for namespace 'barcode' from C:\Users\97253\Desktop\BeastMode-CSIntro-Excercises\CousinTestProject\translations\data\barcode.json
2025-04-09 13:00:24,456 - translations - INFO - Loaded translations for namespace 'car_parts' from C:\Users\97253\Desktop\BeastMode-CSIntro-Excercises\CousinTestProject\translations\data\car_parts.json
2025-04-09 13:00:24,456 - translations - INFO - Loaded translations for namespace 'errors' from C:\Users\97253\Desktop\BeastMode-CSIntro-Excercises\CousinTestProject\translations\data\errors.json
2025-04-09 13:00:24,456 - translations - INFO - Loaded translations for namespace 'filters' from C:\Users\97253\Desktop\BeastMode-CSIntro-Excercises\CousinTestProject\translations\data\filters.json
2025-04-09 13:00:24,456 - translations - INFO - Loaded translations for namespace 'help' from C:\Users\97253\Desktop\BeastMode-CSIntro-Excercises\CousinTestProject\translations\data\help.json
2025-04-09 13:00:24,456 - translations - INFO - Loaded translations for namespace 'login' from C:\Users\97253\Desktop\BeastMode-CSIntro-Excercises\CousinTestProject\translations\data\login.json
2025-04-09 13:00:24,457 - translations - INFO - Loaded translations for namespace 'navigation' from C:\Users\97253\Desktop\BeastMode-CSIntro-Excercises\CousinTestProject\translations\data\navigation.json
2025-04-09 13:00:24,457 - translations - INFO - Loaded translations for namespace 'notifications' from C:\Users\97253\Desktop\BeastMode-CSIntro-Excercises\CousinTestProject\translations\data\notifications.json
2025-04-09 13:00:24,457 - translations - INFO - Loaded translations for namespace 'parts_nav_translations' from C:\Users\97253\Desktop\BeastMode-CSIntro-Excercises\CousinTestProject\translations\data\parts_nav_translations.json
2025-04-09 13:00:24,457 - translations - INFO - Loaded translations for namespace 'products' from C:\Users\97253\Desktop\BeastMode-CSIntro-Excercises\CousinTestProject\translations\data\products.json
2025-04-09 13:00:24,458 - translations - INFO - Loaded translations for namespace 'settings' from C:\Users\97253\Desktop\BeastMode-CSIntro-Excercises\CousinTestProject\translations\data\settings.json
2025-04-09 13:00:24,458 - translations - INFO - Loaded translations for namespace 'ui' from C:\Users\97253\Desktop\BeastMode-CSIntro-Excercises\CousinTestProject\translations\data\ui.json
2025-04-09 13:00:24,458 - translations - INFO - Loaded translations for namespace 'validations' from C:\Users\97253\Desktop\BeastMode-CSIntro-Excercises\CousinTestProject\translations\data\validations.json
2025-04-09 13:00:24,458 - translations - INFO - Loaded 13 translation files from C:\Users\97253\Desktop\BeastMode-CSIntro-Excercises\CousinTestProject\translations\data
2025-04-09 13:00:24,458 - translations - INFO - Loaded 13 translation files
2025-04-09 13:00:24,511 - UsersDB - INFO - Connected to user database at C:\Users\97253\Desktop\BeastMode-CSIntro-Excercises\CousinTestProject\database\users.db
2025-04-09 13:00:24,512 - UsersDB - INFO - Database tables created successfully
2025-04-09 13:00:24,789 - widgets.header.chatbot.api_key_manager - INFO - API key loaded successfully
2025-04-09 13:00:24,865 - widgets.header.chatbot.openai_client - INFO - OpenAI client initialized successfully
2025-04-09 13:00:25,137 - translations - WARNING - Missing translation for 'inventory_insights' in 'he'
2025-04-09 13:00:25,137 - translations - WARNING - Missing translation for 'categories' in 'he'
2025-04-09 13:00:25,137 - translations - WARNING - Missing translation for 'brands' in 'he'
2025-04-09 13:00:25,138 - translations - WARNING - Missing translation for 'low_stock' in 'he'
2025-04-09 13:00:25,138 - translations - WARNING - Missing translation for 'total_parts' in 'he'
2025-04-09 13:00:25,138 - translations - WARNING - Missing translation for 'total_value' in 'he'
2025-04-09 13:00:25,138 - translations - WARNING - Missing translation for 'average_price' in 'he'
2025-04-09 13:00:25,268 - parts_navigation.components.tiles_grid - INFO - Populating grid with 8 items using 4 columns
2025-04-09 13:00:25,315 - parts_navigation.components.tiles_grid - INFO - Grid has 4 active columns configured
2025-04-09 13:00:25,315 - parts_navigation.components.tiles_grid - INFO - Total tiles: 8
2025-04-09 13:00:25,315 - parts_navigation.components.tiles_grid - INFO - Visible tiles: 0
2025-04-09 13:00:25,315 - parts_navigation.container - INFO - Navigated to step 0
2025-04-09 13:00:25,534 - parts_navigation.container - INFO - All navigation steps created successfully
2025-04-09 13:00:25,656 - parts_navigation.container - INFO - Starting delayed brand preloading
2025-04-09 13:00:25,656 - parts_navigation.steps.brand - INFO - Starting to preload brands data
2025-04-09 13:00:25,675 - translations - WARNING - Missing translation for 'Internet: Connected' in 'he'
2025-04-09 13:00:25,701 - database.car_parts_db - INFO - Found 43 unique car brands in database
2025-04-09 13:00:25,701 - database.car_parts_db - INFO - Processed 43 unique car brands
2025-04-09 13:00:25,817 - parts_navigation.steps.brand - INFO - Preloaded 43 brands
2025-04-09 13:00:25,817 - parts_navigation.logo_manager - INFO - Preloading logos for 43 brands
2025-04-09 13:00:25,857 - parts_navigation.steps.brand - INFO - Loaded 43 unique brands
2025-04-09 13:00:25,858 - parts_navigation.components.tiles_grid - INFO - Populating grid with 43 items using 4 columns
2025-04-09 13:00:25,940 - parts_navigation.container - INFO - All navigation steps created successfully
2025-04-09 13:00:26,798 - parts_navigation.components.tiles_grid - INFO - Grid has 4 active columns configured
2025-04-09 13:00:26,798 - parts_navigation.components.tiles_grid - INFO - Total tiles: 43
2025-04-09 13:00:26,798 - parts_navigation.components.tiles_grid - INFO - Visible tiles: 0
2025-04-09 13:00:26,829 - parts_navigation.logo_manager - INFO - Found 31 already cached logos out of 43
2025-04-09 13:00:26,829 - parts_navigation.steps.brand - INFO - Started preloading 43 brand logos
2025-04-09 13:00:28,352 - UsersDB - INFO - User fahed authenticated successfully
2025-04-09 13:00:28,363 - __main__ - INFO - User logged in: {'id': 2, 'username': 'fahed', 'full_name': 'Fahed Abu Mukh', 'role': 'manager', 'settings': {'theme': 'classic', 'language': 'en', 'rtl': False}}
2025-04-09 13:00:29,226 - parts_navigation.components.tiles_grid - INFO - Adjusting columns from 3 to 5
2025-04-09 13:00:29,226 - parts_navigation.components.tiles_grid - INFO - Setting grid to 5 columns
2025-04-09 13:00:29,228 - parts_navigation.components.tiles_grid - INFO - Adjusting columns from 4 to 5
2025-04-09 13:00:29,228 - parts_navigation.components.tiles_grid - INFO - Setting grid to 5 columns
2025-04-09 13:00:29,231 - parts_navigation.components.tiles_grid - INFO - Adjusting columns from 4 to 5
2025-04-09 13:00:29,231 - parts_navigation.components.tiles_grid - INFO - Setting grid to 5 columns
2025-04-09 13:00:29,232 - parts_navigation.components.tiles_grid - INFO - Adjusting columns from 3 to 5
2025-04-09 13:00:29,232 - parts_navigation.components.tiles_grid - INFO - Setting grid to 5 columns
2025-04-09 13:00:29,233 - parts_navigation.components.tiles_grid - INFO - Adjusting columns from 4 to 5
2025-04-09 13:00:29,234 - parts_navigation.components.tiles_grid - INFO - Setting grid to 5 columns
2025-04-09 13:00:29,234 - parts_navigation.components.tiles_grid - INFO - Adjusting columns from 4 to 6
2025-04-09 13:00:29,235 - parts_navigation.components.tiles_grid - INFO - Setting grid to 6 columns
2025-04-09 13:00:38,957 - gui.event_handlers - INFO - Closing database connection...
2025-04-09 13:00:38,969 - __main__ - INFO - Cleaning up application resources...
2025-04-09 13:00:38,970 - __main__ - INFO - Closing database connection...
2025-04-09 13:00:38,970 - __main__ - INFO - Cleaning up parts navigation resources...
2025-04-09 13:00:38,981 - database.car_parts_db - INFO - Thread 13716: New database connection established
2025-04-09 13:00:38,985 - __main__ - INFO - Application shutdown complete
2025-04-09 13:01:32,260 - root - INFO - Logging system initialized (level: INFO)
2025-04-09 13:01:32,260 - root - INFO - Log files directory: C:\Users\97253\Desktop\BeastMode-CSIntro-Excercises\CousinTestProject\logs
2025-04-09 13:01:32,292 - config - INFO - Determined application root: C:\Users\97253\Desktop\BeastMode-CSIntro-Excercises\CousinTestProject
2025-04-09 13:01:33,477 - __main__ - INFO - Application starting at: 2025-04-09 13:01:33
2025-04-09 13:01:33,477 - __main__ - INFO - Current user: BaselAM
2025-04-09 13:01:33,489 - __main__ - INFO - Initializing database connection...
2025-04-09 13:01:33,601 - database.car_parts_db - INFO - Thread 7588: Database connection established
2025-04-09 13:01:33,601 - database.car_parts_db - INFO - Initialized database connection to localhost
2025-04-09 13:01:33,625 - __main__ - INFO - Connected to database. Found 2845 parts.
2025-04-09 13:01:33,625 - translations - INFO - Loading translation files from C:\Users\97253\Desktop\BeastMode-CSIntro-Excercises\CousinTestProject\translations\data
2025-04-09 13:01:33,625 - translations - INFO - Loaded translations for namespace 'barcode' from C:\Users\97253\Desktop\BeastMode-CSIntro-Excercises\CousinTestProject\translations\data\barcode.json
2025-04-09 13:01:33,625 - translations - INFO - Loaded translations for namespace 'car_parts' from C:\Users\97253\Desktop\BeastMode-CSIntro-Excercises\CousinTestProject\translations\data\car_parts.json
2025-04-09 13:01:33,627 - translations - INFO - Loaded translations for namespace 'errors' from C:\Users\97253\Desktop\BeastMode-CSIntro-Excercises\CousinTestProject\translations\data\errors.json
2025-04-09 13:01:33,627 - translations - INFO - Loaded translations for namespace 'filters' from C:\Users\97253\Desktop\BeastMode-CSIntro-Excercises\CousinTestProject\translations\data\filters.json
2025-04-09 13:01:33,627 - translations - INFO - Loaded translations for namespace 'help' from C:\Users\97253\Desktop\BeastMode-CSIntro-Excercises\CousinTestProject\translations\data\help.json
2025-04-09 13:01:33,627 - translations - INFO - Loaded translations for namespace 'login' from C:\Users\97253\Desktop\BeastMode-CSIntro-Excercises\CousinTestProject\translations\data\login.json
2025-04-09 13:01:33,627 - translations - INFO - Loaded translations for namespace 'navigation' from C:\Users\97253\Desktop\BeastMode-CSIntro-Excercises\CousinTestProject\translations\data\navigation.json
2025-04-09 13:01:33,628 - translations - INFO - Loaded translations for namespace 'notifications' from C:\Users\97253\Desktop\BeastMode-CSIntro-Excercises\CousinTestProject\translations\data\notifications.json
2025-04-09 13:01:33,628 - translations - INFO - Loaded translations for namespace 'parts_nav_translations' from C:\Users\97253\Desktop\BeastMode-CSIntro-Excercises\CousinTestProject\translations\data\parts_nav_translations.json
2025-04-09 13:01:33,628 - translations - INFO - Loaded translations for namespace 'products' from C:\Users\97253\Desktop\BeastMode-CSIntro-Excercises\CousinTestProject\translations\data\products.json
2025-04-09 13:01:33,628 - translations - INFO - Loaded translations for namespace 'settings' from C:\Users\97253\Desktop\BeastMode-CSIntro-Excercises\CousinTestProject\translations\data\settings.json
2025-04-09 13:01:33,629 - translations - INFO - Loaded translations for namespace 'ui' from C:\Users\97253\Desktop\BeastMode-CSIntro-Excercises\CousinTestProject\translations\data\ui.json
2025-04-09 13:01:33,629 - translations - INFO - Loaded translations for namespace 'validations' from C:\Users\97253\Desktop\BeastMode-CSIntro-Excercises\CousinTestProject\translations\data\validations.json
2025-04-09 13:01:33,630 - translations - INFO - Loaded 13 translation files from C:\Users\97253\Desktop\BeastMode-CSIntro-Excercises\CousinTestProject\translations\data
2025-04-09 13:01:33,630 - translations - INFO - Loaded 13 translation files
2025-04-09 13:01:33,683 - UsersDB - INFO - Connected to user database at C:\Users\97253\Desktop\BeastMode-CSIntro-Excercises\CousinTestProject\database\users.db
2025-04-09 13:01:33,684 - UsersDB - INFO - Database tables created successfully
2025-04-09 13:01:33,952 - widgets.header.chatbot.api_key_manager - INFO - API key loaded successfully
2025-04-09 13:01:34,006 - widgets.header.chatbot.openai_client - INFO - OpenAI client initialized successfully
2025-04-09 13:01:34,245 - translations - WARNING - Missing translation for 'inventory_insights' in 'he'
2025-04-09 13:01:34,245 - translations - WARNING - Missing translation for 'categories' in 'he'
2025-04-09 13:01:34,245 - translations - WARNING - Missing translation for 'brands' in 'he'
2025-04-09 13:01:34,245 - translations - WARNING - Missing translation for 'low_stock' in 'he'
2025-04-09 13:01:34,245 - translations - WARNING - Missing translation for 'total_parts' in 'he'
2025-04-09 13:01:34,246 - translations - WARNING - Missing translation for 'total_value' in 'he'
2025-04-09 13:01:34,246 - translations - WARNING - Missing translation for 'average_price' in 'he'
2025-04-09 13:01:34,344 - parts_navigation.components.tiles_grid - INFO - Populating grid with 8 items using 4 columns
2025-04-09 13:01:34,389 - parts_navigation.components.tiles_grid - INFO - Grid has 4 active columns configured
2025-04-09 13:01:34,390 - parts_navigation.components.tiles_grid - INFO - Total tiles: 8
2025-04-09 13:01:34,390 - parts_navigation.components.tiles_grid - INFO - Visible tiles: 0
2025-04-09 13:01:34,390 - parts_navigation.container - INFO - Navigated to step 0
2025-04-09 13:01:34,560 - parts_navigation.container - INFO - All navigation steps created successfully
2025-04-09 13:01:34,683 - parts_navigation.container - INFO - Starting delayed brand preloading
2025-04-09 13:01:34,683 - parts_navigation.steps.brand - INFO - Starting to preload brands data
2025-04-09 13:01:34,704 - translations - WARNING - Missing translation for 'Internet: Connected' in 'he'
2025-04-09 13:01:34,741 - database.car_parts_db - INFO - Found 43 unique car brands in database
2025-04-09 13:01:34,741 - database.car_parts_db - INFO - Processed 43 unique car brands
2025-04-09 13:01:34,854 - parts_navigation.steps.brand - INFO - Preloaded 43 brands
2025-04-09 13:01:34,854 - parts_navigation.logo_manager - INFO - Preloading logos for 43 brands
2025-04-09 13:01:34,878 - parts_navigation.steps.brand - INFO - Loaded 43 unique brands
2025-04-09 13:01:34,898 - parts_navigation.components.tiles_grid - INFO - Populating grid with 43 items using 4 columns
2025-04-09 13:01:34,980 - parts_navigation.container - INFO - All navigation steps created successfully
2025-04-09 13:01:35,827 - parts_navigation.components.tiles_grid - INFO - Grid has 4 active columns configured
2025-04-09 13:01:35,827 - parts_navigation.components.tiles_grid - INFO - Total tiles: 43
2025-04-09 13:01:35,827 - parts_navigation.components.tiles_grid - INFO - Visible tiles: 0
2025-04-09 13:01:35,860 - parts_navigation.logo_manager - INFO - Found 31 already cached logos out of 43
2025-04-09 13:01:35,860 - parts_navigation.steps.brand - INFO - Started preloading 43 brand logos
2025-04-09 13:01:37,349 - UsersDB - INFO - User fahed authenticated successfully
2025-04-09 13:01:37,359 - __main__ - INFO - User logged in: {'id': 2, 'username': 'fahed', 'full_name': 'Fahed Abu Mukh', 'role': 'manager', 'settings': {'theme': 'classic', 'language': 'en', 'rtl': False}}
2025-04-09 13:01:38,337 - parts_navigation.components.tiles_grid - INFO - Adjusting columns from 3 to 5
2025-04-09 13:01:38,338 - parts_navigation.components.tiles_grid - INFO - Setting grid to 5 columns
2025-04-09 13:01:38,339 - parts_navigation.components.tiles_grid - INFO - Adjusting columns from 4 to 5
2025-04-09 13:01:38,339 - parts_navigation.components.tiles_grid - INFO - Setting grid to 5 columns
2025-04-09 13:01:38,341 - parts_navigation.components.tiles_grid - INFO - Adjusting columns from 4 to 5
2025-04-09 13:01:38,341 - parts_navigation.components.tiles_grid - INFO - Setting grid to 5 columns
2025-04-09 13:01:38,341 - parts_navigation.components.tiles_grid - INFO - Adjusting columns from 3 to 5
2025-04-09 13:01:38,341 - parts_navigation.components.tiles_grid - INFO - Setting grid to 5 columns
2025-04-09 13:01:38,342 - parts_navigation.components.tiles_grid - INFO - Adjusting columns from 4 to 5
2025-04-09 13:01:38,342 - parts_navigation.components.tiles_grid - INFO - Setting grid to 5 columns
2025-04-09 13:01:38,343 - parts_navigation.components.tiles_grid - INFO - Adjusting columns from 4 to 6
2025-04-09 13:01:38,343 - parts_navigation.components.tiles_grid - INFO - Setting grid to 6 columns
2025-04-09 13:01:52,661 - widgets.settings.settings_widget - INFO - Changing theme to light
2025-04-09 13:01:53,081 - gui.gui_main - INFO - Theme update completed synchronously
2025-04-09 13:01:54,057 - widgets.settings.settings_widget - INFO - Settings saved successfully
2025-04-09 13:02:14,834 - gui.event_handlers - INFO - Closing database connection...
2025-04-09 13:02:14,842 - __main__ - INFO - Cleaning up application resources...
2025-04-09 13:02:14,842 - __main__ - INFO - Closing database connection...
2025-04-09 13:02:14,842 - __main__ - INFO - Cleaning up parts navigation resources...
2025-04-09 13:02:14,852 - database.car_parts_db - INFO - Thread 7588: New database connection established
2025-04-09 13:02:14,853 - __main__ - INFO - Application shutdown complete
2025-04-09 13:02:37,346 - root - INFO - Logging system initialized (level: INFO)
2025-04-09 13:02:37,347 - root - INFO - Log files directory: C:\Users\97253\Desktop\BeastMode-CSIntro-Excercises\CousinTestProject\logs
2025-04-09 13:02:37,381 - config - INFO - Determined application root: C:\Users\97253\Desktop\BeastMode-CSIntro-Excercises\CousinTestProject
2025-04-09 13:02:38,567 - __main__ - INFO - Application starting at: 2025-04-09 13:02:38
2025-04-09 13:02:38,568 - __main__ - INFO - Current user: BaselAM
2025-04-09 13:02:38,580 - __main__ - INFO - Initializing database connection...
2025-04-09 13:02:38,669 - database.car_parts_db - INFO - Thread 5132: Database connection established
2025-04-09 13:02:38,670 - database.car_parts_db - INFO - Initialized database connection to localhost
2025-04-09 13:02:38,692 - __main__ - INFO - Connected to database. Found 2845 parts.
2025-04-09 13:02:38,692 - translations - INFO - Loading translation files from C:\Users\97253\Desktop\BeastMode-CSIntro-Excercises\CousinTestProject\translations\data
2025-04-09 13:02:38,692 - translations - INFO - Loaded translations for namespace 'barcode' from C:\Users\97253\Desktop\BeastMode-CSIntro-Excercises\CousinTestProject\translations\data\barcode.json
2025-04-09 13:02:38,693 - translations - INFO - Loaded translations for namespace 'car_parts' from C:\Users\97253\Desktop\BeastMode-CSIntro-Excercises\CousinTestProject\translations\data\car_parts.json
2025-04-09 13:02:38,693 - translations - INFO - Loaded translations for namespace 'errors' from C:\Users\97253\Desktop\BeastMode-CSIntro-Excercises\CousinTestProject\translations\data\errors.json
2025-04-09 13:02:38,693 - translations - INFO - Loaded translations for namespace 'filters' from C:\Users\97253\Desktop\BeastMode-CSIntro-Excercises\CousinTestProject\translations\data\filters.json
2025-04-09 13:02:38,693 - translations - INFO - Loaded translations for namespace 'help' from C:\Users\97253\Desktop\BeastMode-CSIntro-Excercises\CousinTestProject\translations\data\help.json
2025-04-09 13:02:38,693 - translations - INFO - Loaded translations for namespace 'login' from C:\Users\97253\Desktop\BeastMode-CSIntro-Excercises\CousinTestProject\translations\data\login.json
2025-04-09 13:02:38,693 - translations - INFO - Loaded translations for namespace 'navigation' from C:\Users\97253\Desktop\BeastMode-CSIntro-Excercises\CousinTestProject\translations\data\navigation.json
2025-04-09 13:02:38,694 - translations - INFO - Loaded translations for namespace 'notifications' from C:\Users\97253\Desktop\BeastMode-CSIntro-Excercises\CousinTestProject\translations\data\notifications.json
2025-04-09 13:02:38,694 - translations - INFO - Loaded translations for namespace 'parts_nav_translations' from C:\Users\97253\Desktop\BeastMode-CSIntro-Excercises\CousinTestProject\translations\data\parts_nav_translations.json
2025-04-09 13:02:38,694 - translations - INFO - Loaded translations for namespace 'products' from C:\Users\97253\Desktop\BeastMode-CSIntro-Excercises\CousinTestProject\translations\data\products.json
2025-04-09 13:02:38,694 - translations - INFO - Loaded translations for namespace 'settings' from C:\Users\97253\Desktop\BeastMode-CSIntro-Excercises\CousinTestProject\translations\data\settings.json
2025-04-09 13:02:38,694 - translations - INFO - Loaded translations for namespace 'ui' from C:\Users\97253\Desktop\BeastMode-CSIntro-Excercises\CousinTestProject\translations\data\ui.json
2025-04-09 13:02:38,695 - translations - INFO - Loaded translations for namespace 'validations' from C:\Users\97253\Desktop\BeastMode-CSIntro-Excercises\CousinTestProject\translations\data\validations.json
2025-04-09 13:02:38,695 - translations - INFO - Loaded 13 translation files from C:\Users\97253\Desktop\BeastMode-CSIntro-Excercises\CousinTestProject\translations\data
2025-04-09 13:02:38,695 - translations - INFO - Loaded 13 translation files
2025-04-09 13:02:38,750 - UsersDB - INFO - Connected to user database at C:\Users\97253\Desktop\BeastMode-CSIntro-Excercises\CousinTestProject\database\users.db
2025-04-09 13:02:38,751 - UsersDB - INFO - Database tables created successfully
2025-04-09 13:02:39,031 - widgets.header.chatbot.api_key_manager - INFO - API key loaded successfully
2025-04-09 13:02:39,087 - widgets.header.chatbot.openai_client - INFO - OpenAI client initialized successfully
2025-04-09 13:02:39,327 - translations - WARNING - Missing translation for 'inventory_insights' in 'he'
2025-04-09 13:02:39,327 - translations - WARNING - Missing translation for 'categories' in 'he'
2025-04-09 13:02:39,327 - translations - WARNING - Missing translation for 'brands' in 'he'
2025-04-09 13:02:39,327 - translations - WARNING - Missing translation for 'low_stock' in 'he'
2025-04-09 13:02:39,327 - translations - WARNING - Missing translation for 'total_parts' in 'he'
2025-04-09 13:02:39,327 - translations - WARNING - Missing translation for 'total_value' in 'he'
2025-04-09 13:02:39,327 - translations - WARNING - Missing translation for 'average_price' in 'he'
2025-04-09 13:02:39,436 - parts_navigation.components.tiles_grid - INFO - Populating grid with 8 items using 4 columns
2025-04-09 13:02:39,480 - parts_navigation.components.tiles_grid - INFO - Grid has 4 active columns configured
2025-04-09 13:02:39,480 - parts_navigation.components.tiles_grid - INFO - Total tiles: 8
2025-04-09 13:02:39,480 - parts_navigation.components.tiles_grid - INFO - Visible tiles: 0
2025-04-09 13:02:39,480 - parts_navigation.container - INFO - Navigated to step 0
2025-04-09 13:02:39,653 - parts_navigation.container - INFO - All navigation steps created successfully
2025-04-09 13:02:39,776 - parts_navigation.container - INFO - Starting delayed brand preloading
2025-04-09 13:02:39,777 - parts_navigation.steps.brand - INFO - Starting to preload brands data
2025-04-09 13:02:39,778 - translations - WARNING - Missing translation for 'Internet: Connected' in 'he'
2025-04-09 13:02:39,818 - database.car_parts_db - INFO - Found 43 unique car brands in database
2025-04-09 13:02:39,818 - database.car_parts_db - INFO - Processed 43 unique car brands
2025-04-09 13:02:39,931 - parts_navigation.steps.brand - INFO - Preloaded 43 brands
2025-04-09 13:02:39,931 - parts_navigation.logo_manager - INFO - Preloading logos for 43 brands
2025-04-09 13:02:39,953 - parts_navigation.steps.brand - INFO - Loaded 43 unique brands
2025-04-09 13:02:39,972 - parts_navigation.components.tiles_grid - INFO - Populating grid with 43 items using 4 columns
2025-04-09 13:02:40,053 - parts_navigation.container - INFO - All navigation steps created successfully
2025-04-09 13:02:40,907 - parts_navigation.components.tiles_grid - INFO - Grid has 4 active columns configured
2025-04-09 13:02:40,907 - parts_navigation.components.tiles_grid - INFO - Total tiles: 43
2025-04-09 13:02:40,907 - parts_navigation.components.tiles_grid - INFO - Visible tiles: 0
2025-04-09 13:02:40,939 - parts_navigation.logo_manager - INFO - Found 31 already cached logos out of 43
2025-04-09 13:02:40,939 - parts_navigation.steps.brand - INFO - Started preloading 43 brand logos
2025-04-09 13:02:44,595 - UsersDB - INFO - User fahed authenticated successfully
2025-04-09 13:02:44,605 - __main__ - INFO - User logged in: {'id': 2, 'username': 'fahed', 'full_name': 'Fahed Abu Mukh', 'role': 'manager', 'settings': {'theme': 'classic', 'language': 'en', 'rtl': False}}
2025-04-09 13:02:45,546 - parts_navigation.components.tiles_grid - INFO - Adjusting columns from 3 to 5
2025-04-09 13:02:45,546 - parts_navigation.components.tiles_grid - INFO - Setting grid to 5 columns
2025-04-09 13:02:45,547 - parts_navigation.components.tiles_grid - INFO - Adjusting columns from 4 to 5
2025-04-09 13:02:45,547 - parts_navigation.components.tiles_grid - INFO - Setting grid to 5 columns
2025-04-09 13:02:45,548 - parts_navigation.components.tiles_grid - INFO - Adjusting columns from 4 to 5
2025-04-09 13:02:45,548 - parts_navigation.components.tiles_grid - INFO - Setting grid to 5 columns
2025-04-09 13:02:45,548 - parts_navigation.components.tiles_grid - INFO - Adjusting columns from 3 to 5
2025-04-09 13:02:45,548 - parts_navigation.components.tiles_grid - INFO - Setting grid to 5 columns
2025-04-09 13:02:45,549 - parts_navigation.components.tiles_grid - INFO - Adjusting columns from 4 to 5
2025-04-09 13:02:45,549 - parts_navigation.components.tiles_grid - INFO - Setting grid to 5 columns
2025-04-09 13:02:45,549 - parts_navigation.components.tiles_grid - INFO - Adjusting columns from 4 to 6
2025-04-09 13:02:45,549 - parts_navigation.components.tiles_grid - INFO - Setting grid to 6 columns
2025-04-09 13:02:54,549 - widgets.settings.settings_widget - INFO - Changing theme to classic
2025-04-09 13:02:54,965 - gui.gui_main - INFO - Theme update completed synchronously
2025-04-09 13:02:56,210 - widgets.settings.settings_widget - INFO - Settings saved successfully
2025-04-09 13:02:58,420 - database.car_parts_db - INFO - Thread 5132: New database connection established
2025-04-09 13:03:01,672 - widgets.settings.settings_widget - INFO - Changing theme to dark
2025-04-09 13:03:02,182 - gui.gui_main - INFO - Theme update completed synchronously
2025-04-09 13:03:02,930 - widgets.settings.settings_widget - INFO - Settings saved successfully
2025-04-09 13:03:13,414 - gui.event_handlers - INFO - Closing database connection...
2025-04-09 13:03:13,425 - __main__ - INFO - Cleaning up application resources...
2025-04-09 13:03:13,425 - __main__ - INFO - Closing database connection...
2025-04-09 13:03:13,425 - __main__ - INFO - Cleaning up parts navigation resources...
2025-04-09 13:03:13,437 - database.car_parts_db - INFO - Thread 5132: New database connection established
2025-04-09 13:03:13,439 - __main__ - INFO - Application shutdown complete
2025-04-09 13:04:08,581 - root - INFO - Logging system initialized (level: INFO)
2025-04-09 13:04:08,581 - root - INFO - Log files directory: C:\Users\97253\Desktop\BeastMode-CSIntro-Excercises\CousinTestProject\logs
2025-04-09 13:04:08,611 - config - INFO - Determined application root: C:\Users\97253\Desktop\BeastMode-CSIntro-Excercises\CousinTestProject
2025-04-09 13:04:09,792 - __main__ - INFO - Application starting at: 2025-04-09 13:04:09
2025-04-09 13:04:09,792 - __main__ - INFO - Current user: BaselAM
2025-04-09 13:04:09,805 - __main__ - INFO - Initializing database connection...
2025-04-09 13:04:09,898 - database.car_parts_db - INFO - Thread 11632: Database connection established
2025-04-09 13:04:09,898 - database.car_parts_db - INFO - Initialized database connection to localhost
2025-04-09 13:04:09,919 - __main__ - INFO - Connected to database. Found 2845 parts.
2025-04-09 13:04:09,919 - translations - INFO - Loading translation files from C:\Users\97253\Desktop\BeastMode-CSIntro-Excercises\CousinTestProject\translations\data
2025-04-09 13:04:09,920 - translations - INFO - Loaded translations for namespace 'barcode' from C:\Users\97253\Desktop\BeastMode-CSIntro-Excercises\CousinTestProject\translations\data\barcode.json
2025-04-09 13:04:09,920 - translations - INFO - Loaded translations for namespace 'car_parts' from C:\Users\97253\Desktop\BeastMode-CSIntro-Excercises\CousinTestProject\translations\data\car_parts.json
2025-04-09 13:04:09,920 - translations - INFO - Loaded translations for namespace 'errors' from C:\Users\97253\Desktop\BeastMode-CSIntro-Excercises\CousinTestProject\translations\data\errors.json
2025-04-09 13:04:09,920 - translations - INFO - Loaded translations for namespace 'filters' from C:\Users\97253\Desktop\BeastMode-CSIntro-Excercises\CousinTestProject\translations\data\filters.json
2025-04-09 13:04:09,921 - translations - INFO - Loaded translations for namespace 'help' from C:\Users\97253\Desktop\BeastMode-CSIntro-Excercises\CousinTestProject\translations\data\help.json
2025-04-09 13:04:09,921 - translations - INFO - Loaded translations for namespace 'login' from C:\Users\97253\Desktop\BeastMode-CSIntro-Excercises\CousinTestProject\translations\data\login.json
2025-04-09 13:04:09,921 - translations - INFO - Loaded translations for namespace 'navigation' from C:\Users\97253\Desktop\BeastMode-CSIntro-Excercises\CousinTestProject\translations\data\navigation.json
2025-04-09 13:04:09,921 - translations - INFO - Loaded translations for namespace 'notifications' from C:\Users\97253\Desktop\BeastMode-CSIntro-Excercises\CousinTestProject\translations\data\notifications.json
2025-04-09 13:04:09,921 - translations - INFO - Loaded translations for namespace 'parts_nav_translations' from C:\Users\97253\Desktop\BeastMode-CSIntro-Excercises\CousinTestProject\translations\data\parts_nav_translations.json
2025-04-09 13:04:09,921 - translations - INFO - Loaded translations for namespace 'products' from C:\Users\97253\Desktop\BeastMode-CSIntro-Excercises\CousinTestProject\translations\data\products.json
2025-04-09 13:04:09,922 - translations - INFO - Loaded translations for namespace 'settings' from C:\Users\97253\Desktop\BeastMode-CSIntro-Excercises\CousinTestProject\translations\data\settings.json
2025-04-09 13:04:09,922 - translations - INFO - Loaded translations for namespace 'ui' from C:\Users\97253\Desktop\BeastMode-CSIntro-Excercises\CousinTestProject\translations\data\ui.json
2025-04-09 13:04:09,922 - translations - INFO - Loaded translations for namespace 'validations' from C:\Users\97253\Desktop\BeastMode-CSIntro-Excercises\CousinTestProject\translations\data\validations.json
2025-04-09 13:04:09,922 - translations - INFO - Loaded 13 translation files from C:\Users\97253\Desktop\BeastMode-CSIntro-Excercises\CousinTestProject\translations\data
2025-04-09 13:04:09,922 - translations - INFO - Loaded 13 translation files
2025-04-09 13:04:09,976 - UsersDB - INFO - Connected to user database at C:\Users\97253\Desktop\BeastMode-CSIntro-Excercises\CousinTestProject\database\users.db
2025-04-09 13:04:09,977 - UsersDB - INFO - Database tables created successfully
2025-04-09 13:04:10,266 - widgets.header.chatbot.api_key_manager - INFO - API key loaded successfully
2025-04-09 13:04:10,315 - widgets.header.chatbot.openai_client - INFO - OpenAI client initialized successfully
2025-04-09 13:04:10,583 - translations - WARNING - Missing translation for 'inventory_insights' in 'he'
2025-04-09 13:04:10,584 - translations - WARNING - Missing translation for 'categories' in 'he'
2025-04-09 13:04:10,584 - translations - WARNING - Missing translation for 'brands' in 'he'
2025-04-09 13:04:10,584 - translations - WARNING - Missing translation for 'low_stock' in 'he'
2025-04-09 13:04:10,584 - translations - WARNING - Missing translation for 'total_parts' in 'he'
2025-04-09 13:04:10,584 - translations - WARNING - Missing translation for 'total_value' in 'he'
2025-04-09 13:04:10,584 - translations - WARNING - Missing translation for 'average_price' in 'he'
2025-04-09 13:04:10,687 - parts_navigation.components.tiles_grid - INFO - Populating grid with 8 items using 4 columns
2025-04-09 13:04:10,726 - parts_navigation.components.tiles_grid - INFO - Grid has 4 active columns configured
2025-04-09 13:04:10,726 - parts_navigation.components.tiles_grid - INFO - Total tiles: 8
2025-04-09 13:04:10,726 - parts_navigation.components.tiles_grid - INFO - Visible tiles: 0
2025-04-09 13:04:10,726 - parts_navigation.container - INFO - Navigated to step 0
2025-04-09 13:04:10,903 - parts_navigation.container - INFO - All navigation steps created successfully
2025-04-09 13:04:11,027 - parts_navigation.container - INFO - Starting delayed brand preloading
2025-04-09 13:04:11,027 - parts_navigation.steps.brand - INFO - Starting to preload brands data
2025-04-09 13:04:11,029 - translations - WARNING - Missing translation for 'Internet: Connected' in 'he'
2025-04-09 13:04:11,064 - database.car_parts_db - INFO - Found 43 unique car brands in database
2025-04-09 13:04:11,064 - database.car_parts_db - INFO - Processed 43 unique car brands
2025-04-09 13:04:11,069 - parts_navigation.steps.brand - INFO - Preloaded 43 brands
2025-04-09 13:04:11,069 - parts_navigation.logo_manager - INFO - Preloading logos for 43 brands
2025-04-09 13:04:11,224 - parts_navigation.steps.brand - INFO - Loaded 43 unique brands
2025-04-09 13:04:11,224 - parts_navigation.components.tiles_grid - INFO - Populating grid with 43 items using 4 columns
2025-04-09 13:04:11,311 - parts_navigation.container - INFO - All navigation steps created successfully
2025-04-09 13:04:12,139 - parts_navigation.components.tiles_grid - INFO - Grid has 4 active columns configured
2025-04-09 13:04:12,139 - parts_navigation.components.tiles_grid - INFO - Total tiles: 43
2025-04-09 13:04:12,139 - parts_navigation.components.tiles_grid - INFO - Visible tiles: 0
2025-04-09 13:04:12,175 - parts_navigation.logo_manager - INFO - Found 31 already cached logos out of 43
2025-04-09 13:04:12,175 - parts_navigation.steps.brand - INFO - Started preloading 43 brand logos
2025-04-09 13:04:12,923 - __main__ - INFO - Cleaning up application resources...
2025-04-09 13:04:12,923 - __main__ - INFO - Closing database connection...
2025-04-09 13:04:12,924 - __main__ - INFO - Cleaning up parts navigation resources...
2025-04-09 13:04:12,967 - database.car_parts_db - INFO - Thread 11632: New database connection established
2025-04-09 13:04:12,968 - __main__ - INFO - Application shutdown complete
2025-04-09 13:06:53,958 - root - INFO - Logging system initialized (level: INFO)
2025-04-09 13:06:53,958 - root - INFO - Log files directory: C:\Users\97253\Desktop\BeastMode-CSIntro-Excercises\CousinTestProject\logs
2025-04-09 13:06:53,989 - config - INFO - Determined application root: C:\Users\97253\Desktop\BeastMode-CSIntro-Excercises\CousinTestProject
2025-04-09 13:06:55,476 - __main__ - INFO - Application starting at: 2025-04-09 13:06:55
2025-04-09 13:06:55,476 - __main__ - INFO - Current user: BaselAM
2025-04-09 13:06:55,489 - __main__ - INFO - Initializing database connection...
2025-04-09 13:06:55,571 - database.car_parts_db - INFO - Thread 1708: Database connection established
2025-04-09 13:06:55,571 - database.car_parts_db - INFO - Initialized database connection to localhost
2025-04-09 13:06:55,593 - __main__ - INFO - Connected to database. Found 2845 parts.
2025-04-09 13:06:55,594 - translations - INFO - Loading translation files from C:\Users\97253\Desktop\BeastMode-CSIntro-Excercises\CousinTestProject\translations\data
2025-04-09 13:06:55,594 - translations - INFO - Loaded translations for namespace 'barcode' from C:\Users\97253\Desktop\BeastMode-CSIntro-Excercises\CousinTestProject\translations\data\barcode.json
2025-04-09 13:06:55,594 - translations - INFO - Loaded translations for namespace 'car_parts' from C:\Users\97253\Desktop\BeastMode-CSIntro-Excercises\CousinTestProject\translations\data\car_parts.json
2025-04-09 13:06:55,595 - translations - INFO - Loaded translations for namespace 'errors' from C:\Users\97253\Desktop\BeastMode-CSIntro-Excercises\CousinTestProject\translations\data\errors.json
2025-04-09 13:06:55,595 - translations - INFO - Loaded translations for namespace 'filters' from C:\Users\97253\Desktop\BeastMode-CSIntro-Excercises\CousinTestProject\translations\data\filters.json
2025-04-09 13:06:55,595 - translations - INFO - Loaded translations for namespace 'help' from C:\Users\97253\Desktop\BeastMode-CSIntro-Excercises\CousinTestProject\translations\data\help.json
2025-04-09 13:06:55,595 - translations - INFO - Loaded translations for namespace 'login' from C:\Users\97253\Desktop\BeastMode-CSIntro-Excercises\CousinTestProject\translations\data\login.json
2025-04-09 13:06:55,595 - translations - INFO - Loaded translations for namespace 'navigation' from C:\Users\97253\Desktop\BeastMode-CSIntro-Excercises\CousinTestProject\translations\data\navigation.json
2025-04-09 13:06:55,596 - translations - INFO - Loaded translations for namespace 'notifications' from C:\Users\97253\Desktop\BeastMode-CSIntro-Excercises\CousinTestProject\translations\data\notifications.json
2025-04-09 13:06:55,596 - translations - INFO - Loaded translations for namespace 'parts_nav_translations' from C:\Users\97253\Desktop\BeastMode-CSIntro-Excercises\CousinTestProject\translations\data\parts_nav_translations.json
2025-04-09 13:06:55,596 - translations - INFO - Loaded translations for namespace 'products' from C:\Users\97253\Desktop\BeastMode-CSIntro-Excercises\CousinTestProject\translations\data\products.json
2025-04-09 13:06:55,596 - translations - INFO - Loaded translations for namespace 'settings' from C:\Users\97253\Desktop\BeastMode-CSIntro-Excercises\CousinTestProject\translations\data\settings.json
2025-04-09 13:06:55,596 - translations - INFO - Loaded translations for namespace 'ui' from C:\Users\97253\Desktop\BeastMode-CSIntro-Excercises\CousinTestProject\translations\data\ui.json
2025-04-09 13:06:55,597 - translations - INFO - Loaded translations for namespace 'validations' from C:\Users\97253\Desktop\BeastMode-CSIntro-Excercises\CousinTestProject\translations\data\validations.json
2025-04-09 13:06:55,597 - translations - INFO - Loaded 13 translation files from C:\Users\97253\Desktop\BeastMode-CSIntro-Excercises\CousinTestProject\translations\data
2025-04-09 13:06:55,597 - translations - INFO - Loaded 13 translation files
2025-04-09 13:06:55,652 - UsersDB - INFO - Connected to user database at C:\Users\97253\Desktop\BeastMode-CSIntro-Excercises\CousinTestProject\database\users.db
2025-04-09 13:06:55,653 - UsersDB - INFO - Database tables created successfully
2025-04-09 13:06:56,042 - widgets.header.chatbot.api_key_manager - INFO - API key loaded successfully
2025-04-09 13:06:56,106 - widgets.header.chatbot.openai_client - INFO - OpenAI client initialized successfully
2025-04-09 13:06:56,459 - translations - WARNING - Missing translation for 'inventory_insights' in 'he'
2025-04-09 13:06:56,459 - translations - WARNING - Missing translation for 'categories' in 'he'
2025-04-09 13:06:56,459 - translations - WARNING - Missing translation for 'brands' in 'he'
2025-04-09 13:06:56,459 - translations - WARNING - Missing translation for 'low_stock' in 'he'
2025-04-09 13:06:56,459 - translations - WARNING - Missing translation for 'total_parts' in 'he'
2025-04-09 13:06:56,459 - translations - WARNING - Missing translation for 'total_value' in 'he'
2025-04-09 13:06:56,459 - translations - WARNING - Missing translation for 'average_price' in 'he'
2025-04-09 13:06:56,590 - parts_navigation.components.tiles_grid - INFO - Populating grid with 8 items using 4 columns
2025-04-09 13:06:56,639 - parts_navigation.components.tiles_grid - INFO - Grid has 4 active columns configured
2025-04-09 13:06:56,639 - parts_navigation.components.tiles_grid - INFO - Total tiles: 8
2025-04-09 13:06:56,639 - parts_navigation.components.tiles_grid - INFO - Visible tiles: 0
2025-04-09 13:06:56,639 - parts_navigation.container - INFO - Navigated to step 0
2025-04-09 13:06:56,861 - parts_navigation.container - INFO - All navigation steps created successfully
2025-04-09 13:06:57,001 - parts_navigation.container - INFO - Starting delayed brand preloading
2025-04-09 13:06:57,002 - parts_navigation.steps.brand - INFO - Starting to preload brands data
2025-04-09 13:06:57,004 - translations - WARNING - Missing translation for 'Internet: Connected' in 'he'
2025-04-09 13:06:57,052 - database.car_parts_db - INFO - Found 43 unique car brands in database
2025-04-09 13:06:57,052 - database.car_parts_db - INFO - Processed 43 unique car brands
2025-04-09 13:06:57,213 - parts_navigation.steps.brand - INFO - Preloaded 43 brands
2025-04-09 13:06:57,213 - parts_navigation.logo_manager - INFO - Preloading logos for 43 brands
2025-04-09 13:06:57,261 - parts_navigation.steps.brand - INFO - Loaded 43 unique brands
2025-04-09 13:06:57,261 - parts_navigation.components.tiles_grid - INFO - Populating grid with 43 items using 4 columns
2025-04-09 13:06:57,351 - parts_navigation.container - INFO - All navigation steps created successfully
2025-04-09 13:06:58,327 - parts_navigation.components.tiles_grid - INFO - Grid has 4 active columns configured
2025-04-09 13:06:58,328 - parts_navigation.components.tiles_grid - INFO - Total tiles: 43
2025-04-09 13:06:58,328 - parts_navigation.components.tiles_grid - INFO - Visible tiles: 0
2025-04-09 13:06:58,366 - parts_navigation.logo_manager - INFO - Found 31 already cached logos out of 43
2025-04-09 13:06:58,366 - parts_navigation.steps.brand - INFO - Started preloading 43 brand logos
2025-04-09 13:06:59,800 - UsersDB - INFO - User fahed authenticated successfully
2025-04-09 13:06:59,813 - __main__ - INFO - User logged in: {'id': 2, 'username': 'fahed', 'full_name': 'Fahed Abu Mukh', 'role': 'manager', 'settings': {'theme': 'classic', 'language': 'en', 'rtl': False}}
2025-04-09 13:07:00,546 - parts_navigation.components.tiles_grid - INFO - Adjusting columns from 3 to 5
2025-04-09 13:07:00,546 - parts_navigation.components.tiles_grid - INFO - Setting grid to 5 columns
2025-04-09 13:07:00,547 - parts_navigation.components.tiles_grid - INFO - Adjusting columns from 4 to 5
2025-04-09 13:07:00,547 - parts_navigation.components.tiles_grid - INFO - Setting grid to 5 columns
2025-04-09 13:07:00,549 - parts_navigation.components.tiles_grid - INFO - Adjusting columns from 4 to 5
2025-04-09 13:07:00,549 - parts_navigation.components.tiles_grid - INFO - Setting grid to 5 columns
2025-04-09 13:07:00,550 - parts_navigation.components.tiles_grid - INFO - Adjusting columns from 3 to 5
2025-04-09 13:07:00,550 - parts_navigation.components.tiles_grid - INFO - Setting grid to 5 columns
2025-04-09 13:07:00,551 - parts_navigation.components.tiles_grid - INFO - Adjusting columns from 4 to 5
2025-04-09 13:07:00,551 - parts_navigation.components.tiles_grid - INFO - Setting grid to 5 columns
2025-04-09 13:07:00,551 - parts_navigation.components.tiles_grid - INFO - Adjusting columns from 4 to 6
2025-04-09 13:07:00,551 - parts_navigation.components.tiles_grid - INFO - Setting grid to 6 columns
2025-04-09 13:07:25,776 - translations - WARNING - Missing translation for 'barcode' in 'he'
2025-04-09 13:07:25,777 - translations - WARNING - Missing translation for 'barcode_placeholder' in 'he'
2025-04-09 13:07:37,281 - parts_navigation.components.tiles_grid - INFO - Populating grid with 8 items using 4 columns
2025-04-09 13:07:37,294 - parts_navigation.components.tiles_grid - INFO - Grid has 4 active columns configured
2025-04-09 13:07:37,294 - parts_navigation.components.tiles_grid - INFO - Total tiles: 8
2025-04-09 13:07:37,294 - parts_navigation.components.tiles_grid - INFO - Visible tiles: 0
2025-04-09 13:07:37,294 - parts_navigation.container - INFO - Navigated to step 0
2025-04-09 13:07:37,325 - parts_navigation.components.tiles_grid - INFO - Adjusting columns from 4 to 9
2025-04-09 13:07:37,325 - parts_navigation.components.tiles_grid - INFO - Setting grid to 9 columns
2025-04-09 13:07:37,368 - parts_navigation.container - INFO - All navigation steps created successfully
2025-04-09 13:07:37,368 - parts_navigation.container - INFO - Starting delayed brand preloading
2025-04-09 13:07:37,368 - parts_navigation.steps.brand - INFO - Starting to preload brands data
2025-04-09 13:07:37,392 - parts_navigation.components.tiles_grid - INFO - Adjusting columns from 4 to 5
2025-04-09 13:07:37,393 - parts_navigation.components.tiles_grid - INFO - Setting grid to 5 columns
2025-04-09 13:07:37,393 - parts_navigation.components.tiles_grid - INFO - Adjusting columns from 3 to 5
2025-04-09 13:07:37,394 - parts_navigation.components.tiles_grid - INFO - Setting grid to 5 columns
2025-04-09 13:07:37,395 - parts_navigation.components.tiles_grid - INFO - Adjusting columns from 4 to 5
2025-04-09 13:07:37,395 - parts_navigation.components.tiles_grid - INFO - Setting grid to 5 columns
2025-04-09 13:07:37,465 - parts_navigation.steps.brand - INFO - Preloaded 43 brands
2025-04-09 13:07:37,465 - parts_navigation.logo_manager - INFO - Preloading logos for 43 brands
2025-04-09 13:07:37,480 - parts_navigation.components.tiles_grid - INFO - Adjusting columns from 3 to 5
2025-04-09 13:07:37,480 - parts_navigation.components.tiles_grid - INFO - Setting grid to 5 columns
2025-04-09 13:07:37,481 - parts_navigation.components.tiles_grid - INFO - Adjusting columns from 4 to 5
2025-04-09 13:07:37,481 - parts_navigation.components.tiles_grid - INFO - Setting grid to 5 columns
2025-04-09 13:07:37,496 - parts_navigation.steps.brand - INFO - Loaded 43 unique brands
2025-04-09 13:07:37,496 - parts_navigation.components.tiles_grid - INFO - Populating grid with 43 items using 9 columns
2025-04-09 13:07:37,575 - parts_navigation.container - INFO - All navigation steps created successfully
2025-04-09 13:07:37,915 - parts_navigation.components.tiles_grid - INFO - Grid has 9 active columns configured
2025-04-09 13:07:37,915 - parts_navigation.components.tiles_grid - INFO - Total tiles: 43
2025-04-09 13:07:37,915 - parts_navigation.components.tiles_grid - INFO - Visible tiles: 43
2025-04-09 13:07:37,938 - parts_navigation.logo_manager - INFO - Found 31 already cached logos out of 43
2025-04-09 13:07:37,938 - parts_navigation.steps.brand - INFO - Started preloading 43 brand logos
2025-04-09 13:07:48,294 - gui.event_handlers - INFO - Closing database connection...
2025-04-09 13:07:48,306 - __main__ - INFO - Cleaning up application resources...
2025-04-09 13:07:48,306 - __main__ - INFO - Closing database connection...
2025-04-09 13:07:48,306 - __main__ - INFO - Cleaning up parts navigation resources...
2025-04-09 13:07:48,320 - database.car_parts_db - INFO - Thread 1708: New database connection established
2025-04-09 13:07:48,322 - __main__ - INFO - Application shutdown complete
2025-04-09 13:08:28,733 - root - INFO - Logging system initialized (level: INFO)
2025-04-09 13:08:28,733 - root - INFO - Log files directory: C:\Users\97253\Desktop\BeastMode-CSIntro-Excercises\CousinTestProject\logs
2025-04-09 13:08:28,774 - config - INFO - Determined application root: C:\Users\97253\Desktop\BeastMode-CSIntro-Excercises\CousinTestProject
2025-04-09 13:08:32,660 - __main__ - INFO - Application starting at: 2025-04-09 13:08:32
2025-04-09 13:08:32,661 - __main__ - INFO - Current user: BaselAM
2025-04-09 13:08:32,679 - __main__ - INFO - Initializing database connection...
2025-04-09 13:08:32,782 - database.car_parts_db - INFO - Thread 5884: Database connection established
2025-04-09 13:08:32,782 - database.car_parts_db - INFO - Initialized database connection to localhost
2025-04-09 13:08:32,809 - __main__ - INFO - Connected to database. Found 2845 parts.
2025-04-09 13:08:32,809 - translations - INFO - Loading translation files from C:\Users\97253\Desktop\BeastMode-CSIntro-Excercises\CousinTestProject\translations\data
2025-04-09 13:08:32,809 - translations - INFO - Loaded translations for namespace 'barcode' from C:\Users\97253\Desktop\BeastMode-CSIntro-Excercises\CousinTestProject\translations\data\barcode.json
2025-04-09 13:08:32,810 - translations - INFO - Loaded translations for namespace 'car_parts' from C:\Users\97253\Desktop\BeastMode-CSIntro-Excercises\CousinTestProject\translations\data\car_parts.json
2025-04-09 13:08:32,810 - translations - INFO - Loaded translations for namespace 'errors' from C:\Users\97253\Desktop\BeastMode-CSIntro-Excercises\CousinTestProject\translations\data\errors.json
2025-04-09 13:08:32,810 - translations - INFO - Loaded translations for namespace 'filters' from C:\Users\97253\Desktop\BeastMode-CSIntro-Excercises\CousinTestProject\translations\data\filters.json
2025-04-09 13:08:32,810 - translations - INFO - Loaded translations for namespace 'help' from C:\Users\97253\Desktop\BeastMode-CSIntro-Excercises\CousinTestProject\translations\data\help.json
2025-04-09 13:08:32,810 - translations - INFO - Loaded translations for namespace 'login' from C:\Users\97253\Desktop\BeastMode-CSIntro-Excercises\CousinTestProject\translations\data\login.json
2025-04-09 13:08:32,811 - translations - INFO - Loaded translations for namespace 'navigation' from C:\Users\97253\Desktop\BeastMode-CSIntro-Excercises\CousinTestProject\translations\data\navigation.json
2025-04-09 13:08:32,811 - translations - INFO - Loaded translations for namespace 'notifications' from C:\Users\97253\Desktop\BeastMode-CSIntro-Excercises\CousinTestProject\translations\data\notifications.json
2025-04-09 13:08:32,811 - translations - INFO - Loaded translations for namespace 'parts_nav_translations' from C:\Users\97253\Desktop\BeastMode-CSIntro-Excercises\CousinTestProject\translations\data\parts_nav_translations.json
2025-04-09 13:08:32,811 - translations - INFO - Loaded translations for namespace 'products' from C:\Users\97253\Desktop\BeastMode-CSIntro-Excercises\CousinTestProject\translations\data\products.json
2025-04-09 13:08:32,812 - translations - INFO - Loaded translations for namespace 'settings' from C:\Users\97253\Desktop\BeastMode-CSIntro-Excercises\CousinTestProject\translations\data\settings.json
2025-04-09 13:08:32,812 - translations - INFO - Loaded translations for namespace 'ui' from C:\Users\97253\Desktop\BeastMode-CSIntro-Excercises\CousinTestProject\translations\data\ui.json
2025-04-09 13:08:32,812 - translations - INFO - Loaded translations for namespace 'validations' from C:\Users\97253\Desktop\BeastMode-CSIntro-Excercises\CousinTestProject\translations\data\validations.json
2025-04-09 13:08:32,812 - translations - INFO - Loaded 13 translation files from C:\Users\97253\Desktop\BeastMode-CSIntro-Excercises\CousinTestProject\translations\data
2025-04-09 13:08:32,812 - translations - INFO - Loaded 13 translation files
2025-04-09 13:08:32,875 - UsersDB - INFO - Connected to user database at C:\Users\97253\Desktop\BeastMode-CSIntro-Excercises\CousinTestProject\database\users.db
2025-04-09 13:08:32,876 - UsersDB - INFO - Database tables created successfully
2025-04-09 13:08:33,208 - widgets.header.chatbot.api_key_manager - INFO - API key loaded successfully
2025-04-09 13:08:33,256 - widgets.header.chatbot.openai_client - INFO - OpenAI client initialized successfully
2025-04-09 13:08:33,598 - translations - WARNING - Missing translation for 'inventory_insights' in 'he'
2025-04-09 13:08:33,599 - translations - WARNING - Missing translation for 'categories' in 'he'
2025-04-09 13:08:33,599 - translations - WARNING - Missing translation for 'brands' in 'he'
2025-04-09 13:08:33,599 - translations - WARNING - Missing translation for 'low_stock' in 'he'
2025-04-09 13:08:33,599 - translations - WARNING - Missing translation for 'total_parts' in 'he'
2025-04-09 13:08:33,599 - translations - WARNING - Missing translation for 'total_value' in 'he'
2025-04-09 13:08:33,599 - translations - WARNING - Missing translation for 'average_price' in 'he'
2025-04-09 13:08:33,767 - parts_navigation.components.tiles_grid - INFO - Populating grid with 8 items using 4 columns
2025-04-09 13:08:33,893 - parts_navigation.container - INFO - All navigation steps created successfully
2025-04-09 13:08:33,894 - parts_navigation.components.tiles_grid - INFO - Grid has 4 active columns configured
2025-04-09 13:08:33,894 - parts_navigation.components.tiles_grid - INFO - Total tiles: 8
2025-04-09 13:08:33,894 - parts_navigation.components.tiles_grid - INFO - Visible tiles: 0
2025-04-09 13:08:33,895 - parts_navigation.container - INFO - Navigated to step 0
2025-04-09 13:08:34,094 - parts_navigation.container - INFO - Starting delayed brand preloading
2025-04-09 13:08:34,094 - parts_navigation.steps.brand - INFO - Starting to preload brands data
2025-04-09 13:08:34,258 - translations - WARNING - Missing translation for 'Internet: Connected' in 'he'
2025-04-09 13:08:34,282 - database.car_parts_db - INFO - Found 43 unique car brands in database
2025-04-09 13:08:34,282 - database.car_parts_db - INFO - Processed 43 unique car brands
2025-04-09 13:08:34,418 - parts_navigation.steps.brand - INFO - Preloaded 43 brands
2025-04-09 13:08:34,419 - parts_navigation.logo_manager - INFO - Preloading logos for 43 brands
2025-04-09 13:08:34,461 - parts_navigation.steps.brand - INFO - Loaded 43 unique brands
2025-04-09 13:08:34,461 - parts_navigation.components.tiles_grid - INFO - Populating grid with 43 items using 4 columns
2025-04-09 13:08:34,543 - parts_navigation.container - INFO - All navigation steps created successfully
2025-04-09 13:08:35,404 - parts_navigation.components.tiles_grid - INFO - Grid has 4 active columns configured
2025-04-09 13:08:35,404 - parts_navigation.components.tiles_grid - INFO - Total tiles: 43
2025-04-09 13:08:35,404 - parts_navigation.components.tiles_grid - INFO - Visible tiles: 0
2025-04-09 13:08:35,437 - parts_navigation.logo_manager - INFO - Found 31 already cached logos out of 43
2025-04-09 13:08:35,437 - parts_navigation.steps.brand - INFO - Started preloading 43 brand logos
2025-04-09 13:08:36,934 - UsersDB - INFO - User fahed authenticated successfully
2025-04-09 13:08:36,944 - __main__ - INFO - User logged in: {'id': 2, 'username': 'fahed', 'full_name': 'Fahed Abu Mukh', 'role': 'manager', 'settings': {'theme': 'classic', 'language': 'en', 'rtl': False}}
2025-04-09 13:08:37,727 - parts_navigation.components.tiles_grid - INFO - Adjusting columns from 3 to 5
2025-04-09 13:08:37,727 - parts_navigation.components.tiles_grid - INFO - Setting grid to 5 columns
2025-04-09 13:08:37,728 - parts_navigation.components.tiles_grid - INFO - Adjusting columns from 4 to 5
2025-04-09 13:08:37,729 - parts_navigation.components.tiles_grid - INFO - Setting grid to 5 columns
2025-04-09 13:08:37,730 - parts_navigation.components.tiles_grid - INFO - Adjusting columns from 4 to 5
2025-04-09 13:08:37,730 - parts_navigation.components.tiles_grid - INFO - Setting grid to 5 columns
2025-04-09 13:08:37,732 - parts_navigation.components.tiles_grid - INFO - Adjusting columns from 3 to 5
2025-04-09 13:08:37,732 - parts_navigation.components.tiles_grid - INFO - Setting grid to 5 columns
2025-04-09 13:08:37,733 - parts_navigation.components.tiles_grid - INFO - Adjusting columns from 4 to 5
2025-04-09 13:08:37,734 - parts_navigation.components.tiles_grid - INFO - Setting grid to 5 columns
2025-04-09 13:08:37,734 - parts_navigation.components.tiles_grid - INFO - Adjusting columns from 4 to 6
2025-04-09 13:08:37,734 - parts_navigation.components.tiles_grid - INFO - Setting grid to 6 columns
2025-04-09 13:08:55,959 - gui.event_handlers - INFO - Closing database connection...
2025-04-09 13:08:55,973 - __main__ - INFO - Cleaning up application resources...
2025-04-09 13:08:55,973 - __main__ - INFO - Closing database connection...
2025-04-09 13:08:55,973 - __main__ - INFO - Cleaning up parts navigation resources...
2025-04-09 13:08:55,987 - database.car_parts_db - INFO - Thread 5884: New database connection established
2025-04-09 13:08:55,991 - __main__ - INFO - Application shutdown complete
2025-04-09 13:19:37,394 - root - INFO - Logging system initialized (level: INFO)
2025-04-09 13:19:37,394 - root - INFO - Log files directory: C:\Users\97253\Desktop\BeastMode-CSIntro-Excercises\CousinTestProject\logs
2025-04-09 13:19:37,528 - config - INFO - Determined application root: C:\Users\97253\Desktop\BeastMode-CSIntro-Excercises\CousinTestProject
2025-04-09 13:19:42,162 - __main__ - INFO - Application starting at: 2025-04-09 13:19:42
2025-04-09 13:19:42,162 - __main__ - INFO - Current user: BaselAM
2025-04-09 13:19:42,247 - __main__ - INFO - Initializing database connection...
2025-04-09 13:19:42,558 - database.car_parts_db - INFO - Thread 2996: Database connection established
2025-04-09 13:19:42,558 - database.car_parts_db - INFO - Initialized database connection to localhost
2025-04-09 13:19:42,614 - __main__ - INFO - Connected to database. Found 2845 parts.
2025-04-09 13:19:42,615 - translations - INFO - Loading translation files from C:\Users\97253\Desktop\BeastMode-CSIntro-Excercises\CousinTestProject\translations\data
2025-04-09 13:19:42,616 - translations - INFO - Loaded translations for namespace 'barcode' from C:\Users\97253\Desktop\BeastMode-CSIntro-Excercises\CousinTestProject\translations\data\barcode.json
2025-04-09 13:19:42,616 - translations - INFO - Loaded translations for namespace 'car_parts' from C:\Users\97253\Desktop\BeastMode-CSIntro-Excercises\CousinTestProject\translations\data\car_parts.json
2025-04-09 13:19:42,617 - translations - INFO - Loaded translations for namespace 'errors' from C:\Users\97253\Desktop\BeastMode-CSIntro-Excercises\CousinTestProject\translations\data\errors.json
2025-04-09 13:19:42,618 - translations - INFO - Loaded translations for namespace 'filters' from C:\Users\97253\Desktop\BeastMode-CSIntro-Excercises\CousinTestProject\translations\data\filters.json
2025-04-09 13:19:42,619 - translations - INFO - Loaded translations for namespace 'help' from C:\Users\97253\Desktop\BeastMode-CSIntro-Excercises\CousinTestProject\translations\data\help.json
2025-04-09 13:19:42,620 - translations - INFO - Loaded translations for namespace 'login' from C:\Users\97253\Desktop\BeastMode-CSIntro-Excercises\CousinTestProject\translations\data\login.json
2025-04-09 13:19:42,621 - translations - INFO - Loaded translations for namespace 'navigation' from C:\Users\97253\Desktop\BeastMode-CSIntro-Excercises\CousinTestProject\translations\data\navigation.json
2025-04-09 13:19:42,622 - translations - INFO - Loaded translations for namespace 'notifications' from C:\Users\97253\Desktop\BeastMode-CSIntro-Excercises\CousinTestProject\translations\data\notifications.json
2025-04-09 13:19:42,623 - translations - INFO - Loaded translations for namespace 'parts_nav_translations' from C:\Users\97253\Desktop\BeastMode-CSIntro-Excercises\CousinTestProject\translations\data\parts_nav_translations.json
2025-04-09 13:19:42,624 - translations - INFO - Loaded translations for namespace 'products' from C:\Users\97253\Desktop\BeastMode-CSIntro-Excercises\CousinTestProject\translations\data\products.json
2025-04-09 13:19:42,624 - translations - INFO - Loaded translations for namespace 'settings' from C:\Users\97253\Desktop\BeastMode-CSIntro-Excercises\CousinTestProject\translations\data\settings.json
2025-04-09 13:19:42,625 - translations - INFO - Loaded translations for namespace 'ui' from C:\Users\97253\Desktop\BeastMode-CSIntro-Excercises\CousinTestProject\translations\data\ui.json
2025-04-09 13:19:42,626 - translations - INFO - Loaded translations for namespace 'validations' from C:\Users\97253\Desktop\BeastMode-CSIntro-Excercises\CousinTestProject\translations\data\validations.json
2025-04-09 13:19:42,626 - translations - INFO - Loaded 13 translation files from C:\Users\97253\Desktop\BeastMode-CSIntro-Excercises\CousinTestProject\translations\data
2025-04-09 13:19:42,626 - translations - INFO - Loaded 13 translation files
2025-04-09 13:19:43,047 - UsersDB - INFO - Connected to user database at C:\Users\97253\Desktop\BeastMode-CSIntro-Excercises\CousinTestProject\database\users.db
2025-04-09 13:19:43,048 - UsersDB - INFO - Database tables created successfully
2025-04-09 13:19:44,003 - widgets.header.chatbot.api_key_manager - INFO - API key loaded successfully
2025-04-09 13:19:44,191 - widgets.header.chatbot.openai_client - INFO - OpenAI client initialized successfully
2025-04-09 13:19:45,049 - translations - WARNING - Missing translation for 'inventory_insights' in 'he'
2025-04-09 13:19:45,049 - translations - WARNING - Missing translation for 'categories' in 'he'
2025-04-09 13:19:45,050 - translations - WARNING - Missing translation for 'brands' in 'he'
2025-04-09 13:19:45,050 - translations - WARNING - Missing translation for 'low_stock' in 'he'
2025-04-09 13:19:45,050 - translations - WARNING - Missing translation for 'total_parts' in 'he'
2025-04-09 13:19:45,050 - translations - WARNING - Missing translation for 'total_value' in 'he'
2025-04-09 13:19:45,050 - translations - WARNING - Missing translation for 'average_price' in 'he'
2025-04-09 13:19:45,355 - parts_navigation.components.tiles_grid - INFO - Populating grid with 8 items using 4 columns
2025-04-09 13:19:45,557 - parts_navigation.container - INFO - All navigation steps created successfully
2025-04-09 13:19:45,609 - parts_navigation.container - INFO - Starting delayed brand preloading
2025-04-09 13:19:45,610 - parts_navigation.steps.brand - INFO - Starting to preload brands data
2025-04-09 13:19:45,618 - parts_navigation.components.tiles_grid - INFO - Grid has 4 active columns configured
2025-04-09 13:19:45,618 - parts_navigation.components.tiles_grid - INFO - Total tiles: 8
2025-04-09 13:19:45,618 - parts_navigation.components.tiles_grid - INFO - Visible tiles: 0
2025-04-09 13:19:45,618 - parts_navigation.container - INFO - Navigated to step 0
2025-04-09 13:19:46,300 - database.car_parts_db - INFO - Found 43 unique car brands in database
2025-04-09 13:19:46,300 - database.car_parts_db - INFO - Processed 43 unique car brands
2025-04-09 13:19:46,305 - translations - WARNING - Missing translation for 'Internet: Connected' in 'he'
2025-04-09 13:19:46,341 - parts_navigation.container - INFO - All navigation steps created successfully
2025-04-09 13:19:46,549 - parts_navigation.steps.brand - INFO - Preloaded 43 brands
2025-04-09 13:19:46,550 - parts_navigation.logo_manager - INFO - Preloading logos for 43 brands
2025-04-09 13:19:47,350 - parts_navigation.steps.brand - INFO - Loaded 43 unique brands
2025-04-09 13:19:47,350 - parts_navigation.components.tiles_grid - INFO - Populating grid with 43 items using 4 columns
2025-04-09 13:19:48,062 - parts_navigation.components.tiles_grid - INFO - Grid has 4 active columns configured
2025-04-09 13:19:48,063 - parts_navigation.components.tiles_grid - INFO - Total tiles: 43
2025-04-09 13:19:48,063 - parts_navigation.components.tiles_grid - INFO - Visible tiles: 0
2025-04-09 13:19:48,084 - parts_navigation.logo_manager - INFO - Found 31 already cached logos out of 43
2025-04-09 13:19:48,084 - parts_navigation.steps.brand - INFO - Started preloading 43 brand logos
2025-04-09 13:20:06,853 - UsersDB - INFO - User fahed authenticated successfully
2025-04-09 13:20:06,869 - __main__ - INFO - User logged in: {'id': 2, 'username': 'fahed', 'full_name': 'Fahed Abu Mukh', 'role': 'manager', 'settings': {'theme': 'classic', 'language': 'en', 'rtl': False}}
2025-04-09 13:20:07,675 - parts_navigation.components.tiles_grid - INFO - Adjusting columns from 3 to 5
2025-04-09 13:20:07,675 - parts_navigation.components.tiles_grid - INFO - Setting grid to 5 columns
2025-04-09 13:20:07,676 - parts_navigation.components.tiles_grid - INFO - Adjusting columns from 4 to 5
2025-04-09 13:20:07,676 - parts_navigation.components.tiles_grid - INFO - Setting grid to 5 columns
2025-04-09 13:20:07,678 - parts_navigation.components.tiles_grid - INFO - Adjusting columns from 4 to 5
2025-04-09 13:20:07,678 - parts_navigation.components.tiles_grid - INFO - Setting grid to 5 columns
2025-04-09 13:20:07,678 - parts_navigation.components.tiles_grid - INFO - Adjusting columns from 3 to 5
2025-04-09 13:20:07,678 - parts_navigation.components.tiles_grid - INFO - Setting grid to 5 columns
2025-04-09 13:20:07,679 - parts_navigation.components.tiles_grid - INFO - Adjusting columns from 4 to 5
2025-04-09 13:20:07,679 - parts_navigation.components.tiles_grid - INFO - Setting grid to 5 columns
2025-04-09 13:20:07,679 - parts_navigation.components.tiles_grid - INFO - Adjusting columns from 4 to 6
2025-04-09 13:20:07,679 - parts_navigation.components.tiles_grid - INFO - Setting grid to 6 columns
2025-04-09 13:20:37,628 - gui.event_handlers - INFO - Closing database connection...
2025-04-09 13:20:37,638 - __main__ - INFO - Cleaning up application resources...
2025-04-09 13:20:37,638 - __main__ - INFO - Closing database connection...
2025-04-09 13:20:37,638 - __main__ - INFO - Cleaning up parts navigation resources...
2025-04-09 13:20:37,651 - database.car_parts_db - INFO - Thread 2996: New database connection established
2025-04-09 13:20:37,653 - __main__ - INFO - Application shutdown complete
2025-04-09 13:20:54,582 - root - INFO - Logging system initialized (level: INFO)
2025-04-09 13:20:54,582 - root - INFO - Log files directory: C:\Users\97253\Desktop\BeastMode-CSIntro-Excercises\CousinTestProject\logs
2025-04-09 13:20:54,631 - config - INFO - Determined application root: C:\Users\97253\Desktop\BeastMode-CSIntro-Excercises\CousinTestProject
2025-04-09 13:20:56,017 - __main__ - INFO - Application starting at: 2025-04-09 13:20:56
2025-04-09 13:20:56,017 - __main__ - INFO - Current user: BaselAM
2025-04-09 13:20:56,033 - __main__ - INFO - Initializing database connection...
2025-04-09 13:20:56,155 - database.car_parts_db - INFO - Thread 13672: Database connection established
2025-04-09 13:20:56,155 - database.car_parts_db - INFO - Initialized database connection to localhost
2025-04-09 13:20:56,179 - __main__ - INFO - Connected to database. Found 2845 parts.
2025-04-09 13:20:56,179 - translations - INFO - Loading translation files from C:\Users\97253\Desktop\BeastMode-CSIntro-Excercises\CousinTestProject\translations\data
2025-04-09 13:20:56,179 - translations - INFO - Loaded translations for namespace 'barcode' from C:\Users\97253\Desktop\BeastMode-CSIntro-Excercises\CousinTestProject\translations\data\barcode.json
2025-04-09 13:20:56,179 - translations - INFO - Loaded translations for namespace 'car_parts' from C:\Users\97253\Desktop\BeastMode-CSIntro-Excercises\CousinTestProject\translations\data\car_parts.json
2025-04-09 13:20:56,179 - translations - INFO - Loaded translations for namespace 'errors' from C:\Users\97253\Desktop\BeastMode-CSIntro-Excercises\CousinTestProject\translations\data\errors.json
2025-04-09 13:20:56,181 - translations - INFO - Loaded translations for namespace 'filters' from C:\Users\97253\Desktop\BeastMode-CSIntro-Excercises\CousinTestProject\translations\data\filters.json
2025-04-09 13:20:56,181 - translations - INFO - Loaded translations for namespace 'help' from C:\Users\97253\Desktop\BeastMode-CSIntro-Excercises\CousinTestProject\translations\data\help.json
2025-04-09 13:20:56,181 - translations - INFO - Loaded translations for namespace 'login' from C:\Users\97253\Desktop\BeastMode-CSIntro-Excercises\CousinTestProject\translations\data\login.json
2025-04-09 13:20:56,181 - translations - INFO - Loaded translations for namespace 'navigation' from C:\Users\97253\Desktop\BeastMode-CSIntro-Excercises\CousinTestProject\translations\data\navigation.json
2025-04-09 13:20:56,181 - translations - INFO - Loaded translations for namespace 'notifications' from C:\Users\97253\Desktop\BeastMode-CSIntro-Excercises\CousinTestProject\translations\data\notifications.json
2025-04-09 13:20:56,182 - translations - INFO - Loaded translations for namespace 'parts_nav_translations' from C:\Users\97253\Desktop\BeastMode-CSIntro-Excercises\CousinTestProject\translations\data\parts_nav_translations.json
2025-04-09 13:20:56,182 - translations - INFO - Loaded translations for namespace 'products' from C:\Users\97253\Desktop\BeastMode-CSIntro-Excercises\CousinTestProject\translations\data\products.json
2025-04-09 13:20:56,182 - translations - INFO - Loaded translations for namespace 'settings' from C:\Users\97253\Desktop\BeastMode-CSIntro-Excercises\CousinTestProject\translations\data\settings.json
2025-04-09 13:20:56,182 - translations - INFO - Loaded translations for namespace 'ui' from C:\Users\97253\Desktop\BeastMode-CSIntro-Excercises\CousinTestProject\translations\data\ui.json
2025-04-09 13:20:56,182 - translations - INFO - Loaded translations for namespace 'validations' from C:\Users\97253\Desktop\BeastMode-CSIntro-Excercises\CousinTestProject\translations\data\validations.json
2025-04-09 13:20:56,182 - translations - INFO - Loaded 13 translation files from C:\Users\97253\Desktop\BeastMode-CSIntro-Excercises\CousinTestProject\translations\data
2025-04-09 13:20:56,182 - translations - INFO - Loaded 13 translation files
2025-04-09 13:20:56,247 - UsersDB - INFO - Connected to user database at C:\Users\97253\Desktop\BeastMode-CSIntro-Excercises\CousinTestProject\database\users.db
2025-04-09 13:20:56,248 - UsersDB - INFO - Database tables created successfully
2025-04-09 13:20:56,568 - widgets.header.chatbot.api_key_manager - INFO - API key loaded successfully
2025-04-09 13:20:56,630 - widgets.header.chatbot.openai_client - INFO - OpenAI client initialized successfully
2025-04-09 13:20:56,899 - translations - WARNING - Missing translation for 'inventory_insights' in 'he'
2025-04-09 13:20:56,899 - translations - WARNING - Missing translation for 'categories' in 'he'
2025-04-09 13:20:56,899 - translations - WARNING - Missing translation for 'brands' in 'he'
2025-04-09 13:20:56,899 - translations - WARNING - Missing translation for 'low_stock' in 'he'
2025-04-09 13:20:56,899 - translations - WARNING - Missing translation for 'total_parts' in 'he'
2025-04-09 13:20:56,899 - translations - WARNING - Missing translation for 'total_value' in 'he'
2025-04-09 13:20:56,899 - translations - WARNING - Missing translation for 'average_price' in 'he'
2025-04-09 13:20:57,003 - parts_navigation.components.tiles_grid - INFO - Populating grid with 8 items using 4 columns
2025-04-09 13:20:57,047 - parts_navigation.components.tiles_grid - INFO - Grid has 4 active columns configured
2025-04-09 13:20:57,047 - parts_navigation.components.tiles_grid - INFO - Total tiles: 8
2025-04-09 13:20:57,047 - parts_navigation.components.tiles_grid - INFO - Visible tiles: 0
2025-04-09 13:20:57,047 - parts_navigation.container - INFO - Navigated to step 0
2025-04-09 13:20:57,244 - parts_navigation.container - INFO - All navigation steps created successfully
2025-04-09 13:20:57,366 - parts_navigation.container - INFO - Starting delayed brand preloading
2025-04-09 13:20:57,366 - parts_navigation.steps.brand - INFO - Starting to preload brands data
2025-04-09 13:20:57,373 - translations - WARNING - Missing translation for 'Internet: Connected' in 'he'
2025-04-09 13:20:57,413 - database.car_parts_db - INFO - Found 43 unique car brands in database
2025-04-09 13:20:57,413 - database.car_parts_db - INFO - Processed 43 unique car brands
2025-04-09 13:20:57,537 - parts_navigation.steps.brand - INFO - Preloaded 43 brands
2025-04-09 13:20:57,537 - parts_navigation.logo_manager - INFO - Preloading logos for 43 brands
2025-04-09 13:20:57,578 - parts_navigation.steps.brand - INFO - Loaded 43 unique brands
2025-04-09 13:20:57,578 - parts_navigation.components.tiles_grid - INFO - Populating grid with 43 items using 4 columns
2025-04-09 13:20:57,661 - parts_navigation.container - INFO - All navigation steps created successfully
2025-04-09 13:20:58,622 - parts_navigation.components.tiles_grid - INFO - Grid has 4 active columns configured
2025-04-09 13:20:58,622 - parts_navigation.components.tiles_grid - INFO - Total tiles: 43
2025-04-09 13:20:58,622 - parts_navigation.components.tiles_grid - INFO - Visible tiles: 0
2025-04-09 13:20:58,690 - parts_navigation.logo_manager - INFO - Found 31 already cached logos out of 43
2025-04-09 13:20:58,690 - parts_navigation.steps.brand - INFO - Started preloading 43 brand logos
2025-04-09 13:21:09,748 - UsersDB - INFO - User fahed authenticated successfully
2025-04-09 13:21:09,759 - __main__ - INFO - User logged in: {'id': 2, 'username': 'fahed', 'full_name': 'Fahed Abu Mukh', 'role': 'manager', 'settings': {'theme': 'classic', 'language': 'en', 'rtl': False}}
2025-04-09 13:21:11,049 - parts_navigation.components.tiles_grid - INFO - Adjusting columns from 3 to 5
2025-04-09 13:21:11,050 - parts_navigation.components.tiles_grid - INFO - Setting grid to 5 columns
2025-04-09 13:21:11,051 - parts_navigation.components.tiles_grid - INFO - Adjusting columns from 4 to 5
2025-04-09 13:21:11,051 - parts_navigation.components.tiles_grid - INFO - Setting grid to 5 columns
2025-04-09 13:21:11,053 - parts_navigation.components.tiles_grid - INFO - Adjusting columns from 4 to 5
2025-04-09 13:21:11,053 - parts_navigation.components.tiles_grid - INFO - Setting grid to 5 columns
2025-04-09 13:21:11,054 - parts_navigation.components.tiles_grid - INFO - Adjusting columns from 3 to 5
2025-04-09 13:21:11,054 - parts_navigation.components.tiles_grid - INFO - Setting grid to 5 columns
2025-04-09 13:21:11,055 - parts_navigation.components.tiles_grid - INFO - Adjusting columns from 4 to 5
2025-04-09 13:21:11,055 - parts_navigation.components.tiles_grid - INFO - Setting grid to 5 columns
2025-04-09 13:21:11,056 - parts_navigation.components.tiles_grid - INFO - Adjusting columns from 4 to 6
2025-04-09 13:21:11,056 - parts_navigation.components.tiles_grid - INFO - Setting grid to 6 columns
2025-04-09 13:21:17,553 - gui.event_handlers - INFO - Closing database connection...
2025-04-09 13:21:17,565 - __main__ - INFO - Cleaning up application resources...
2025-04-09 13:21:17,565 - __main__ - INFO - Closing database connection...
2025-04-09 13:21:17,565 - __main__ - INFO - Cleaning up parts navigation resources...
2025-04-09 13:21:17,576 - database.car_parts_db - INFO - Thread 13672: New database connection established
2025-04-09 13:21:17,579 - __main__ - INFO - Application shutdown complete
2025-04-09 13:22:27,758 - root - INFO - Logging system initialized (level: INFO)
2025-04-09 13:22:27,758 - root - INFO - Log files directory: C:\Users\97253\Desktop\BeastMode-CSIntro-Excercises\CousinTestProject\logs
2025-04-09 13:22:27,790 - config - INFO - Determined application root: C:\Users\97253\Desktop\BeastMode-CSIntro-Excercises\CousinTestProject
2025-04-09 13:22:32,235 - __main__ - INFO - Application starting at: 2025-04-09 13:22:32
2025-04-09 13:22:32,235 - __main__ - INFO - Current user: BaselAM
2025-04-09 13:22:32,263 - __main__ - INFO - Initializing database connection...
2025-04-09 13:22:32,426 - database.car_parts_db - INFO - Thread 6768: Database connection established
2025-04-09 13:22:32,426 - database.car_parts_db - INFO - Initialized database connection to localhost
2025-04-09 13:22:32,511 - __main__ - INFO - Connected to database. Found 2845 parts.
2025-04-09 13:22:32,511 - translations - INFO - Loading translation files from C:\Users\97253\Desktop\BeastMode-CSIntro-Excercises\CousinTestProject\translations\data
2025-04-09 13:22:32,513 - translations - INFO - Loaded translations for namespace 'barcode' from C:\Users\97253\Desktop\BeastMode-CSIntro-Excercises\CousinTestProject\translations\data\barcode.json
2025-04-09 13:22:32,514 - translations - INFO - Loaded translations for namespace 'car_parts' from C:\Users\97253\Desktop\BeastMode-CSIntro-Excercises\CousinTestProject\translations\data\car_parts.json
2025-04-09 13:22:32,515 - translations - INFO - Loaded translations for namespace 'errors' from C:\Users\97253\Desktop\BeastMode-CSIntro-Excercises\CousinTestProject\translations\data\errors.json
2025-04-09 13:22:32,516 - translations - INFO - Loaded translations for namespace 'filters' from C:\Users\97253\Desktop\BeastMode-CSIntro-Excercises\CousinTestProject\translations\data\filters.json
2025-04-09 13:22:32,517 - translations - INFO - Loaded translations for namespace 'help' from C:\Users\97253\Desktop\BeastMode-CSIntro-Excercises\CousinTestProject\translations\data\help.json
2025-04-09 13:22:32,518 - translations - INFO - Loaded translations for namespace 'login' from C:\Users\97253\Desktop\BeastMode-CSIntro-Excercises\CousinTestProject\translations\data\login.json
2025-04-09 13:22:32,518 - translations - INFO - Loaded translations for namespace 'navigation' from C:\Users\97253\Desktop\BeastMode-CSIntro-Excercises\CousinTestProject\translations\data\navigation.json
2025-04-09 13:22:32,519 - translations - INFO - Loaded translations for namespace 'notifications' from C:\Users\97253\Desktop\BeastMode-CSIntro-Excercises\CousinTestProject\translations\data\notifications.json
2025-04-09 13:22:32,520 - translations - INFO - Loaded translations for namespace 'parts_nav_translations' from C:\Users\97253\Desktop\BeastMode-CSIntro-Excercises\CousinTestProject\translations\data\parts_nav_translations.json
2025-04-09 13:22:32,522 - translations - INFO - Loaded translations for namespace 'products' from C:\Users\97253\Desktop\BeastMode-CSIntro-Excercises\CousinTestProject\translations\data\products.json
2025-04-09 13:22:32,524 - translations - INFO - Loaded translations for namespace 'settings' from C:\Users\97253\Desktop\BeastMode-CSIntro-Excercises\CousinTestProject\translations\data\settings.json
2025-04-09 13:22:32,525 - translations - INFO - Loaded translations for namespace 'statistics' from C:\Users\97253\Desktop\BeastMode-CSIntro-Excercises\CousinTestProject\translations\data\statistics.json
2025-04-09 13:22:32,526 - translations - INFO - Loaded translations for namespace 'ui' from C:\Users\97253\Desktop\BeastMode-CSIntro-Excercises\CousinTestProject\translations\data\ui.json
2025-04-09 13:22:32,527 - translations - INFO - Loaded translations for namespace 'validations' from C:\Users\97253\Desktop\BeastMode-CSIntro-Excercises\CousinTestProject\translations\data\validations.json
2025-04-09 13:22:32,527 - translations - INFO - Loaded 14 translation files from C:\Users\97253\Desktop\BeastMode-CSIntro-Excercises\CousinTestProject\translations\data
2025-04-09 13:22:32,528 - translations - INFO - Loaded 14 translation files
2025-04-09 13:22:32,852 - UsersDB - INFO - Connected to user database at C:\Users\97253\Desktop\BeastMode-CSIntro-Excercises\CousinTestProject\database\users.db
2025-04-09 13:22:32,854 - UsersDB - INFO - Database tables created successfully
2025-04-09 13:22:33,666 - widgets.header.chatbot.api_key_manager - INFO - API key loaded successfully
2025-04-09 13:22:33,798 - widgets.header.chatbot.openai_client - INFO - OpenAI client initialized successfully
2025-04-09 13:22:34,723 - parts_navigation.components.tiles_grid - INFO - Populating grid with 8 items using 4 columns
2025-04-09 13:22:34,817 - parts_navigation.container - INFO - All navigation steps created successfully
2025-04-09 13:22:35,020 - parts_navigation.components.tiles_grid - INFO - Grid has 4 active columns configured
2025-04-09 13:22:35,020 - parts_navigation.components.tiles_grid - INFO - Total tiles: 8
2025-04-09 13:22:35,021 - parts_navigation.components.tiles_grid - INFO - Visible tiles: 0
2025-04-09 13:22:35,021 - parts_navigation.container - INFO - Navigated to step 0
2025-04-09 13:22:35,441 - parts_navigation.container - INFO - Starting delayed brand preloading
2025-04-09 13:22:35,441 - parts_navigation.steps.brand - INFO - Starting to preload brands data
2025-04-09 13:22:35,743 - translations - WARNING - Missing translation for 'Internet: Connected' in 'he'
2025-04-09 13:22:35,784 - database.car_parts_db - INFO - Found 43 unique car brands in database
2025-04-09 13:22:35,784 - database.car_parts_db - INFO - Processed 43 unique car brands
2025-04-09 13:22:36,085 - parts_navigation.container - INFO - All navigation steps created successfully
2025-04-09 13:22:36,086 - parts_navigation.steps.brand - INFO - Preloaded 43 brands
2025-04-09 13:22:36,086 - parts_navigation.logo_manager - INFO - Preloading logos for 43 brands
2025-04-09 13:22:37,154 - parts_navigation.steps.brand - INFO - Loaded 43 unique brands
2025-04-09 13:22:37,154 - parts_navigation.components.tiles_grid - INFO - Populating grid with 43 items using 4 columns
2025-04-09 13:22:37,866 - parts_navigation.components.tiles_grid - INFO - Grid has 4 active columns configured
2025-04-09 13:22:37,866 - parts_navigation.components.tiles_grid - INFO - Total tiles: 43
2025-04-09 13:22:37,866 - parts_navigation.components.tiles_grid - INFO - Visible tiles: 0
2025-04-09 13:22:37,924 - parts_navigation.logo_manager - INFO - Found 31 already cached logos out of 43
2025-04-09 13:22:37,925 - parts_navigation.steps.brand - INFO - Started preloading 43 brand logos
2025-04-09 13:22:39,692 - UsersDB - INFO - User fahed authenticated successfully
2025-04-09 13:22:39,702 - __main__ - INFO - User logged in: {'id': 2, 'username': 'fahed', 'full_name': 'Fahed Abu Mukh', 'role': 'manager', 'settings': {'theme': 'classic', 'language': 'en', 'rtl': False}}
2025-04-09 13:22:40,404 - parts_navigation.components.tiles_grid - INFO - Adjusting columns from 3 to 5
2025-04-09 13:22:40,405 - parts_navigation.components.tiles_grid - INFO - Setting grid to 5 columns
2025-04-09 13:22:40,405 - parts_navigation.components.tiles_grid - INFO - Adjusting columns from 4 to 5
2025-04-09 13:22:40,405 - parts_navigation.components.tiles_grid - INFO - Setting grid to 5 columns
2025-04-09 13:22:40,408 - parts_navigation.components.tiles_grid - INFO - Adjusting columns from 4 to 5
2025-04-09 13:22:40,408 - parts_navigation.components.tiles_grid - INFO - Setting grid to 5 columns
2025-04-09 13:22:40,409 - parts_navigation.components.tiles_grid - INFO - Adjusting columns from 3 to 5
2025-04-09 13:22:40,409 - parts_navigation.components.tiles_grid - INFO - Setting grid to 5 columns
2025-04-09 13:22:40,410 - parts_navigation.components.tiles_grid - INFO - Adjusting columns from 4 to 5
2025-04-09 13:22:40,411 - parts_navigation.components.tiles_grid - INFO - Setting grid to 5 columns
2025-04-09 13:22:40,411 - parts_navigation.components.tiles_grid - INFO - Adjusting columns from 4 to 6
2025-04-09 13:22:40,411 - parts_navigation.components.tiles_grid - INFO - Setting grid to 6 columns
2025-04-09 13:25:00,138 - gui.event_handlers - INFO - Closing database connection...
2025-04-09 13:25:00,152 - __main__ - INFO - Cleaning up application resources...
2025-04-09 13:25:00,153 - __main__ - INFO - Closing database connection...
2025-04-09 13:25:00,153 - __main__ - INFO - Cleaning up parts navigation resources...
2025-04-09 13:25:00,169 - database.car_parts_db - INFO - Thread 6768: New database connection established
2025-04-09 13:25:00,171 - __main__ - INFO - Application shutdown complete
2025-04-09 13:25:14,277 - root - INFO - Logging system initialized (level: INFO)
2025-04-09 13:25:14,277 - root - INFO - Log files directory: C:\Users\97253\Desktop\BeastMode-CSIntro-Excercises\CousinTestProject\logs
2025-04-09 13:25:14,324 - config - INFO - Determined application root: C:\Users\97253\Desktop\BeastMode-CSIntro-Excercises\CousinTestProject
2025-04-09 13:25:15,428 - __main__ - INFO - Application starting at: 2025-04-09 13:25:15
2025-04-09 13:25:15,429 - __main__ - INFO - Current user: BaselAM
2025-04-09 13:25:15,439 - __main__ - INFO - Initializing database connection...
2025-04-09 13:25:15,527 - database.car_parts_db - INFO - Thread 8064: Database connection established
2025-04-09 13:25:15,527 - database.car_parts_db - INFO - Initialized database connection to localhost
2025-04-09 13:25:15,551 - __main__ - INFO - Connected to database. Found 2845 parts.
2025-04-09 13:25:15,551 - translations - INFO - Loading translation files from C:\Users\97253\Desktop\BeastMode-CSIntro-Excercises\CousinTestProject\translations\data
2025-04-09 13:25:15,551 - translations - INFO - Loaded translations for namespace 'barcode' from C:\Users\97253\Desktop\BeastMode-CSIntro-Excercises\CousinTestProject\translations\data\barcode.json
2025-04-09 13:25:15,551 - translations - INFO - Loaded translations for namespace 'car_parts' from C:\Users\97253\Desktop\BeastMode-CSIntro-Excercises\CousinTestProject\translations\data\car_parts.json
2025-04-09 13:25:15,551 - translations - INFO - Loaded translations for namespace 'errors' from C:\Users\97253\Desktop\BeastMode-CSIntro-Excercises\CousinTestProject\translations\data\errors.json
2025-04-09 13:25:15,552 - translations - INFO - Loaded translations for namespace 'filters' from C:\Users\97253\Desktop\BeastMode-CSIntro-Excercises\CousinTestProject\translations\data\filters.json
2025-04-09 13:25:15,552 - translations - INFO - Loaded translations for namespace 'help' from C:\Users\97253\Desktop\BeastMode-CSIntro-Excercises\CousinTestProject\translations\data\help.json
2025-04-09 13:25:15,552 - translations - INFO - Loaded translations for namespace 'login' from C:\Users\97253\Desktop\BeastMode-CSIntro-Excercises\CousinTestProject\translations\data\login.json
2025-04-09 13:25:15,552 - translations - INFO - Loaded translations for namespace 'navigation' from C:\Users\97253\Desktop\BeastMode-CSIntro-Excercises\CousinTestProject\translations\data\navigation.json
2025-04-09 13:25:15,552 - translations - INFO - Loaded translations for namespace 'notifications' from C:\Users\97253\Desktop\BeastMode-CSIntro-Excercises\CousinTestProject\translations\data\notifications.json
2025-04-09 13:25:15,554 - translations - INFO - Loaded translations for namespace 'parts_nav_translations' from C:\Users\97253\Desktop\BeastMode-CSIntro-Excercises\CousinTestProject\translations\data\parts_nav_translations.json
2025-04-09 13:25:15,554 - translations - INFO - Loaded translations for namespace 'products' from C:\Users\97253\Desktop\BeastMode-CSIntro-Excercises\CousinTestProject\translations\data\products.json
2025-04-09 13:25:15,554 - translations - INFO - Loaded translations for namespace 'settings' from C:\Users\97253\Desktop\BeastMode-CSIntro-Excercises\CousinTestProject\translations\data\settings.json
2025-04-09 13:25:15,554 - translations - INFO - Loaded translations for namespace 'statistics' from C:\Users\97253\Desktop\BeastMode-CSIntro-Excercises\CousinTestProject\translations\data\statistics.json
2025-04-09 13:25:15,554 - translations - INFO - Loaded translations for namespace 'ui' from C:\Users\97253\Desktop\BeastMode-CSIntro-Excercises\CousinTestProject\translations\data\ui.json
2025-04-09 13:25:15,554 - translations - INFO - Loaded translations for namespace 'validations' from C:\Users\97253\Desktop\BeastMode-CSIntro-Excercises\CousinTestProject\translations\data\validations.json
2025-04-09 13:25:15,555 - translations - INFO - Loaded 14 translation files from C:\Users\97253\Desktop\BeastMode-CSIntro-Excercises\CousinTestProject\translations\data
2025-04-09 13:25:15,555 - translations - INFO - Loaded 14 translation files
2025-04-09 13:25:15,611 - UsersDB - INFO - Connected to user database at C:\Users\97253\Desktop\BeastMode-CSIntro-Excercises\CousinTestProject\database\users.db
2025-04-09 13:25:15,611 - UsersDB - INFO - Database tables created successfully
2025-04-09 13:25:15,870 - widgets.header.chatbot.api_key_manager - INFO - API key loaded successfully
2025-04-09 13:25:15,916 - widgets.header.chatbot.openai_client - INFO - OpenAI client initialized successfully
2025-04-09 13:25:16,282 - parts_navigation.components.tiles_grid - INFO - Populating grid with 8 items using 4 columns
2025-04-09 13:25:16,324 - parts_navigation.components.tiles_grid - INFO - Grid has 4 active columns configured
2025-04-09 13:25:16,324 - parts_navigation.components.tiles_grid - INFO - Total tiles: 8
2025-04-09 13:25:16,324 - parts_navigation.components.tiles_grid - INFO - Visible tiles: 0
2025-04-09 13:25:16,324 - parts_navigation.container - INFO - Navigated to step 0
2025-04-09 13:25:16,500 - parts_navigation.container - INFO - All navigation steps created successfully
2025-04-09 13:25:16,615 - parts_navigation.container - INFO - Starting delayed brand preloading
2025-04-09 13:25:16,615 - parts_navigation.steps.brand - INFO - Starting to preload brands data
2025-04-09 13:25:16,638 - translations - WARNING - Missing translation for 'Internet: Connected' in 'he'
2025-04-09 13:25:16,671 - database.car_parts_db - INFO - Found 43 unique car brands in database
2025-04-09 13:25:16,671 - database.car_parts_db - INFO - Processed 43 unique car brands
2025-04-09 13:25:16,791 - parts_navigation.steps.brand - INFO - Preloaded 43 brands
2025-04-09 13:25:16,791 - parts_navigation.logo_manager - INFO - Preloading logos for 43 brands
2025-04-09 13:25:16,799 - parts_navigation.steps.brand - INFO - Loaded 43 unique brands
2025-04-09 13:25:16,830 - parts_navigation.components.tiles_grid - INFO - Populating grid with 43 items using 4 columns
2025-04-09 13:25:16,905 - parts_navigation.container - INFO - All navigation steps created successfully
2025-04-09 13:25:17,722 - parts_navigation.components.tiles_grid - INFO - Grid has 4 active columns configured
2025-04-09 13:25:17,722 - parts_navigation.components.tiles_grid - INFO - Total tiles: 43
2025-04-09 13:25:17,722 - parts_navigation.components.tiles_grid - INFO - Visible tiles: 0
2025-04-09 13:25:17,754 - parts_navigation.logo_manager - INFO - Found 31 already cached logos out of 43
2025-04-09 13:25:17,754 - parts_navigation.steps.brand - INFO - Started preloading 43 brand logos
2025-04-09 13:25:19,278 - UsersDB - INFO - User fahed authenticated successfully
2025-04-09 13:25:19,288 - __main__ - INFO - User logged in: {'id': 2, 'username': 'fahed', 'full_name': 'Fahed Abu Mukh', 'role': 'manager', 'settings': {'theme': 'classic', 'language': 'en', 'rtl': False}}
2025-04-09 13:25:19,972 - parts_navigation.components.tiles_grid - INFO - Adjusting columns from 3 to 5
2025-04-09 13:25:19,972 - parts_navigation.components.tiles_grid - INFO - Setting grid to 5 columns
2025-04-09 13:25:19,974 - parts_navigation.components.tiles_grid - INFO - Adjusting columns from 4 to 5
2025-04-09 13:25:19,974 - parts_navigation.components.tiles_grid - INFO - Setting grid to 5 columns
2025-04-09 13:25:19,976 - parts_navigation.components.tiles_grid - INFO - Adjusting columns from 4 to 5
2025-04-09 13:25:19,976 - parts_navigation.components.tiles_grid - INFO - Setting grid to 5 columns
2025-04-09 13:25:19,977 - parts_navigation.components.tiles_grid - INFO - Adjusting columns from 3 to 5
2025-04-09 13:25:19,977 - parts_navigation.components.tiles_grid - INFO - Setting grid to 5 columns
2025-04-09 13:25:19,979 - parts_navigation.components.tiles_grid - INFO - Adjusting columns from 4 to 5
2025-04-09 13:25:19,980 - parts_navigation.components.tiles_grid - INFO - Setting grid to 5 columns
2025-04-09 13:25:19,980 - parts_navigation.components.tiles_grid - INFO - Adjusting columns from 4 to 6
2025-04-09 13:25:19,980 - parts_navigation.components.tiles_grid - INFO - Setting grid to 6 columns
2025-04-09 13:25:44,848 - widgets.statistics - INFO - Applying filters: {'date_from': '2025-03-09', 'date_to': '2025-04-09', 'category': None, 'brand': None, 'stock_status': {'in_stock': True, 'low_stock': True, 'out_of_stock': True}, 'price_min': None, 'price_max': None}
2025-04-09 13:25:47,365 - gui.event_handlers - INFO - Closing database connection...
2025-04-09 13:25:47,376 - __main__ - INFO - Cleaning up application resources...
2025-04-09 13:25:47,376 - __main__ - INFO - Closing database connection...
2025-04-09 13:25:47,377 - __main__ - INFO - Cleaning up parts navigation resources...
2025-04-09 13:25:47,387 - database.car_parts_db - INFO - Thread 8064: New database connection established
2025-04-09 13:25:47,388 - __main__ - INFO - Application shutdown complete
2025-04-09 13:29:27,048 - root - INFO - Logging system initialized (level: INFO)
2025-04-09 13:29:27,048 - root - INFO - Log files directory: C:\Users\97253\Desktop\BeastMode-CSIntro-Excercises\CousinTestProject\logs
2025-04-09 13:29:27,081 - config - INFO - Determined application root: C:\Users\97253\Desktop\BeastMode-CSIntro-Excercises\CousinTestProject
2025-04-09 13:29:28,240 - __main__ - INFO - Application starting at: 2025-04-09 13:29:28
2025-04-09 13:29:28,240 - __main__ - INFO - Current user: BaselAM
2025-04-09 13:29:28,252 - __main__ - INFO - Initializing database connection...
2025-04-09 13:29:28,341 - database.car_parts_db - INFO - Thread 14352: Database connection established
2025-04-09 13:29:28,341 - database.car_parts_db - INFO - Initialized database connection to localhost
2025-04-09 13:29:28,364 - __main__ - INFO - Connected to database. Found 2845 parts.
2025-04-09 13:29:28,364 - translations - INFO - Loading translation files from C:\Users\97253\Desktop\BeastMode-CSIntro-Excercises\CousinTestProject\translations\data
2025-04-09 13:29:28,365 - translations - INFO - Loaded translations for namespace 'barcode' from C:\Users\97253\Desktop\BeastMode-CSIntro-Excercises\CousinTestProject\translations\data\barcode.json
2025-04-09 13:29:28,365 - translations - INFO - Loaded translations for namespace 'car_parts' from C:\Users\97253\Desktop\BeastMode-CSIntro-Excercises\CousinTestProject\translations\data\car_parts.json
2025-04-09 13:29:28,365 - translations - INFO - Loaded translations for namespace 'errors' from C:\Users\97253\Desktop\BeastMode-CSIntro-Excercises\CousinTestProject\translations\data\errors.json
2025-04-09 13:29:28,365 - translations - INFO - Loaded translations for namespace 'filters' from C:\Users\97253\Desktop\BeastMode-CSIntro-Excercises\CousinTestProject\translations\data\filters.json
2025-04-09 13:29:28,366 - translations - INFO - Loaded translations for namespace 'help' from C:\Users\97253\Desktop\BeastMode-CSIntro-Excercises\CousinTestProject\translations\data\help.json
2025-04-09 13:29:28,366 - translations - INFO - Loaded translations for namespace 'login' from C:\Users\97253\Desktop\BeastMode-CSIntro-Excercises\CousinTestProject\translations\data\login.json
2025-04-09 13:29:28,366 - translations - INFO - Loaded translations for namespace 'navigation' from C:\Users\97253\Desktop\BeastMode-CSIntro-Excercises\CousinTestProject\translations\data\navigation.json
2025-04-09 13:29:28,366 - translations - INFO - Loaded translations for namespace 'notifications' from C:\Users\97253\Desktop\BeastMode-CSIntro-Excercises\CousinTestProject\translations\data\notifications.json
2025-04-09 13:29:28,367 - translations - INFO - Loaded translations for namespace 'parts_nav_translations' from C:\Users\97253\Desktop\BeastMode-CSIntro-Excercises\CousinTestProject\translations\data\parts_nav_translations.json
2025-04-09 13:29:28,367 - translations - INFO - Loaded translations for namespace 'products' from C:\Users\97253\Desktop\BeastMode-CSIntro-Excercises\CousinTestProject\translations\data\products.json
2025-04-09 13:29:28,367 - translations - INFO - Loaded translations for namespace 'settings' from C:\Users\97253\Desktop\BeastMode-CSIntro-Excercises\CousinTestProject\translations\data\settings.json
2025-04-09 13:29:28,368 - translations - INFO - Loaded translations for namespace 'statistics' from C:\Users\97253\Desktop\BeastMode-CSIntro-Excercises\CousinTestProject\translations\data\statistics.json
2025-04-09 13:29:28,368 - translations - INFO - Loaded translations for namespace 'ui' from C:\Users\97253\Desktop\BeastMode-CSIntro-Excercises\CousinTestProject\translations\data\ui.json
2025-04-09 13:29:28,368 - translations - INFO - Loaded translations for namespace 'validations' from C:\Users\97253\Desktop\BeastMode-CSIntro-Excercises\CousinTestProject\translations\data\validations.json
2025-04-09 13:29:28,368 - translations - INFO - Loaded 14 translation files from C:\Users\97253\Desktop\BeastMode-CSIntro-Excercises\CousinTestProject\translations\data
2025-04-09 13:29:28,368 - translations - INFO - Loaded 14 translation files
2025-04-09 13:29:28,424 - UsersDB - INFO - Connected to user database at C:\Users\97253\Desktop\BeastMode-CSIntro-Excercises\CousinTestProject\database\users.db
2025-04-09 13:29:28,425 - UsersDB - INFO - Database tables created successfully
2025-04-09 13:29:28,585 - translations - WARNING - Missing translation for 'register' in 'he'
2025-04-09 13:29:28,722 - widgets.header.chatbot.api_key_manager - INFO - API key loaded successfully
2025-04-09 13:29:28,783 - widgets.header.chatbot.openai_client - INFO - OpenAI client initialized successfully
2025-04-09 13:29:29,272 - parts_navigation.components.tiles_grid - INFO - Populating grid with 8 items using 4 columns
2025-04-09 13:29:29,368 - parts_navigation.container - INFO - All navigation steps created successfully
2025-04-09 13:29:29,369 - parts_navigation.components.tiles_grid - INFO - Grid has 4 active columns configured
2025-04-09 13:29:29,369 - parts_navigation.components.tiles_grid - INFO - Total tiles: 8
2025-04-09 13:29:29,369 - parts_navigation.components.tiles_grid - INFO - Visible tiles: 0
2025-04-09 13:29:29,369 - parts_navigation.container - INFO - Navigated to step 0
2025-04-09 13:29:29,650 - parts_navigation.container - INFO - Starting delayed brand preloading
2025-04-09 13:29:29,650 - parts_navigation.steps.brand - INFO - Starting to preload brands data
2025-04-09 13:29:29,883 - translations - WARNING - Missing translation for 'Internet: Connected' in 'he'
2025-04-09 13:29:29,914 - database.car_parts_db - INFO - Found 43 unique car brands in database
2025-04-09 13:29:29,914 - database.car_parts_db - INFO - Processed 43 unique car brands
2025-04-09 13:29:30,054 - parts_navigation.steps.brand - INFO - Preloaded 43 brands
2025-04-09 13:29:30,054 - parts_navigation.logo_manager - INFO - Preloading logos for 43 brands
2025-04-09 13:29:30,120 - parts_navigation.container - INFO - All navigation steps created successfully
2025-04-09 13:29:30,121 - parts_navigation.steps.brand - INFO - Loaded 43 unique brands
2025-04-09 13:29:30,121 - parts_navigation.components.tiles_grid - INFO - Populating grid with 43 items using 4 columns
2025-04-09 13:29:31,273 - parts_navigation.components.tiles_grid - INFO - Grid has 4 active columns configured
2025-04-09 13:29:31,273 - parts_navigation.components.tiles_grid - INFO - Total tiles: 43
2025-04-09 13:29:31,273 - parts_navigation.components.tiles_grid - INFO - Visible tiles: 0
2025-04-09 13:29:31,308 - parts_navigation.logo_manager - INFO - Found 31 already cached logos out of 43
2025-04-09 13:29:31,309 - parts_navigation.steps.brand - INFO - Started preloading 43 brand logos
2025-04-09 13:29:32,420 - UsersDB - INFO - User fahed authenticated successfully
2025-04-09 13:29:32,431 - __main__ - INFO - User logged in: {'id': 2, 'username': 'fahed', 'full_name': 'Fahed Abu Mukh', 'role': 'manager', 'settings': {'theme': 'classic', 'language': 'en', 'rtl': False}}
2025-04-09 13:29:45,884 - gui.event_handlers - INFO - Closing database connection...
2025-04-09 13:29:45,895 - __main__ - INFO - Cleaning up application resources...
2025-04-09 13:29:45,896 - __main__ - INFO - Closing database connection...
2025-04-09 13:29:45,896 - __main__ - INFO - Cleaning up parts navigation resources...
2025-04-09 13:29:45,907 - database.car_parts_db - INFO - Thread 14352: New database connection established
2025-04-09 13:29:45,909 - __main__ - INFO - Application shutdown complete
2025-04-09 13:37:29,420 - root - INFO - Logging system initialized (level: INFO)
2025-04-09 13:37:29,421 - root - INFO - Log files directory: C:\Users\97253\Desktop\BeastMode-CSIntro-Excercises\CousinTestProject\logs
2025-04-09 13:37:29,569 - config - INFO - Determined application root: C:\Users\97253\Desktop\BeastMode-CSIntro-Excercises\CousinTestProject
2025-04-09 13:37:32,108 - __main__ - INFO - Application starting at: 2025-04-09 13:37:32
2025-04-09 13:37:32,108 - __main__ - INFO - Current user: BaselAM
2025-04-09 13:37:32,184 - __main__ - INFO - Initializing database connection...
2025-04-09 13:37:32,608 - database.car_parts_db - INFO - Thread 18296: Database connection established
2025-04-09 13:37:32,608 - database.car_parts_db - INFO - Initialized database connection to localhost
2025-04-09 13:37:32,673 - __main__ - INFO - Connected to database. Found 2845 parts.
2025-04-09 13:37:32,673 - translations - INFO - Loading translation files from C:\Users\97253\Desktop\BeastMode-CSIntro-Excercises\CousinTestProject\translations\data
2025-04-09 13:37:32,674 - translations - INFO - Loaded translations for namespace 'barcode' from C:\Users\97253\Desktop\BeastMode-CSIntro-Excercises\CousinTestProject\translations\data\barcode.json
2025-04-09 13:37:32,675 - translations - INFO - Loaded translations for namespace 'car_parts' from C:\Users\97253\Desktop\BeastMode-CSIntro-Excercises\CousinTestProject\translations\data\car_parts.json
2025-04-09 13:37:32,676 - translations - INFO - Loaded translations for namespace 'errors' from C:\Users\97253\Desktop\BeastMode-CSIntro-Excercises\CousinTestProject\translations\data\errors.json
2025-04-09 13:37:32,677 - translations - INFO - Loaded translations for namespace 'filters' from C:\Users\97253\Desktop\BeastMode-CSIntro-Excercises\CousinTestProject\translations\data\filters.json
2025-04-09 13:37:32,677 - translations - INFO - Loaded translations for namespace 'help' from C:\Users\97253\Desktop\BeastMode-CSIntro-Excercises\CousinTestProject\translations\data\help.json
2025-04-09 13:37:32,678 - translations - INFO - Loaded translations for namespace 'login' from C:\Users\97253\Desktop\BeastMode-CSIntro-Excercises\CousinTestProject\translations\data\login.json
2025-04-09 13:37:32,679 - translations - INFO - Loaded translations for namespace 'navigation' from C:\Users\97253\Desktop\BeastMode-CSIntro-Excercises\CousinTestProject\translations\data\navigation.json
2025-04-09 13:37:32,679 - translations - INFO - Loaded translations for namespace 'notifications' from C:\Users\97253\Desktop\BeastMode-CSIntro-Excercises\CousinTestProject\translations\data\notifications.json
2025-04-09 13:37:32,681 - translations - INFO - Loaded translations for namespace 'parts_nav_translations' from C:\Users\97253\Desktop\BeastMode-CSIntro-Excercises\CousinTestProject\translations\data\parts_nav_translations.json
2025-04-09 13:37:32,681 - translations - INFO - Loaded translations for namespace 'products' from C:\Users\97253\Desktop\BeastMode-CSIntro-Excercises\CousinTestProject\translations\data\products.json
2025-04-09 13:37:32,682 - translations - INFO - Loaded translations for namespace 'settings' from C:\Users\97253\Desktop\BeastMode-CSIntro-Excercises\CousinTestProject\translations\data\settings.json
2025-04-09 13:37:32,683 - translations - INFO - Loaded translations for namespace 'statistics' from C:\Users\97253\Desktop\BeastMode-CSIntro-Excercises\CousinTestProject\translations\data\statistics.json
2025-04-09 13:37:32,684 - translations - INFO - Loaded translations for namespace 'ui' from C:\Users\97253\Desktop\BeastMode-CSIntro-Excercises\CousinTestProject\translations\data\ui.json
2025-04-09 13:37:32,685 - translations - INFO - Loaded translations for namespace 'validations' from C:\Users\97253\Desktop\BeastMode-CSIntro-Excercises\CousinTestProject\translations\data\validations.json
2025-04-09 13:37:32,685 - translations - INFO - Loaded 14 translation files from C:\Users\97253\Desktop\BeastMode-CSIntro-Excercises\CousinTestProject\translations\data
2025-04-09 13:37:32,685 - translations - INFO - Loaded 14 translation files
2025-04-09 13:37:32,919 - UsersDB - INFO - Connected to user database at C:\Users\97253\Desktop\BeastMode-CSIntro-Excercises\CousinTestProject\database\users.db
2025-04-09 13:37:32,920 - UsersDB - INFO - Database tables created successfully
2025-04-09 13:37:33,945 - widgets.header.chatbot.api_key_manager - INFO - API key loaded successfully
2025-04-09 13:37:34,066 - widgets.header.chatbot.openai_client - INFO - OpenAI client initialized successfully
2025-04-09 13:37:34,732 - parts_navigation.components.tiles_grid - INFO - Populating grid with 8 items using 4 columns
2025-04-09 13:37:34,839 - parts_navigation.container - INFO - All navigation steps created successfully
2025-04-09 13:37:34,840 - parts_navigation.components.tiles_grid - INFO - Grid has 4 active columns configured
2025-04-09 13:37:34,841 - parts_navigation.components.tiles_grid - INFO - Total tiles: 8
2025-04-09 13:37:34,841 - parts_navigation.components.tiles_grid - INFO - Visible tiles: 0
2025-04-09 13:37:34,841 - parts_navigation.container - INFO - Navigated to step 0
2025-04-09 13:37:35,204 - parts_navigation.container - INFO - Starting delayed brand preloading
2025-04-09 13:37:35,204 - parts_navigation.steps.brand - INFO - Starting to preload brands data
2025-04-09 13:37:35,405 - translations - WARNING - Missing translation for 'Internet: Disconnected' in 'he'
2025-04-09 13:37:35,468 - database.car_parts_db - INFO - Found 43 unique car brands in database
2025-04-09 13:37:35,469 - database.car_parts_db - INFO - Processed 43 unique car brands
2025-04-09 13:37:35,654 - parts_navigation.container - INFO - All navigation steps created successfully
2025-04-09 13:37:35,654 - parts_navigation.steps.brand - INFO - Preloaded 43 brands
2025-04-09 13:37:35,655 - parts_navigation.logo_manager - INFO - Preloading logos for 43 brands
2025-04-09 13:37:35,767 - parts_navigation.steps.brand - INFO - Loaded 43 unique brands
2025-04-09 13:37:35,767 - parts_navigation.components.tiles_grid - INFO - Populating grid with 43 items using 4 columns
2025-04-09 13:37:37,035 - parts_navigation.components.tiles_grid - INFO - Grid has 4 active columns configured
2025-04-09 13:37:37,035 - parts_navigation.components.tiles_grid - INFO - Total tiles: 43
2025-04-09 13:37:37,035 - parts_navigation.components.tiles_grid - INFO - Visible tiles: 0
2025-04-09 13:37:37,075 - parts_navigation.logo_manager - INFO - Found 31 already cached logos out of 43
2025-04-09 13:37:37,075 - parts_navigation.steps.brand - INFO - Started preloading 43 brand logos
2025-04-09 13:37:45,635 - UsersDB - INFO - User fahed authenticated successfully
2025-04-09 13:37:45,646 - __main__ - INFO - User logged in: {'id': 2, 'username': 'fahed', 'full_name': 'Fahed Abu Mukh', 'role': 'manager', 'settings': {'theme': 'classic', 'language': 'en', 'rtl': False}}
2025-04-09 13:38:03,688 - parts_navigation.components.tiles_grid - INFO - Adjusting columns from 3 to 5
2025-04-09 13:38:03,688 - parts_navigation.components.tiles_grid - INFO - Setting grid to 5 columns
2025-04-09 13:38:03,690 - parts_navigation.components.tiles_grid - INFO - Adjusting columns from 4 to 5
2025-04-09 13:38:03,690 - parts_navigation.components.tiles_grid - INFO - Setting grid to 5 columns
2025-04-09 13:38:03,692 - parts_navigation.components.tiles_grid - INFO - Adjusting columns from 4 to 5
2025-04-09 13:38:03,692 - parts_navigation.components.tiles_grid - INFO - Setting grid to 5 columns
2025-04-09 13:38:03,693 - parts_navigation.components.tiles_grid - INFO - Adjusting columns from 3 to 5
2025-04-09 13:38:03,693 - parts_navigation.components.tiles_grid - INFO - Setting grid to 5 columns
2025-04-09 13:38:03,694 - parts_navigation.components.tiles_grid - INFO - Adjusting columns from 4 to 5
2025-04-09 13:38:03,694 - parts_navigation.components.tiles_grid - INFO - Setting grid to 5 columns
2025-04-09 13:38:03,694 - parts_navigation.components.tiles_grid - INFO - Adjusting columns from 4 to 6
2025-04-09 13:38:03,695 - parts_navigation.components.tiles_grid - INFO - Setting grid to 6 columns
2025-04-09 13:38:04,956 - translations - WARNING - Missing translation for 'Internet: Connected' in 'he'
2025-04-09 13:38:09,836 - parts_navigation.components.tiles_grid - INFO - Populating grid with 8 items using 4 columns
2025-04-09 13:38:09,850 - parts_navigation.components.tiles_grid - INFO - Grid has 4 active columns configured
2025-04-09 13:38:09,852 - parts_navigation.components.tiles_grid - INFO - Total tiles: 8
2025-04-09 13:38:09,852 - parts_navigation.components.tiles_grid - INFO - Visible tiles: 0
2025-04-09 13:38:09,852 - parts_navigation.container - INFO - Navigated to step 0
2025-04-09 13:38:09,890 - parts_navigation.components.tiles_grid - INFO - Adjusting columns from 4 to 9
2025-04-09 13:38:09,890 - parts_navigation.components.tiles_grid - INFO - Setting grid to 9 columns
2025-04-09 13:38:09,995 - parts_navigation.container - INFO - All navigation steps created successfully
2025-04-09 13:38:09,995 - parts_navigation.container - INFO - Starting delayed brand preloading
2025-04-09 13:38:09,996 - parts_navigation.steps.brand - INFO - Starting to preload brands data
2025-04-09 13:38:10,026 - parts_navigation.components.tiles_grid - INFO - Adjusting columns from 4 to 5
2025-04-09 13:38:10,026 - parts_navigation.components.tiles_grid - INFO - Setting grid to 5 columns
2025-04-09 13:38:10,026 - parts_navigation.components.tiles_grid - INFO - Adjusting columns from 3 to 5
2025-04-09 13:38:10,026 - parts_navigation.components.tiles_grid - INFO - Setting grid to 5 columns
2025-04-09 13:38:10,027 - parts_navigation.components.tiles_grid - INFO - Adjusting columns from 4 to 5
2025-04-09 13:38:10,027 - parts_navigation.components.tiles_grid - INFO - Setting grid to 5 columns
2025-04-09 13:38:10,114 - parts_navigation.steps.brand - INFO - Preloaded 43 brands
2025-04-09 13:38:10,115 - parts_navigation.logo_manager - INFO - Preloading logos for 43 brands
2025-04-09 13:38:10,132 - parts_navigation.components.tiles_grid - INFO - Adjusting columns from 3 to 5
2025-04-09 13:38:10,132 - parts_navigation.components.tiles_grid - INFO - Setting grid to 5 columns
2025-04-09 13:38:10,134 - parts_navigation.components.tiles_grid - INFO - Adjusting columns from 4 to 5
2025-04-09 13:38:10,134 - parts_navigation.components.tiles_grid - INFO - Setting grid to 5 columns
2025-04-09 13:38:10,144 - parts_navigation.steps.brand - INFO - Loaded 43 unique brands
2025-04-09 13:38:10,144 - parts_navigation.components.tiles_grid - INFO - Populating grid with 43 items using 9 columns
2025-04-09 13:38:10,243 - parts_navigation.container - INFO - All navigation steps created successfully
2025-04-09 13:38:10,700 - parts_navigation.components.tiles_grid - INFO - Grid has 9 active columns configured
2025-04-09 13:38:10,701 - parts_navigation.components.tiles_grid - INFO - Total tiles: 43
2025-04-09 13:38:10,701 - parts_navigation.components.tiles_grid - INFO - Visible tiles: 43
2025-04-09 13:38:10,745 - parts_navigation.logo_manager - INFO - Found 31 already cached logos out of 43
2025-04-09 13:38:10,746 - parts_navigation.steps.brand - INFO - Started preloading 43 brand logos
2025-04-09 13:46:21,566 - translations - WARNING - Missing translation for 'barcode' in 'he'
2025-04-09 13:46:21,568 - translations - WARNING - Missing translation for 'barcode_placeholder' in 'he'
2025-04-09 13:47:34,634 - database.car_parts_db - INFO - Thread 18296: New database connection established
2025-04-09 13:48:03,966 - widgets.statistics - INFO - Applying filters: {'date_from': '2025-03-09', 'date_to': '2025-04-09', 'category': 'Brake Discs', 'brand': None, 'stock_status': {'in_stock': True, 'low_stock': True, 'out_of_stock': True}, 'price_min': None, 'price_max': None}
2025-04-09 13:48:12,258 - widgets.statistics - INFO - Applying filters: {'date_from': '2025-03-09', 'date_to': '2025-04-09', 'category': None, 'brand': None, 'stock_status': {'in_stock': True, 'low_stock': True, 'out_of_stock': True}, 'price_min': None, 'price_max': None}
2025-04-09 14:01:14,813 - translations - WARNING - Missing translation for 'unknown_product' in 'he'
2025-04-09 14:01:23,214 - database.car_parts_db - INFO - Updated part with parcode: 803
2025-04-09 14:03:12,945 - translations - WARNING - Missing translation for 'print_settings' in 'he'
2025-04-09 14:03:12,947 - translations - WARNING - Missing translation for 'print_setup_description' in 'he'
2025-04-09 14:03:12,948 - translations - WARNING - Missing translation for 'print_scope' in 'he'
2025-04-09 14:03:12,950 - translations - WARNING - Missing translation for 'print_all_products' in 'he'
2025-04-09 14:03:12,951 - translations - WARNING - Missing translation for 'print_selected_products' in 'he'
2025-04-09 14:03:12,952 - translations - WARNING - Missing translation for 'print_filtered_products' in 'he'
2025-04-09 14:03:12,952 - translations - WARNING - Missing translation for 'print_all_tooltip' in 'he'
2025-04-09 14:03:12,953 - translations - WARNING - Missing translation for 'print_selected_tooltip' in 'he'
2025-04-09 14:03:12,953 - translations - WARNING - Missing translation for 'print_filtered_tooltip' in 'he'
2025-04-09 14:03:12,954 - translations - WARNING - Missing translation for 'print_options' in 'he'
2025-04-09 14:03:12,955 - translations - WARNING - Missing translation for 'paper_size' in 'he'
2025-04-09 14:03:12,955 - translations - WARNING - Missing translation for 'paper_size_tooltip' in 'he'
2025-04-09 14:03:12,961 - translations - WARNING - Missing translation for 'orientation' in 'he'
2025-04-09 14:03:12,962 - translations - WARNING - Missing translation for 'orientation_tooltip' in 'he'
2025-04-09 14:03:12,964 - translations - WARNING - Missing translation for 'portrait' in 'he'
2025-04-09 14:03:12,964 - translations - WARNING - Missing translation for 'landscape' in 'he'
2025-04-09 14:03:12,968 - translations - WARNING - Missing translation for 'print_header' in 'he'
2025-04-09 14:03:12,970 - translations - WARNING - Missing translation for 'print_header_tooltip' in 'he'
2025-04-09 14:03:12,970 - translations - WARNING - Missing translation for 'print_date' in 'he'
2025-04-09 14:03:12,971 - translations - WARNING - Missing translation for 'print_date_tooltip' in 'he'
2025-04-09 14:03:12,972 - translations - WARNING - Missing translation for 'rtl_mode' in 'he'
2025-04-09 14:03:12,972 - translations - WARNING - Missing translation for 'rtl_mode_tooltip' in 'he'
2025-04-09 14:03:12,988 - translations - WARNING - Missing translation for 'preview_and_print' in 'he'
2025-04-09 14:09:28,102 - gui.event_handlers - INFO - Closing database connection...
2025-04-09 14:09:28,127 - __main__ - INFO - Cleaning up application resources...
2025-04-09 14:09:28,127 - __main__ - INFO - Closing database connection...
2025-04-09 14:09:28,127 - __main__ - INFO - Cleaning up parts navigation resources...
2025-04-09 14:09:28,158 - database.car_parts_db - INFO - Thread 18296: New database connection established
2025-04-09 14:09:28,165 - __main__ - INFO - Application shutdown complete
2025-04-09 14:16:23,868 - root - INFO - Logging system initialized (level: INFO)
2025-04-09 14:16:23,868 - root - INFO - Log files directory: C:\Users\97253\Desktop\BeastMode-CSIntro-Excercises\CousinTestProject\logs
2025-04-09 14:16:24,168 - config - INFO - Determined application root: C:\Users\97253\Desktop\BeastMode-CSIntro-Excercises\CousinTestProject
2025-04-09 14:16:40,450 - root - INFO - Logging system initialized (level: INFO)
2025-04-09 14:16:40,450 - root - INFO - Log files directory: C:\Users\97253\Desktop\BeastMode-CSIntro-Excercises\CousinTestProject\logs
2025-04-09 14:16:40,533 - config - INFO - Determined application root: C:\Users\97253\Desktop\BeastMode-CSIntro-Excercises\CousinTestProject
2025-04-09 14:16:43,242 - __main__ - INFO - Application starting at: 2025-04-09 14:16:43
2025-04-09 14:16:43,242 - __main__ - INFO - Current user: BaselAM
2025-04-09 14:16:43,314 - __main__ - INFO - Initializing database connection...
2025-04-09 14:16:43,779 - database.car_parts_db - INFO - Thread 15988: Database connection established
2025-04-09 14:16:43,779 - database.car_parts_db - INFO - Initialized database connection to localhost
2025-04-09 14:16:43,842 - __main__ - INFO - Connected to database. Found 2845 parts.
2025-04-09 14:16:43,842 - translations - INFO - Loading translation files from C:\Users\97253\Desktop\BeastMode-CSIntro-Excercises\CousinTestProject\translations\data
2025-04-09 14:16:43,843 - translations - INFO - Loaded translations for namespace 'barcode' from C:\Users\97253\Desktop\BeastMode-CSIntro-Excercises\CousinTestProject\translations\data\barcode.json
2025-04-09 14:16:43,844 - translations - INFO - Loaded translations for namespace 'car_parts' from C:\Users\97253\Desktop\BeastMode-CSIntro-Excercises\CousinTestProject\translations\data\car_parts.json
2025-04-09 14:16:43,845 - translations - INFO - Loaded translations for namespace 'errors' from C:\Users\97253\Desktop\BeastMode-CSIntro-Excercises\CousinTestProject\translations\data\errors.json
2025-04-09 14:16:43,846 - translations - INFO - Loaded translations for namespace 'filters' from C:\Users\97253\Desktop\BeastMode-CSIntro-Excercises\CousinTestProject\translations\data\filters.json
2025-04-09 14:16:43,847 - translations - INFO - Loaded translations for namespace 'help' from C:\Users\97253\Desktop\BeastMode-CSIntro-Excercises\CousinTestProject\translations\data\help.json
2025-04-09 14:16:43,848 - translations - INFO - Loaded translations for namespace 'login' from C:\Users\97253\Desktop\BeastMode-CSIntro-Excercises\CousinTestProject\translations\data\login.json
2025-04-09 14:16:43,849 - translations - INFO - Loaded translations for namespace 'navigation' from C:\Users\97253\Desktop\BeastMode-CSIntro-Excercises\CousinTestProject\translations\data\navigation.json
2025-04-09 14:16:43,850 - translations - INFO - Loaded translations for namespace 'notifications' from C:\Users\97253\Desktop\BeastMode-CSIntro-Excercises\CousinTestProject\translations\data\notifications.json
2025-04-09 14:16:43,851 - translations - INFO - Loaded translations for namespace 'parts_nav_translations' from C:\Users\97253\Desktop\BeastMode-CSIntro-Excercises\CousinTestProject\translations\data\parts_nav_translations.json
2025-04-09 14:16:43,852 - translations - INFO - Loaded translations for namespace 'products' from C:\Users\97253\Desktop\BeastMode-CSIntro-Excercises\CousinTestProject\translations\data\products.json
2025-04-09 14:16:43,854 - translations - INFO - Loaded translations for namespace 'settings' from C:\Users\97253\Desktop\BeastMode-CSIntro-Excercises\CousinTestProject\translations\data\settings.json
2025-04-09 14:16:43,854 - translations - INFO - Loaded translations for namespace 'statistics' from C:\Users\97253\Desktop\BeastMode-CSIntro-Excercises\CousinTestProject\translations\data\statistics.json
2025-04-09 14:16:43,855 - translations - INFO - Loaded translations for namespace 'ui' from C:\Users\97253\Desktop\BeastMode-CSIntro-Excercises\CousinTestProject\translations\data\ui.json
2025-04-09 14:16:43,857 - translations - INFO - Loaded translations for namespace 'validations' from C:\Users\97253\Desktop\BeastMode-CSIntro-Excercises\CousinTestProject\translations\data\validations.json
2025-04-09 14:16:43,858 - translations - INFO - Loaded 14 translation files from C:\Users\97253\Desktop\BeastMode-CSIntro-Excercises\CousinTestProject\translations\data
2025-04-09 14:16:43,858 - translations - INFO - Loaded 14 translation files
2025-04-09 14:16:44,134 - UsersDB - INFO - Connected to user database at C:\Users\97253\Desktop\BeastMode-CSIntro-Excercises\CousinTestProject\database\users.db
2025-04-09 14:16:44,135 - UsersDB - INFO - Database tables created successfully
2025-04-09 14:16:45,086 - widgets.header.chatbot.api_key_manager - INFO - API key loaded successfully
2025-04-09 14:16:45,202 - widgets.header.chatbot.openai_client - INFO - OpenAI client initialized successfully
2025-04-09 14:16:45,861 - parts_navigation.components.tiles_grid - INFO - Populating grid with 8 items using 4 columns
2025-04-09 14:16:45,979 - parts_navigation.container - INFO - All navigation steps created successfully
2025-04-09 14:16:45,982 - parts_navigation.components.tiles_grid - INFO - Grid has 4 active columns configured
2025-04-09 14:16:45,983 - parts_navigation.components.tiles_grid - INFO - Total tiles: 8
2025-04-09 14:16:45,983 - parts_navigation.components.tiles_grid - INFO - Visible tiles: 0
2025-04-09 14:16:45,983 - parts_navigation.container - INFO - Navigated to step 0
2025-04-09 14:16:46,374 - parts_navigation.container - INFO - Starting delayed brand preloading
2025-04-09 14:16:46,374 - parts_navigation.steps.brand - INFO - Starting to preload brands data
2025-04-09 14:16:46,602 - translations - WARNING - Missing translation for 'Internet: Connected' in 'he'
2025-04-09 14:16:46,685 - database.car_parts_db - INFO - Found 43 unique car brands in database
2025-04-09 14:16:46,685 - database.car_parts_db - INFO - Processed 43 unique car brands
2025-04-09 14:16:46,889 - parts_navigation.container - INFO - All navigation steps created successfully
2025-04-09 14:16:46,889 - parts_navigation.steps.brand - INFO - Preloaded 43 brands
2025-04-09 14:16:46,889 - parts_navigation.logo_manager - INFO - Preloading logos for 43 brands
2025-04-09 14:16:47,642 - parts_navigation.steps.brand - INFO - Loaded 43 unique brands
2025-04-09 14:16:47,642 - parts_navigation.components.tiles_grid - INFO - Populating grid with 43 items using 4 columns
2025-04-09 14:16:48,242 - parts_navigation.components.tiles_grid - INFO - Grid has 4 active columns configured
2025-04-09 14:16:48,242 - parts_navigation.components.tiles_grid - INFO - Total tiles: 43
2025-04-09 14:16:48,242 - parts_navigation.components.tiles_grid - INFO - Visible tiles: 0
2025-04-09 14:16:48,282 - parts_navigation.logo_manager - INFO - Found 31 already cached logos out of 43
2025-04-09 14:16:48,282 - parts_navigation.steps.brand - INFO - Started preloading 43 brand logos
2025-04-09 14:16:49,256 - UsersDB - INFO - User fahed authenticated successfully
2025-04-09 14:16:49,271 - __main__ - INFO - User logged in: {'id': 2, 'username': 'fahed', 'full_name': 'Fahed Abu Mukh', 'role': 'manager', 'settings': {'theme': 'classic', 'language': 'en', 'rtl': False}}
2025-04-09 14:16:51,460 - translations - WARNING - Missing translation for 'register_title' in 'he'
2025-04-09 14:16:51,711 - translations - WARNING - Missing translation for 'search_product_prompt' in 'he'
2025-04-09 14:16:51,719 - translations - WARNING - Missing translation for 'receive_button' in 'he'
2025-04-09 14:16:51,721 - translations - WARNING - Missing translation for 'sell_button' in 'he'
2025-04-09 14:17:26,886 - gui.event_handlers - INFO - Closing database connection...
2025-04-09 14:17:26,905 - __main__ - INFO - Cleaning up application resources...
2025-04-09 14:17:26,905 - __main__ - INFO - Closing database connection...
2025-04-09 14:17:26,905 - __main__ - INFO - Cleaning up parts navigation resources...
2025-04-09 14:17:26,942 - database.car_parts_db - INFO - Thread 15988: New database connection established
2025-04-09 14:17:26,945 - __main__ - INFO - Application shutdown complete
2025-04-09 14:19:43,871 - root - INFO - Logging system initialized (level: INFO)
2025-04-09 14:19:43,872 - root - INFO - Log files directory: C:\Users\97253\Desktop\BeastMode-CSIntro-Excercises\CousinTestProject\logs
2025-04-09 14:19:43,930 - config - INFO - Determined application root: C:\Users\97253\Desktop\BeastMode-CSIntro-Excercises\CousinTestProject
2025-04-09 14:19:45,961 - __main__ - INFO - Application starting at: 2025-04-09 14:19:45
2025-04-09 14:19:45,961 - __main__ - INFO - Current user: BaselAM
2025-04-09 14:19:45,977 - __main__ - INFO - Initializing database connection...
2025-04-09 14:19:46,166 - database.car_parts_db - INFO - Thread 17952: Database connection established
2025-04-09 14:19:46,167 - database.car_parts_db - INFO - Initialized database connection to localhost
2025-04-09 14:19:46,200 - __main__ - INFO - Connected to database. Found 2845 parts.
2025-04-09 14:19:46,200 - translations - INFO - Loading translation files from C:\Users\97253\Desktop\BeastMode-CSIntro-Excercises\CousinTestProject\translations\data
2025-04-09 14:19:46,202 - translations - INFO - Loaded translations for namespace 'barcode' from C:\Users\97253\Desktop\BeastMode-CSIntro-Excercises\CousinTestProject\translations\data\barcode.json
2025-04-09 14:19:46,202 - translations - INFO - Loaded translations for namespace 'car_parts' from C:\Users\97253\Desktop\BeastMode-CSIntro-Excercises\CousinTestProject\translations\data\car_parts.json
2025-04-09 14:19:46,202 - translations - INFO - Loaded translations for namespace 'errors' from C:\Users\97253\Desktop\BeastMode-CSIntro-Excercises\CousinTestProject\translations\data\errors.json
2025-04-09 14:19:46,202 - translations - INFO - Loaded translations for namespace 'filters' from C:\Users\97253\Desktop\BeastMode-CSIntro-Excercises\CousinTestProject\translations\data\filters.json
2025-04-09 14:19:46,202 - translations - INFO - Loaded translations for namespace 'help' from C:\Users\97253\Desktop\BeastMode-CSIntro-Excercises\CousinTestProject\translations\data\help.json
2025-04-09 14:19:46,203 - translations - INFO - Loaded translations for namespace 'login' from C:\Users\97253\Desktop\BeastMode-CSIntro-Excercises\CousinTestProject\translations\data\login.json
2025-04-09 14:19:46,203 - translations - INFO - Loaded translations for namespace 'navigation' from C:\Users\97253\Desktop\BeastMode-CSIntro-Excercises\CousinTestProject\translations\data\navigation.json
2025-04-09 14:19:46,203 - translations - INFO - Loaded translations for namespace 'notifications' from C:\Users\97253\Desktop\BeastMode-CSIntro-Excercises\CousinTestProject\translations\data\notifications.json
2025-04-09 14:19:46,203 - translations - INFO - Loaded translations for namespace 'parts_nav_translations' from C:\Users\97253\Desktop\BeastMode-CSIntro-Excercises\CousinTestProject\translations\data\parts_nav_translations.json
2025-04-09 14:19:46,203 - translations - INFO - Loaded translations for namespace 'products' from C:\Users\97253\Desktop\BeastMode-CSIntro-Excercises\CousinTestProject\translations\data\products.json
2025-04-09 14:19:46,204 - translations - INFO - Loaded translations for namespace 'settings' from C:\Users\97253\Desktop\BeastMode-CSIntro-Excercises\CousinTestProject\translations\data\settings.json
2025-04-09 14:19:46,204 - translations - INFO - Loaded translations for namespace 'statistics' from C:\Users\97253\Desktop\BeastMode-CSIntro-Excercises\CousinTestProject\translations\data\statistics.json
2025-04-09 14:19:46,204 - translations - INFO - Loaded translations for namespace 'ui' from C:\Users\97253\Desktop\BeastMode-CSIntro-Excercises\CousinTestProject\translations\data\ui.json
2025-04-09 14:19:46,204 - translations - INFO - Loaded translations for namespace 'validations' from C:\Users\97253\Desktop\BeastMode-CSIntro-Excercises\CousinTestProject\translations\data\validations.json
2025-04-09 14:19:46,204 - translations - INFO - Loaded 14 translation files from C:\Users\97253\Desktop\BeastMode-CSIntro-Excercises\CousinTestProject\translations\data
2025-04-09 14:19:46,204 - translations - INFO - Loaded 14 translation files
2025-04-09 14:19:46,275 - UsersDB - INFO - Connected to user database at C:\Users\97253\Desktop\BeastMode-CSIntro-Excercises\CousinTestProject\database\users.db
2025-04-09 14:19:46,276 - UsersDB - INFO - Database tables created successfully
2025-04-09 14:19:46,682 - widgets.header.chatbot.api_key_manager - INFO - API key loaded successfully
2025-04-09 14:19:46,733 - widgets.header.chatbot.openai_client - INFO - OpenAI client initialized successfully
2025-04-09 14:19:47,273 - parts_navigation.components.tiles_grid - INFO - Populating grid with 8 items using 4 columns
2025-04-09 14:19:47,342 - parts_navigation.components.tiles_grid - INFO - Grid has 4 active columns configured
2025-04-09 14:19:47,343 - parts_navigation.components.tiles_grid - INFO - Total tiles: 8
2025-04-09 14:19:47,343 - parts_navigation.components.tiles_grid - INFO - Visible tiles: 0
2025-04-09 14:19:47,343 - parts_navigation.container - INFO - Navigated to step 0
2025-04-09 14:19:47,583 - parts_navigation.container - INFO - All navigation steps created successfully
2025-04-09 14:19:47,583 - parts_navigation.container - INFO - Starting delayed brand preloading
2025-04-09 14:19:47,583 - parts_navigation.steps.brand - INFO - Starting to preload brands data
2025-04-09 14:19:47,756 - translations - WARNING - Missing translation for 'Internet: Connected' in 'he'
2025-04-09 14:19:47,804 - database.car_parts_db - INFO - Found 43 unique car brands in database
2025-04-09 14:19:47,804 - database.car_parts_db - INFO - Processed 43 unique car brands
2025-04-09 14:19:47,979 - parts_navigation.container - INFO - All navigation steps created successfully
2025-04-09 14:19:47,980 - parts_navigation.steps.brand - INFO - Preloaded 43 brands
2025-04-09 14:19:47,980 - parts_navigation.logo_manager - INFO - Preloading logos for 43 brands
2025-04-09 14:19:48,041 - parts_navigation.steps.brand - INFO - Loaded 43 unique brands
2025-04-09 14:19:48,041 - parts_navigation.components.tiles_grid - INFO - Populating grid with 43 items using 4 columns
2025-04-09 14:19:49,234 - parts_navigation.components.tiles_grid - INFO - Grid has 4 active columns configured
2025-04-09 14:19:49,234 - parts_navigation.components.tiles_grid - INFO - Total tiles: 43
2025-04-09 14:19:49,234 - parts_navigation.components.tiles_grid - INFO - Visible tiles: 0
2025-04-09 14:19:49,287 - parts_navigation.logo_manager - INFO - Found 31 already cached logos out of 43
2025-04-09 14:19:49,287 - parts_navigation.steps.brand - INFO - Started preloading 43 brand logos
2025-04-09 14:19:50,455 - UsersDB - INFO - User fahed authenticated successfully
2025-04-09 14:19:50,471 - __main__ - INFO - User logged in: {'id': 2, 'username': 'fahed', 'full_name': 'Fahed Abu Mukh', 'role': 'manager', 'settings': {'theme': 'classic', 'language': 'en', 'rtl': False}}
2025-04-09 14:19:52,589 - translations - WARNING - Missing translation for 'register_title' in 'he'
2025-04-09 14:19:52,770 - translations - WARNING - Missing translation for 'search_product_prompt' in 'he'
2025-04-09 14:19:52,778 - translations - WARNING - Missing translation for 'receive_button' in 'he'
2025-04-09 14:19:52,779 - translations - WARNING - Missing translation for 'sell_button' in 'he'
2025-04-09 14:20:03,404 - translations - WARNING - Missing translation for 'select_quantity' in 'he'
2025-04-09 14:20:18,001 - translations - WARNING - Missing translation for 'insufficient_stock' in 'he'
2025-04-09 14:20:18,001 - translations - WARNING - Missing translation for 'insufficient_stock_msg' in 'he'
2025-04-09 14:20:22,065 - translations - WARNING - Missing translation for 'confirm_receive' in 'he'
2025-04-09 14:20:22,065 - translations - WARNING - Missing translation for 'confirm_receive_msg' in 'he'
2025-04-09 14:23:36,732 - gui.event_handlers - INFO - Closing database connection...
2025-04-09 14:23:36,749 - __main__ - INFO - Cleaning up application resources...
2025-04-09 14:23:36,750 - __main__ - INFO - Closing database connection...
2025-04-09 14:23:36,750 - __main__ - INFO - Cleaning up parts navigation resources...
2025-04-09 14:23:36,771 - database.car_parts_db - INFO - Thread 17952: New database connection established
2025-04-09 14:23:36,774 - __main__ - INFO - Application shutdown complete
2025-04-09 14:46:04,864 - root - INFO - Logging system initialized (level: INFO)
2025-04-09 14:46:04,865 - root - INFO - Log files directory: C:\Users\97253\Desktop\BeastMode-CSIntro-Excercises\CousinTestProject\logs
2025-04-09 14:46:05,022 - config - INFO - Determined application root: C:\Users\97253\Desktop\BeastMode-CSIntro-Excercises\CousinTestProject
2025-04-09 14:46:06,917 - __main__ - INFO - Application starting at: 2025-04-09 14:46:06
2025-04-09 14:46:06,917 - __main__ - INFO - Current user: BaselAM
2025-04-09 14:46:06,976 - __main__ - INFO - Initializing database connection...
2025-04-09 14:46:07,447 - database.car_parts_db - INFO - Thread 16832: Database connection established
2025-04-09 14:46:07,447 - database.car_parts_db - INFO - Initialized database connection to localhost
2025-04-09 14:46:07,473 - __main__ - INFO - Connected to database. Found 2845 parts.
2025-04-09 14:46:07,475 - translations - INFO - Loading translation files from C:\Users\97253\Desktop\BeastMode-CSIntro-Excercises\CousinTestProject\translations\data
2025-04-09 14:46:07,475 - translations - INFO - Loaded translations for namespace 'barcode' from C:\Users\97253\Desktop\BeastMode-CSIntro-Excercises\CousinTestProject\translations\data\barcode.json
2025-04-09 14:46:07,476 - translations - INFO - Loaded translations for namespace 'car_parts' from C:\Users\97253\Desktop\BeastMode-CSIntro-Excercises\CousinTestProject\translations\data\car_parts.json
2025-04-09 14:46:07,478 - translations - INFO - Loaded translations for namespace 'errors' from C:\Users\97253\Desktop\BeastMode-CSIntro-Excercises\CousinTestProject\translations\data\errors.json
2025-04-09 14:46:07,478 - translations - INFO - Loaded translations for namespace 'filters' from C:\Users\97253\Desktop\BeastMode-CSIntro-Excercises\CousinTestProject\translations\data\filters.json
2025-04-09 14:46:07,479 - translations - INFO - Loaded translations for namespace 'help' from C:\Users\97253\Desktop\BeastMode-CSIntro-Excercises\CousinTestProject\translations\data\help.json
2025-04-09 14:46:07,480 - translations - INFO - Loaded translations for namespace 'login' from C:\Users\97253\Desktop\BeastMode-CSIntro-Excercises\CousinTestProject\translations\data\login.json
2025-04-09 14:46:07,481 - translations - INFO - Loaded translations for namespace 'navigation' from C:\Users\97253\Desktop\BeastMode-CSIntro-Excercises\CousinTestProject\translations\data\navigation.json
2025-04-09 14:46:07,482 - translations - INFO - Loaded translations for namespace 'notifications' from C:\Users\97253\Desktop\BeastMode-CSIntro-Excercises\CousinTestProject\translations\data\notifications.json
2025-04-09 14:46:07,483 - translations - INFO - Loaded translations for namespace 'parts_nav_translations' from C:\Users\97253\Desktop\BeastMode-CSIntro-Excercises\CousinTestProject\translations\data\parts_nav_translations.json
2025-04-09 14:46:07,483 - translations - INFO - Loaded translations for namespace 'products' from C:\Users\97253\Desktop\BeastMode-CSIntro-Excercises\CousinTestProject\translations\data\products.json
2025-04-09 14:46:07,484 - translations - INFO - Loaded translations for namespace 'settings' from C:\Users\97253\Desktop\BeastMode-CSIntro-Excercises\CousinTestProject\translations\data\settings.json
2025-04-09 14:46:07,484 - translations - INFO - Loaded translations for namespace 'statistics' from C:\Users\97253\Desktop\BeastMode-CSIntro-Excercises\CousinTestProject\translations\data\statistics.json
2025-04-09 14:46:07,485 - translations - INFO - Loaded translations for namespace 'ui' from C:\Users\97253\Desktop\BeastMode-CSIntro-Excercises\CousinTestProject\translations\data\ui.json
2025-04-09 14:46:07,485 - translations - INFO - Loaded translations for namespace 'validations' from C:\Users\97253\Desktop\BeastMode-CSIntro-Excercises\CousinTestProject\translations\data\validations.json
2025-04-09 14:46:07,486 - translations - INFO - Loaded 14 translation files from C:\Users\97253\Desktop\BeastMode-CSIntro-Excercises\CousinTestProject\translations\data
2025-04-09 14:46:07,486 - translations - INFO - Loaded 14 translation files
2025-04-09 14:46:07,658 - UsersDB - INFO - Connected to user database at C:\Users\97253\Desktop\BeastMode-CSIntro-Excercises\CousinTestProject\database\users.db
2025-04-09 14:46:07,659 - UsersDB - INFO - Database tables created successfully
2025-04-09 14:46:08,328 - widgets.header.chatbot.api_key_manager - INFO - API key loaded successfully
2025-04-09 14:46:08,409 - widgets.header.chatbot.openai_client - INFO - OpenAI client initialized successfully
2025-04-09 14:46:08,878 - parts_navigation.components.tiles_grid - INFO - Populating grid with 8 items using 4 columns
2025-04-09 14:46:08,921 - parts_navigation.components.tiles_grid - INFO - Grid has 4 active columns configured
2025-04-09 14:46:08,922 - parts_navigation.components.tiles_grid - INFO - Total tiles: 8
2025-04-09 14:46:08,922 - parts_navigation.components.tiles_grid - INFO - Visible tiles: 0
2025-04-09 14:46:08,922 - parts_navigation.container - INFO - Navigated to step 0
2025-04-09 14:46:09,106 - parts_navigation.container - INFO - All navigation steps created successfully
2025-04-09 14:46:09,243 - parts_navigation.container - INFO - Starting delayed brand preloading
2025-04-09 14:46:09,243 - parts_navigation.steps.brand - INFO - Starting to preload brands data
2025-04-09 14:46:09,246 - translations - WARNING - Missing translation for 'Internet: Connected' in 'he'
2025-04-09 14:46:09,299 - database.car_parts_db - INFO - Found 43 unique car brands in database
2025-04-09 14:46:09,300 - database.car_parts_db - INFO - Processed 43 unique car brands
2025-04-09 14:46:09,427 - parts_navigation.steps.brand - INFO - Preloaded 43 brands
2025-04-09 14:46:09,428 - parts_navigation.logo_manager - INFO - Preloading logos for 43 brands
2025-04-09 14:46:09,520 - parts_navigation.steps.brand - INFO - Loaded 43 unique brands
2025-04-09 14:46:09,520 - parts_navigation.components.tiles_grid - INFO - Populating grid with 43 items using 4 columns
2025-04-09 14:46:09,603 - parts_navigation.container - INFO - All navigation steps created successfully
2025-04-09 14:46:10,518 - parts_navigation.components.tiles_grid - INFO - Grid has 4 active columns configured
2025-04-09 14:46:10,518 - parts_navigation.components.tiles_grid - INFO - Total tiles: 43
2025-04-09 14:46:10,518 - parts_navigation.components.tiles_grid - INFO - Visible tiles: 0
2025-04-09 14:46:10,547 - parts_navigation.logo_manager - INFO - Found 31 already cached logos out of 43
2025-04-09 14:46:10,547 - parts_navigation.steps.brand - INFO - Started preloading 43 brand logos
2025-04-09 14:46:12,223 - UsersDB - INFO - User fahed authenticated successfully
2025-04-09 14:46:12,234 - __main__ - INFO - User logged in: {'id': 2, 'username': 'fahed', 'full_name': 'Fahed Abu Mukh', 'role': 'manager', 'settings': {'theme': 'classic', 'language': 'en', 'rtl': False}}
2025-04-09 14:46:13,994 - translations - WARNING - Missing translation for 'register_title' in 'he'
2025-04-09 14:46:14,178 - translations - WARNING - Missing translation for 'search_product_prompt' in 'he'
2025-04-09 14:46:14,187 - translations - WARNING - Missing translation for 'receive_button' in 'he'
2025-04-09 14:46:14,188 - translations - WARNING - Missing translation for 'sell_button' in 'he'
2025-04-09 14:46:18,052 - translations - WARNING - Missing translation for 'no_results' in 'he'
2025-04-09 14:46:18,053 - translations - WARNING - Missing translation for 'no_results_msg' in 'he'
2025-04-09 14:46:37,525 - translations - WARNING - Missing translation for 'select_quantity' in 'he'
2025-04-09 14:46:52,692 - parts_navigation.components.tiles_grid - INFO - Adjusting columns from 3 to 5
2025-04-09 14:46:52,692 - parts_navigation.components.tiles_grid - INFO - Setting grid to 5 columns
2025-04-09 14:46:52,692 - parts_navigation.components.tiles_grid - INFO - Adjusting columns from 4 to 5
2025-04-09 14:46:52,692 - parts_navigation.components.tiles_grid - INFO - Setting grid to 5 columns
2025-04-09 14:46:52,693 - parts_navigation.components.tiles_grid - INFO - Adjusting columns from 4 to 5
2025-04-09 14:46:52,693 - parts_navigation.components.tiles_grid - INFO - Setting grid to 5 columns
2025-04-09 14:46:52,694 - parts_navigation.components.tiles_grid - INFO - Adjusting columns from 3 to 5
2025-04-09 14:46:52,694 - parts_navigation.components.tiles_grid - INFO - Setting grid to 5 columns
2025-04-09 14:46:52,694 - parts_navigation.components.tiles_grid - INFO - Adjusting columns from 4 to 5
2025-04-09 14:46:52,694 - parts_navigation.components.tiles_grid - INFO - Setting grid to 5 columns
2025-04-09 14:46:52,695 - parts_navigation.components.tiles_grid - INFO - Adjusting columns from 4 to 6
2025-04-09 14:46:52,695 - parts_navigation.components.tiles_grid - INFO - Setting grid to 6 columns
2025-04-09 14:47:33,123 - gui.event_handlers - INFO - Closing database connection...
2025-04-09 14:47:33,138 - __main__ - INFO - Cleaning up application resources...
2025-04-09 14:47:33,138 - __main__ - INFO - Closing database connection...
2025-04-09 14:47:33,140 - __main__ - INFO - Cleaning up parts navigation resources...
2025-04-09 14:47:33,152 - database.car_parts_db - INFO - Thread 16832: New database connection established
2025-04-09 14:47:33,155 - __main__ - INFO - Application shutdown complete
2025-04-09 14:47:35,081 - root - INFO - Logging system initialized (level: INFO)
2025-04-09 14:47:35,081 - root - INFO - Log files directory: C:\Users\97253\Desktop\BeastMode-CSIntro-Excercises\CousinTestProject\logs
2025-04-09 14:47:35,112 - config - INFO - Determined application root: C:\Users\97253\Desktop\BeastMode-CSIntro-Excercises\CousinTestProject
2025-04-09 14:47:36,670 - __main__ - INFO - Application starting at: 2025-04-09 14:47:36
2025-04-09 14:47:36,670 - __main__ - INFO - Current user: BaselAM
2025-04-09 14:47:36,683 - __main__ - INFO - Initializing database connection...
2025-04-09 14:47:36,845 - database.car_parts_db - INFO - Thread 15284: Database connection established
2025-04-09 14:47:36,845 - database.car_parts_db - INFO - Initialized database connection to localhost
2025-04-09 14:47:36,869 - __main__ - INFO - Connected to database. Found 2845 parts.
2025-04-09 14:47:36,869 - translations - INFO - Loading translation files from C:\Users\97253\Desktop\BeastMode-CSIntro-Excercises\CousinTestProject\translations\data
2025-04-09 14:47:36,870 - translations - INFO - Loaded translations for namespace 'barcode' from C:\Users\97253\Desktop\BeastMode-CSIntro-Excercises\CousinTestProject\translations\data\barcode.json
2025-04-09 14:47:36,870 - translations - INFO - Loaded translations for namespace 'car_parts' from C:\Users\97253\Desktop\BeastMode-CSIntro-Excercises\CousinTestProject\translations\data\car_parts.json
2025-04-09 14:47:36,870 - translations - INFO - Loaded translations for namespace 'errors' from C:\Users\97253\Desktop\BeastMode-CSIntro-Excercises\CousinTestProject\translations\data\errors.json
2025-04-09 14:47:36,870 - translations - INFO - Loaded translations for namespace 'filters' from C:\Users\97253\Desktop\BeastMode-CSIntro-Excercises\CousinTestProject\translations\data\filters.json
2025-04-09 14:47:36,870 - translations - INFO - Loaded translations for namespace 'help' from C:\Users\97253\Desktop\BeastMode-CSIntro-Excercises\CousinTestProject\translations\data\help.json
2025-04-09 14:47:36,871 - translations - INFO - Loaded translations for namespace 'login' from C:\Users\97253\Desktop\BeastMode-CSIntro-Excercises\CousinTestProject\translations\data\login.json
2025-04-09 14:47:36,871 - translations - INFO - Loaded translations for namespace 'navigation' from C:\Users\97253\Desktop\BeastMode-CSIntro-Excercises\CousinTestProject\translations\data\navigation.json
2025-04-09 14:47:36,871 - translations - INFO - Loaded translations for namespace 'notifications' from C:\Users\97253\Desktop\BeastMode-CSIntro-Excercises\CousinTestProject\translations\data\notifications.json
2025-04-09 14:47:36,871 - translations - INFO - Loaded translations for namespace 'parts_nav_translations' from C:\Users\97253\Desktop\BeastMode-CSIntro-Excercises\CousinTestProject\translations\data\parts_nav_translations.json
2025-04-09 14:47:36,871 - translations - INFO - Loaded translations for namespace 'products' from C:\Users\97253\Desktop\BeastMode-CSIntro-Excercises\CousinTestProject\translations\data\products.json
2025-04-09 14:47:36,872 - translations - INFO - Loaded translations for namespace 'settings' from C:\Users\97253\Desktop\BeastMode-CSIntro-Excercises\CousinTestProject\translations\data\settings.json
2025-04-09 14:47:36,872 - translations - INFO - Loaded translations for namespace 'statistics' from C:\Users\97253\Desktop\BeastMode-CSIntro-Excercises\CousinTestProject\translations\data\statistics.json
2025-04-09 14:47:36,872 - translations - INFO - Loaded translations for namespace 'ui' from C:\Users\97253\Desktop\BeastMode-CSIntro-Excercises\CousinTestProject\translations\data\ui.json
2025-04-09 14:47:36,872 - translations - INFO - Loaded translations for namespace 'validations' from C:\Users\97253\Desktop\BeastMode-CSIntro-Excercises\CousinTestProject\translations\data\validations.json
2025-04-09 14:47:36,872 - translations - INFO - Loaded 14 translation files from C:\Users\97253\Desktop\BeastMode-CSIntro-Excercises\CousinTestProject\translations\data
2025-04-09 14:47:36,872 - translations - INFO - Loaded 14 translation files
2025-04-09 14:47:36,939 - UsersDB - INFO - Connected to user database at C:\Users\97253\Desktop\BeastMode-CSIntro-Excercises\CousinTestProject\database\users.db
2025-04-09 14:47:36,939 - UsersDB - INFO - Database tables created successfully
2025-04-09 14:47:37,265 - widgets.header.chatbot.api_key_manager - INFO - API key loaded successfully
2025-04-09 14:47:37,316 - widgets.header.chatbot.openai_client - INFO - OpenAI client initialized successfully
2025-04-09 14:47:37,737 - parts_navigation.components.tiles_grid - INFO - Populating grid with 8 items using 4 columns
2025-04-09 14:47:37,787 - parts_navigation.components.tiles_grid - INFO - Grid has 4 active columns configured
2025-04-09 14:47:37,787 - parts_navigation.components.tiles_grid - INFO - Total tiles: 8
2025-04-09 14:47:37,787 - parts_navigation.components.tiles_grid - INFO - Visible tiles: 0
2025-04-09 14:47:37,787 - parts_navigation.container - INFO - Navigated to step 0
2025-04-09 14:47:37,974 - parts_navigation.container - INFO - All navigation steps created successfully
2025-04-09 14:47:38,094 - parts_navigation.container - INFO - Starting delayed brand preloading
2025-04-09 14:47:38,094 - parts_navigation.steps.brand - INFO - Starting to preload brands data
2025-04-09 14:47:38,096 - translations - WARNING - Missing translation for 'Internet: Connected' in 'he'
2025-04-09 14:47:38,142 - database.car_parts_db - INFO - Found 43 unique car brands in database
2025-04-09 14:47:38,142 - database.car_parts_db - INFO - Processed 43 unique car brands
2025-04-09 14:47:38,262 - parts_navigation.steps.brand - INFO - Preloaded 43 brands
2025-04-09 14:47:38,262 - parts_navigation.logo_manager - INFO - Preloading logos for 43 brands
2025-04-09 14:47:38,303 - parts_navigation.steps.brand - INFO - Loaded 43 unique brands
2025-04-09 14:47:38,303 - parts_navigation.components.tiles_grid - INFO - Populating grid with 43 items using 4 columns
2025-04-09 14:47:38,379 - parts_navigation.container - INFO - All navigation steps created successfully
2025-04-09 14:47:39,257 - parts_navigation.components.tiles_grid - INFO - Grid has 4 active columns configured
2025-04-09 14:47:39,257 - parts_navigation.components.tiles_grid - INFO - Total tiles: 43
2025-04-09 14:47:39,257 - parts_navigation.components.tiles_grid - INFO - Visible tiles: 0
2025-04-09 14:47:39,292 - parts_navigation.logo_manager - INFO - Found 31 already cached logos out of 43
2025-04-09 14:47:39,292 - parts_navigation.steps.brand - INFO - Started preloading 43 brand logos
2025-04-09 14:47:40,993 - __main__ - INFO - Cleaning up application resources...
2025-04-09 14:47:40,993 - __main__ - INFO - Closing database connection...
2025-04-09 14:47:40,995 - __main__ - INFO - Cleaning up parts navigation resources...
2025-04-09 14:47:41,039 - database.car_parts_db - INFO - Thread 15284: New database connection established
2025-04-09 14:47:41,041 - __main__ - INFO - Application shutdown complete
2025-04-09 14:47:47,698 - root - INFO - Logging system initialized (level: INFO)
2025-04-09 14:47:47,698 - root - INFO - Log files directory: C:\Users\97253\Desktop\BeastMode-CSIntro-Excercises\CousinTestProject\logs
2025-04-09 14:47:47,733 - config - INFO - Determined application root: C:\Users\97253\Desktop\BeastMode-CSIntro-Excercises\CousinTestProject
2025-04-09 14:47:48,846 - __main__ - INFO - Application starting at: 2025-04-09 14:47:48
2025-04-09 14:47:48,846 - __main__ - INFO - Current user: BaselAM
2025-04-09 14:47:48,857 - __main__ - INFO - Initializing database connection...
2025-04-09 14:47:48,969 - database.car_parts_db - INFO - Thread 1560: Database connection established
2025-04-09 14:47:48,969 - database.car_parts_db - INFO - Initialized database connection to localhost
2025-04-09 14:47:48,993 - __main__ - INFO - Connected to database. Found 2845 parts.
2025-04-09 14:47:48,994 - translations - INFO - Loading translation files from C:\Users\97253\Desktop\BeastMode-CSIntro-Excercises\CousinTestProject\translations\data
2025-04-09 14:47:48,994 - translations - INFO - Loaded translations for namespace 'barcode' from C:\Users\97253\Desktop\BeastMode-CSIntro-Excercises\CousinTestProject\translations\data\barcode.json
2025-04-09 14:47:48,994 - translations - INFO - Loaded translations for namespace 'car_parts' from C:\Users\97253\Desktop\BeastMode-CSIntro-Excercises\CousinTestProject\translations\data\car_parts.json
2025-04-09 14:47:48,994 - translations - INFO - Loaded translations for namespace 'errors' from C:\Users\97253\Desktop\BeastMode-CSIntro-Excercises\CousinTestProject\translations\data\errors.json
2025-04-09 14:47:48,995 - translations - INFO - Loaded translations for namespace 'filters' from C:\Users\97253\Desktop\BeastMode-CSIntro-Excercises\CousinTestProject\translations\data\filters.json
2025-04-09 14:47:48,995 - translations - INFO - Loaded translations for namespace 'help' from C:\Users\97253\Desktop\BeastMode-CSIntro-Excercises\CousinTestProject\translations\data\help.json
2025-04-09 14:47:48,995 - translations - INFO - Loaded translations for namespace 'login' from C:\Users\97253\Desktop\BeastMode-CSIntro-Excercises\CousinTestProject\translations\data\login.json
2025-04-09 14:47:48,995 - translations - INFO - Loaded translations for namespace 'navigation' from C:\Users\97253\Desktop\BeastMode-CSIntro-Excercises\CousinTestProject\translations\data\navigation.json
2025-04-09 14:47:48,995 - translations - INFO - Loaded translations for namespace 'notifications' from C:\Users\97253\Desktop\BeastMode-CSIntro-Excercises\CousinTestProject\translations\data\notifications.json
2025-04-09 14:47:48,996 - translations - INFO - Loaded translations for namespace 'parts_nav_translations' from C:\Users\97253\Desktop\BeastMode-CSIntro-Excercises\CousinTestProject\translations\data\parts_nav_translations.json
2025-04-09 14:47:48,996 - translations - INFO - Loaded translations for namespace 'products' from C:\Users\97253\Desktop\BeastMode-CSIntro-Excercises\CousinTestProject\translations\data\products.json
2025-04-09 14:47:48,996 - translations - INFO - Loaded translations for namespace 'settings' from C:\Users\97253\Desktop\BeastMode-CSIntro-Excercises\CousinTestProject\translations\data\settings.json
2025-04-09 14:47:48,996 - translations - INFO - Loaded translations for namespace 'statistics' from C:\Users\97253\Desktop\BeastMode-CSIntro-Excercises\CousinTestProject\translations\data\statistics.json
2025-04-09 14:47:48,996 - translations - INFO - Loaded translations for namespace 'ui' from C:\Users\97253\Desktop\BeastMode-CSIntro-Excercises\CousinTestProject\translations\data\ui.json
2025-04-09 14:47:48,997 - translations - INFO - Loaded translations for namespace 'validations' from C:\Users\97253\Desktop\BeastMode-CSIntro-Excercises\CousinTestProject\translations\data\validations.json
2025-04-09 14:47:48,997 - translations - INFO - Loaded 14 translation files from C:\Users\97253\Desktop\BeastMode-CSIntro-Excercises\CousinTestProject\translations\data
2025-04-09 14:47:48,997 - translations - INFO - Loaded 14 translation files
2025-04-09 14:47:49,050 - UsersDB - INFO - Connected to user database at C:\Users\97253\Desktop\BeastMode-CSIntro-Excercises\CousinTestProject\database\users.db
2025-04-09 14:47:49,051 - UsersDB - INFO - Database tables created successfully
2025-04-09 14:47:49,344 - widgets.header.chatbot.api_key_manager - INFO - API key loaded successfully
2025-04-09 14:47:49,388 - widgets.header.chatbot.openai_client - INFO - OpenAI client initialized successfully
2025-04-09 14:47:49,762 - parts_navigation.components.tiles_grid - INFO - Populating grid with 8 items using 4 columns
2025-04-09 14:47:49,816 - parts_navigation.components.tiles_grid - INFO - Grid has 4 active columns configured
2025-04-09 14:47:49,816 - parts_navigation.components.tiles_grid - INFO - Total tiles: 8
2025-04-09 14:47:49,817 - parts_navigation.components.tiles_grid - INFO - Visible tiles: 0
2025-04-09 14:47:49,817 - parts_navigation.container - INFO - Navigated to step 0
2025-04-09 14:47:50,005 - parts_navigation.container - INFO - All navigation steps created successfully
2025-04-09 14:47:50,005 - parts_navigation.container - INFO - Starting delayed brand preloading
2025-04-09 14:47:50,005 - parts_navigation.steps.brand - INFO - Starting to preload brands data
2025-04-09 14:47:50,123 - translations - WARNING - Missing translation for 'Internet: Connected' in 'he'
2025-04-09 14:47:50,172 - database.car_parts_db - INFO - Found 43 unique car brands in database
2025-04-09 14:47:50,172 - database.car_parts_db - INFO - Processed 43 unique car brands
2025-04-09 14:47:50,286 - parts_navigation.steps.brand - INFO - Preloaded 43 brands
2025-04-09 14:47:50,286 - parts_navigation.logo_manager - INFO - Preloading logos for 43 brands
2025-04-09 14:47:50,294 - parts_navigation.steps.brand - INFO - Loaded 43 unique brands
2025-04-09 14:47:50,294 - parts_navigation.components.tiles_grid - INFO - Populating grid with 43 items using 4 columns
2025-04-09 14:47:50,441 - parts_navigation.container - INFO - All navigation steps created successfully
2025-04-09 14:47:51,311 - parts_navigation.components.tiles_grid - INFO - Grid has 4 active columns configured
2025-04-09 14:47:51,311 - parts_navigation.components.tiles_grid - INFO - Total tiles: 43
2025-04-09 14:47:51,311 - parts_navigation.components.tiles_grid - INFO - Visible tiles: 0
2025-04-09 14:47:51,346 - parts_navigation.logo_manager - INFO - Found 31 already cached logos out of 43
2025-04-09 14:47:51,346 - parts_navigation.steps.brand - INFO - Started preloading 43 brand logos
2025-04-09 14:47:58,815 - UsersDB - INFO - User fahed authenticated successfully
2025-04-09 14:47:58,827 - __main__ - INFO - User logged in: {'id': 2, 'username': 'fahed', 'full_name': 'Fahed Abu Mukh', 'role': 'manager', 'settings': {'theme': 'classic', 'language': 'en', 'rtl': False}}
2025-04-09 14:48:01,095 - parts_navigation.components.tiles_grid - INFO - Adjusting columns from 3 to 5
2025-04-09 14:48:01,095 - parts_navigation.components.tiles_grid - INFO - Setting grid to 5 columns
2025-04-09 14:48:01,096 - parts_navigation.components.tiles_grid - INFO - Adjusting columns from 4 to 5
2025-04-09 14:48:01,096 - parts_navigation.components.tiles_grid - INFO - Setting grid to 5 columns
2025-04-09 14:48:01,098 - parts_navigation.components.tiles_grid - INFO - Adjusting columns from 4 to 5
2025-04-09 14:48:01,098 - parts_navigation.components.tiles_grid - INFO - Setting grid to 5 columns
2025-04-09 14:48:01,098 - parts_navigation.components.tiles_grid - INFO - Adjusting columns from 3 to 5
2025-04-09 14:48:01,098 - parts_navigation.components.tiles_grid - INFO - Setting grid to 5 columns
2025-04-09 14:48:01,099 - parts_navigation.components.tiles_grid - INFO - Adjusting columns from 4 to 5
2025-04-09 14:48:01,099 - parts_navigation.components.tiles_grid - INFO - Setting grid to 5 columns
2025-04-09 14:48:01,099 - parts_navigation.components.tiles_grid - INFO - Adjusting columns from 4 to 6
2025-04-09 14:48:01,099 - parts_navigation.components.tiles_grid - INFO - Setting grid to 6 columns
2025-04-09 14:48:27,896 - translations - WARNING - Missing translation for 'barcode' in 'he'
2025-04-09 14:48:27,896 - translations - WARNING - Missing translation for 'barcode_placeholder' in 'he'
2025-04-09 14:48:32,918 - translations - WARNING - Missing translation for 'print_settings' in 'he'
2025-04-09 14:48:32,918 - translations - WARNING - Missing translation for 'print_setup_description' in 'he'
2025-04-09 14:48:32,919 - translations - WARNING - Missing translation for 'print_scope' in 'he'
2025-04-09 14:48:32,921 - translations - WARNING - Missing translation for 'print_all_products' in 'he'
2025-04-09 14:48:32,921 - translations - WARNING - Missing translation for 'print_selected_products' in 'he'
2025-04-09 14:48:32,921 - translations - WARNING - Missing translation for 'print_filtered_products' in 'he'
2025-04-09 14:48:32,921 - translations - WARNING - Missing translation for 'print_all_tooltip' in 'he'
2025-04-09 14:48:32,921 - translations - WARNING - Missing translation for 'print_selected_tooltip' in 'he'
2025-04-09 14:48:32,921 - translations - WARNING - Missing translation for 'print_filtered_tooltip' in 'he'
2025-04-09 14:48:32,922 - translations - WARNING - Missing translation for 'print_options' in 'he'
2025-04-09 14:48:32,922 - translations - WARNING - Missing translation for 'paper_size' in 'he'
2025-04-09 14:48:32,922 - translations - WARNING - Missing translation for 'paper_size_tooltip' in 'he'
2025-04-09 14:48:32,923 - translations - WARNING - Missing translation for 'orientation' in 'he'
2025-04-09 14:48:32,923 - translations - WARNING - Missing translation for 'orientation_tooltip' in 'he'
2025-04-09 14:48:32,924 - translations - WARNING - Missing translation for 'portrait' in 'he'
2025-04-09 14:48:32,924 - translations - WARNING - Missing translation for 'landscape' in 'he'
2025-04-09 14:48:32,925 - translations - WARNING - Missing translation for 'print_header' in 'he'
2025-04-09 14:48:32,925 - translations - WARNING - Missing translation for 'print_header_tooltip' in 'he'
2025-04-09 14:48:32,925 - translations - WARNING - Missing translation for 'print_date' in 'he'
2025-04-09 14:48:32,925 - translations - WARNING - Missing translation for 'print_date_tooltip' in 'he'
2025-04-09 14:48:32,926 - translations - WARNING - Missing translation for 'rtl_mode' in 'he'
2025-04-09 14:48:32,926 - translations - WARNING - Missing translation for 'rtl_mode_tooltip' in 'he'
2025-04-09 14:48:32,932 - translations - WARNING - Missing translation for 'preview_and_print' in 'he'
2025-04-09 14:48:35,030 - translations - WARNING - Missing translation for 'products_report' in 'he'
2025-04-09 14:48:37,081 - translations - WARNING - Missing translation for 'print_success' in 'he'
2025-04-09 14:48:45,584 - parts_navigation.components.tiles_grid - INFO - Populating grid with 8 items using 4 columns
2025-04-09 14:48:45,596 - parts_navigation.components.tiles_grid - INFO - Grid has 4 active columns configured
2025-04-09 14:48:45,597 - parts_navigation.components.tiles_grid - INFO - Total tiles: 8
2025-04-09 14:48:45,597 - parts_navigation.components.tiles_grid - INFO - Visible tiles: 0
2025-04-09 14:48:45,597 - parts_navigation.container - INFO - Navigated to step 0
2025-04-09 14:48:45,626 - parts_navigation.components.tiles_grid - INFO - Adjusting columns from 4 to 9
2025-04-09 14:48:45,626 - parts_navigation.components.tiles_grid - INFO - Setting grid to 9 columns
2025-04-09 14:48:45,669 - parts_navigation.container - INFO - All navigation steps created successfully
2025-04-09 14:48:45,669 - parts_navigation.container - INFO - Starting delayed brand preloading
2025-04-09 14:48:45,669 - parts_navigation.steps.brand - INFO - Starting to preload brands data
2025-04-09 14:48:45,685 - parts_navigation.components.tiles_grid - INFO - Adjusting columns from 4 to 5
2025-04-09 14:48:45,685 - parts_navigation.components.tiles_grid - INFO - Setting grid to 5 columns
2025-04-09 14:48:45,686 - parts_navigation.components.tiles_grid - INFO - Adjusting columns from 3 to 5
2025-04-09 14:48:45,686 - parts_navigation.components.tiles_grid - INFO - Setting grid to 5 columns
2025-04-09 14:48:45,686 - parts_navigation.components.tiles_grid - INFO - Adjusting columns from 4 to 5
2025-04-09 14:48:45,687 - parts_navigation.components.tiles_grid - INFO - Setting grid to 5 columns
2025-04-09 14:48:45,725 - parts_navigation.steps.brand - INFO - Preloaded 43 brands
2025-04-09 14:48:45,725 - parts_navigation.logo_manager - INFO - Preloading logos for 43 brands
2025-04-09 14:48:45,761 - parts_navigation.steps.brand - INFO - Loaded 43 unique brands
2025-04-09 14:48:45,761 - parts_navigation.components.tiles_grid - INFO - Populating grid with 43 items using 9 columns
2025-04-09 14:48:45,843 - parts_navigation.container - INFO - All navigation steps created successfully
2025-04-09 14:48:45,853 - parts_navigation.components.tiles_grid - INFO - Adjusting columns from 3 to 5
2025-04-09 14:48:45,853 - parts_navigation.components.tiles_grid - INFO - Setting grid to 5 columns
2025-04-09 14:48:45,855 - parts_navigation.components.tiles_grid - INFO - Adjusting columns from 4 to 5
2025-04-09 14:48:45,855 - parts_navigation.components.tiles_grid - INFO - Setting grid to 5 columns
2025-04-09 14:48:46,187 - parts_navigation.components.tiles_grid - INFO - Grid has 9 active columns configured
2025-04-09 14:48:46,187 - parts_navigation.components.tiles_grid - INFO - Total tiles: 43
2025-04-09 14:48:46,187 - parts_navigation.components.tiles_grid - INFO - Visible tiles: 43
2025-04-09 14:48:46,208 - parts_navigation.logo_manager - INFO - Found 31 already cached logos out of 43
2025-04-09 14:48:46,208 - parts_navigation.steps.brand - INFO - Started preloading 43 brand logos
2025-04-09 14:48:50,801 - database.car_parts_db - WARNING - Error closing cursor: Unread result found
2025-04-09 14:48:50,801 - database.car_parts_db - WARNING - Error closing connection: Unread result found
2025-04-09 15:00:26,563 - root - INFO - Logging system initialized (level: INFO)
2025-04-09 15:00:26,563 - root - INFO - Log files directory: C:\Users\97253\Desktop\BeastMode-CSIntro-Excercises\CousinTestProject\logs
2025-04-09 15:00:26,713 - config - INFO - Determined application root: C:\Users\97253\Desktop\BeastMode-CSIntro-Excercises\CousinTestProject
2025-04-09 15:00:31,958 - __main__ - INFO - Application starting at: 2025-04-09 15:00:31
2025-04-09 15:00:31,958 - __main__ - INFO - Current user: BaselAM
2025-04-09 15:00:32,044 - __main__ - INFO - Initializing database connection...
2025-04-09 15:00:32,446 - database.car_parts_db - INFO - Thread 8568: Database connection established
2025-04-09 15:00:32,448 - database.car_parts_db - INFO - Initialized database connection to localhost
2025-04-09 15:00:32,489 - __main__ - INFO - Connected to database. Found 2845 parts.
2025-04-09 15:00:32,489 - translations - INFO - Loading translation files from C:\Users\97253\Desktop\BeastMode-CSIntro-Excercises\CousinTestProject\translations\data
2025-04-09 15:00:32,490 - translations - INFO - Loaded translations for namespace 'barcode' from C:\Users\97253\Desktop\BeastMode-CSIntro-Excercises\CousinTestProject\translations\data\barcode.json
2025-04-09 15:00:32,491 - translations - INFO - Loaded translations for namespace 'car_parts' from C:\Users\97253\Desktop\BeastMode-CSIntro-Excercises\CousinTestProject\translations\data\car_parts.json
2025-04-09 15:00:32,491 - translations - INFO - Loaded translations for namespace 'errors' from C:\Users\97253\Desktop\BeastMode-CSIntro-Excercises\CousinTestProject\translations\data\errors.json
2025-04-09 15:00:32,492 - translations - INFO - Loaded translations for namespace 'filters' from C:\Users\97253\Desktop\BeastMode-CSIntro-Excercises\CousinTestProject\translations\data\filters.json
2025-04-09 15:00:32,493 - translations - INFO - Loaded translations for namespace 'help' from C:\Users\97253\Desktop\BeastMode-CSIntro-Excercises\CousinTestProject\translations\data\help.json
2025-04-09 15:00:32,493 - translations - INFO - Loaded translations for namespace 'login' from C:\Users\97253\Desktop\BeastMode-CSIntro-Excercises\CousinTestProject\translations\data\login.json
2025-04-09 15:00:32,494 - translations - INFO - Loaded translations for namespace 'navigation' from C:\Users\97253\Desktop\BeastMode-CSIntro-Excercises\CousinTestProject\translations\data\navigation.json
2025-04-09 15:00:32,495 - translations - INFO - Loaded translations for namespace 'notifications' from C:\Users\97253\Desktop\BeastMode-CSIntro-Excercises\CousinTestProject\translations\data\notifications.json
2025-04-09 15:00:32,496 - translations - INFO - Loaded translations for namespace 'parts_nav_translations' from C:\Users\97253\Desktop\BeastMode-CSIntro-Excercises\CousinTestProject\translations\data\parts_nav_translations.json
2025-04-09 15:00:32,497 - translations - INFO - Loaded translations for namespace 'products' from C:\Users\97253\Desktop\BeastMode-CSIntro-Excercises\CousinTestProject\translations\data\products.json
2025-04-09 15:00:32,497 - translations - INFO - Loaded translations for namespace 'settings' from C:\Users\97253\Desktop\BeastMode-CSIntro-Excercises\CousinTestProject\translations\data\settings.json
2025-04-09 15:00:32,498 - translations - INFO - Loaded translations for namespace 'statistics' from C:\Users\97253\Desktop\BeastMode-CSIntro-Excercises\CousinTestProject\translations\data\statistics.json
2025-04-09 15:00:32,499 - translations - INFO - Loaded translations for namespace 'ui' from C:\Users\97253\Desktop\BeastMode-CSIntro-Excercises\CousinTestProject\translations\data\ui.json
2025-04-09 15:00:32,501 - translations - INFO - Loaded translations for namespace 'validations' from C:\Users\97253\Desktop\BeastMode-CSIntro-Excercises\CousinTestProject\translations\data\validations.json
2025-04-09 15:00:32,501 - translations - INFO - Loaded 14 translation files from C:\Users\97253\Desktop\BeastMode-CSIntro-Excercises\CousinTestProject\translations\data
2025-04-09 15:00:32,501 - translations - INFO - Loaded 14 translation files
2025-04-09 15:00:32,729 - UsersDB - INFO - Connected to user database at C:\Users\97253\Desktop\BeastMode-CSIntro-Excercises\CousinTestProject\database\users.db
2025-04-09 15:00:32,730 - UsersDB - INFO - Database tables created successfully
2025-04-09 15:00:33,686 - widgets.header.chatbot.api_key_manager - INFO - API key loaded successfully
2025-04-09 15:00:33,827 - widgets.header.chatbot.openai_client - INFO - OpenAI client initialized successfully
2025-04-09 15:00:34,528 - parts_navigation.components.tiles_grid - INFO - Populating grid with 8 items using 4 columns
2025-04-09 15:00:34,604 - parts_navigation.container - INFO - All navigation steps created successfully
2025-04-09 15:00:34,637 - parts_navigation.components.tiles_grid - INFO - Grid has 4 active columns configured
2025-04-09 15:00:34,638 - parts_navigation.components.tiles_grid - INFO - Total tiles: 8
2025-04-09 15:00:34,638 - parts_navigation.components.tiles_grid - INFO - Visible tiles: 0
2025-04-09 15:00:34,638 - parts_navigation.container - INFO - Navigated to step 0
2025-04-09 15:00:35,094 - parts_navigation.container - INFO - Starting delayed brand preloading
2025-04-09 15:00:35,095 - parts_navigation.steps.brand - INFO - Starting to preload brands data
2025-04-09 15:00:35,282 - translations - WARNING - Missing translation for 'Internet: Connected' in 'he'
2025-04-09 15:00:35,340 - database.car_parts_db - INFO - Found 43 unique car brands in database
2025-04-09 15:00:35,341 - database.car_parts_db - INFO - Processed 43 unique car brands
2025-04-09 15:00:35,522 - parts_navigation.container - INFO - All navigation steps created successfully
2025-04-09 15:00:35,522 - parts_navigation.steps.brand - INFO - Preloaded 43 brands
2025-04-09 15:00:35,522 - parts_navigation.logo_manager - INFO - Preloading logos for 43 brands
2025-04-09 15:00:35,639 - parts_navigation.steps.brand - INFO - Loaded 43 unique brands
2025-04-09 15:00:35,639 - parts_navigation.components.tiles_grid - INFO - Populating grid with 43 items using 4 columns
2025-04-09 15:00:36,707 - parts_navigation.components.tiles_grid - INFO - Grid has 4 active columns configured
2025-04-09 15:00:36,707 - parts_navigation.components.tiles_grid - INFO - Total tiles: 43
2025-04-09 15:00:36,707 - parts_navigation.components.tiles_grid - INFO - Visible tiles: 0
2025-04-09 15:00:36,744 - parts_navigation.logo_manager - INFO - Found 31 already cached logos out of 43
2025-04-09 15:00:36,744 - parts_navigation.steps.brand - INFO - Started preloading 43 brand logos
2025-04-09 15:00:40,829 - UsersDB - INFO - User fahed authenticated successfully
2025-04-09 15:00:40,838 - __main__ - INFO - User logged in: {'id': 2, 'username': 'fahed', 'full_name': 'Fahed Abu Mukh', 'role': 'manager', 'settings': {'theme': 'classic', 'language': 'en', 'rtl': False}}
2025-04-09 15:00:49,921 - translations - WARNING - Missing translation for 'register_title' in 'he'
2025-04-09 15:00:50,074 - translations - WARNING - Missing translation for 'search_product_prompt' in 'he'
2025-04-09 15:00:50,074 - translations - WARNING - Missing translation for 'empty_state_subtitle' in 'he'
2025-04-09 15:00:50,089 - translations - WARNING - Missing translation for 'receive_button' in 'he'
2025-04-09 15:00:50,090 - translations - WARNING - Missing translation for 'sell_button' in 'he'
2025-04-09 15:00:58,661 - translations - WARNING - Missing translation for 'no_results' in 'he'
2025-04-09 15:00:58,661 - translations - WARNING - Missing translation for 'no_results_msg' in 'he'
2025-04-09 15:01:16,906 - translations - WARNING - Missing translation for 'original_part' in 'he'
2025-04-09 15:01:16,907 - translations - WARNING - Missing translation for 'model_years' in 'he'
2025-04-09 15:01:16,907 - translations - WARNING - Missing translation for 'select_quantity' in 'he'
2025-04-09 15:01:16,934 - translations - WARNING - Missing translation for 'related_products' in 'he'
2025-04-09 15:01:16,934 - translations - WARNING - Missing translation for 'add_related' in 'he'
2025-04-09 15:01:16,935 - translations - WARNING - Missing translation for 'no_related_products' in 'he'
2025-04-09 15:02:36,108 - translations - WARNING - Missing translation for 'confirm_receive' in 'he'
2025-04-09 15:02:36,109 - translations - WARNING - Missing translation for 'confirm_receive_msg' in 'he'
2025-04-09 15:02:36,109 - translations - WARNING - Missing translation for 'yes_receive' in 'he'
2025-04-09 15:02:46,919 - database.car_parts_db - INFO - Updated part with parcode: 803
2025-04-09 15:02:46,920 - translations - WARNING - Missing translation for 'receive_complete' in 'he'
2025-04-09 15:02:46,920 - translations - WARNING - Missing translation for 'receive_complete_msg' in 'he'
2025-04-09 15:02:50,833 - parts_navigation.components.tiles_grid - INFO - Adjusting columns from 3 to 5
2025-04-09 15:02:50,833 - parts_navigation.components.tiles_grid - INFO - Setting grid to 5 columns
2025-04-09 15:02:50,834 - parts_navigation.components.tiles_grid - INFO - Adjusting columns from 4 to 5
2025-04-09 15:02:50,834 - parts_navigation.components.tiles_grid - INFO - Setting grid to 5 columns
2025-04-09 15:02:50,835 - parts_navigation.components.tiles_grid - INFO - Adjusting columns from 4 to 5
2025-04-09 15:02:50,835 - parts_navigation.components.tiles_grid - INFO - Setting grid to 5 columns
2025-04-09 15:02:50,835 - parts_navigation.components.tiles_grid - INFO - Adjusting columns from 3 to 5
2025-04-09 15:02:50,835 - parts_navigation.components.tiles_grid - INFO - Setting grid to 5 columns
2025-04-09 15:02:50,836 - parts_navigation.components.tiles_grid - INFO - Adjusting columns from 4 to 5
2025-04-09 15:02:50,836 - parts_navigation.components.tiles_grid - INFO - Setting grid to 5 columns
2025-04-09 15:02:50,836 - parts_navigation.components.tiles_grid - INFO - Adjusting columns from 4 to 6
2025-04-09 15:02:50,836 - parts_navigation.components.tiles_grid - INFO - Setting grid to 6 columns
2025-04-09 15:04:32,028 - translations - WARNING - Missing translation for 'add_related_info' in 'he'
2025-04-09 15:09:59,101 - gui.event_handlers - INFO - Closing database connection...
2025-04-09 15:09:59,114 - __main__ - INFO - Cleaning up application resources...
2025-04-09 15:09:59,114 - __main__ - INFO - Closing database connection...
2025-04-09 15:09:59,114 - __main__ - INFO - Cleaning up parts navigation resources...
2025-04-09 15:09:59,126 - database.car_parts_db - INFO - Thread 8568: New database connection established
2025-04-09 15:09:59,130 - __main__ - INFO - Application shutdown complete
2025-04-09 15:10:57,006 - root - INFO - Logging system initialized (level: INFO)
2025-04-09 15:10:57,006 - root - INFO - Log files directory: C:\Users\97253\Desktop\BeastMode-CSIntro-Excercises\CousinTestProject\logs
2025-04-09 15:10:57,061 - config - INFO - Determined application root: C:\Users\97253\Desktop\BeastMode-CSIntro-Excercises\CousinTestProject
2025-04-09 15:10:58,603 - __main__ - INFO - Application starting at: 2025-04-09 15:10:58
2025-04-09 15:10:58,603 - __main__ - INFO - Current user: BaselAM
2025-04-09 15:10:58,621 - __main__ - INFO - Initializing database connection...
2025-04-09 15:10:58,825 - database.car_parts_db - INFO - Thread 8188: Database connection established
2025-04-09 15:10:58,825 - database.car_parts_db - INFO - Initialized database connection to localhost
2025-04-09 15:10:58,848 - __main__ - INFO - Connected to database. Found 2845 parts.
2025-04-09 15:10:58,849 - translations - INFO - Loading translation files from C:\Users\97253\Desktop\BeastMode-CSIntro-Excercises\CousinTestProject\translations\data
2025-04-09 15:10:58,849 - translations - INFO - Loaded translations for namespace 'barcode' from C:\Users\97253\Desktop\BeastMode-CSIntro-Excercises\CousinTestProject\translations\data\barcode.json
2025-04-09 15:10:58,849 - translations - INFO - Loaded translations for namespace 'car_parts' from C:\Users\97253\Desktop\BeastMode-CSIntro-Excercises\CousinTestProject\translations\data\car_parts.json
2025-04-09 15:10:58,850 - translations - INFO - Loaded translations for namespace 'errors' from C:\Users\97253\Desktop\BeastMode-CSIntro-Excercises\CousinTestProject\translations\data\errors.json
2025-04-09 15:10:58,851 - translations - INFO - Loaded translations for namespace 'filters' from C:\Users\97253\Desktop\BeastMode-CSIntro-Excercises\CousinTestProject\translations\data\filters.json
2025-04-09 15:10:58,851 - translations - INFO - Loaded translations for namespace 'help' from C:\Users\97253\Desktop\BeastMode-CSIntro-Excercises\CousinTestProject\translations\data\help.json
2025-04-09 15:10:58,852 - translations - INFO - Loaded translations for namespace 'login' from C:\Users\97253\Desktop\BeastMode-CSIntro-Excercises\CousinTestProject\translations\data\login.json
2025-04-09 15:10:58,853 - translations - INFO - Loaded translations for namespace 'navigation' from C:\Users\97253\Desktop\BeastMode-CSIntro-Excercises\CousinTestProject\translations\data\navigation.json
2025-04-09 15:10:58,853 - translations - INFO - Loaded translations for namespace 'notifications' from C:\Users\97253\Desktop\BeastMode-CSIntro-Excercises\CousinTestProject\translations\data\notifications.json
2025-04-09 15:10:58,854 - translations - INFO - Loaded translations for namespace 'parts_nav_translations' from C:\Users\97253\Desktop\BeastMode-CSIntro-Excercises\CousinTestProject\translations\data\parts_nav_translations.json
2025-04-09 15:10:58,855 - translations - INFO - Loaded translations for namespace 'products' from C:\Users\97253\Desktop\BeastMode-CSIntro-Excercises\CousinTestProject\translations\data\products.json
2025-04-09 15:10:58,857 - translations - INFO - Loaded translations for namespace 'settings' from C:\Users\97253\Desktop\BeastMode-CSIntro-Excercises\CousinTestProject\translations\data\settings.json
2025-04-09 15:10:58,857 - translations - INFO - Loaded translations for namespace 'statistics' from C:\Users\97253\Desktop\BeastMode-CSIntro-Excercises\CousinTestProject\translations\data\statistics.json
2025-04-09 15:10:58,857 - translations - INFO - Loaded translations for namespace 'ui' from C:\Users\97253\Desktop\BeastMode-CSIntro-Excercises\CousinTestProject\translations\data\ui.json
2025-04-09 15:10:58,858 - translations - INFO - Loaded translations for namespace 'validations' from C:\Users\97253\Desktop\BeastMode-CSIntro-Excercises\CousinTestProject\translations\data\validations.json
2025-04-09 15:10:58,858 - translations - INFO - Loaded 14 translation files from C:\Users\97253\Desktop\BeastMode-CSIntro-Excercises\CousinTestProject\translations\data
2025-04-09 15:10:58,858 - translations - INFO - Loaded 14 translation files
2025-04-09 15:10:58,987 - UsersDB - INFO - Connected to user database at C:\Users\97253\Desktop\BeastMode-CSIntro-Excercises\CousinTestProject\database\users.db
2025-04-09 15:10:58,987 - UsersDB - INFO - Database tables created successfully
2025-04-09 15:10:59,565 - widgets.header.chatbot.api_key_manager - INFO - API key loaded successfully
2025-04-09 15:10:59,629 - widgets.header.chatbot.openai_client - INFO - OpenAI client initialized successfully
2025-04-09 15:11:00,011 - parts_navigation.components.tiles_grid - INFO - Populating grid with 8 items using 4 columns
2025-04-09 15:11:00,054 - parts_navigation.components.tiles_grid - INFO - Grid has 4 active columns configured
2025-04-09 15:11:00,054 - parts_navigation.components.tiles_grid - INFO - Total tiles: 8
2025-04-09 15:11:00,054 - parts_navigation.components.tiles_grid - INFO - Visible tiles: 0
2025-04-09 15:11:00,056 - parts_navigation.container - INFO - Navigated to step 0
2025-04-09 15:11:00,245 - parts_navigation.container - INFO - All navigation steps created successfully
2025-04-09 15:11:00,366 - parts_navigation.container - INFO - Starting delayed brand preloading
2025-04-09 15:11:00,366 - parts_navigation.steps.brand - INFO - Starting to preload brands data
2025-04-09 15:11:00,369 - translations - WARNING - Missing translation for 'Internet: Connected' in 'he'
2025-04-09 15:11:00,422 - database.car_parts_db - INFO - Found 43 unique car brands in database
2025-04-09 15:11:00,422 - database.car_parts_db - INFO - Processed 43 unique car brands
2025-04-09 15:11:00,540 - parts_navigation.steps.brand - INFO - Preloaded 43 brands
2025-04-09 15:11:00,540 - parts_navigation.logo_manager - INFO - Preloading logos for 43 brands
2025-04-09 15:11:00,556 - parts_navigation.steps.brand - INFO - Loaded 43 unique brands
2025-04-09 15:11:00,624 - parts_navigation.components.tiles_grid - INFO - Populating grid with 43 items using 4 columns
2025-04-09 15:11:00,704 - parts_navigation.container - INFO - All navigation steps created successfully
2025-04-09 15:11:01,566 - parts_navigation.components.tiles_grid - INFO - Grid has 4 active columns configured
2025-04-09 15:11:01,566 - parts_navigation.components.tiles_grid - INFO - Total tiles: 43
2025-04-09 15:11:01,566 - parts_navigation.components.tiles_grid - INFO - Visible tiles: 0
2025-04-09 15:11:01,600 - parts_navigation.logo_manager - INFO - Found 31 already cached logos out of 43
2025-04-09 15:11:01,600 - parts_navigation.steps.brand - INFO - Started preloading 43 brand logos
2025-04-09 15:11:08,220 - UsersDB - INFO - User fahed authenticated successfully
2025-04-09 15:11:08,231 - __main__ - INFO - User logged in: {'id': 2, 'username': 'fahed', 'full_name': 'Fahed Abu Mukh', 'role': 'manager', 'settings': {'theme': 'classic', 'language': 'en', 'rtl': False}}
2025-04-09 15:11:09,323 - translations - WARNING - Missing translation for 'register_title' in 'he'
2025-04-09 15:11:09,495 - translations - WARNING - Missing translation for 'search_product_prompt' in 'he'
2025-04-09 15:11:09,495 - translations - WARNING - Missing translation for 'empty_state_subtitle' in 'he'
2025-04-09 15:11:09,509 - translations - WARNING - Missing translation for 'receive_button' in 'he'
2025-04-09 15:11:09,510 - translations - WARNING - Missing translation for 'sell_button' in 'he'
2025-04-09 15:11:17,771 - translations - WARNING - Missing translation for 'original_part' in 'he'
2025-04-09 15:11:17,771 - translations - WARNING - Missing translation for 'model_years' in 'he'
2025-04-09 15:11:17,772 - translations - WARNING - Missing translation for 'select_quantity' in 'he'
2025-04-09 15:11:17,805 - translations - WARNING - Missing translation for 'related_products' in 'he'
2025-04-09 15:11:17,805 - translations - WARNING - Missing translation for 'add_related' in 'he'
2025-04-09 15:11:17,805 - translations - WARNING - Missing translation for 'no_related_products' in 'he'
2025-04-09 15:11:51,080 - parts_navigation.components.tiles_grid - INFO - Adjusting columns from 3 to 5
2025-04-09 15:11:51,080 - parts_navigation.components.tiles_grid - INFO - Setting grid to 5 columns
2025-04-09 15:11:51,080 - parts_navigation.components.tiles_grid - INFO - Adjusting columns from 4 to 5
2025-04-09 15:11:51,081 - parts_navigation.components.tiles_grid - INFO - Setting grid to 5 columns
2025-04-09 15:11:51,081 - parts_navigation.components.tiles_grid - INFO - Adjusting columns from 4 to 5
2025-04-09 15:11:51,082 - parts_navigation.components.tiles_grid - INFO - Setting grid to 5 columns
2025-04-09 15:11:51,082 - parts_navigation.components.tiles_grid - INFO - Adjusting columns from 3 to 5
2025-04-09 15:11:51,082 - parts_navigation.components.tiles_grid - INFO - Setting grid to 5 columns
2025-04-09 15:11:51,082 - parts_navigation.components.tiles_grid - INFO - Adjusting columns from 4 to 5
2025-04-09 15:11:51,082 - parts_navigation.components.tiles_grid - INFO - Setting grid to 5 columns
2025-04-09 15:11:51,083 - parts_navigation.components.tiles_grid - INFO - Adjusting columns from 4 to 6
2025-04-09 15:11:51,083 - parts_navigation.components.tiles_grid - INFO - Setting grid to 6 columns
2025-04-09 15:11:54,482 - parts_navigation.components.tiles_grid - INFO - Populating grid with 8 items using 4 columns
2025-04-09 15:11:54,494 - parts_navigation.components.tiles_grid - INFO - Grid has 4 active columns configured
2025-04-09 15:11:54,494 - parts_navigation.components.tiles_grid - INFO - Total tiles: 8
2025-04-09 15:11:54,494 - parts_navigation.components.tiles_grid - INFO - Visible tiles: 0
2025-04-09 15:11:54,494 - parts_navigation.container - INFO - Navigated to step 0
2025-04-09 15:11:54,525 - parts_navigation.components.tiles_grid - INFO - Adjusting columns from 4 to 9
2025-04-09 15:11:54,525 - parts_navigation.components.tiles_grid - INFO - Setting grid to 9 columns
2025-04-09 15:11:54,566 - parts_navigation.container - INFO - All navigation steps created successfully
2025-04-09 15:11:54,567 - parts_navigation.container - INFO - Starting delayed brand preloading
2025-04-09 15:11:54,567 - parts_navigation.steps.brand - INFO - Starting to preload brands data
2025-04-09 15:11:54,582 - parts_navigation.components.tiles_grid - INFO - Adjusting columns from 4 to 5
2025-04-09 15:11:54,582 - parts_navigation.components.tiles_grid - INFO - Setting grid to 5 columns
2025-04-09 15:11:54,582 - parts_navigation.components.tiles_grid - INFO - Adjusting columns from 3 to 5
2025-04-09 15:11:54,582 - parts_navigation.components.tiles_grid - INFO - Setting grid to 5 columns
2025-04-09 15:11:54,582 - parts_navigation.components.tiles_grid - INFO - Adjusting columns from 4 to 5
2025-04-09 15:11:54,583 - parts_navigation.components.tiles_grid - INFO - Setting grid to 5 columns
2025-04-09 15:11:54,622 - parts_navigation.steps.brand - INFO - Preloaded 43 brands
2025-04-09 15:11:54,622 - parts_navigation.logo_manager - INFO - Preloading logos for 43 brands
2025-04-09 15:11:54,659 - parts_navigation.steps.brand - INFO - Loaded 43 unique brands
2025-04-09 15:11:54,659 - parts_navigation.components.tiles_grid - INFO - Populating grid with 43 items using 9 columns
2025-04-09 15:11:54,735 - parts_navigation.container - INFO - All navigation steps created successfully
2025-04-09 15:11:54,745 - parts_navigation.components.tiles_grid - INFO - Adjusting columns from 3 to 5
2025-04-09 15:11:54,745 - parts_navigation.components.tiles_grid - INFO - Setting grid to 5 columns
2025-04-09 15:11:54,746 - parts_navigation.components.tiles_grid - INFO - Adjusting columns from 4 to 5
2025-04-09 15:11:54,746 - parts_navigation.components.tiles_grid - INFO - Setting grid to 5 columns
2025-04-09 15:11:55,073 - parts_navigation.components.tiles_grid - INFO - Grid has 9 active columns configured
2025-04-09 15:11:55,073 - parts_navigation.components.tiles_grid - INFO - Total tiles: 43
2025-04-09 15:11:55,073 - parts_navigation.components.tiles_grid - INFO - Visible tiles: 43
2025-04-09 15:11:55,098 - parts_navigation.logo_manager - INFO - Found 31 already cached logos out of 43
2025-04-09 15:11:55,098 - parts_navigation.steps.brand - INFO - Started preloading 43 brand logos
2025-04-09 15:12:10,739 - gui.event_handlers - INFO - Closing database connection...
2025-04-09 15:12:10,753 - __main__ - INFO - Cleaning up application resources...
2025-04-09 15:12:10,753 - __main__ - INFO - Closing database connection...
2025-04-09 15:12:10,753 - __main__ - INFO - Cleaning up parts navigation resources...
2025-04-09 15:12:10,771 - database.car_parts_db - INFO - Thread 8188: New database connection established
2025-04-09 15:12:10,772 - __main__ - INFO - Application shutdown complete
2025-04-09 15:14:25,768 - root - INFO - Logging system initialized (level: INFO)
2025-04-09 15:14:25,768 - root - INFO - Log files directory: C:\Users\97253\Desktop\BeastMode-CSIntro-Excercises\CousinTestProject\logs
2025-04-09 15:14:25,916 - config - INFO - Determined application root: C:\Users\97253\Desktop\BeastMode-CSIntro-Excercises\CousinTestProject
2025-04-09 15:14:27,657 - __main__ - INFO - Application starting at: 2025-04-09 15:14:27
2025-04-09 15:14:27,657 - __main__ - INFO - Current user: BaselAM
2025-04-09 15:14:27,719 - __main__ - INFO - Initializing database connection...
2025-04-09 15:14:27,948 - database.car_parts_db - INFO - Thread 19144: Database connection established
2025-04-09 15:14:27,948 - database.car_parts_db - INFO - Initialized database connection to localhost
2025-04-09 15:14:27,972 - __main__ - INFO - Connected to database. Found 2845 parts.
2025-04-09 15:14:27,973 - translations - INFO - Loading translation files from C:\Users\97253\Desktop\BeastMode-CSIntro-Excercises\CousinTestProject\translations\data
2025-04-09 15:14:27,973 - translations - INFO - Loaded translations for namespace 'barcode' from C:\Users\97253\Desktop\BeastMode-CSIntro-Excercises\CousinTestProject\translations\data\barcode.json
2025-04-09 15:14:27,975 - translations - INFO - Loaded translations for namespace 'car_parts' from C:\Users\97253\Desktop\BeastMode-CSIntro-Excercises\CousinTestProject\translations\data\car_parts.json
2025-04-09 15:14:27,976 - translations - INFO - Loaded translations for namespace 'errors' from C:\Users\97253\Desktop\BeastMode-CSIntro-Excercises\CousinTestProject\translations\data\errors.json
2025-04-09 15:14:27,976 - translations - INFO - Loaded translations for namespace 'filters' from C:\Users\97253\Desktop\BeastMode-CSIntro-Excercises\CousinTestProject\translations\data\filters.json
2025-04-09 15:14:27,977 - translations - INFO - Loaded translations for namespace 'help' from C:\Users\97253\Desktop\BeastMode-CSIntro-Excercises\CousinTestProject\translations\data\help.json
2025-04-09 15:14:27,978 - translations - INFO - Loaded translations for namespace 'login' from C:\Users\97253\Desktop\BeastMode-CSIntro-Excercises\CousinTestProject\translations\data\login.json
2025-04-09 15:14:27,978 - translations - INFO - Loaded translations for namespace 'navigation' from C:\Users\97253\Desktop\BeastMode-CSIntro-Excercises\CousinTestProject\translations\data\navigation.json
2025-04-09 15:14:27,979 - translations - INFO - Loaded translations for namespace 'notifications' from C:\Users\97253\Desktop\BeastMode-CSIntro-Excercises\CousinTestProject\translations\data\notifications.json
2025-04-09 15:14:27,980 - translations - INFO - Loaded translations for namespace 'parts_nav_translations' from C:\Users\97253\Desktop\BeastMode-CSIntro-Excercises\CousinTestProject\translations\data\parts_nav_translations.json
2025-04-09 15:14:27,981 - translations - INFO - Loaded translations for namespace 'products' from C:\Users\97253\Desktop\BeastMode-CSIntro-Excercises\CousinTestProject\translations\data\products.json
2025-04-09 15:14:27,981 - translations - INFO - Loaded translations for namespace 'settings' from C:\Users\97253\Desktop\BeastMode-CSIntro-Excercises\CousinTestProject\translations\data\settings.json
2025-04-09 15:14:27,982 - translations - INFO - Loaded translations for namespace 'statistics' from C:\Users\97253\Desktop\BeastMode-CSIntro-Excercises\CousinTestProject\translations\data\statistics.json
2025-04-09 15:14:27,983 - translations - INFO - Loaded translations for namespace 'ui' from C:\Users\97253\Desktop\BeastMode-CSIntro-Excercises\CousinTestProject\translations\data\ui.json
2025-04-09 15:14:27,983 - translations - INFO - Loaded translations for namespace 'validations' from C:\Users\97253\Desktop\BeastMode-CSIntro-Excercises\CousinTestProject\translations\data\validations.json
2025-04-09 15:14:27,984 - translations - INFO - Loaded 14 translation files from C:\Users\97253\Desktop\BeastMode-CSIntro-Excercises\CousinTestProject\translations\data
2025-04-09 15:14:27,984 - translations - INFO - Loaded 14 translation files
2025-04-09 15:14:28,190 - UsersDB - INFO - Connected to user database at C:\Users\97253\Desktop\BeastMode-CSIntro-Excercises\CousinTestProject\database\users.db
2025-04-09 15:14:28,191 - UsersDB - INFO - Database tables created successfully
2025-04-09 15:14:28,869 - widgets.header.chatbot.api_key_manager - INFO - API key loaded successfully
2025-04-09 15:14:28,944 - widgets.header.chatbot.openai_client - INFO - OpenAI client initialized successfully
2025-04-09 15:14:29,363 - parts_navigation.components.tiles_grid - INFO - Populating grid with 8 items using 4 columns
2025-04-09 15:14:29,403 - parts_navigation.components.tiles_grid - INFO - Grid has 4 active columns configured
2025-04-09 15:14:29,403 - parts_navigation.components.tiles_grid - INFO - Total tiles: 8
2025-04-09 15:14:29,404 - parts_navigation.components.tiles_grid - INFO - Visible tiles: 0
2025-04-09 15:14:29,404 - parts_navigation.container - INFO - Navigated to step 0
2025-04-09 15:14:29,576 - parts_navigation.container - INFO - All navigation steps created successfully
2025-04-09 15:14:29,710 - parts_navigation.container - INFO - Starting delayed brand preloading
2025-04-09 15:14:29,711 - parts_navigation.steps.brand - INFO - Starting to preload brands data
2025-04-09 15:14:29,713 - translations - WARNING - Missing translation for 'Internet: Connected' in 'he'
2025-04-09 15:14:29,752 - database.car_parts_db - INFO - Found 43 unique car brands in database
2025-04-09 15:14:29,752 - database.car_parts_db - INFO - Processed 43 unique car brands
2025-04-09 15:14:29,871 - parts_navigation.steps.brand - INFO - Preloaded 43 brands
2025-04-09 15:14:29,872 - parts_navigation.logo_manager - INFO - Preloading logos for 43 brands
2025-04-09 15:14:29,964 - parts_navigation.steps.brand - INFO - Loaded 43 unique brands
2025-04-09 15:14:29,964 - parts_navigation.components.tiles_grid - INFO - Populating grid with 43 items using 4 columns
2025-04-09 15:14:30,053 - parts_navigation.container - INFO - All navigation steps created successfully
2025-04-09 15:14:30,958 - parts_navigation.components.tiles_grid - INFO - Grid has 4 active columns configured
2025-04-09 15:14:30,959 - parts_navigation.components.tiles_grid - INFO - Total tiles: 43
2025-04-09 15:14:30,959 - parts_navigation.components.tiles_grid - INFO - Visible tiles: 0
2025-04-09 15:14:30,990 - parts_navigation.logo_manager - INFO - Found 31 already cached logos out of 43
2025-04-09 15:14:30,990 - parts_navigation.steps.brand - INFO - Started preloading 43 brand logos
2025-04-09 15:14:40,761 - UsersDB - INFO - User fahed authenticated successfully
2025-04-09 15:14:40,771 - __main__ - INFO - User logged in: {'id': 2, 'username': 'fahed', 'full_name': 'Fahed Abu Mukh', 'role': 'manager', 'settings': {'theme': 'classic', 'language': 'en', 'rtl': False}}
2025-04-09 15:14:41,976 - parts_navigation.components.tiles_grid - INFO - Adjusting columns from 3 to 5
2025-04-09 15:14:41,977 - parts_navigation.components.tiles_grid - INFO - Setting grid to 5 columns
2025-04-09 15:14:41,977 - parts_navigation.components.tiles_grid - INFO - Adjusting columns from 4 to 5
2025-04-09 15:14:41,977 - parts_navigation.components.tiles_grid - INFO - Setting grid to 5 columns
2025-04-09 15:14:41,979 - parts_navigation.components.tiles_grid - INFO - Adjusting columns from 4 to 5
2025-04-09 15:14:41,979 - parts_navigation.components.tiles_grid - INFO - Setting grid to 5 columns
2025-04-09 15:14:41,979 - parts_navigation.components.tiles_grid - INFO - Adjusting columns from 3 to 5
2025-04-09 15:14:41,979 - parts_navigation.components.tiles_grid - INFO - Setting grid to 5 columns
2025-04-09 15:14:41,979 - parts_navigation.components.tiles_grid - INFO - Adjusting columns from 4 to 5
2025-04-09 15:14:41,979 - parts_navigation.components.tiles_grid - INFO - Setting grid to 5 columns
2025-04-09 15:14:41,980 - parts_navigation.components.tiles_grid - INFO - Adjusting columns from 4 to 6
2025-04-09 15:14:41,980 - parts_navigation.components.tiles_grid - INFO - Setting grid to 6 columns
2025-04-09 15:16:18,791 - parts_navigation.components.tiles_grid - INFO - Populating grid with 8 items using 4 columns
2025-04-09 15:16:18,803 - parts_navigation.components.tiles_grid - INFO - Grid has 4 active columns configured
2025-04-09 15:16:18,803 - parts_navigation.components.tiles_grid - INFO - Total tiles: 8
2025-04-09 15:16:18,804 - parts_navigation.components.tiles_grid - INFO - Visible tiles: 0
2025-04-09 15:16:18,804 - parts_navigation.container - INFO - Navigated to step 0
2025-04-09 15:16:18,833 - parts_navigation.components.tiles_grid - INFO - Adjusting columns from 4 to 9
2025-04-09 15:16:18,833 - parts_navigation.components.tiles_grid - INFO - Setting grid to 9 columns
2025-04-09 15:16:18,876 - parts_navigation.container - INFO - All navigation steps created successfully
2025-04-09 15:16:18,876 - parts_navigation.container - INFO - Starting delayed brand preloading
2025-04-09 15:16:18,878 - parts_navigation.steps.brand - INFO - Starting to preload brands data
2025-04-09 15:16:18,895 - parts_navigation.components.tiles_grid - INFO - Adjusting columns from 4 to 5
2025-04-09 15:16:18,895 - parts_navigation.components.tiles_grid - INFO - Setting grid to 5 columns
2025-04-09 15:16:18,895 - parts_navigation.components.tiles_grid - INFO - Adjusting columns from 3 to 5
2025-04-09 15:16:18,895 - parts_navigation.components.tiles_grid - INFO - Setting grid to 5 columns
2025-04-09 15:16:18,897 - parts_navigation.components.tiles_grid - INFO - Adjusting columns from 4 to 5
2025-04-09 15:16:18,897 - parts_navigation.components.tiles_grid - INFO - Setting grid to 5 columns
2025-04-09 15:16:18,934 - parts_navigation.steps.brand - INFO - Preloaded 43 brands
2025-04-09 15:16:18,934 - parts_navigation.logo_manager - INFO - Preloading logos for 43 brands
2025-04-09 15:16:18,967 - parts_navigation.steps.brand - INFO - Loaded 43 unique brands
2025-04-09 15:16:18,968 - parts_navigation.components.tiles_grid - INFO - Populating grid with 43 items using 9 columns
2025-04-09 15:16:19,050 - parts_navigation.container - INFO - All navigation steps created successfully
2025-04-09 15:16:19,060 - parts_navigation.components.tiles_grid - INFO - Adjusting columns from 3 to 5
2025-04-09 15:16:19,060 - parts_navigation.components.tiles_grid - INFO - Setting grid to 5 columns
2025-04-09 15:16:19,061 - parts_navigation.components.tiles_grid - INFO - Adjusting columns from 4 to 5
2025-04-09 15:16:19,062 - parts_navigation.components.tiles_grid - INFO - Setting grid to 5 columns
2025-04-09 15:16:19,384 - parts_navigation.components.tiles_grid - INFO - Grid has 9 active columns configured
2025-04-09 15:16:19,384 - parts_navigation.components.tiles_grid - INFO - Total tiles: 43
2025-04-09 15:16:19,384 - parts_navigation.components.tiles_grid - INFO - Visible tiles: 43
2025-04-09 15:16:19,408 - parts_navigation.logo_manager - INFO - Found 31 already cached logos out of 43
2025-04-09 15:16:19,408 - parts_navigation.steps.brand - INFO - Started preloading 43 brand logos
2025-04-09 15:16:20,196 - parts_navigation.steps.brand - INFO - Brand selected: {'brand': 'BYD'}
2025-04-09 15:16:20,196 - parts_navigation.container - INFO - Brand selected: {'brand': 'BYD'}
2025-04-09 15:16:20,208 - database.car_parts_db - INFO - Thread 19144: New database connection established
2025-04-09 15:16:20,251 - parts_navigation.container - INFO - Navigated to step 1
2025-04-09 15:16:20,268 - database.car_parts_db - INFO - Found 43 unique car brands in database
2025-04-09 15:16:20,268 - database.car_parts_db - INFO - Processed 43 unique car brands
2025-04-09 15:16:20,275 - parts_navigation.steps.model - INFO - Loaded 1 models for BYD
2025-04-09 15:16:20,276 - parts_navigation.components.tiles_grid - INFO - Populating grid with 1 items using 5 columns
2025-04-09 15:16:20,278 - parts_navigation.components.tiles_grid - INFO - Grid has 5 active columns configured
2025-04-09 15:16:20,278 - parts_navigation.components.tiles_grid - INFO - Total tiles: 1
2025-04-09 15:16:20,278 - parts_navigation.components.tiles_grid - INFO - Visible tiles: 0
2025-04-09 15:16:20,586 - parts_navigation.components.tiles_grid - INFO - Adjusting columns from 5 to 9
2025-04-09 15:16:20,586 - parts_navigation.components.tiles_grid - INFO - Setting grid to 9 columns
2025-04-09 15:16:25,737 - translations - WARNING - Missing translation for 'register_title' in 'he'
2025-04-09 15:16:25,869 - translations - WARNING - Missing translation for 'search_product_prompt' in 'he'
2025-04-09 15:16:25,869 - translations - WARNING - Missing translation for 'empty_state_subtitle' in 'he'
2025-04-09 15:16:25,877 - translations - WARNING - Missing translation for 'receive_button' in 'he'
2025-04-09 15:16:25,877 - translations - WARNING - Missing translation for 'sell_button' in 'he'
2025-04-09 15:16:25,919 - database.car_parts_db - WARNING - Error closing cursor: Unread result found
2025-04-09 15:16:25,919 - database.car_parts_db - WARNING - Error closing connection: Unread result found
2025-04-09 15:19:29,357 - database.car_parts_db - INFO - Thread 19144: New database connection established
2025-04-09 15:22:42,262 - gui.event_handlers - INFO - Closing database connection...
2025-04-09 15:22:42,292 - __main__ - INFO - Cleaning up application resources...
2025-04-09 15:22:42,292 - __main__ - INFO - Closing database connection...
2025-04-09 15:22:42,292 - __main__ - INFO - Cleaning up parts navigation resources...
2025-04-09 15:22:42,340 - database.car_parts_db - INFO - Thread 19144: New database connection established
2025-04-09 15:22:42,355 - __main__ - INFO - Application shutdown complete
2025-04-09 15:22:55,359 - root - INFO - Logging system initialized (level: INFO)
2025-04-09 15:22:55,359 - root - INFO - Log files directory: C:\Users\97253\Desktop\BeastMode-CSIntro-Excercises\CousinTestProject\logs
2025-04-09 15:22:55,468 - config - INFO - Determined application root: C:\Users\97253\Desktop\BeastMode-CSIntro-Excercises\CousinTestProject
2025-04-09 15:22:59,985 - __main__ - INFO - Application starting at: 2025-04-09 15:22:59
2025-04-09 15:22:59,985 - __main__ - INFO - Current user: BaselAM
2025-04-09 15:23:00,045 - __main__ - INFO - Initializing database connection...
2025-04-09 15:23:00,332 - database.car_parts_db - INFO - Thread 20328: Database connection established
2025-04-09 15:23:00,332 - database.car_parts_db - INFO - Initialized database connection to localhost
2025-04-09 15:23:00,365 - __main__ - INFO - Connected to database. Found 2845 parts.
2025-04-09 15:23:00,366 - translations - INFO - Loading translation files from C:\Users\97253\Desktop\BeastMode-CSIntro-Excercises\CousinTestProject\translations\data
2025-04-09 15:23:00,367 - translations - INFO - Loaded translations for namespace 'barcode' from C:\Users\97253\Desktop\BeastMode-CSIntro-Excercises\CousinTestProject\translations\data\barcode.json
2025-04-09 15:23:00,368 - translations - INFO - Loaded translations for namespace 'car_parts' from C:\Users\97253\Desktop\BeastMode-CSIntro-Excercises\CousinTestProject\translations\data\car_parts.json
2025-04-09 15:23:00,369 - translations - INFO - Loaded translations for namespace 'errors' from C:\Users\97253\Desktop\BeastMode-CSIntro-Excercises\CousinTestProject\translations\data\errors.json
2025-04-09 15:23:00,370 - translations - INFO - Loaded translations for namespace 'filters' from C:\Users\97253\Desktop\BeastMode-CSIntro-Excercises\CousinTestProject\translations\data\filters.json
2025-04-09 15:23:00,370 - translations - INFO - Loaded translations for namespace 'help' from C:\Users\97253\Desktop\BeastMode-CSIntro-Excercises\CousinTestProject\translations\data\help.json
2025-04-09 15:23:00,371 - translations - INFO - Loaded translations for namespace 'login' from C:\Users\97253\Desktop\BeastMode-CSIntro-Excercises\CousinTestProject\translations\data\login.json
2025-04-09 15:23:00,372 - translations - INFO - Loaded translations for namespace 'navigation' from C:\Users\97253\Desktop\BeastMode-CSIntro-Excercises\CousinTestProject\translations\data\navigation.json
2025-04-09 15:23:00,373 - translations - INFO - Loaded translations for namespace 'notifications' from C:\Users\97253\Desktop\BeastMode-CSIntro-Excercises\CousinTestProject\translations\data\notifications.json
2025-04-09 15:23:00,374 - translations - INFO - Loaded translations for namespace 'parts_nav_translations' from C:\Users\97253\Desktop\BeastMode-CSIntro-Excercises\CousinTestProject\translations\data\parts_nav_translations.json
2025-04-09 15:23:00,375 - translations - INFO - Loaded translations for namespace 'products' from C:\Users\97253\Desktop\BeastMode-CSIntro-Excercises\CousinTestProject\translations\data\products.json
2025-04-09 15:23:00,375 - translations - INFO - Loaded translations for namespace 'settings' from C:\Users\97253\Desktop\BeastMode-CSIntro-Excercises\CousinTestProject\translations\data\settings.json
2025-04-09 15:23:00,376 - translations - INFO - Loaded translations for namespace 'statistics' from C:\Users\97253\Desktop\BeastMode-CSIntro-Excercises\CousinTestProject\translations\data\statistics.json
2025-04-09 15:23:00,377 - translations - INFO - Loaded translations for namespace 'ui' from C:\Users\97253\Desktop\BeastMode-CSIntro-Excercises\CousinTestProject\translations\data\ui.json
2025-04-09 15:23:00,379 - translations - INFO - Loaded translations for namespace 'validations' from C:\Users\97253\Desktop\BeastMode-CSIntro-Excercises\CousinTestProject\translations\data\validations.json
2025-04-09 15:23:00,379 - translations - INFO - Loaded 14 translation files from C:\Users\97253\Desktop\BeastMode-CSIntro-Excercises\CousinTestProject\translations\data
2025-04-09 15:23:00,379 - translations - INFO - Loaded 14 translation files
2025-04-09 15:23:00,603 - UsersDB - INFO - Connected to user database at C:\Users\97253\Desktop\BeastMode-CSIntro-Excercises\CousinTestProject\database\users.db
2025-04-09 15:23:00,603 - UsersDB - INFO - Database tables created successfully
2025-04-09 15:23:01,895 - widgets.header.chatbot.api_key_manager - INFO - API key loaded successfully
2025-04-09 15:23:02,067 - widgets.header.chatbot.openai_client - INFO - OpenAI client initialized successfully
2025-04-09 15:23:02,856 - parts_navigation.components.tiles_grid - INFO - Populating grid with 8 items using 4 columns
2025-04-09 15:23:03,043 - parts_navigation.container - INFO - All navigation steps created successfully
2025-04-09 15:23:03,044 - parts_navigation.container - INFO - Starting delayed brand preloading
2025-04-09 15:23:03,044 - parts_navigation.steps.brand - INFO - Starting to preload brands data
2025-04-09 15:23:03,050 - parts_navigation.components.tiles_grid - INFO - Grid has 4 active columns configured
2025-04-09 15:23:03,050 - parts_navigation.components.tiles_grid - INFO - Total tiles: 8
2025-04-09 15:23:03,050 - parts_navigation.components.tiles_grid - INFO - Visible tiles: 0
2025-04-09 15:23:03,050 - parts_navigation.container - INFO - Navigated to step 0
2025-04-09 15:23:03,562 - database.car_parts_db - INFO - Found 43 unique car brands in database
2025-04-09 15:23:03,562 - database.car_parts_db - INFO - Processed 43 unique car brands
2025-04-09 15:23:03,567 - translations - WARNING - Missing translation for 'Internet: Connected' in 'he'
2025-04-09 15:23:03,616 - parts_navigation.container - INFO - All navigation steps created successfully
2025-04-09 15:23:03,807 - parts_navigation.steps.brand - INFO - Preloaded 43 brands
2025-04-09 15:23:03,807 - parts_navigation.logo_manager - INFO - Preloading logos for 43 brands
2025-04-09 15:23:04,680 - parts_navigation.steps.brand - INFO - Loaded 43 unique brands
2025-04-09 15:23:04,680 - parts_navigation.components.tiles_grid - INFO - Populating grid with 43 items using 4 columns
2025-04-09 15:23:05,254 - parts_navigation.components.tiles_grid - INFO - Grid has 4 active columns configured
2025-04-09 15:23:05,254 - parts_navigation.components.tiles_grid - INFO - Total tiles: 43
2025-04-09 15:23:05,254 - parts_navigation.components.tiles_grid - INFO - Visible tiles: 0
2025-04-09 15:23:05,274 - parts_navigation.logo_manager - INFO - Found 31 already cached logos out of 43
2025-04-09 15:23:05,274 - parts_navigation.steps.brand - INFO - Started preloading 43 brand logos
2025-04-09 15:23:05,274 - __main__ - INFO - Cleaning up application resources...
2025-04-09 15:23:05,274 - __main__ - INFO - Closing database connection...
2025-04-09 15:23:05,278 - __main__ - INFO - Cleaning up parts navigation resources...
2025-04-09 15:23:05,301 - database.car_parts_db - INFO - Thread 20328: New database connection established
2025-04-09 15:23:05,303 - __main__ - INFO - Application shutdown complete
2025-04-09 15:24:14,212 - root - INFO - Logging system initialized (level: INFO)
2025-04-09 15:24:14,212 - root - INFO - Log files directory: C:\Users\97253\Desktop\BeastMode-CSIntro-Excercises\CousinTestProject\logs
2025-04-09 15:24:14,270 - config - INFO - Determined application root: C:\Users\97253\Desktop\BeastMode-CSIntro-Excercises\CousinTestProject
2025-04-09 15:24:19,808 - __main__ - INFO - Application starting at: 2025-04-09 15:24:19
2025-04-09 15:24:19,808 - __main__ - INFO - Current user: BaselAM
2025-04-09 15:24:19,869 - __main__ - INFO - Initializing database connection...
2025-04-09 15:24:20,205 - database.car_parts_db - INFO - Thread 13476: Database connection established
2025-04-09 15:24:20,206 - database.car_parts_db - INFO - Initialized database connection to localhost
2025-04-09 15:24:20,282 - __main__ - INFO - Connected to database. Found 2845 parts.
2025-04-09 15:24:20,283 - translations - INFO - Loading translation files from C:\Users\97253\Desktop\BeastMode-CSIntro-Excercises\CousinTestProject\translations\data
2025-04-09 15:24:20,285 - translations - INFO - Loaded translations for namespace 'barcode' from C:\Users\97253\Desktop\BeastMode-CSIntro-Excercises\CousinTestProject\translations\data\barcode.json
2025-04-09 15:24:20,286 - translations - INFO - Loaded translations for namespace 'car_parts' from C:\Users\97253\Desktop\BeastMode-CSIntro-Excercises\CousinTestProject\translations\data\car_parts.json
2025-04-09 15:24:20,288 - translations - INFO - Loaded translations for namespace 'errors' from C:\Users\97253\Desktop\BeastMode-CSIntro-Excercises\CousinTestProject\translations\data\errors.json
2025-04-09 15:24:20,289 - translations - INFO - Loaded translations for namespace 'filters' from C:\Users\97253\Desktop\BeastMode-CSIntro-Excercises\CousinTestProject\translations\data\filters.json
2025-04-09 15:24:20,290 - translations - INFO - Loaded translations for namespace 'help' from C:\Users\97253\Desktop\BeastMode-CSIntro-Excercises\CousinTestProject\translations\data\help.json
2025-04-09 15:24:20,291 - translations - INFO - Loaded translations for namespace 'login' from C:\Users\97253\Desktop\BeastMode-CSIntro-Excercises\CousinTestProject\translations\data\login.json
2025-04-09 15:24:20,292 - translations - INFO - Loaded translations for namespace 'navigation' from C:\Users\97253\Desktop\BeastMode-CSIntro-Excercises\CousinTestProject\translations\data\navigation.json
2025-04-09 15:24:20,294 - translations - INFO - Loaded translations for namespace 'notifications' from C:\Users\97253\Desktop\BeastMode-CSIntro-Excercises\CousinTestProject\translations\data\notifications.json
2025-04-09 15:24:20,295 - translations - INFO - Loaded translations for namespace 'parts_nav_translations' from C:\Users\97253\Desktop\BeastMode-CSIntro-Excercises\CousinTestProject\translations\data\parts_nav_translations.json
2025-04-09 15:24:20,296 - translations - INFO - Loaded translations for namespace 'products' from C:\Users\97253\Desktop\BeastMode-CSIntro-Excercises\CousinTestProject\translations\data\products.json
2025-04-09 15:24:20,297 - translations - INFO - Loaded translations for namespace 'settings' from C:\Users\97253\Desktop\BeastMode-CSIntro-Excercises\CousinTestProject\translations\data\settings.json
2025-04-09 15:24:20,298 - translations - INFO - Loaded translations for namespace 'statistics' from C:\Users\97253\Desktop\BeastMode-CSIntro-Excercises\CousinTestProject\translations\data\statistics.json
2025-04-09 15:24:20,299 - translations - INFO - Loaded translations for namespace 'ui' from C:\Users\97253\Desktop\BeastMode-CSIntro-Excercises\CousinTestProject\translations\data\ui.json
2025-04-09 15:24:20,300 - translations - INFO - Loaded translations for namespace 'validations' from C:\Users\97253\Desktop\BeastMode-CSIntro-Excercises\CousinTestProject\translations\data\validations.json
2025-04-09 15:24:20,301 - translations - INFO - Loaded 14 translation files from C:\Users\97253\Desktop\BeastMode-CSIntro-Excercises\CousinTestProject\translations\data
2025-04-09 15:24:20,301 - translations - INFO - Loaded 14 translation files
2025-04-09 15:24:20,658 - UsersDB - INFO - Connected to user database at C:\Users\97253\Desktop\BeastMode-CSIntro-Excercises\CousinTestProject\database\users.db
2025-04-09 15:24:20,659 - UsersDB - INFO - Database tables created successfully
2025-04-09 15:24:21,706 - widgets.header.chatbot.api_key_manager - INFO - API key loaded successfully
2025-04-09 15:24:21,857 - widgets.header.chatbot.openai_client - INFO - OpenAI client initialized successfully
2025-04-09 15:24:22,526 - parts_navigation.components.tiles_grid - INFO - Populating grid with 8 items using 4 columns
2025-04-09 15:24:22,626 - parts_navigation.container - INFO - All navigation steps created successfully
2025-04-09 15:24:22,628 - parts_navigation.components.tiles_grid - INFO - Grid has 4 active columns configured
2025-04-09 15:24:22,628 - parts_navigation.components.tiles_grid - INFO - Total tiles: 8
2025-04-09 15:24:22,628 - parts_navigation.components.tiles_grid - INFO - Visible tiles: 0
2025-04-09 15:24:22,629 - parts_navigation.container - INFO - Navigated to step 0
2025-04-09 15:24:22,969 - parts_navigation.container - INFO - Starting delayed brand preloading
2025-04-09 15:24:22,969 - parts_navigation.steps.brand - INFO - Starting to preload brands data
2025-04-09 15:24:23,222 - translations - WARNING - Missing translation for 'Internet: Connected' in 'he'
2025-04-09 15:24:23,251 - database.car_parts_db - INFO - Found 43 unique car brands in database
2025-04-09 15:24:23,251 - database.car_parts_db - INFO - Processed 43 unique car brands
2025-04-09 15:24:23,421 - parts_navigation.steps.brand - INFO - Preloaded 43 brands
2025-04-09 15:24:23,421 - parts_navigation.logo_manager - INFO - Preloading logos for 43 brands
2025-04-09 15:24:23,560 - parts_navigation.container - INFO - All navigation steps created successfully
2025-04-09 15:24:24,193 - parts_navigation.steps.brand - INFO - Loaded 43 unique brands
2025-04-09 15:24:24,194 - parts_navigation.components.tiles_grid - INFO - Populating grid with 43 items using 4 columns
2025-04-09 15:24:24,673 - parts_navigation.components.tiles_grid - INFO - Grid has 4 active columns configured
2025-04-09 15:24:24,673 - parts_navigation.components.tiles_grid - INFO - Total tiles: 43
2025-04-09 15:24:24,673 - parts_navigation.components.tiles_grid - INFO - Visible tiles: 0
2025-04-09 15:24:24,710 - parts_navigation.logo_manager - INFO - Found 31 already cached logos out of 43
2025-04-09 15:24:24,710 - parts_navigation.steps.brand - INFO - Started preloading 43 brand logos
2025-04-09 15:24:26,162 - UsersDB - INFO - User fahed authenticated successfully
2025-04-09 15:24:26,173 - __main__ - INFO - User logged in: {'id': 2, 'username': 'fahed', 'full_name': 'Fahed Abu Mukh', 'role': 'manager', 'settings': {'theme': 'classic', 'language': 'en', 'rtl': False}}
2025-04-09 15:24:27,498 - translations - WARNING - Missing translation for 'register_title' in 'he'
2025-04-09 15:24:27,762 - gui.gui_main - ERROR - Error in show_register: 'NoneType' object has no attribute 'name'
2025-04-09 15:24:34,982 - gui.event_handlers - INFO - Closing database connection...
2025-04-09 15:24:34,997 - __main__ - INFO - Cleaning up application resources...
2025-04-09 15:24:34,997 - __main__ - INFO - Closing database connection...
2025-04-09 15:24:34,997 - __main__ - INFO - Cleaning up parts navigation resources...
2025-04-09 15:24:35,007 - database.car_parts_db - INFO - Thread 13476: New database connection established
2025-04-09 15:24:35,010 - __main__ - INFO - Application shutdown complete
2025-04-09 15:27:56,545 - root - INFO - Logging system initialized (level: INFO)
2025-04-09 15:27:56,546 - root - INFO - Log files directory: C:\Users\97253\Desktop\BeastMode-CSIntro-Excercises\CousinTestProject\logs
2025-04-09 15:27:56,678 - config - INFO - Determined application root: C:\Users\97253\Desktop\BeastMode-CSIntro-Excercises\CousinTestProject
2025-04-09 15:27:58,680 - __main__ - INFO - Application starting at: 2025-04-09 15:27:58
2025-04-09 15:27:58,680 - __main__ - INFO - Current user: BaselAM
2025-04-09 15:27:58,763 - __main__ - INFO - Initializing database connection...
2025-04-09 15:27:58,963 - database.car_parts_db - INFO - Thread 6384: Database connection established
2025-04-09 15:27:58,963 - database.car_parts_db - INFO - Initialized database connection to localhost
2025-04-09 15:27:58,991 - __main__ - INFO - Connected to database. Found 2845 parts.
2025-04-09 15:27:58,993 - translations - INFO - Loading translation files from C:\Users\97253\Desktop\BeastMode-CSIntro-Excercises\CousinTestProject\translations\data
2025-04-09 15:27:58,993 - translations - INFO - Loaded translations for namespace 'barcode' from C:\Users\97253\Desktop\BeastMode-CSIntro-Excercises\CousinTestProject\translations\data\barcode.json
2025-04-09 15:27:58,994 - translations - INFO - Loaded translations for namespace 'car_parts' from C:\Users\97253\Desktop\BeastMode-CSIntro-Excercises\CousinTestProject\translations\data\car_parts.json
2025-04-09 15:27:58,995 - translations - INFO - Loaded translations for namespace 'errors' from C:\Users\97253\Desktop\BeastMode-CSIntro-Excercises\CousinTestProject\translations\data\errors.json
2025-04-09 15:27:58,995 - translations - INFO - Loaded translations for namespace 'filters' from C:\Users\97253\Desktop\BeastMode-CSIntro-Excercises\CousinTestProject\translations\data\filters.json
2025-04-09 15:27:58,996 - translations - INFO - Loaded translations for namespace 'help' from C:\Users\97253\Desktop\BeastMode-CSIntro-Excercises\CousinTestProject\translations\data\help.json
2025-04-09 15:27:58,996 - translations - INFO - Loaded translations for namespace 'login' from C:\Users\97253\Desktop\BeastMode-CSIntro-Excercises\CousinTestProject\translations\data\login.json
2025-04-09 15:27:58,997 - translations - INFO - Loaded translations for namespace 'navigation' from C:\Users\97253\Desktop\BeastMode-CSIntro-Excercises\CousinTestProject\translations\data\navigation.json
2025-04-09 15:27:58,998 - translations - INFO - Loaded translations for namespace 'notifications' from C:\Users\97253\Desktop\BeastMode-CSIntro-Excercises\CousinTestProject\translations\data\notifications.json
2025-04-09 15:27:58,999 - translations - INFO - Loaded translations for namespace 'parts_nav_translations' from C:\Users\97253\Desktop\BeastMode-CSIntro-Excercises\CousinTestProject\translations\data\parts_nav_translations.json
2025-04-09 15:27:59,000 - translations - INFO - Loaded translations for namespace 'products' from C:\Users\97253\Desktop\BeastMode-CSIntro-Excercises\CousinTestProject\translations\data\products.json
2025-04-09 15:27:59,001 - translations - INFO - Loaded translations for namespace 'settings' from C:\Users\97253\Desktop\BeastMode-CSIntro-Excercises\CousinTestProject\translations\data\settings.json
2025-04-09 15:27:59,002 - translations - INFO - Loaded translations for namespace 'statistics' from C:\Users\97253\Desktop\BeastMode-CSIntro-Excercises\CousinTestProject\translations\data\statistics.json
2025-04-09 15:27:59,002 - translations - INFO - Loaded translations for namespace 'ui' from C:\Users\97253\Desktop\BeastMode-CSIntro-Excercises\CousinTestProject\translations\data\ui.json
2025-04-09 15:27:59,003 - translations - INFO - Loaded translations for namespace 'validations' from C:\Users\97253\Desktop\BeastMode-CSIntro-Excercises\CousinTestProject\translations\data\validations.json
2025-04-09 15:27:59,003 - translations - INFO - Loaded 14 translation files from C:\Users\97253\Desktop\BeastMode-CSIntro-Excercises\CousinTestProject\translations\data
2025-04-09 15:27:59,003 - translations - INFO - Loaded 14 translation files
2025-04-09 15:27:59,253 - UsersDB - INFO - Connected to user database at C:\Users\97253\Desktop\BeastMode-CSIntro-Excercises\CousinTestProject\database\users.db
2025-04-09 15:27:59,254 - UsersDB - INFO - Database tables created successfully
2025-04-09 15:28:00,036 - widgets.header.chatbot.api_key_manager - INFO - API key loaded successfully
2025-04-09 15:28:00,152 - widgets.header.chatbot.openai_client - INFO - OpenAI client initialized successfully
2025-04-09 15:28:00,842 - parts_navigation.components.tiles_grid - INFO - Populating grid with 8 items using 4 columns
2025-04-09 15:28:00,924 - parts_navigation.container - INFO - All navigation steps created successfully
2025-04-09 15:28:00,975 - parts_navigation.components.tiles_grid - INFO - Grid has 4 active columns configured
2025-04-09 15:28:00,975 - parts_navigation.components.tiles_grid - INFO - Total tiles: 8
2025-04-09 15:28:00,975 - parts_navigation.components.tiles_grid - INFO - Visible tiles: 0
2025-04-09 15:28:00,975 - parts_navigation.container - INFO - Navigated to step 0
2025-04-09 15:28:00,975 - translations - WARNING - Missing translation for 'register_title' in 'he'
2025-04-09 15:28:01,564 - parts_navigation.container - INFO - Starting delayed brand preloading
2025-04-09 15:28:01,564 - parts_navigation.steps.brand - INFO - Starting to preload brands data
2025-04-09 15:28:01,789 - translations - WARNING - Missing translation for 'Internet: Connected' in 'he'
2025-04-09 15:28:01,825 - database.car_parts_db - INFO - Found 43 unique car brands in database
2025-04-09 15:28:01,826 - database.car_parts_db - INFO - Processed 43 unique car brands
2025-04-09 15:28:02,007 - parts_navigation.steps.brand - INFO - Preloaded 43 brands
2025-04-09 15:28:02,008 - parts_navigation.logo_manager - INFO - Preloading logos for 43 brands
2025-04-09 15:28:02,118 - parts_navigation.steps.brand - INFO - Loaded 43 unique brands
2025-04-09 15:28:02,118 - parts_navigation.components.tiles_grid - INFO - Populating grid with 43 items using 4 columns
2025-04-09 15:28:02,248 - parts_navigation.container - INFO - All navigation steps created successfully
2025-04-09 15:28:04,332 - parts_navigation.components.tiles_grid - INFO - Grid has 4 active columns configured
2025-04-09 15:28:04,333 - parts_navigation.components.tiles_grid - INFO - Total tiles: 43
2025-04-09 15:28:04,333 - parts_navigation.components.tiles_grid - INFO - Visible tiles: 0
2025-04-09 15:28:04,393 - parts_navigation.logo_manager - INFO - Found 31 already cached logos out of 43
2025-04-09 15:28:04,394 - parts_navigation.steps.brand - INFO - Started preloading 43 brand logos
2025-04-09 15:28:06,373 - UsersDB - INFO - User fahed authenticated successfully
2025-04-09 15:28:06,386 - __main__ - INFO - User logged in: {'id': 2, 'username': 'fahed', 'full_name': 'Fahed Abu Mukh', 'role': 'manager', 'settings': {'theme': 'classic', 'language': 'en', 'rtl': False}}
2025-04-09 15:28:08,235 - gui.gui_main - INFO - Showing register view
2025-04-09 15:28:08,235 - gui.view_manager - INFO - Creating new register widget
2025-04-09 15:28:08,380 - gui.view_manager - ERROR - Error showing register widget: 'NoneType' object has no attribute 'name'
2025-04-09 15:28:08,381 - gui.gui_main - ERROR - Error in show_register: 'NoneType' object has no attribute 'name'
2025-04-09 15:30:55,248 - parts_navigation.components.tiles_grid - INFO - Adjusting columns from 3 to 5
2025-04-09 15:30:55,249 - parts_navigation.components.tiles_grid - INFO - Setting grid to 5 columns
2025-04-09 15:30:55,250 - parts_navigation.components.tiles_grid - INFO - Adjusting columns from 4 to 5
2025-04-09 15:30:55,250 - parts_navigation.components.tiles_grid - INFO - Setting grid to 5 columns
2025-04-09 15:30:55,252 - parts_navigation.components.tiles_grid - INFO - Adjusting columns from 4 to 5
2025-04-09 15:30:55,252 - parts_navigation.components.tiles_grid - INFO - Setting grid to 5 columns
2025-04-09 15:30:55,253 - parts_navigation.components.tiles_grid - INFO - Adjusting columns from 3 to 5
2025-04-09 15:30:55,253 - parts_navigation.components.tiles_grid - INFO - Setting grid to 5 columns
2025-04-09 15:30:55,254 - parts_navigation.components.tiles_grid - INFO - Adjusting columns from 4 to 5
2025-04-09 15:30:55,254 - parts_navigation.components.tiles_grid - INFO - Setting grid to 5 columns
2025-04-09 15:30:55,254 - parts_navigation.components.tiles_grid - INFO - Adjusting columns from 4 to 6
2025-04-09 15:30:55,254 - parts_navigation.components.tiles_grid - INFO - Setting grid to 6 columns
2025-04-09 15:31:17,088 - gui.event_handlers - INFO - Closing database connection...
2025-04-09 15:31:17,107 - __main__ - INFO - Cleaning up application resources...
2025-04-09 15:31:17,107 - __main__ - INFO - Closing database connection...
2025-04-09 15:31:17,107 - __main__ - INFO - Cleaning up parts navigation resources...
2025-04-09 15:31:17,128 - database.car_parts_db - INFO - Thread 6384: New database connection established
2025-04-09 15:31:17,131 - __main__ - INFO - Application shutdown complete
2025-04-09 15:42:01,188 - root - INFO - Logging system initialized (level: INFO)
2025-04-09 15:42:01,189 - root - INFO - Log files directory: C:\Users\97253\Desktop\BeastMode-CSIntro-Excercises\CousinTestProject\logs
2025-04-09 15:42:01,336 - config - INFO - Determined application root: C:\Users\97253\Desktop\BeastMode-CSIntro-Excercises\CousinTestProject
2025-04-09 15:42:03,382 - __main__ - INFO - Application starting at: 2025-04-09 15:42:03
2025-04-09 15:42:03,382 - __main__ - INFO - Current user: BaselAM
2025-04-09 15:42:03,442 - __main__ - INFO - Initializing database connection...
2025-04-09 15:42:03,807 - database.car_parts_db - INFO - Thread 20072: Database connection established
2025-04-09 15:42:03,807 - database.car_parts_db - INFO - Initialized database connection to localhost
2025-04-09 15:42:03,835 - __main__ - INFO - Connected to database. Found 2845 parts.
2025-04-09 15:42:03,835 - translations - INFO - Loading translation files from C:\Users\97253\Desktop\BeastMode-CSIntro-Excercises\CousinTestProject\translations\data
2025-04-09 15:42:03,840 - translations - INFO - Loaded translations for namespace 'barcode' from C:\Users\97253\Desktop\BeastMode-CSIntro-Excercises\CousinTestProject\translations\data\barcode.json
2025-04-09 15:42:03,841 - translations - INFO - Loaded translations for namespace 'car_parts' from C:\Users\97253\Desktop\BeastMode-CSIntro-Excercises\CousinTestProject\translations\data\car_parts.json
2025-04-09 15:42:03,841 - translations - INFO - Loaded translations for namespace 'errors' from C:\Users\97253\Desktop\BeastMode-CSIntro-Excercises\CousinTestProject\translations\data\errors.json
2025-04-09 15:42:03,842 - translations - INFO - Loaded translations for namespace 'filters' from C:\Users\97253\Desktop\BeastMode-CSIntro-Excercises\CousinTestProject\translations\data\filters.json
2025-04-09 15:42:03,842 - translations - INFO - Loaded translations for namespace 'help' from C:\Users\97253\Desktop\BeastMode-CSIntro-Excercises\CousinTestProject\translations\data\help.json
2025-04-09 15:42:03,843 - translations - INFO - Loaded translations for namespace 'login' from C:\Users\97253\Desktop\BeastMode-CSIntro-Excercises\CousinTestProject\translations\data\login.json
2025-04-09 15:42:03,844 - translations - INFO - Loaded translations for namespace 'navigation' from C:\Users\97253\Desktop\BeastMode-CSIntro-Excercises\CousinTestProject\translations\data\navigation.json
2025-04-09 15:42:03,844 - translations - INFO - Loaded translations for namespace 'notifications' from C:\Users\97253\Desktop\BeastMode-CSIntro-Excercises\CousinTestProject\translations\data\notifications.json
2025-04-09 15:42:03,845 - translations - INFO - Loaded translations for namespace 'parts_nav_translations' from C:\Users\97253\Desktop\BeastMode-CSIntro-Excercises\CousinTestProject\translations\data\parts_nav_translations.json
2025-04-09 15:42:03,846 - translations - INFO - Loaded translations for namespace 'products' from C:\Users\97253\Desktop\BeastMode-CSIntro-Excercises\CousinTestProject\translations\data\products.json
2025-04-09 15:42:03,846 - translations - INFO - Loaded translations for namespace 'settings' from C:\Users\97253\Desktop\BeastMode-CSIntro-Excercises\CousinTestProject\translations\data\settings.json
2025-04-09 15:42:03,848 - translations - INFO - Loaded translations for namespace 'statistics' from C:\Users\97253\Desktop\BeastMode-CSIntro-Excercises\CousinTestProject\translations\data\statistics.json
2025-04-09 15:42:03,848 - translations - INFO - Loaded translations for namespace 'ui' from C:\Users\97253\Desktop\BeastMode-CSIntro-Excercises\CousinTestProject\translations\data\ui.json
2025-04-09 15:42:03,849 - translations - INFO - Loaded translations for namespace 'validations' from C:\Users\97253\Desktop\BeastMode-CSIntro-Excercises\CousinTestProject\translations\data\validations.json
2025-04-09 15:42:03,849 - translations - INFO - Loaded 14 translation files from C:\Users\97253\Desktop\BeastMode-CSIntro-Excercises\CousinTestProject\translations\data
2025-04-09 15:42:03,849 - translations - INFO - Loaded 14 translation files
2025-04-09 15:42:04,052 - UsersDB - INFO - Connected to user database at C:\Users\97253\Desktop\BeastMode-CSIntro-Excercises\CousinTestProject\database\users.db
2025-04-09 15:42:04,053 - UsersDB - INFO - Database tables created successfully
2025-04-09 15:42:04,734 - widgets.header.chatbot.api_key_manager - INFO - API key loaded successfully
2025-04-09 15:42:04,816 - widgets.header.chatbot.openai_client - INFO - OpenAI client initialized successfully
2025-04-09 15:42:05,304 - parts_navigation.components.tiles_grid - INFO - Populating grid with 8 items using 4 columns
2025-04-09 15:42:05,353 - parts_navigation.components.tiles_grid - INFO - Grid has 4 active columns configured
2025-04-09 15:42:05,353 - parts_navigation.components.tiles_grid - INFO - Total tiles: 8
2025-04-09 15:42:05,355 - parts_navigation.components.tiles_grid - INFO - Visible tiles: 0
2025-04-09 15:42:05,355 - parts_navigation.container - INFO - Navigated to step 0
2025-04-09 15:42:05,355 - translations - WARNING - Missing translation for 'register_title' in 'he'
2025-04-09 15:42:05,503 - translations - WARNING - Missing translation for 'search_product_prompt' in 'he'
2025-04-09 15:42:05,503 - translations - WARNING - Missing translation for 'empty_state_subtitle' in 'he'
2025-04-09 15:42:05,511 - translations - WARNING - Missing translation for 'clear_button' in 'he'
2025-04-09 15:42:05,511 - translations - WARNING - Missing translation for 'receive_button' in 'he'
2025-04-09 15:42:05,512 - translations - WARNING - Missing translation for 'sell_button' in 'he'
2025-04-09 15:42:05,696 - parts_navigation.container - INFO - All navigation steps created successfully
2025-04-09 15:42:05,826 - parts_navigation.container - INFO - Starting delayed brand preloading
2025-04-09 15:42:05,826 - parts_navigation.steps.brand - INFO - Starting to preload brands data
2025-04-09 15:42:05,847 - translations - WARNING - Missing translation for 'Internet: Connected' in 'he'
2025-04-09 15:42:05,880 - database.car_parts_db - INFO - Found 43 unique car brands in database
2025-04-09 15:42:05,880 - database.car_parts_db - INFO - Processed 43 unique car brands
2025-04-09 15:42:05,997 - parts_navigation.steps.brand - INFO - Preloaded 43 brands
2025-04-09 15:42:05,997 - parts_navigation.logo_manager - INFO - Preloading logos for 43 brands
2025-04-09 15:42:06,011 - parts_navigation.steps.brand - INFO - Loaded 43 unique brands
2025-04-09 15:42:06,086 - parts_navigation.components.tiles_grid - INFO - Populating grid with 43 items using 4 columns
2025-04-09 15:42:06,168 - parts_navigation.container - INFO - All navigation steps created successfully
2025-04-09 15:42:07,088 - parts_navigation.components.tiles_grid - INFO - Grid has 4 active columns configured
2025-04-09 15:42:07,088 - parts_navigation.components.tiles_grid - INFO - Total tiles: 43
2025-04-09 15:42:07,088 - parts_navigation.components.tiles_grid - INFO - Visible tiles: 0
2025-04-09 15:42:07,122 - parts_navigation.logo_manager - INFO - Found 31 already cached logos out of 43
2025-04-09 15:42:07,122 - parts_navigation.steps.brand - INFO - Started preloading 43 brand logos
2025-04-09 15:42:08,432 - UsersDB - INFO - User fahed authenticated successfully
2025-04-09 15:42:08,446 - __main__ - INFO - User logged in: {'id': 2, 'username': 'fahed', 'full_name': 'Fahed Abu Mukh', 'role': 'manager', 'settings': {'theme': 'classic', 'language': 'en', 'rtl': False}}
2025-04-09 15:42:08,593 - parts_navigation.components.tiles_grid - INFO - Adjusting columns from 3 to 5
2025-04-09 15:42:08,593 - parts_navigation.components.tiles_grid - INFO - Setting grid to 5 columns
2025-04-09 15:42:08,594 - parts_navigation.components.tiles_grid - INFO - Adjusting columns from 4 to 5
2025-04-09 15:42:08,594 - parts_navigation.components.tiles_grid - INFO - Setting grid to 5 columns
2025-04-09 15:42:08,597 - parts_navigation.components.tiles_grid - INFO - Adjusting columns from 4 to 5
2025-04-09 15:42:08,598 - parts_navigation.components.tiles_grid - INFO - Setting grid to 5 columns
2025-04-09 15:42:08,598 - parts_navigation.components.tiles_grid - INFO - Adjusting columns from 3 to 5
2025-04-09 15:42:08,598 - parts_navigation.components.tiles_grid - INFO - Setting grid to 5 columns
2025-04-09 15:42:08,599 - parts_navigation.components.tiles_grid - INFO - Adjusting columns from 4 to 5
2025-04-09 15:42:08,599 - parts_navigation.components.tiles_grid - INFO - Setting grid to 5 columns
2025-04-09 15:42:08,599 - parts_navigation.components.tiles_grid - INFO - Adjusting columns from 4 to 6
2025-04-09 15:42:08,599 - parts_navigation.components.tiles_grid - INFO - Setting grid to 6 columns
2025-04-09 15:42:10,266 - gui.gui_main - INFO - Showing register view
2025-04-09 15:42:10,266 - gui.view_manager - INFO - Creating new register widget
2025-04-09 15:42:10,482 - gui.view_manager - ERROR - Error showing register widget: 'NoneType' object has no attribute 'name'
2025-04-09 15:42:10,482 - gui.gui_main - ERROR - Error in show_register: 'NoneType' object has no attribute 'name'
2025-04-09 15:42:14,403 - gui.event_handlers - INFO - Closing database connection...
2025-04-09 15:42:14,416 - __main__ - INFO - Cleaning up application resources...
2025-04-09 15:42:14,416 - __main__ - INFO - Closing database connection...
2025-04-09 15:42:14,416 - __main__ - INFO - Cleaning up parts navigation resources...
2025-04-09 15:42:14,427 - database.car_parts_db - INFO - Thread 20072: New database connection established
2025-04-09 15:42:14,429 - __main__ - INFO - Application shutdown complete
2025-04-09 15:44:12,631 - root - INFO - Logging system initialized (level: INFO)
2025-04-09 15:44:12,631 - root - INFO - Log files directory: C:\Users\97253\Desktop\BeastMode-CSIntro-Excercises\CousinTestProject\logs
2025-04-09 15:44:12,784 - config - INFO - Determined application root: C:\Users\97253\Desktop\BeastMode-CSIntro-Excercises\CousinTestProject
2025-04-09 15:44:16,812 - __main__ - INFO - Application starting at: 2025-04-09 15:44:16
2025-04-09 15:44:16,813 - __main__ - INFO - Current user: BaselAM
2025-04-09 15:44:16,894 - __main__ - INFO - Initializing database connection...
2025-04-09 15:44:17,144 - database.car_parts_db - INFO - Thread 10040: Database connection established
2025-04-09 15:44:17,144 - database.car_parts_db - INFO - Initialized database connection to localhost
2025-04-09 15:44:17,179 - __main__ - INFO - Connected to database. Found 2845 parts.
2025-04-09 15:44:17,180 - translations - INFO - Loading translation files from C:\Users\97253\Desktop\BeastMode-CSIntro-Excercises\CousinTestProject\translations\data
2025-04-09 15:44:17,180 - translations - INFO - Loaded translations for namespace 'barcode' from C:\Users\97253\Desktop\BeastMode-CSIntro-Excercises\CousinTestProject\translations\data\barcode.json
2025-04-09 15:44:17,181 - translations - INFO - Loaded translations for namespace 'car_parts' from C:\Users\97253\Desktop\BeastMode-CSIntro-Excercises\CousinTestProject\translations\data\car_parts.json
2025-04-09 15:44:17,182 - translations - INFO - Loaded translations for namespace 'errors' from C:\Users\97253\Desktop\BeastMode-CSIntro-Excercises\CousinTestProject\translations\data\errors.json
2025-04-09 15:44:17,183 - translations - INFO - Loaded translations for namespace 'filters' from C:\Users\97253\Desktop\BeastMode-CSIntro-Excercises\CousinTestProject\translations\data\filters.json
2025-04-09 15:44:17,183 - translations - INFO - Loaded translations for namespace 'help' from C:\Users\97253\Desktop\BeastMode-CSIntro-Excercises\CousinTestProject\translations\data\help.json
2025-04-09 15:44:17,184 - translations - INFO - Loaded translations for namespace 'login' from C:\Users\97253\Desktop\BeastMode-CSIntro-Excercises\CousinTestProject\translations\data\login.json
2025-04-09 15:44:17,185 - translations - INFO - Loaded translations for namespace 'navigation' from C:\Users\97253\Desktop\BeastMode-CSIntro-Excercises\CousinTestProject\translations\data\navigation.json
2025-04-09 15:44:17,185 - translations - INFO - Loaded translations for namespace 'notifications' from C:\Users\97253\Desktop\BeastMode-CSIntro-Excercises\CousinTestProject\translations\data\notifications.json
2025-04-09 15:44:17,186 - translations - INFO - Loaded translations for namespace 'parts_nav_translations' from C:\Users\97253\Desktop\BeastMode-CSIntro-Excercises\CousinTestProject\translations\data\parts_nav_translations.json
2025-04-09 15:44:17,186 - translations - INFO - Loaded translations for namespace 'products' from C:\Users\97253\Desktop\BeastMode-CSIntro-Excercises\CousinTestProject\translations\data\products.json
2025-04-09 15:44:17,187 - translations - INFO - Loaded translations for namespace 'settings' from C:\Users\97253\Desktop\BeastMode-CSIntro-Excercises\CousinTestProject\translations\data\settings.json
2025-04-09 15:44:17,188 - translations - INFO - Loaded translations for namespace 'statistics' from C:\Users\97253\Desktop\BeastMode-CSIntro-Excercises\CousinTestProject\translations\data\statistics.json
2025-04-09 15:44:17,188 - translations - INFO - Loaded translations for namespace 'ui' from C:\Users\97253\Desktop\BeastMode-CSIntro-Excercises\CousinTestProject\translations\data\ui.json
2025-04-09 15:44:17,189 - translations - INFO - Loaded translations for namespace 'validations' from C:\Users\97253\Desktop\BeastMode-CSIntro-Excercises\CousinTestProject\translations\data\validations.json
2025-04-09 15:44:17,189 - translations - INFO - Loaded 14 translation files from C:\Users\97253\Desktop\BeastMode-CSIntro-Excercises\CousinTestProject\translations\data
2025-04-09 15:44:17,189 - translations - INFO - Loaded 14 translation files
2025-04-09 15:44:17,412 - UsersDB - INFO - Connected to user database at C:\Users\97253\Desktop\BeastMode-CSIntro-Excercises\CousinTestProject\database\users.db
2025-04-09 15:44:17,413 - UsersDB - INFO - Database tables created successfully
2025-04-09 15:44:18,163 - widgets.header.chatbot.api_key_manager - INFO - API key loaded successfully
2025-04-09 15:44:18,267 - widgets.header.chatbot.openai_client - INFO - OpenAI client initialized successfully
2025-04-09 15:44:18,874 - parts_navigation.components.tiles_grid - INFO - Populating grid with 8 items using 4 columns
2025-04-09 15:44:18,977 - parts_navigation.container - INFO - All navigation steps created successfully
2025-04-09 15:44:18,978 - parts_navigation.components.tiles_grid - INFO - Grid has 4 active columns configured
2025-04-09 15:44:18,979 - parts_navigation.components.tiles_grid - INFO - Total tiles: 8
2025-04-09 15:44:18,979 - parts_navigation.components.tiles_grid - INFO - Visible tiles: 0
2025-04-09 15:44:18,979 - parts_navigation.container - INFO - Navigated to step 0
2025-04-09 15:44:18,979 - translations - WARNING - Missing translation for 'register_title' in 'he'
2025-04-09 15:44:19,223 - translations - WARNING - Missing translation for 'search_product_prompt' in 'he'
2025-04-09 15:44:19,223 - translations - WARNING - Missing translation for 'empty_state_subtitle' in 'he'
2025-04-09 15:44:19,234 - translations - WARNING - Missing translation for 'clear_button' in 'he'
2025-04-09 15:44:19,236 - translations - WARNING - Missing translation for 'receive_button' in 'he'
2025-04-09 15:44:19,237 - translations - WARNING - Missing translation for 'sell_button' in 'he'
2025-04-09 15:44:19,649 - parts_navigation.container - INFO - Starting delayed brand preloading
2025-04-09 15:44:19,649 - parts_navigation.steps.brand - INFO - Starting to preload brands data
2025-04-09 15:44:19,992 - translations - WARNING - Missing translation for 'Internet: Connected' in 'he'
2025-04-09 15:44:20,063 - database.car_parts_db - INFO - Found 43 unique car brands in database
2025-04-09 15:44:20,064 - database.car_parts_db - INFO - Processed 43 unique car brands
2025-04-09 15:44:20,384 - parts_navigation.container - INFO - All navigation steps created successfully
2025-04-09 15:44:21,135 - parts_navigation.steps.brand - INFO - Preloaded 43 brands
2025-04-09 15:44:21,135 - parts_navigation.logo_manager - INFO - Preloading logos for 43 brands
2025-04-09 15:44:21,263 - parts_navigation.steps.brand - INFO - Loaded 43 unique brands
2025-04-09 15:44:21,263 - parts_navigation.components.tiles_grid - INFO - Populating grid with 43 items using 4 columns
2025-04-09 15:44:21,816 - parts_navigation.components.tiles_grid - INFO - Grid has 4 active columns configured
2025-04-09 15:44:21,816 - parts_navigation.components.tiles_grid - INFO - Total tiles: 43
2025-04-09 15:44:21,816 - parts_navigation.components.tiles_grid - INFO - Visible tiles: 0
2025-04-09 15:44:21,856 - parts_navigation.logo_manager - INFO - Found 31 already cached logos out of 43
2025-04-09 15:44:21,856 - parts_navigation.steps.brand - INFO - Started preloading 43 brand logos
2025-04-09 15:44:23,114 - UsersDB - INFO - User fahed authenticated successfully
2025-04-09 15:44:23,123 - __main__ - INFO - User logged in: {'id': 2, 'username': 'fahed', 'full_name': 'Fahed Abu Mukh', 'role': 'manager', 'settings': {'theme': 'classic', 'language': 'en', 'rtl': False}}
2025-04-09 15:44:23,300 - parts_navigation.components.tiles_grid - INFO - Adjusting columns from 3 to 5
2025-04-09 15:44:23,301 - parts_navigation.components.tiles_grid - INFO - Setting grid to 5 columns
2025-04-09 15:44:23,302 - parts_navigation.components.tiles_grid - INFO - Adjusting columns from 4 to 5
2025-04-09 15:44:23,302 - parts_navigation.components.tiles_grid - INFO - Setting grid to 5 columns
2025-04-09 15:44:23,305 - parts_navigation.components.tiles_grid - INFO - Adjusting columns from 4 to 5
2025-04-09 15:44:23,305 - parts_navigation.components.tiles_grid - INFO - Setting grid to 5 columns
2025-04-09 15:44:23,305 - parts_navigation.components.tiles_grid - INFO - Adjusting columns from 3 to 5
2025-04-09 15:44:23,306 - parts_navigation.components.tiles_grid - INFO - Setting grid to 5 columns
2025-04-09 15:44:23,306 - parts_navigation.components.tiles_grid - INFO - Adjusting columns from 4 to 5
2025-04-09 15:44:23,307 - parts_navigation.components.tiles_grid - INFO - Setting grid to 5 columns
2025-04-09 15:44:23,307 - parts_navigation.components.tiles_grid - INFO - Adjusting columns from 4 to 6
2025-04-09 15:44:23,307 - parts_navigation.components.tiles_grid - INFO - Setting grid to 6 columns
2025-04-09 15:44:25,449 - gui.gui_main - INFO - Showing register view
2025-04-09 15:44:25,449 - gui.view_manager - INFO - Creating new register widget
2025-04-09 15:44:25,614 - gui.view_manager - ERROR - Error showing register widget: 'NoneType' object has no attribute 'name'
2025-04-09 15:44:25,616 - gui.gui_main - ERROR - Error in show_register: 'NoneType' object has no attribute 'name'
2025-04-09 15:44:28,716 - gui.event_handlers - INFO - Closing database connection...
2025-04-09 15:44:28,731 - __main__ - INFO - Cleaning up application resources...
2025-04-09 15:44:28,731 - __main__ - INFO - Closing database connection...
2025-04-09 15:44:28,731 - __main__ - INFO - Cleaning up parts navigation resources...
2025-04-09 15:44:28,743 - database.car_parts_db - INFO - Thread 10040: New database connection established
2025-04-09 15:44:28,745 - __main__ - INFO - Application shutdown complete
2025-04-09 15:45:04,008 - root - INFO - Logging system initialized (level: INFO)
2025-04-09 15:45:04,008 - root - INFO - Log files directory: C:\Users\97253\Desktop\BeastMode-CSIntro-Excercises\CousinTestProject\logs
2025-04-09 15:45:04,068 - config - INFO - Determined application root: C:\Users\97253\Desktop\BeastMode-CSIntro-Excercises\CousinTestProject
2025-04-09 15:45:09,098 - __main__ - INFO - Application starting at: 2025-04-09 15:45:09
2025-04-09 15:45:09,099 - __main__ - INFO - Current user: BaselAM
2025-04-09 15:45:09,121 - __main__ - INFO - Initializing database connection...
2025-04-09 15:45:09,260 - database.car_parts_db - INFO - Thread 19408: Database connection established
2025-04-09 15:45:09,260 - database.car_parts_db - INFO - Initialized database connection to localhost
2025-04-09 15:45:09,297 - __main__ - INFO - Connected to database. Found 2845 parts.
2025-04-09 15:45:09,298 - translations - INFO - Loading translation files from C:\Users\97253\Desktop\BeastMode-CSIntro-Excercises\CousinTestProject\translations\data
2025-04-09 15:45:09,299 - translations - INFO - Loaded translations for namespace 'barcode' from C:\Users\97253\Desktop\BeastMode-CSIntro-Excercises\CousinTestProject\translations\data\barcode.json
2025-04-09 15:45:09,299 - translations - INFO - Loaded translations for namespace 'car_parts' from C:\Users\97253\Desktop\BeastMode-CSIntro-Excercises\CousinTestProject\translations\data\car_parts.json
2025-04-09 15:45:09,300 - translations - INFO - Loaded translations for namespace 'errors' from C:\Users\97253\Desktop\BeastMode-CSIntro-Excercises\CousinTestProject\translations\data\errors.json
2025-04-09 15:45:09,300 - translations - INFO - Loaded translations for namespace 'filters' from C:\Users\97253\Desktop\BeastMode-CSIntro-Excercises\CousinTestProject\translations\data\filters.json
2025-04-09 15:45:09,301 - translations - INFO - Loaded translations for namespace 'help' from C:\Users\97253\Desktop\BeastMode-CSIntro-Excercises\CousinTestProject\translations\data\help.json
2025-04-09 15:45:09,301 - translations - INFO - Loaded translations for namespace 'login' from C:\Users\97253\Desktop\BeastMode-CSIntro-Excercises\CousinTestProject\translations\data\login.json
2025-04-09 15:45:09,303 - translations - INFO - Loaded translations for namespace 'navigation' from C:\Users\97253\Desktop\BeastMode-CSIntro-Excercises\CousinTestProject\translations\data\navigation.json
2025-04-09 15:45:09,303 - translations - INFO - Loaded translations for namespace 'notifications' from C:\Users\97253\Desktop\BeastMode-CSIntro-Excercises\CousinTestProject\translations\data\notifications.json
2025-04-09 15:45:09,304 - translations - INFO - Loaded translations for namespace 'parts_nav_translations' from C:\Users\97253\Desktop\BeastMode-CSIntro-Excercises\CousinTestProject\translations\data\parts_nav_translations.json
2025-04-09 15:45:09,305 - translations - INFO - Loaded translations for namespace 'products' from C:\Users\97253\Desktop\BeastMode-CSIntro-Excercises\CousinTestProject\translations\data\products.json
2025-04-09 15:45:09,306 - translations - INFO - Loaded translations for namespace 'settings' from C:\Users\97253\Desktop\BeastMode-CSIntro-Excercises\CousinTestProject\translations\data\settings.json
2025-04-09 15:45:09,307 - translations - INFO - Loaded translations for namespace 'statistics' from C:\Users\97253\Desktop\BeastMode-CSIntro-Excercises\CousinTestProject\translations\data\statistics.json
2025-04-09 15:45:09,307 - translations - INFO - Loaded translations for namespace 'ui' from C:\Users\97253\Desktop\BeastMode-CSIntro-Excercises\CousinTestProject\translations\data\ui.json
2025-04-09 15:45:09,308 - translations - INFO - Loaded translations for namespace 'validations' from C:\Users\97253\Desktop\BeastMode-CSIntro-Excercises\CousinTestProject\translations\data\validations.json
2025-04-09 15:45:09,308 - translations - INFO - Loaded 14 translation files from C:\Users\97253\Desktop\BeastMode-CSIntro-Excercises\CousinTestProject\translations\data
2025-04-09 15:45:09,308 - translations - INFO - Loaded 14 translation files
2025-04-09 15:45:09,459 - UsersDB - INFO - Connected to user database at C:\Users\97253\Desktop\BeastMode-CSIntro-Excercises\CousinTestProject\database\users.db
2025-04-09 15:45:09,460 - UsersDB - INFO - Database tables created successfully
2025-04-09 15:45:10,108 - widgets.header.chatbot.api_key_manager - INFO - API key loaded successfully
2025-04-09 15:45:10,182 - widgets.header.chatbot.openai_client - INFO - OpenAI client initialized successfully
2025-04-09 15:45:10,784 - parts_navigation.components.tiles_grid - INFO - Populating grid with 8 items using 4 columns
2025-04-09 15:45:10,879 - parts_navigation.container - INFO - All navigation steps created successfully
2025-04-09 15:45:10,880 - parts_navigation.components.tiles_grid - INFO - Grid has 4 active columns configured
2025-04-09 15:45:10,880 - parts_navigation.components.tiles_grid - INFO - Total tiles: 8
2025-04-09 15:45:10,880 - parts_navigation.components.tiles_grid - INFO - Visible tiles: 0
2025-04-09 15:45:10,880 - parts_navigation.container - INFO - Navigated to step 0
2025-04-09 15:45:10,880 - translations - WARNING - Missing translation for 'register_title' in 'he'
2025-04-09 15:45:11,059 - translations - WARNING - Missing translation for 'search_product_prompt' in 'he'
2025-04-09 15:45:11,060 - translations - WARNING - Missing translation for 'empty_state_subtitle' in 'he'
2025-04-09 15:45:11,071 - translations - WARNING - Missing translation for 'receive_button' in 'he'
2025-04-09 15:45:11,072 - translations - WARNING - Missing translation for 'sell_button' in 'he'
2025-04-09 15:45:11,645 - parts_navigation.container - INFO - Starting delayed brand preloading
2025-04-09 15:45:11,646 - parts_navigation.steps.brand - INFO - Starting to preload brands data
2025-04-09 15:45:11,871 - translations - WARNING - Missing translation for 'Internet: Connected' in 'he'
2025-04-09 15:45:11,900 - database.car_parts_db - INFO - Found 43 unique car brands in database
2025-04-09 15:45:11,900 - database.car_parts_db - INFO - Processed 43 unique car brands
2025-04-09 15:45:12,053 - parts_navigation.steps.brand - INFO - Preloaded 43 brands
2025-04-09 15:45:12,053 - parts_navigation.logo_manager - INFO - Preloading logos for 43 brands
2025-04-09 15:45:12,119 - parts_navigation.steps.brand - INFO - Loaded 43 unique brands
2025-04-09 15:45:12,119 - parts_navigation.components.tiles_grid - INFO - Populating grid with 43 items using 4 columns
2025-04-09 15:45:12,217 - parts_navigation.container - INFO - All navigation steps created successfully
2025-04-09 15:45:13,187 - parts_navigation.components.tiles_grid - INFO - Grid has 4 active columns configured
2025-04-09 15:45:13,187 - parts_navigation.components.tiles_grid - INFO - Total tiles: 43
2025-04-09 15:45:13,187 - parts_navigation.components.tiles_grid - INFO - Visible tiles: 0
2025-04-09 15:45:13,219 - parts_navigation.logo_manager - INFO - Found 31 already cached logos out of 43
2025-04-09 15:45:13,220 - parts_navigation.steps.brand - INFO - Started preloading 43 brand logos
2025-04-09 15:45:14,894 - UsersDB - INFO - User fahed authenticated successfully
2025-04-09 15:45:14,912 - __main__ - INFO - User logged in: {'id': 2, 'username': 'fahed', 'full_name': 'Fahed Abu Mukh', 'role': 'manager', 'settings': {'theme': 'classic', 'language': 'en', 'rtl': False}}
2025-04-09 15:45:16,403 - gui.gui_main - INFO - Showing register view
2025-04-09 15:45:16,403 - gui.view_manager - INFO - Adding register widget to stack
2025-04-09 15:45:16,406 - gui.view_manager - INFO - Switching to register widget
2025-04-09 15:45:26,950 - translations - WARNING - Missing translation for 'original_part' in 'he'
2025-04-09 15:45:26,950 - translations - WARNING - Missing translation for 'select_quantity' in 'he'
2025-04-09 15:45:26,980 - translations - WARNING - Missing translation for 'related_products' in 'he'
2025-04-09 15:45:26,980 - translations - WARNING - Missing translation for 'add_related' in 'he'
2025-04-09 15:45:26,980 - translations - WARNING - Missing translation for 'no_related_products' in 'he'
2025-04-09 15:45:27,010 - translations - WARNING - Missing translation for 'multiple_results' in 'he'
2025-04-09 15:45:27,010 - translations - WARNING - Missing translation for 'multiple_results_msg' in 'he'
2025-04-09 15:45:43,116 - translations - WARNING - Missing translation for 'add_related_info' in 'he'
2025-04-09 15:46:05,742 - gui.event_handlers - INFO - Closing database connection...
2025-04-09 15:46:05,760 - __main__ - INFO - Cleaning up application resources...
2025-04-09 15:46:05,760 - __main__ - INFO - Closing database connection...
2025-04-09 15:46:05,760 - __main__ - INFO - Cleaning up parts navigation resources...
2025-04-09 15:46:05,769 - database.car_parts_db - INFO - Thread 19408: New database connection established
2025-04-09 15:46:05,772 - __main__ - INFO - Application shutdown complete
2025-04-09 16:00:48,839 - root - INFO - Logging system initialized (level: INFO)
2025-04-09 16:00:48,839 - root - INFO - Log files directory: C:\Users\97253\Desktop\BeastMode-CSIntro-Excercises\CousinTestProject\logs
2025-04-09 16:00:48,990 - config - INFO - Determined application root: C:\Users\97253\Desktop\BeastMode-CSIntro-Excercises\CousinTestProject
2025-04-09 16:00:53,650 - __main__ - INFO - Application starting at: 2025-04-09 16:00:53
2025-04-09 16:00:53,650 - __main__ - INFO - Current user: BaselAM
2025-04-09 16:00:53,727 - __main__ - INFO - Initializing database connection...
2025-04-09 16:00:54,145 - database.car_parts_db - INFO - Thread 10392: Database connection established
2025-04-09 16:00:54,145 - database.car_parts_db - INFO - Initialized database connection to localhost
2025-04-09 16:00:54,192 - __main__ - INFO - Connected to database. Found 2845 parts.
2025-04-09 16:00:54,192 - translations - INFO - Loading translation files from C:\Users\97253\Desktop\BeastMode-CSIntro-Excercises\CousinTestProject\translations\data
2025-04-09 16:00:54,194 - translations - INFO - Loaded translations for namespace 'barcode' from C:\Users\97253\Desktop\BeastMode-CSIntro-Excercises\CousinTestProject\translations\data\barcode.json
2025-04-09 16:00:54,195 - translations - INFO - Loaded translations for namespace 'car_parts' from C:\Users\97253\Desktop\BeastMode-CSIntro-Excercises\CousinTestProject\translations\data\car_parts.json
2025-04-09 16:00:54,197 - translations - INFO - Loaded translations for namespace 'errors' from C:\Users\97253\Desktop\BeastMode-CSIntro-Excercises\CousinTestProject\translations\data\errors.json
2025-04-09 16:00:54,198 - translations - INFO - Loaded translations for namespace 'filters' from C:\Users\97253\Desktop\BeastMode-CSIntro-Excercises\CousinTestProject\translations\data\filters.json
2025-04-09 16:00:54,198 - translations - INFO - Loaded translations for namespace 'help' from C:\Users\97253\Desktop\BeastMode-CSIntro-Excercises\CousinTestProject\translations\data\help.json
2025-04-09 16:00:54,199 - translations - INFO - Loaded translations for namespace 'login' from C:\Users\97253\Desktop\BeastMode-CSIntro-Excercises\CousinTestProject\translations\data\login.json
2025-04-09 16:00:54,200 - translations - INFO - Loaded translations for namespace 'navigation' from C:\Users\97253\Desktop\BeastMode-CSIntro-Excercises\CousinTestProject\translations\data\navigation.json
2025-04-09 16:00:54,201 - translations - INFO - Loaded translations for namespace 'notifications' from C:\Users\97253\Desktop\BeastMode-CSIntro-Excercises\CousinTestProject\translations\data\notifications.json
2025-04-09 16:00:54,202 - translations - INFO - Loaded translations for namespace 'parts_nav_translations' from C:\Users\97253\Desktop\BeastMode-CSIntro-Excercises\CousinTestProject\translations\data\parts_nav_translations.json
2025-04-09 16:00:54,203 - translations - INFO - Loaded translations for namespace 'products' from C:\Users\97253\Desktop\BeastMode-CSIntro-Excercises\CousinTestProject\translations\data\products.json
2025-04-09 16:00:54,204 - translations - INFO - Loaded translations for namespace 'settings' from C:\Users\97253\Desktop\BeastMode-CSIntro-Excercises\CousinTestProject\translations\data\settings.json
2025-04-09 16:00:54,204 - translations - INFO - Loaded translations for namespace 'statistics' from C:\Users\97253\Desktop\BeastMode-CSIntro-Excercises\CousinTestProject\translations\data\statistics.json
2025-04-09 16:00:54,205 - translations - INFO - Loaded translations for namespace 'ui' from C:\Users\97253\Desktop\BeastMode-CSIntro-Excercises\CousinTestProject\translations\data\ui.json
2025-04-09 16:00:54,206 - translations - INFO - Loaded translations for namespace 'validations' from C:\Users\97253\Desktop\BeastMode-CSIntro-Excercises\CousinTestProject\translations\data\validations.json
2025-04-09 16:00:54,206 - translations - INFO - Loaded 14 translation files from C:\Users\97253\Desktop\BeastMode-CSIntro-Excercises\CousinTestProject\translations\data
2025-04-09 16:00:54,206 - translations - INFO - Loaded 14 translation files
2025-04-09 16:00:54,445 - UsersDB - INFO - Connected to user database at C:\Users\97253\Desktop\BeastMode-CSIntro-Excercises\CousinTestProject\database\users.db
2025-04-09 16:00:54,446 - UsersDB - INFO - Database tables created successfully
2025-04-09 16:00:55,380 - widgets.header.chatbot.api_key_manager - INFO - API key loaded successfully
2025-04-09 16:00:55,501 - widgets.header.chatbot.openai_client - INFO - OpenAI client initialized successfully
2025-04-09 16:00:56,288 - parts_navigation.components.tiles_grid - INFO - Populating grid with 8 items using 4 columns
2025-04-09 16:00:56,408 - parts_navigation.container - INFO - All navigation steps created successfully
2025-04-09 16:00:56,410 - parts_navigation.components.tiles_grid - INFO - Grid has 4 active columns configured
2025-04-09 16:00:56,410 - parts_navigation.components.tiles_grid - INFO - Total tiles: 8
2025-04-09 16:00:56,410 - parts_navigation.components.tiles_grid - INFO - Visible tiles: 0
2025-04-09 16:00:56,410 - parts_navigation.container - INFO - Navigated to step 0
2025-04-09 16:00:56,410 - translations - WARNING - Missing translation for 'register_title' in 'he'
2025-04-09 16:00:56,695 - translations - WARNING - Missing translation for 'search_product_prompt' in 'he'
2025-04-09 16:00:56,695 - translations - WARNING - Missing translation for 'empty_state_subtitle' in 'he'
2025-04-09 16:00:56,709 - translations - WARNING - Missing translation for 'receive_button' in 'he'
2025-04-09 16:00:56,710 - translations - WARNING - Missing translation for 'sell_button' in 'he'
2025-04-09 16:00:57,356 - parts_navigation.container - INFO - Starting delayed brand preloading
2025-04-09 16:00:57,356 - parts_navigation.steps.brand - INFO - Starting to preload brands data
2025-04-09 16:00:57,579 - translations - WARNING - Missing translation for 'Internet: Connected' in 'he'
2025-04-09 16:00:57,623 - database.car_parts_db - INFO - Found 43 unique car brands in database
2025-04-09 16:00:57,623 - database.car_parts_db - INFO - Processed 43 unique car brands
2025-04-09 16:00:57,811 - parts_navigation.container - INFO - All navigation steps created successfully
2025-04-09 16:00:57,811 - parts_navigation.steps.brand - INFO - Preloaded 43 brands
2025-04-09 16:00:57,811 - parts_navigation.logo_manager - INFO - Preloading logos for 43 brands
2025-04-09 16:00:57,905 - parts_navigation.steps.brand - INFO - Loaded 43 unique brands
2025-04-09 16:00:57,905 - parts_navigation.components.tiles_grid - INFO - Populating grid with 43 items using 4 columns
2025-04-09 16:00:58,930 - parts_navigation.components.tiles_grid - INFO - Grid has 4 active columns configured
2025-04-09 16:00:58,930 - parts_navigation.components.tiles_grid - INFO - Total tiles: 43
2025-04-09 16:00:58,931 - parts_navigation.components.tiles_grid - INFO - Visible tiles: 0
2025-04-09 16:00:58,960 - parts_navigation.logo_manager - INFO - Found 31 already cached logos out of 43
2025-04-09 16:00:58,960 - parts_navigation.steps.brand - INFO - Started preloading 43 brand logos
2025-04-09 16:01:02,396 - UsersDB - INFO - User fahed authenticated successfully
2025-04-09 16:01:02,408 - __main__ - INFO - User logged in: {'id': 2, 'username': 'fahed', 'full_name': 'Fahed Abu Mukh', 'role': 'manager', 'settings': {'theme': 'classic', 'language': 'en', 'rtl': False}}
2025-04-09 16:01:03,770 - gui.gui_main - INFO - Showing register view
2025-04-09 16:01:03,770 - gui.view_manager - INFO - Adding register widget to stack
2025-04-09 16:01:03,774 - gui.view_manager - INFO - Switching to register widget
2025-04-09 16:01:12,449 - translations - WARNING - Missing translation for 'original_part' in 'he'
2025-04-09 16:01:12,450 - translations - WARNING - Missing translation for 'select_quantity' in 'he'
2025-04-09 16:01:12,479 - translations - WARNING - Missing translation for 'related_products' in 'he'
2025-04-09 16:01:12,480 - translations - WARNING - Missing translation for 'add_related' in 'he'
2025-04-09 16:01:12,480 - translations - WARNING - Missing translation for 'no_related_products' in 'he'
2025-04-09 16:02:00,810 - parts_navigation.components.tiles_grid - INFO - Adjusting columns from 3 to 5
2025-04-09 16:02:00,810 - parts_navigation.components.tiles_grid - INFO - Setting grid to 5 columns
2025-04-09 16:02:00,811 - parts_navigation.components.tiles_grid - INFO - Adjusting columns from 4 to 5
2025-04-09 16:02:00,811 - parts_navigation.components.tiles_grid - INFO - Setting grid to 5 columns
2025-04-09 16:02:00,812 - parts_navigation.components.tiles_grid - INFO - Adjusting columns from 4 to 5
2025-04-09 16:02:00,812 - parts_navigation.components.tiles_grid - INFO - Setting grid to 5 columns
2025-04-09 16:02:00,812 - parts_navigation.components.tiles_grid - INFO - Adjusting columns from 3 to 5
2025-04-09 16:02:00,812 - parts_navigation.components.tiles_grid - INFO - Setting grid to 5 columns
2025-04-09 16:02:00,813 - parts_navigation.components.tiles_grid - INFO - Adjusting columns from 4 to 5
2025-04-09 16:02:00,813 - parts_navigation.components.tiles_grid - INFO - Setting grid to 5 columns
2025-04-09 16:02:00,813 - parts_navigation.components.tiles_grid - INFO - Adjusting columns from 4 to 6
2025-04-09 16:02:00,813 - parts_navigation.components.tiles_grid - INFO - Setting grid to 6 columns
2025-04-09 16:02:04,426 - parts_navigation.components.tiles_grid - INFO - Populating grid with 8 items using 4 columns
2025-04-09 16:02:04,437 - parts_navigation.components.tiles_grid - INFO - Grid has 4 active columns configured
2025-04-09 16:02:04,438 - parts_navigation.components.tiles_grid - INFO - Total tiles: 8
2025-04-09 16:02:04,438 - parts_navigation.components.tiles_grid - INFO - Visible tiles: 0
2025-04-09 16:02:04,438 - parts_navigation.container - INFO - Navigated to step 0
2025-04-09 16:02:04,469 - parts_navigation.components.tiles_grid - INFO - Adjusting columns from 4 to 9
2025-04-09 16:02:04,469 - parts_navigation.components.tiles_grid - INFO - Setting grid to 9 columns
2025-04-09 16:02:04,513 - parts_navigation.container - INFO - All navigation steps created successfully
2025-04-09 16:02:04,513 - parts_navigation.container - INFO - Starting delayed brand preloading
2025-04-09 16:02:04,513 - parts_navigation.steps.brand - INFO - Starting to preload brands data
2025-04-09 16:02:04,525 - parts_navigation.components.tiles_grid - INFO - Adjusting columns from 4 to 5
2025-04-09 16:02:04,527 - parts_navigation.components.tiles_grid - INFO - Setting grid to 5 columns
2025-04-09 16:02:04,527 - parts_navigation.components.tiles_grid - INFO - Adjusting columns from 3 to 5
2025-04-09 16:02:04,527 - parts_navigation.components.tiles_grid - INFO - Setting grid to 5 columns
2025-04-09 16:02:04,527 - parts_navigation.components.tiles_grid - INFO - Adjusting columns from 4 to 5
2025-04-09 16:02:04,527 - parts_navigation.components.tiles_grid - INFO - Setting grid to 5 columns
2025-04-09 16:02:04,561 - parts_navigation.steps.brand - INFO - Preloaded 43 brands
2025-04-09 16:02:04,561 - parts_navigation.logo_manager - INFO - Preloading logos for 43 brands
2025-04-09 16:02:04,581 - parts_navigation.steps.brand - INFO - Loaded 43 unique brands
2025-04-09 16:02:04,582 - parts_navigation.components.tiles_grid - INFO - Populating grid with 43 items using 9 columns
2025-04-09 16:02:04,658 - parts_navigation.components.tiles_grid - INFO - Adjusting columns from 3 to 5
2025-04-09 16:02:04,658 - parts_navigation.components.tiles_grid - INFO - Setting grid to 5 columns
2025-04-09 16:02:04,662 - parts_navigation.components.tiles_grid - INFO - Adjusting columns from 4 to 5
2025-04-09 16:02:04,662 - parts_navigation.components.tiles_grid - INFO - Setting grid to 5 columns
2025-04-09 16:02:04,843 - parts_navigation.container - INFO - All navigation steps created successfully
2025-04-09 16:02:05,010 - parts_navigation.components.tiles_grid - INFO - Grid has 9 active columns configured
2025-04-09 16:02:05,010 - parts_navigation.components.tiles_grid - INFO - Total tiles: 43
2025-04-09 16:02:05,010 - parts_navigation.components.tiles_grid - INFO - Visible tiles: 43
2025-04-09 16:02:05,034 - parts_navigation.logo_manager - INFO - Found 31 already cached logos out of 43
2025-04-09 16:02:05,034 - parts_navigation.steps.brand - INFO - Started preloading 43 brand logos
2025-04-09 16:02:06,780 - gui.gui_main - INFO - Showing register view
2025-04-09 16:02:06,780 - gui.view_manager - INFO - Switching to register widget
2025-04-09 16:02:17,538 - gui.event_handlers - INFO - Closing database connection...
2025-04-09 16:02:17,550 - __main__ - INFO - Cleaning up application resources...
2025-04-09 16:02:17,550 - __main__ - INFO - Closing database connection...
2025-04-09 16:02:17,550 - __main__ - INFO - Cleaning up parts navigation resources...
2025-04-09 16:02:17,565 - database.car_parts_db - INFO - Thread 10392: New database connection established
2025-04-09 16:02:17,568 - __main__ - INFO - Application shutdown complete
